Time_ms,Sensor 1,Sensor 2,Sensor 3,Sensor 4,Sensor 5,Sensor 6,Sensor 7,Sensor 8,Sensor 9,Sensor 10,Sensor 11,Sensor 12,Sensor 13,Sensor 14,Sensor 15,Sensor 16,Sensor 17,Sensor 18,Sensor 19,Sensor 20,Sensor 21,Sensor 22,Sensor 23,Sensor 24
51440,96.37,101.83,31.47,29.25,30.58,30.58,33.62,30.75,31.11,31.93,32.51,32.12,64.25,36.96,33.21,31.84,40.58,44.6,38.14,38.97,39.25,38.69,43,98.12
3705,97.24,95.52,31.2,29.41,30.58,30.49,32.91,30.66,31.2,31.93,32.51,32.12,39.39,36.59,33.01,31.84,40.27,44.42,38.01,38.97,39.25,38.69,43,90.7
3725,97.24,95.52,31.2,29.41,30.58,30.49,32.81,30.66,31.2,31.93,32.51,32.03,39.39,36.46,33.01,31.84,40.43,44.42,38.01,38.97,39.25,38.55,43,91.47
3744,97.24,94.68,31.2,29.41,30.58,30.49,32.81,30.66,31.2,31.93,32.41,32.03,40.88,36.59,33.01,31.84,40.43,44.42,38.01,38.97,39.25,38.55,42.83,90.7
3764,96.37,94.68,31.29,29.41,30.58,30.49,32.91,30.66,31.2,31.93,32.51,32.12,39.39,36.46,33.01,31.84,40.43,44.42,38.01,38.97,39.25,38.69,42.83,91.47
3783,98.12,96.37,31.29,29.41,30.58,30.49,32.81,30.66,31.2,31.93,32.51,32.03,39.39,36.59,33.01,31.84,40.43,44.42,38.01,38.97,39.25,38.69,43,91.47
3803,97.24,95.52,31.29,29.41,30.58,30.49,32.81,30.66,31.2,31.93,32.51,32.12,39.39,36.59,33.01,31.84,40.43,44.42,38.01,38.97,39.25,38.55,43,91.47
3824,98.12,95.52,31.2,29.41,30.58,30.49,32.91,30.75,31.2,31.93,32.41,32.03,39.39,36.46,33.01,31.84,40.43,44.42,38.01,38.97,39.25,38.69,43,91.47
3842,98.12,96.37,31.2,29.41,30.58,30.49,32.91,30.66,31.2,31.93,32.41,32.03,39.39,36.59,33.01,31.84,40.43,44.42,38.01,38.97,39.25,38.69,42.83,91.47
3862,97.24,96.37,32.71,29.41,30.66,30.49,32.91,30.66,31.2,31.93,32.41,32.12,39.39,36.59,33.01,31.84,40.43,44.42,38.01,38.97,39.25,38.55,42.83,91.47
3881,97.24,96.37,32.91,29.41,30.75,30.49,32.91,30.66,31.2,31.93,32.41,32.12,39.39,36.59,33.01,31.84,40.43,44.24,38.01,38.97,39.25,38.55,42.83,91.47
3901,98.12,96.37,33.11,29.41,30.75,30.49,32.91,30.66,31.2,31.84,32.51,32.12,43.35,36.59,33.01,31.84,40.43,44.24,37.87,38.83,39.25,38.69,43,91.47
3920,98.12,96.37,33.11,29.41,30.66,30.49,32.91,30.66,31.2,31.93,32.41,32.03,39.39,36.59,33.01,31.84,40.43,44.24,38.01,38.83,39.25,38.69,43,91.47
3940,98.12,96.37,33.62,29.41,30.66,30.49,32.91,30.66,31.2,31.93,32.41,32.12,39.39,36.59,33.01,31.84,40.43,44.24,38.01,38.97,39.25,38.69,43,91.47
3959,97.24,96.37,33.52,29.33,30.66,30.49,32.91,30.66,31.2,31.93,32.41,32.03,39.39,36.59,33.01,31.84,40.43,44.24,38.01,38.83,39.25,38.69,42.83,91.47
3979,96.37,96.37,33.52,29.33,30.66,30.49,32.12,30.66,31.11,36.22,32.41,32.12,39.39,36.59,33.01,31.84,40.43,44.24,38.01,38.97,39.25,38.55,42.83,92.25
4000,99.02,96.37,33.73,29.33,30.66,30.49,32.12,30.66,31.02,39.68,32.51,32.03,39.54,36.59,33.01,31.84,40.43,44.24,37.87,38.97,39.25,38.55,42.83,92.25
4018,91.47,96.37,32.91,29.33,30.66,30.49,32.12,30.75,31.2,39.68,32.41,32.12,39.54,36.59,33.01,31.84,40.27,44.24,38.01,38.97,39.25,38.55,43,92.25
4039,96.37,97.24,33.01,29.41,30.66,30.49,32.41,30.66,31.11,39.68,32.41,32.12,39.25,36.59,33.01,31.84,40.43,44.24,38.01,38.97,39.25,38.69,42.83,93.05
4057,99.94,98.12,33.42,29.41,30.58,30.49,32.71,30.66,31.2,39.68,32.41,32.12,39.39,36.59,33.01,31.84,40.27,44.24,38.01,38.83,39.25,38.55,42.83,92.25
4077,99.02,98.12,33.31,29.41,30.58,30.49,32.81,30.66,31.2,39.68,32.51,32.12,39.39,36.59,33.01,31.84,40.43,44.24,38.01,38.97,39.25,38.55,42.83,92.25
4096,99.94,98.12,31.29,29.41,30.58,30.49,32.91,30.66,31.2,39.83,32.41,32.03,39.39,36.46,33.01,31.84,40.43,44.24,38.01,38.97,39.25,38.55,43,93.05
4116,99.94,99.02,31.29,29.41,30.58,30.49,32.81,30.66,31.2,39.83,32.41,32.03,39.25,36.59,33.01,31.84,40.43,44.24,38.01,38.97,39.25,38.55,43,93.05
4135,100.87,99.02,32.12,29.41,30.66,30.49,32.91,30.75,31.29,39.83,32.51,32.03,39.39,36.59,33.01,31.84,40.43,44.24,38.01,38.97,39.25,38.69,43,93.05
4155,99.94,99.02,31.29,29.41,30.58,30.49,32.81,30.66,31.11,39.83,32.41,32.03,39.39,36.59,33.01,31.84,40.43,44.24,38.01,38.97,39.25,38.55,42.83,93.05
4176,99.94,99.02,31.29,29.41,30.58,30.49,32.81,30.75,31.11,39.83,32.41,32.03,39.25,36.71,33.01,31.84,40.43,44.24,38.01,38.97,39.25,38.69,43,93.05
4194,99.94,61.33,31.29,29.41,30.66,30.49,32.81,30.75,31.2,39.68,32.41,32.03,39.25,36.59,33.01,31.84,40.43,44.24,38.01,38.97,39.25,38.55,42.83,93.05
4215,100.87,97.24,31.29,29.41,30.58,30.49,32.81,30.66,31.2,39.68,32.51,32.03,39.39,36.59,33.01,31.84,40.43,44.24,38.01,38.83,39.25,38.69,43,92.25
4233,99.02,67.04,31.29,29.41,30.58,30.49,32.81,30.75,31.2,39.68,32.51,32.03,39.39,36.46,33.01,31.84,40.43,44.24,38.01,38.97,39.25,38.69,43,93.05
4254,100.87,98.12,31.2,29.41,30.58,30.49,32.91,30.75,31.2,39.68,32.41,32.03,39.25,36.59,33.01,31.84,40.43,44.24,38.01,38.97,39.25,38.69,43,92.25
4272,100.87,99.94,31.29,29.41,30.66,30.58,32.81,30.66,31.2,39.68,32.51,32.03,39.39,36.59,33.01,31.84,40.43,44.24,38.01,38.97,39.25,38.69,43,92.25
4293,100.87,99.94,31.29,29.41,30.58,30.49,32.91,30.66,31.2,39.68,32.41,32.03,39.54,36.59,33.01,31.84,40.43,44.24,38.01,38.83,39.25,38.69,43,91.47
4311,100.87,99.94,31.29,29.41,30.58,30.49,32.91,30.75,31.2,39.68,32.41,32.03,39.54,36.59,33.01,31.84,40.43,44.24,38.01,38.97,39.25,38.55,42.83,91.47
4331,100.87,98.12,31.29,29.41,30.66,30.49,32.91,30.75,31.11,39.68,32.41,32.03,39.54,36.59,33.01,31.84,40.43,44.24,38.01,38.83,39.25,38.69,42.83,92.25
4352,100.87,99.94,31.02,29.33,30.66,30.58,32.91,30.66,31.2,39.68,32.51,32.12,39.54,36.59,33.01,31.84,40.43,44.24,38.01,38.97,39.25,38.55,43,92.25
4370,100.87,99.02,31.29,29.41,30.66,30.58,32.91,30.75,31.2,39.68,32.51,32.03,39.54,36.71,33.01,31.84,40.43,44.24,38.01,38.97,39.25,38.55,43,92.25
4391,100.87,99.94,31.29,29.33,30.66,30.58,32.81,30.75,31.2,39.68,32.41,32.03,39.54,36.59,33.01,31.84,40.43,44.24,38.01,38.97,39.25,38.55,43,92.25
4409,100.87,99.02,31.29,29.41,30.58,30.58,32.91,30.75,31.2,39.68,32.41,32.03,39.54,36.71,33.01,31.84,40.43,44.24,38.01,38.97,39.25,38.69,43,92.25
4430,100.87,99.02,31.29,29.41,30.66,30.58,32.81,30.75,31.2,39.68,32.51,32.03,39.54,36.59,33.01,31.84,40.43,44.24,38.01,38.83,39.25,38.55,43,92.25
4448,101.83,99.94,31.29,29.41,30.58,30.49,61.68,30.66,31.2,39.68,32.51,32.03,39.39,36.59,33.01,31.84,40.43,44.24,38.01,38.97,39.25,38.55,42.83,92.25
4469,100.87,99.94,31.29,29.41,30.66,30.58,32.81,30.75,31.2,39.68,32.41,32.03,39.54,36.59,33.01,31.84,40.43,44.24,38.01,38.97,39.25,38.55,43,92.25
4487,101.83,99.94,31.29,29.41,30.66,30.58,32.81,30.75,31.2,39.83,32.51,32.03,39.39,36.71,33.01,31.84,40.43,44.24,38.01,38.97,39.25,38.55,43,92.25
4508,101.83,99.94,31.29,29.41,30.66,30.58,32.91,30.75,31.2,39.83,32.51,32.03,39.25,36.71,33.01,31.84,40.12,44.24,37.87,38.83,39.25,38.69,43,92.25
4528,100.87,99.94,31.29,29.41,30.66,30.58,32.91,30.66,31.2,39.83,32.51,32.03,39.39,36.59,33.01,31.84,40.43,44.06,38.01,38.97,39.25,38.69,42.83,92.25
4546,101.83,99.94,31.29,29.41,30.58,30.58,32.91,30.75,31.2,39.83,32.41,32.03,39.39,36.59,33.01,31.84,40.43,44.24,38.01,38.97,39.25,38.69,42.83,93.05
4567,101.83,99.02,31.29,29.41,30.66,30.58,33.01,30.75,31.2,39.83,32.41,32.03,39.39,36.59,33.01,31.84,40.43,44.24,38.01,38.97,39.25,38.69,43,93.05
4585,102.8,99.94,31.29,29.41,30.66,30.58,32.91,30.75,31.2,39.83,32.51,32.03,39.39,36.59,33.01,31.84,40.43,44.24,38.01,38.97,39.25,38.55,43,92.25
4606,101.83,99.94,31.29,29.41,30.66,30.58,32.91,30.75,31.2,39.83,32.51,32.03,39.39,36.59,33.01,31.84,40.43,44.24,38.01,38.83,39.25,38.69,43,93.05
4624,100.87,99.94,31.29,29.41,30.66,30.58,32.91,30.75,31.2,39.83,32.41,32.03,39.39,36.59,33.01,31.93,40.12,44.24,38.01,38.97,39.25,38.55,43,93.05
4645,101.83,99.94,31.29,29.41,30.58,30.58,32.91,30.75,31.2,39.83,32.51,32.03,39.39,36.71,33.01,31.84,40.43,44.24,38.01,38.97,39.25,38.69,43,93.05
4663,101.83,99.94,31.29,29.41,30.66,30.58,32.91,30.75,31.2,39.83,32.51,32.03,39.39,36.71,33.01,31.84,40.43,44.24,38.01,38.83,39.25,38.69,43,92.25
4684,101.83,99.94,31.29,29.41,30.66,30.58,32.91,30.75,31.2,39.68,32.51,32.12,39.39,36.59,33.01,31.84,40.27,44.24,38.01,38.83,39.25,38.55,42.83,93.05
4704,101.83,99.94,31.29,29.33,30.66,30.58,32.91,30.75,31.2,39.83,32.51,32.12,39.39,36.59,33.01,31.93,40.43,44.24,38.01,38.83,39.25,38.55,42.83,93.05
4725,101.83,99.94,32.12,29.41,30.66,30.49,32.91,30.75,31.2,39.83,32.51,32.12,39.39,36.59,33.01,31.84,40.43,44.24,38.01,38.83,39.25,38.55,42.83,93.05
4743,101.83,99.94,33.94,29.41,30.66,30.58,32.91,30.75,31.2,39.68,32.41,32.03,39.39,36.59,33.01,31.84,40.43,44.24,38.01,38.97,39.25,38.69,42.83,93.05
4764,101.83,99.94,32.71,29.41,30.66,30.58,32.81,30.75,31.2,39.83,32.51,32.03,39.39,36.59,33.01,31.93,40.43,44.24,38.01,38.97,39.25,38.55,42.83,93.05
4782,101.83,99.94,31.29,29.41,30.66,30.58,32.81,30.75,31.2,39.83,32.41,32.03,39.25,36.59,33.01,31.84,40.43,44.24,38.01,38.97,39.25,38.69,42.83,93.05
4802,100.87,100.87,31.29,29.41,30.66,30.49,32.91,30.75,31.2,39.83,32.51,32.03,39.39,36.59,33.01,31.84,40.43,44.24,38.01,38.97,39.25,38.69,42.83,93.05
4821,100.87,99.94,31.29,29.41,30.66,30.58,32.91,30.66,31.02,39.83,32.51,32.03,39.39,36.59,33.01,31.84,40.43,44.24,38.01,38.97,39.25,38.69,42.83,93.05
4841,100.87,99.94,31.29,29.41,30.66,30.58,32.81,30.75,31.2,39.83,32.41,32.03,39.39,36.59,33.01,31.84,40.43,44.24,38.01,38.97,39.25,38.69,42.83,93.05
4860,100.87,99.94,31.29,29.41,30.66,30.58,32.81,30.75,31.2,39.83,32.41,32.12,39.54,36.59,33.01,31.93,40.43,44.24,38.01,38.97,39.25,38.55,42.83,93.05
4880,100.87,99.94,31.29,29.41,30.66,30.58,32.81,30.75,31.2,39.83,32.51,32.03,39.39,36.59,33.01,31.93,40.43,44.24,38.01,38.83,39.25,38.69,43,93.05
4901,100.87,99.94,31.29,29.41,30.66,30.58,32.81,30.75,31.29,39.83,32.41,32.03,39.39,36.71,33.01,31.93,40.43,44.24,38.01,38.83,39.25,38.69,42.83,93.86
4919,101.83,100.87,31.29,29.41,30.66,30.49,32.81,30.75,31.29,39.68,32.41,32.03,39.54,36.71,33.01,31.84,40.27,44.24,38.01,38.83,39.25,38.55,42.83,93.86
4940,100.87,99.94,31.29,29.41,30.66,30.49,32.81,30.75,31.11,39.83,32.41,32.03,39.54,36.71,33.01,31.84,40.27,44.97,38.01,38.83,39.25,38.69,42.83,93.86
4958,100.87,99.02,31.29,29.41,30.58,30.58,32.81,30.66,31.2,39.83,32.41,32.03,39.54,36.71,33.01,31.93,40.43,44.42,38.01,38.97,39.25,38.55,42.83,93.05
4979,100.87,100.87,31.29,29.33,30.58,30.49,32.81,30.75,31.2,39.68,32.51,32.03,39.68,36.59,33.01,31.93,40.43,44.6,38.01,38.97,39.25,38.69,43,93.86
4997,99.02,99.02,31.29,29.41,30.58,30.49,32.81,30.75,31.11,39.83,32.41,32.03,39.68,36.71,33.01,31.93,40.43,44.79,38.01,38.83,39.25,38.69,42.83,92.25
5018,70.09,98.12,31.29,29.41,30.58,30.58,32.81,30.75,30.93,39.83,32.51,32.03,39.54,36.71,33.01,31.93,40.43,44.6,38.01,38.83,39.25,38.69,42.83,93.05
5038,67.88,97.24,31.29,29.41,30.58,30.49,32.81,30.75,31.02,39.68,32.41,32.12,39.54,36.71,33.01,31.93,40.43,44.79,38.01,38.83,39.25,38.69,42.83,93.05
5056,97.24,99.94,31.29,29.41,30.58,30.49,32.81,30.75,31.11,39.68,32.41,32.03,39.83,36.71,32.91,31.93,40.43,44.79,38.01,38.83,39.25,38.55,42.83,92.25
5077,55.07,97.24,31.29,29.33,30.66,30.49,32.81,30.75,31.2,39.68,32.41,32.03,39.54,36.71,33.01,31.93,40.43,45.16,38.01,38.83,39.25,38.69,42.83,93.05
5095,73.43,99.02,31.29,29.41,30.58,30.49,32.81,30.66,31.2,39.83,32.41,32.03,52.91,36.59,33.01,31.84,40.43,44.79,38.01,38.83,39.25,38.55,42.83,93.05
5116,70.55,97.24,31.29,29.41,30.58,30.49,32.81,30.75,31.02,34.37,32.51,32.03,39.68,36.59,33.01,31.93,40.43,45.16,38.01,38.83,39.25,38.55,42.83,93.05
5134,69.19,98.12,31.29,29.41,30.58,30.58,32.71,30.75,31.2,31.93,32.41,32.03,46.32,36.59,33.01,31.93,40.27,44.6,38.01,38.83,39.25,38.55,42.83,93.86
5155,99.94,99.94,31.29,29.41,30.58,30.49,32.81,30.75,31.02,31.93,32.51,32.03,39.39,36.71,33.01,31.93,40.43,45.16,38.01,38.83,39.25,38.69,42.83,93.86
5173,100.87,99.94,31.38,29.41,30.58,30.49,32.81,30.75,31.02,31.93,32.41,32.12,39.25,36.71,33.01,31.84,40.43,44.97,38.01,38.83,39.25,38.69,42.83,94.68
5194,99.94,99.02,31.38,29.41,30.58,30.49,32.81,30.66,30.93,31.93,32.41,32.03,39.39,36.71,33.01,31.93,40.43,44.79,38.01,38.83,39.25,38.55,42.83,93.05
5214,55.07,96.37,31.29,29.41,30.58,30.49,32.71,30.75,31.11,31.93,32.41,32.03,39.54,36.71,33.01,31.93,40.43,44.79,38.01,38.83,39.25,38.55,42.83,94.68
5233,96.37,99.02,31.38,29.41,30.58,30.49,32.81,30.75,31.2,31.93,32.41,32.12,39.54,36.71,33.01,31.93,40.27,44.97,38.01,38.83,39.25,38.55,42.83,94.68
5253,99.02,99.02,31.38,29.41,30.58,30.49,32.81,30.66,31.2,31.93,32.41,32.03,39.39,36.71,33.01,31.93,40.43,44.79,38.01,38.83,39.25,38.55,42.83,94.68
5271,99.94,99.02,31.29,29.41,30.58,30.49,32.91,30.75,30.93,31.93,32.41,32.03,39.39,36.71,33.01,31.93,40.43,44.79,38.01,38.83,39.25,38.69,42.83,94.68
5292,99.94,99.02,31.38,29.41,30.58,30.49,32.91,30.66,31.02,31.93,32.41,32.03,39.54,36.59,33.01,31.93,40.27,45.16,38.01,38.83,39.11,38.55,42.83,94.68
5310,99.02,99.02,31.29,29.41,30.58,30.49,32.91,30.75,31.11,31.84,32.41,32.03,39.39,36.71,33.01,31.93,40.43,44.42,38.01,38.83,39.25,38.69,42.83,94.68
5331,99.94,99.02,31.29,29.41,30.58,30.49,32.81,30.75,31.02,31.93,32.41,32.03,39.54,36.71,33.01,31.84,40.43,45.35,38.01,38.83,39.25,38.55,42.83,94.68
5349,99.94,98.12,31.29,29.41,30.58,30.49,32.81,30.75,31.02,31.93,32.41,32.03,39.54,36.71,32.91,31.84,40.43,45.16,38.01,38.83,39.25,38.55,42.83,94.68
5370,99.94,98.12,31.29,29.41,30.58,30.49,32.81,30.66,31.02,31.93,32.51,32.03,39.54,36.84,32.91,31.93,40.43,44.79,38.01,38.83,39.25,38.69,42.83,94.68
5390,100.87,99.02,31.29,29.41,30.58,30.49,32.81,30.75,31.11,31.93,32.41,32.03,39.39,36.71,33.01,31.93,40.43,44.97,38.01,38.83,39.25,38.55,42.83,94.68
5409,100.87,99.02,31.38,29.41,30.58,30.49,32.81,30.75,31.02,31.93,32.41,32.03,39.39,36.71,33.01,31.93,40.43,44.97,38.01,38.83,39.25,38.55,42.83,94.68
5429,99.94,99.02,31.29,29.41,30.58,30.49,32.81,30.66,31.2,31.93,32.51,32.12,39.39,36.71,33.01,31.84,40.43,44.97,38.01,38.83,39.25,38.55,42.83,94.68
5448,100.87,99.02,31.29,29.41,30.58,30.49,32.71,30.75,31.11,31.93,32.51,32.03,39.39,36.71,33.01,31.84,40.12,44.79,38.01,38.83,39.25,38.55,42.83,94.68
5468,99.94,99.02,31.29,29.41,30.58,30.49,32.81,30.66,30.93,31.93,32.41,32.03,39.39,36.84,33.01,31.93,40.27,45.16,38.01,38.83,39.25,38.69,42.66,94.68
5487,99.94,99.02,31.29,29.41,30.58,30.49,32.71,30.66,31.02,31.93,32.41,32.03,39.39,36.84,33.01,31.84,40.27,44.6,38.01,38.83,39.25,38.55,42.83,93.86
5507,99.94,99.02,31.29,29.41,30.58,30.49,32.81,30.66,31.02,31.93,32.41,32.03,39.39,36.71,33.01,31.93,40.43,44.97,37.87,38.83,39.25,38.55,42.83,94.68
5525,99.94,99.02,31.29,29.33,30.58,30.49,32.81,30.75,31.02,31.93,32.51,32.03,39.39,36.84,33.01,31.93,40.43,44.79,38.01,38.83,39.25,38.69,42.83,94.68
5546,99.94,98.12,31.38,29.41,30.58,30.49,32.81,30.75,30.93,31.93,32.41,32.03,39.39,36.84,33.01,31.84,40.43,44.79,38.01,38.83,39.25,38.41,42.83,94.68
5566,99.94,99.02,31.29,29.41,30.58,30.49,32.81,30.66,31.02,31.93,32.41,32.03,39.54,36.84,33.01,31.93,40.43,44.79,38.01,38.83,39.25,38.55,42.66,94.68
5585,99.94,99.02,31.38,29.41,30.58,30.49,32.81,30.66,30.93,31.93,32.41,32.03,39.54,36.84,33.01,31.84,40.43,44.79,38.01,38.83,39.11,38.69,42.83,94.68
5605,100.87,99.02,31.29,29.41,30.58,30.49,32.81,30.75,30.93,31.93,32.41,32.03,39.54,36.71,33.01,31.93,40.27,45.35,38.01,38.83,39.25,38.69,42.83,94.68
5624,100.87,99.02,31.29,29.41,30.58,30.49,32.81,30.75,31.02,31.93,32.41,32.03,39.39,36.84,33.01,31.84,40.43,44.6,38.01,38.83,39.25,38.55,42.83,94.68
5644,100.87,98.12,31.29,29.41,30.58,30.4,32.91,30.66,31.02,31.93,32.41,32.12,39.39,36.84,33.01,31.84,40.43,44.79,38.01,38.83,39.25,38.55,42.83,94.68
5663,100.87,99.02,31.2,29.41,30.58,30.49,32.81,30.66,30.93,31.93,32.41,32.03,39.39,36.71,33.01,31.93,40.27,44.24,38.01,38.83,39.25,38.55,42.83,94.68
5683,100.87,98.12,31.29,29.41,30.58,30.49,32.81,30.66,31.02,31.93,32.41,32.03,39.39,36.84,33.01,31.93,40.27,44.42,38.01,38.83,39.25,38.55,42.83,93.05
5702,99.94,98.12,31.29,29.41,30.58,30.49,32.81,30.66,31.02,31.93,32.41,32.03,39.39,36.84,33.01,31.93,40.43,44.42,38.01,38.83,39.25,38.55,42.83,94.68
5722,100.87,98.12,31.29,29.41,30.58,30.49,32.81,30.66,31.02,31.93,32.41,32.03,39.54,36.84,33.01,31.93,40.43,44.42,38.01,38.83,39.25,38.55,42.83,94.68
5743,99.94,98.12,31.29,29.41,30.58,30.49,32.91,30.75,31.02,31.93,32.41,32.03,39.39,36.71,33.01,31.93,40.43,44.42,38.01,38.83,39.25,38.69,42.83,93.86
5761,100.87,98.12,31.29,29.41,30.58,30.49,32.91,30.66,30.93,31.93,32.51,32.03,39.54,36.84,33.01,31.93,40.43,44.24,37.87,38.83,39.25,38.55,42.83,94.68
5781,100.87,98.12,31.29,29.41,30.58,30.49,32.91,30.66,30.93,31.93,32.41,32.03,39.54,36.84,33.01,31.93,40.43,44.42,38.01,38.83,39.25,38.55,42.83,94.68
5800,100.87,98.12,31.29,29.41,30.58,30.49,32.91,30.66,30.93,31.93,32.41,32.03,39.39,36.71,33.01,31.84,40.43,44.42,38.01,38.83,39.25,38.55,42.83,94.68
5820,99.94,98.12,31.29,29.41,30.58,30.49,32.91,30.66,31.02,31.93,32.41,32.03,39.39,36.71,33.01,31.93,40.27,44.24,38.01,38.83,39.25,38.69,42.83,94.68
5839,100.87,98.12,31.29,29.41,30.58,30.49,32.91,30.66,30.93,31.93,32.51,32.03,39.39,36.84,33.01,31.93,40.43,44.42,38.01,38.83,39.25,38.55,42.83,94.68
5859,99.94,98.12,31.29,29.41,30.58,30.49,33.01,30.66,31.02,31.93,32.41,32.12,39.54,36.71,33.01,31.84,40.27,44.6,38.01,38.83,39.25,38.55,42.83,94.68
5878,99.94,98.12,31.29,29.41,30.58,30.4,32.81,30.66,31.02,31.93,32.51,32.03,39.54,36.84,33.01,31.93,40.43,44.79,38.01,38.83,39.25,38.55,42.66,93.86
5898,99.94,98.12,31.29,29.41,30.58,30.49,33.31,30.75,31.02,31.93,32.41,32.03,39.39,36.84,33.01,31.93,40.43,44.42,38.01,38.83,39.25,38.55,42.83,94.68
5919,100.87,98.12,31.29,29.41,30.58,30.49,38.14,30.66,30.93,31.93,32.41,32.03,39.54,36.71,33.01,31.93,40.43,44.97,38.01,38.83,39.25,38.69,42.83,93.86
5937,99.02,97.24,31.29,29.41,30.58,30.49,34.16,30.66,31.02,31.93,32.41,32.03,39.39,36.84,33.01,31.84,40.43,44.6,37.87,38.83,39.25,38.69,42.83,94.68
5958,100.87,98.12,31.2,29.33,30.58,30.49,41.04,30.75,31.02,31.93,32.41,32.03,39.54,36.84,33.01,31.84,40.43,45.16,37.87,38.97,39.25,38.55,42.83,94.68
5976,99.94,97.24,31.29,29.41,30.58,30.4,43.17,30.75,31.02,31.93,32.41,32.03,39.54,36.71,33.01,31.84,40.43,44.79,38.01,38.83,39.25,38.55,42.66,94.68
5996,99.94,98.12,31.29,29.41,30.58,30.49,34.82,30.75,31.02,31.84,32.41,32.03,39.54,36.71,33.01,31.84,40.43,44.6,38.01,38.97,39.25,38.55,42.83,94.68
6017,99.94,98.12,31.2,29.41,30.58,30.49,47.34,30.66,31.02,31.84,32.41,32.03,39.39,36.71,33.01,31.84,40.43,44.79,38.01,38.97,39.25,38.55,42.83,94.68
6035,99.94,97.24,31.29,29.41,30.58,30.49,50.91,30.75,31.02,31.84,32.41,32.03,39.39,36.71,33.01,31.93,40.43,44.24,38.01,38.83,39.25,38.69,42.83,95.52
6056,100.87,98.12,31.2,29.41,30.58,30.49,61.33,30.75,31.02,31.84,32.41,32.12,39.39,36.84,32.91,31.93,40.43,44.24,37.87,38.97,39.25,38.69,42.83,94.68
6074,99.94,97.24,31.29,29.41,30.58,30.49,33.42,30.66,31.02,31.84,32.51,32.03,39.39,36.84,33.01,31.84,40.43,44.24,38.01,38.83,39.25,38.55,42.83,94.68
6095,99.94,97.24,31.29,29.41,30.58,30.49,33.11,30.66,31.02,31.84,32.41,32.03,39.39,36.84,33.01,31.93,40.43,44.24,38.01,38.83,39.25,38.55,42.83,94.68
6115,99.94,97.24,31.29,29.41,30.58,30.49,33.01,30.75,31.02,31.84,32.41,32.03,39.25,36.71,33.01,31.84,40.43,44.24,38.01,38.97,39.25,38.69,42.83,94.68
6134,99.94,97.24,31.29,29.41,30.58,30.49,33.11,30.75,31.02,31.84,32.51,32.03,39.39,36.84,33.01,31.93,40.43,44.24,38.01,38.97,39.25,38.69,42.83,93.86
6154,99.02,96.37,31.29,29.41,30.66,30.49,33.21,30.75,31.02,31.84,32.41,32.03,39.25,36.84,33.01,31.93,40.43,44.24,38.01,38.83,39.25,38.69,42.83,94.68
6173,99.94,97.24,31.2,29.41,30.58,30.49,33.21,30.75,31.11,31.84,32.41,32.03,39.39,36.84,33.01,31.93,40.43,44.24,38.01,38.97,39.25,38.55,42.83,94.68
6193,99.02,97.24,31.29,29.41,30.58,30.49,33.31,30.75,31.11,31.84,32.51,32.12,39.25,36.84,33.01,31.84,40.43,44.24,38.01,38.97,39.25,38.55,42.83,94.68
6211,99.02,97.24,31.2,29.41,30.58,30.49,33.01,30.66,31.11,31.84,32.41,32.03,39.25,36.84,33.01,31.84,40.43,44.24,38.01,38.97,39.25,38.69,42.83,94.68
6232,99.94,96.37,31.2,29.41,30.58,30.49,33.01,30.75,31.2,31.93,32.51,32.12,39.39,36.84,33.01,31.84,40.43,44.24,38.01,38.97,39.25,38.55,42.83,94.68
6252,99.02,96.37,31.29,29.41,30.58,30.49,32.91,30.66,31.02,31.93,32.41,32.03,39.39,36.71,33.01,31.93,40.27,44.24,38.01,38.97,39.25,38.69,42.83,94.68
6271,99.02,97.24,31.29,29.41,30.58,30.49,32.91,30.75,31.02,31.93,32.41,32.12,39.39,36.84,33.01,31.93,40.43,44.06,38.01,38.97,39.25,38.69,42.83,94.68
6291,99.02,97.24,31.2,29.41,30.58,30.49,32.91,30.66,31.02,31.93,32.41,32.03,39.25,36.71,33.01,31.93,40.27,44.24,38.01,38.97,39.25,38.55,42.83,94.68
6310,99.02,97.24,31.29,29.41,30.58,30.49,32.91,30.75,31.02,31.93,32.41,32.03,39.39,36.71,33.01,31.93,40.27,44.24,38.01,38.83,39.25,38.55,42.83,95.52
6330,98.12,96.37,31.29,29.41,30.58,30.49,33.01,30.66,31.02,32.03,32.41,32.12,39.39,36.71,33.01,31.84,40.43,44.24,38.01,38.97,39.25,38.55,42.83,94.68
6349,98.12,96.37,31.2,29.41,30.58,30.49,32.91,30.66,31.02,32.03,32.41,32.03,39.39,36.84,33.01,31.84,40.43,44.24,38.01,38.83,39.25,38.55,42.83,94.68
6369,99.02,96.37,31.29,29.41,30.58,30.49,32.91,30.75,31.02,32.03,32.41,32.03,39.39,36.84,33.01,31.84,40.43,44.24,38.01,38.97,39.25,38.55,42.83,94.68
6388,99.02,96.37,31.29,29.41,30.58,30.49,32.91,30.75,31.02,32.03,32.51,32.12,39.39,36.84,33.01,31.93,40.27,44.24,38.01,38.97,39.25,38.55,42.83,94.68
6408,99.02,96.37,31.29,29.41,30.58,30.49,32.91,30.66,31.11,31.93,32.41,32.03,39.54,36.71,33.01,31.93,40.43,44.24,38.01,38.97,39.25,38.55,42.83,94.68
6427,99.02,96.37,31.29,29.41,30.58,30.4,32.91,30.75,31.11,32.03,32.51,32.03,44.42,36.84,33.01,31.93,40.43,44.24,38.01,38.97,39.25,38.55,42.83,94.68
6447,99.02,96.37,31.29,29.41,30.58,30.49,33.01,30.66,31.11,32.03,32.41,32.03,49.51,36.71,33.01,31.93,40.43,44.24,38.01,38.83,39.25,38.55,42.83,93.86
6467,99.02,96.37,31.29,29.41,30.58,30.49,32.91,30.66,31.11,32.03,32.41,32.03,47.97,36.71,33.01,31.93,40.43,44.24,38.01,38.97,39.25,38.55,42.83,94.68
6486,99.02,96.37,31.29,29.41,30.58,30.49,32.91,30.75,31.11,32.03,32.51,32.12,48.4,36.84,33.01,31.93,40.43,44.24,38.01,38.97,39.25,38.69,42.83,93.86
6506,98.12,96.37,31.29,29.41,30.58,30.49,33.11,30.66,31.11,32.03,32.51,32.03,39.54,36.84,33.01,31.84,40.43,44.24,38.01,38.97,39.11,38.55,42.83,94.68
6525,99.02,96.37,31.29,29.41,30.66,30.49,33.01,30.66,31.02,32.03,32.41,32.03,39.39,36.71,33.01,31.84,40.43,44.24,38.01,38.97,39.25,38.55,42.83,94.68
6545,98.12,96.37,31.29,29.33,30.58,30.49,33.01,30.75,31.02,32.03,32.41,32.03,39.54,36.71,33.01,31.84,40.43,44.24,38.01,38.97,39.25,38.55,42.83,93.86
6564,99.02,96.37,31.29,29.41,30.58,30.49,33.01,30.75,31.02,32.03,32.41,32.03,39.54,36.84,32.91,31.84,40.43,44.24,38.01,38.97,39.25,38.55,42.83,94.68
6584,99.02,95.52,31.29,29.41,30.58,30.49,33.01,30.75,31.02,32.03,32.51,32.12,39.54,36.71,33.01,31.84,40.43,44.24,38.01,38.97,39.25,38.55,42.83,94.68
6605,98.12,96.37,31.29,29.41,30.58,30.4,33.01,30.66,31.02,32.03,32.41,32.03,39.39,36.71,33.01,31.84,40.43,44.24,38.01,38.97,39.25,38.55,42.83,93.86
6623,99.02,96.37,31.29,29.41,30.58,30.49,33.01,30.66,31.02,32.03,32.41,32.12,39.54,36.84,33.01,31.84,40.43,44.24,38.01,38.97,39.25,38.55,42.83,94.68
6644,99.02,96.37,31.29,29.41,30.58,30.4,33.01,30.75,31.02,32.03,32.51,32.03,39.39,36.71,33.01,31.93,40.43,44.24,38.01,38.97,39.25,38.55,42.83,94.68
6662,99.02,96.37,31.29,29.33,30.58,30.49,33.01,30.66,31.02,32.03,32.51,32.12,39.54,36.84,33.01,31.93,40.43,44.24,38.01,38.97,39.25,38.69,42.83,94.68
6683,99.02,96.37,31.29,29.41,30.58,30.49,33.01,30.66,31.02,32.03,32.41,32.12,39.54,36.84,33.01,31.93,40.43,44.24,38.01,38.83,39.25,38.55,42.83,94.68
6701,99.02,96.37,31.29,29.41,30.58,30.49,33.01,30.75,31.02,32.03,32.41,32.03,39.39,36.84,33.01,31.84,40.43,44.24,38.01,38.97,39.25,38.55,42.83,93.86
6721,99.02,96.37,31.29,29.41,30.58,30.49,33.01,30.75,31.02,32.03,32.41,32.03,39.54,36.84,33.01,31.93,40.43,44.24,38.01,38.97,39.25,38.69,42.83,93.86
6740,99.02,96.37,31.29,29.41,30.58,30.49,33.01,30.75,31.02,32.03,32.41,32.03,39.54,36.84,33.01,31.93,40.43,44.24,38.01,38.83,39.25,38.55,42.83,94.68
6760,98.12,96.37,31.29,29.41,30.58,30.49,33.11,30.75,31.02,32.03,32.41,32.03,39.54,36.84,33.01,31.93,40.43,44.24,38.01,38.97,39.25,38.55,42.83,94.68
6781,99.02,96.37,31.29,29.41,30.58,30.49,33.11,30.75,31.02,32.03,32.51,32.03,39.54,36.84,33.01,31.93,40.43,44.24,38.01,38.97,39.11,38.55,42.83,94.68
6799,99.94,97.24,31.29,29.41,30.58,30.49,33.01,30.66,31.02,32.03,32.41,32.03,39.54,36.84,33.01,31.93,40.43,44.24,38.01,38.97,39.25,38.55,42.83,94.68
6820,99.02,97.24,31.29,29.41,30.58,30.49,38.41,30.75,31.02,32.03,32.51,32.03,39.54,36.84,33.01,31.93,40.43,44.24,38.01,38.97,39.25,38.55,42.83,94.68
6838,99.94,97.24,31.29,29.41,30.58,30.49,32.91,30.75,31.02,32.03,32.51,32.03,39.39,36.84,33.01,31.93,40.43,44.24,38.01,38.97,39.25,38.55,42.83,94.68
6859,99.94,97.24,31.29,29.41,30.66,30.49,32.91,30.66,31.02,32.03,32.51,32.03,39.68,36.84,33.01,31.93,40.43,44.24,38.01,38.83,39.25,38.55,42.83,93.86
6877,99.94,97.24,31.29,29.41,30.58,30.49,38.01,30.66,31.02,32.03,32.51,32.03,39.54,36.71,33.01,31.84,40.43,44.24,38.01,38.97,39.25,38.55,42.83,94.68
6898,99.02,97.24,31.29,29.33,30.58,30.49,43.52,30.75,31.02,32.03,32.41,32.12,39.54,36.84,33.01,31.84,40.43,44.24,37.87,38.97,39.25,38.55,42.83,94.68
6916,99.94,97.24,31.29,29.41,30.58,30.49,46.73,30.75,31.02,32.03,32.51,32.03,39.54,36.84,33.01,31.93,40.43,44.42,38.01,38.97,39.25,38.69,42.83,93.86
6936,99.94,96.37,31.29,29.41,30.58,30.49,43,30.75,31.02,32.03,32.41,32.03,39.54,36.71,33.01,31.93,40.43,44.24,38.01,38.97,39.25,38.55,42.83,94.68
6955,99.94,98.12,31.29,29.41,30.58,30.49,33.01,30.75,31.02,32.03,32.41,32.12,39.54,36.71,33.01,31.93,40.43,44.24,38.01,38.83,39.25,38.55,43,94.68
6975,99.94,97.24,31.29,29.41,30.58,30.49,32.91,30.75,31.02,32.03,32.51,32.03,39.54,36.84,33.01,31.93,40.43,44.24,38.01,38.97,39.25,38.55,43,94.68
6996,99.94,98.12,31.29,29.41,30.58,30.58,33.01,30.75,31.02,32.03,32.51,32.12,39.54,36.84,33.01,31.93,40.43,44.24,38.01,38.97,39.25,38.55,43,94.68
7014,99.94,98.12,31.29,29.41,30.58,30.49,32.91,30.75,31.11,32.03,32.41,32.03,39.54,36.84,33.01,31.93,40.27,44.24,38.01,38.97,39.25,38.69,42.83,94.68
7035,99.94,98.12,31.29,29.41,30.66,30.49,35.27,30.75,31.02,32.03,32.41,32.03,39.54,36.84,33.01,31.93,40.43,44.24,38.01,38.97,39.25,38.55,42.83,94.68
7053,99.94,98.12,31.29,29.41,30.58,30.58,35.27,30.75,31.02,32.12,32.51,32.12,39.68,36.71,33.01,31.93,40.43,44.42,38.01,38.97,39.25,38.69,42.83,94.68
7074,99.94,98.12,31.29,29.41,30.58,30.58,32.91,30.66,31.02,32.03,32.41,32.03,39.68,36.71,33.01,31.93,40.27,44.24,38.01,38.97,39.11,38.41,43,94.68
7092,100.87,98.12,31.29,29.41,30.66,30.58,32.91,30.75,31.02,32.03,32.51,32.03,39.54,36.71,33.01,31.93,40.43,44.42,38.01,38.97,39.11,38.55,43,94.68
7113,100.87,98.12,31.29,29.41,30.66,30.58,39.68,30.75,31.02,32.03,32.41,32.03,39.39,36.71,33.01,31.93,40.43,44.24,37.87,38.97,39.11,38.41,42.83,94.68
7133,99.94,98.12,31.29,29.41,30.66,30.58,37.22,30.75,31.02,32.12,32.41,32.03,39.39,36.84,33.01,31.84,40.43,44.24,38.01,38.97,39.25,38.69,43,94.68
7152,100.87,98.12,31.29,29.41,30.75,30.58,32.81,30.75,31.02,32.03,32.51,32.12,39.54,36.84,33.01,31.84,40.43,44.24,38.01,38.97,39.25,38.55,42.83,94.68
7172,100.87,98.12,31.29,29.41,30.66,30.58,32.81,30.75,31.02,32.03,32.41,32.12,39.39,36.84,33.01,31.93,40.43,44.42,38.01,38.83,39.25,38.55,42.83,94.68
7190,100.87,97.24,31.29,29.41,30.75,30.58,32.91,30.75,31.02,32.03,32.51,32.03,39.39,36.71,33.01,31.84,40.43,44.24,38.01,38.97,39.25,38.55,42.83,94.68
7211,100.87,98.12,31.29,29.41,30.66,30.58,32.91,30.75,31.02,32.03,32.51,32.12,39.39,36.84,33.01,31.93,40.43,44.24,38.01,38.97,39.25,38.55,42.83,94.68
7229,100.87,98.12,31.29,29.41,30.66,30.58,32.91,30.75,31.02,32.03,32.41,32.12,39.39,36.71,33.01,31.84,40.43,44.24,38.01,38.97,39.25,38.55,42.83,94.68
7250,100.87,99.02,31.29,29.41,30.66,30.58,32.91,30.75,31.02,32.03,32.51,32.03,39.39,36.71,33.01,31.93,40.43,44.42,38.01,38.97,39.25,38.55,43,94.68
7268,100.87,99.02,31.29,29.41,30.58,30.58,32.91,30.75,31.02,32.03,32.41,32.12,39.39,36.84,33.01,31.93,40.43,44.24,38.01,38.97,39.25,38.55,42.83,95.52
7289,100.87,99.02,31.29,29.41,30.66,30.58,32.81,30.75,31.2,32.12,32.51,32.03,39.39,36.84,33.01,31.93,40.43,44.24,38.01,38.97,39.25,38.55,42.83,96.37
7309,100.87,98.12,31.29,29.41,30.66,30.58,32.91,30.75,31.02,32.12,32.41,32.12,39.39,36.84,33.01,31.93,40.43,44.24,38.01,38.97,39.25,38.41,42.83,95.52
7328,99.94,99.02,31.29,29.41,30.58,30.58,32.91,30.75,31.02,32.03,32.41,32.03,39.39,36.84,33.01,31.93,40.43,44.24,38.01,38.97,39.25,38.55,42.83,95.52
7348,99.94,99.02,31.29,29.41,30.66,30.58,32.91,30.75,31.2,32.03,32.41,32.03,39.39,36.71,33.01,31.93,40.27,44.42,38.01,38.97,39.25,38.55,42.83,96.37
7367,100.87,98.12,31.29,29.41,30.58,30.58,32.91,30.75,31.2,32.03,32.41,32.03,39.39,36.84,33.01,31.93,40.43,44.24,38.01,38.97,39.25,38.55,42.83,96.37
7387,100.87,99.02,31.29,29.41,30.66,30.58,32.91,30.75,31.2,32.03,32.41,32.12,39.39,36.84,33.01,31.93,40.43,44.24,38.01,38.97,39.25,38.55,42.83,96.37
7405,100.87,99.02,31.29,29.41,30.58,30.58,48.62,30.75,31.2,32.12,32.41,32.03,39.39,36.84,33.01,31.93,40.43,44.24,38.01,38.97,39.25,38.55,42.83,95.52
7426,100.87,99.02,31.29,29.41,30.58,30.58,53.97,30.75,31.2,32.03,32.41,32.12,39.39,36.84,33.01,31.93,40.43,44.24,38.01,38.97,39.25,38.55,42.83,96.37
7444,100.87,99.02,31.29,29.41,30.58,30.58,52.65,30.75,31.2,32.03,32.51,32.12,39.39,36.84,33.01,31.93,40.43,44.42,38.01,38.97,39.25,38.55,43,95.52
7465,100.87,98.12,31.29,29.41,30.66,30.58,53.7,30.75,31.2,32.03,32.41,32.12,39.39,36.84,33.01,31.93,40.43,44.24,38.01,38.97,39.25,38.55,42.83,96.37
7485,100.87,98.12,31.29,29.41,30.58,30.58,52.14,30.66,31.2,32.03,32.41,32.03,39.39,36.84,33.01,31.93,40.43,44.42,38.01,38.97,39.25,38.69,42.83,94.68
7504,99.94,98.12,31.29,29.41,30.66,30.58,53.17,30.75,31.02,32.03,32.41,32.03,39.39,36.84,33.01,31.93,40.43,44.42,38.01,38.97,39.25,38.55,42.83,93.86
7524,99.02,98.12,31.29,29.41,30.58,30.58,52.91,30.75,31.02,32.03,32.51,32.03,39.39,36.84,33.01,31.93,40.43,44.24,38.01,38.97,39.25,38.55,42.83,94.68
7543,100.87,98.12,31.29,29.41,30.58,30.58,53.17,30.75,31.02,32.03,32.41,32.03,39.39,36.84,33.01,31.93,40.43,44.24,38.01,38.83,39.11,38.55,42.83,94.68
7563,100.87,98.12,31.29,29.41,30.58,30.58,51.4,30.75,31.02,32.03,32.41,32.12,39.39,36.84,33.01,31.93,40.43,44.42,38.01,38.97,39.25,38.69,42.83,94.68
7582,100.87,98.12,31.29,29.41,30.58,30.58,51.4,30.75,31.02,32.03,32.41,32.12,39.39,36.71,33.01,31.93,40.43,44.24,38.01,38.97,39.25,38.55,42.83,94.68
7602,100.87,98.12,31.29,29.41,30.58,30.58,54.79,30.75,31.02,32.03,32.41,32.03,39.39,36.84,33.01,31.93,40.43,44.24,38.01,38.97,39.25,38.55,42.83,94.68
7621,100.87,98.12,31.29,29.41,30.58,30.58,50.67,30.75,31.02,32.03,32.41,32.03,39.39,36.71,33.01,31.84,40.43,44.42,38.01,38.97,39.25,38.55,43,94.68
7641,100.87,98.12,31.29,29.41,30.58,30.58,53.17,30.66,31.02,32.03,32.51,32.03,39.39,36.71,33.01,31.93,40.43,44.24,38.01,38.83,39.25,38.69,42.83,94.68
7661,100.87,98.12,31.29,29.41,30.58,30.58,49.29,30.75,31.02,32.03,32.41,32.03,39.39,36.84,33.01,31.84,40.43,44.42,38.01,38.97,39.25,38.69,42.83,95.52
7680,100.87,98.12,31.29,29.41,30.66,30.58,51.89,30.75,31.29,32.03,32.41,32.03,39.39,36.84,33.01,31.93,40.43,44.24,38.01,38.97,39.11,38.55,42.83,95.52
7700,100.87,98.12,31.29,29.41,30.58,30.58,32.81,30.75,31.29,32.03,32.51,32.12,39.39,36.71,33.01,31.93,40.43,44.24,38.01,38.97,39.25,38.55,43,94.68
7719,100.87,98.12,31.29,29.33,30.66,30.58,32.51,30.66,31.11,32.03,32.41,32.03,39.39,36.84,33.01,31.93,40.43,44.42,38.01,38.97,39.25,38.55,42.83,93.86
7739,100.87,98.12,31.29,29.33,30.66,30.58,32.61,30.66,31.11,32.03,32.41,32.12,39.39,36.84,33.01,31.93,40.43,44.42,38.01,38.97,39.25,38.69,42.83,94.68
7758,100.87,98.12,31.29,29.41,30.58,30.58,33.01,30.75,31.29,32.03,32.51,32.03,39.39,36.71,33.01,31.93,40.43,44.24,38.01,38.97,39.25,38.69,43,94.68
7778,99.94,97.24,31.29,29.41,30.58,30.58,32.22,30.75,31.29,32.03,32.51,32.03,39.54,36.84,33.01,31.93,40.43,44.24,38.01,38.97,39.25,38.55,43,94.68
7797,100.87,98.12,31.29,29.41,30.58,30.58,32.12,30.75,31.29,32.03,32.51,32.03,39.54,36.84,33.01,31.93,40.43,44.24,38.01,38.97,39.25,38.55,42.83,94.68
7817,100.87,98.12,31.29,29.41,30.58,30.58,32.22,30.75,31.29,32.03,32.41,32.03,39.54,36.84,33.01,31.93,40.43,44.24,38.01,38.97,39.25,38.55,42.83,93.86
7838,100.87,98.12,31.29,29.41,30.58,30.58,33.94,30.75,31.29,32.03,32.41,32.03,39.54,36.84,33.01,31.93,40.43,44.24,38.01,38.97,39.25,38.55,42.83,95.52
7856,100.87,98.12,31.29,29.33,30.58,30.58,32.81,30.75,31.2,32.03,32.41,32.12,39.39,36.71,33.01,31.84,40.43,44.24,38.01,38.97,39.25,38.55,42.83,95.52
7877,100.87,98.12,31.29,29.41,30.58,30.58,32.32,30.75,31.29,32.03,32.41,32.12,39.54,36.71,33.01,31.93,40.27,44.42,38.01,38.97,39.25,38.55,42.83,95.52
7895,100.87,98.12,31.29,29.41,30.58,30.58,32.32,30.75,31.29,32.03,32.51,32.12,39.54,36.84,33.01,31.84,40.27,44.24,38.01,38.97,39.25,38.55,42.83,96.37
7915,100.87,98.12,31.29,29.41,30.58,30.58,32.51,30.75,31.29,32.12,32.41,32.12,39.54,36.84,32.91,31.93,40.43,44.24,38.01,38.97,39.25,38.55,42.83,96.37
7934,100.87,98.12,31.29,29.41,30.58,30.58,32.91,30.75,31.29,32.12,32.41,32.12,39.54,36.84,32.91,31.93,40.43,44.24,38.01,38.97,39.25,38.55,42.83,96.37
7954,101.83,99.02,31.29,29.41,30.58,30.58,32.51,30.75,31.29,32.03,32.51,32.12,39.54,36.84,33.01,31.93,40.43,44.24,38.01,38.83,39.25,38.69,42.83,96.37
7973,100.87,98.12,31.29,29.41,30.58,30.58,40.58,30.66,31.29,32.03,32.41,32.12,39.54,36.71,33.01,31.93,40.43,44.24,38.01,38.97,39.25,38.55,42.83,96.37
7993,100.87,98.12,31.29,29.41,30.58,30.58,37.35,30.75,31.29,32.03,32.41,32.03,39.54,36.84,33.01,31.93,40.43,44.24,38.01,38.97,39.25,38.55,42.83,96.37
8014,100.87,98.12,31.29,29.41,30.58,30.58,39.11,30.75,31.29,32.03,32.41,32.12,39.39,36.84,33.01,31.84,40.43,44.24,38.01,38.97,39.25,38.55,42.83,96.37
8032,100.87,98.12,31.29,29.41,30.58,30.58,44.79,30.75,31.29,32.03,32.41,32.12,39.54,36.84,33.01,31.84,40.43,44.24,38.01,38.97,39.25,38.55,42.83,96.37
8053,100.87,98.12,31.29,29.41,30.66,30.49,46.93,30.75,31.29,32.03,32.41,32.03,39.54,36.84,33.01,31.93,40.43,44.24,38.01,38.97,39.11,38.55,42.83,96.37
8071,100.87,98.12,31.29,29.41,30.58,30.58,45.74,30.75,31.29,32.03,32.41,32.03,39.54,36.84,33.01,31.93,40.43,44.24,38.01,38.83,39.25,38.55,42.83,96.37
8092,100.87,98.12,31.29,29.41,30.58,30.49,45.16,30.75,31.29,32.03,32.51,32.03,39.68,36.84,33.01,31.93,40.43,44.24,38.01,38.97,39.25,38.55,42.83,96.37
8110,100.87,98.12,31.29,29.41,30.58,30.58,48.19,30.75,31.29,32.03,32.41,32.12,39.68,36.84,33.01,31.93,40.43,44.24,38.01,38.97,39.25,38.55,42.83,96.37
8130,100.87,98.12,31.29,29.41,30.66,30.49,51.4,30.66,31.29,32.03,32.51,32.03,39.54,36.84,33.01,31.93,40.43,44.24,38.01,38.83,39.25,38.55,43,96.37
8149,100.87,98.12,31.29,29.41,30.58,30.49,50.44,30.75,31.29,32.03,32.51,32.12,39.54,36.84,33.01,31.93,40.27,44.24,38.01,38.97,39.25,38.69,42.83,96.37
8169,100.87,98.12,36.59,29.41,30.58,30.58,51.4,30.75,31.29,32.03,32.51,32.12,39.54,36.84,33.01,31.93,40.43,44.24,38.01,38.97,39.25,38.55,42.83,95.52
8188,100.87,98.12,36.84,29.41,30.58,30.49,52.65,30.75,31.29,32.03,32.41,32.12,39.54,36.84,33.01,31.84,40.43,44.24,38.01,38.97,39.25,38.55,42.83,96.37
8208,100.87,98.12,36.96,29.41,30.58,30.58,52.14,30.75,31.29,32.03,32.51,32.03,39.54,36.84,33.01,31.93,40.43,44.24,38.01,38.97,39.11,38.69,42.83,96.37
8229,100.87,98.12,35.27,29.41,30.58,30.49,60.98,30.75,31.29,32.03,32.51,32.03,39.54,36.84,33.01,31.93,40.43,44.24,38.01,38.97,39.25,38.69,42.83,96.37
8247,101.83,99.02,35.5,29.41,30.58,30.49,60.98,30.75,31.29,32.03,32.51,32.03,39.54,36.84,33.01,31.93,40.43,44.24,38.01,38.97,39.25,38.69,42.83,97.24
8268,101.83,99.02,35.5,29.41,30.66,30.58,61.33,30.75,31.29,32.03,32.51,32.12,39.39,36.84,33.01,31.93,40.43,44.24,38.01,38.83,39.25,38.55,42.83,96.37
8286,100.87,99.02,36.59,29.41,30.58,30.49,61.68,30.75,31.29,32.03,32.41,32.03,39.54,36.71,33.01,31.84,40.43,44.24,38.01,38.83,39.25,38.69,42.83,97.24
8307,100.87,99.02,36.96,29.41,30.58,30.58,61.68,30.75,31.29,32.03,32.51,32.03,39.54,36.84,33.01,31.93,40.43,44.24,38.01,38.97,39.25,38.55,42.83,96.37
8325,99.94,99.02,38.41,29.41,30.58,30.58,62.03,30.75,31.29,32.03,32.41,32.12,39.68,36.84,33.01,31.93,40.12,44.24,38.01,38.83,39.25,38.55,43,97.24
8346,100.87,99.02,38.14,29.41,30.66,30.49,62.03,30.75,31.29,32.03,32.51,32.12,39.54,36.84,33.01,31.93,40.43,44.24,38.01,38.83,39.25,38.55,42.83,97.24
8364,101.83,99.02,36.84,29.41,30.58,30.49,62.03,30.75,31.29,32.03,32.51,32.03,39.54,36.84,33.01,31.93,40.43,44.24,38.01,38.97,39.25,38.69,42.83,97.24
8384,100.87,99.02,36.22,29.41,30.58,30.49,62.03,30.75,31.29,32.03,32.51,32.12,39.68,36.84,33.01,31.93,40.43,44.24,38.01,38.83,39.25,38.55,42.83,96.37
8405,100.87,98.12,38.55,29.41,30.58,30.49,51.89,30.66,31.2,32.03,32.51,32.12,39.54,36.84,33.01,31.93,40.43,44.24,38.01,38.97,39.25,38.55,42.83,96.37
8423,100.87,98.12,35.5,29.41,30.58,30.49,55.64,30.75,31.29,32.03,32.41,32.03,39.54,36.84,33.01,31.93,40.43,44.24,38.01,38.97,39.25,38.55,42.83,96.37
8444,100.87,98.12,36.34,29.41,30.58,30.49,55.64,30.66,31.29,32.03,32.41,32.12,39.39,36.84,33.01,31.93,40.43,44.24,38.01,38.97,39.25,38.55,42.83,96.37
8464,100.87,98.12,37.09,29.41,30.58,30.49,55.92,30.66,31.29,32.03,32.51,32.03,39.54,36.84,33.01,31.93,40.43,44.24,38.01,38.83,39.25,38.69,42.83,96.37
8483,100.87,98.12,35.98,29.41,30.58,30.49,55.35,30.66,31.2,32.03,32.41,32.03,39.39,36.84,32.91,31.93,40.43,44.06,38.01,38.97,39.25,38.55,42.83,98.12
8503,100.87,98.12,37.87,29.41,30.66,30.49,51.64,30.75,31.29,32.03,32.41,32.03,39.54,36.84,33.01,31.93,40.27,44.24,38.01,38.97,39.11,38.55,42.83,96.37
8522,99.94,98.12,35.62,29.41,30.58,30.49,50.44,30.75,31.29,32.03,32.51,32.03,39.54,36.84,33.01,31.93,40.27,44.24,38.01,38.83,39.25,38.69,42.83,96.37
8542,100.87,98.12,35.98,29.41,30.58,30.49,55.92,30.66,31.29,32.03,32.51,32.12,39.54,36.84,33.01,31.93,40.43,44.24,38.01,38.97,39.25,38.55,42.83,96.37
8563,100.87,97.24,37.22,29.41,30.58,30.49,53.17,30.75,31.29,32.03,32.41,32.03,39.54,36.84,33.01,31.84,40.27,44.24,38.01,38.97,39.25,38.55,42.83,96.37
8581,99.94,98.12,35.16,29.41,30.58,30.49,57.11,30.75,31.29,32.03,32.51,32.12,39.54,36.84,33.01,31.93,40.43,44.24,38.01,38.97,39.25,38.41,42.83,97.24
8602,100.87,98.12,36.22,29.33,30.58,30.49,57.41,30.75,31.29,32.03,32.41,32.03,39.54,36.84,33.01,31.93,40.43,44.24,38.01,38.83,39.25,38.55,42.83,96.37
8620,100.87,98.12,34.71,29.41,30.58,30.49,63.87,30.75,31.29,32.03,32.41,32.03,39.54,36.84,33.01,31.84,40.43,44.24,38.01,38.97,39.25,38.55,42.83,96.37
8640,100.87,98.12,33.94,29.41,30.58,30.49,63.87,30.66,31.29,32.12,32.51,32.12,39.54,36.84,33.01,31.93,40.43,44.24,38.01,38.97,39.25,38.55,42.83,97.24
8659,100.87,98.12,33.94,29.41,30.58,30.49,63.87,30.75,31.29,32.03,32.51,32.03,39.68,36.71,33.01,31.93,40.43,44.24,38.01,38.97,39.25,38.55,42.83,97.24
8679,100.87,98.12,36.22,29.41,30.58,30.49,63.87,30.66,31.29,32.12,32.41,32.03,39.54,36.84,33.01,31.93,40.43,44.24,38.01,38.83,39.25,38.55,42.83,97.24
8698,100.87,98.12,34.59,29.41,30.58,30.49,63.87,30.75,31.29,32.03,32.41,32.03,39.54,36.84,33.01,31.93,40.43,44.24,38.01,38.97,39.25,38.55,42.83,96.37
8718,100.87,98.12,35.27,29.41,30.58,30.49,63.87,30.75,31.2,32.03,32.41,32.12,39.54,36.71,33.01,31.84,40.43,44.24,38.01,38.97,39.25,38.55,42.83,96.37
8739,100.87,99.02,35.27,29.41,30.58,30.49,63.49,30.66,31.29,32.03,32.41,32.03,39.54,36.96,33.01,31.93,40.43,44.24,38.01,38.97,39.25,38.55,42.83,96.37
8757,99.94,97.24,33.11,29.41,30.66,30.49,50.91,30.75,31.29,32.03,32.41,32.12,39.54,36.96,33.01,31.93,40.43,44.24,38.01,38.97,39.25,38.55,42.83,95.52
8778,99.94,97.24,36.46,29.41,30.66,30.49,51.15,30.75,31.02,32.03,32.41,32.03,39.54,36.84,33.01,31.84,40.43,44.24,38.01,38.83,39.25,38.55,42.83,94.68
8796,99.94,97.24,36.71,29.41,30.58,30.49,52.4,30.75,31.29,32.03,32.41,32.12,39.54,36.84,33.01,31.93,40.43,44.24,38.01,38.97,39.25,38.55,42.83,94.68
8817,99.94,97.24,35.39,29.41,30.58,30.49,62.39,30.75,31.29,32.12,32.51,32.03,39.54,36.84,33.01,31.84,40.43,44.24,38.01,38.97,39.25,38.55,42.83,95.52
8835,99.94,98.12,37.35,29.41,30.58,30.49,63.49,30.75,31.29,32.03,32.41,32.03,39.54,36.84,33.01,31.93,40.43,44.24,38.01,38.97,39.25,38.55,42.83,94.68
8855,99.94,98.12,35.39,29.41,30.58,30.49,63.87,30.75,31.02,32.03,32.41,32.12,39.54,36.84,33.01,31.84,40.43,44.24,38.01,38.97,39.25,38.69,42.83,94.68
8874,99.94,97.24,35.98,29.41,30.66,30.49,63.87,30.75,31.11,32.03,32.41,32.03,39.54,36.84,33.01,31.93,40.43,44.24,38.01,38.97,39.25,38.55,42.83,95.52
8894,99.94,98.12,37.48,29.41,30.66,30.49,63.87,30.66,31.02,32.03,32.51,32.03,39.54,36.84,32.91,31.84,40.43,44.24,38.01,38.97,39.25,38.55,42.83,94.68
8915,99.94,98.12,35.74,29.41,30.58,30.49,63.87,30.75,31.29,32.03,32.51,32.12,39.54,36.84,33.01,31.84,40.43,44.42,38.01,38.97,39.25,38.69,42.83,95.52
8933,99.94,97.24,36.1,29.41,30.66,30.49,63.49,30.75,31.29,32.03,32.41,32.03,39.54,36.96,33.01,31.84,40.43,44.42,38.01,38.97,39.25,38.55,42.83,94.68
8954,99.94,97.24,36.22,29.41,30.58,30.49,56.22,30.75,31.29,32.03,32.51,32.03,39.54,36.96,33.01,31.93,40.43,44.24,38.01,38.97,39.25,38.55,42.83,94.68
8972,99.02,97.24,35.04,29.41,30.66,30.49,56.22,30.75,31.29,32.12,32.51,32.12,39.54,36.96,33.01,31.93,40.27,44.42,38.01,38.97,39.25,38.55,42.83,95.52
8993,99.02,97.24,37.74,29.41,30.58,30.49,55.92,30.75,31.29,32.03,32.51,32.03,39.54,36.96,33.01,31.93,40.43,44.24,38.01,38.97,39.25,38.69,42.83,95.52
9011,99.02,97.24,35.98,29.41,30.58,30.49,54.51,30.75,31.29,32.12,32.51,32.03,39.54,36.96,33.01,31.93,40.43,44.42,38.01,38.97,39.25,38.69,42.83,95.52
9032,99.02,97.24,35.74,29.41,30.58,30.49,54.79,30.75,31.29,32.03,32.41,32.03,39.54,36.96,33.01,31.84,40.43,44.42,38.01,38.97,39.25,38.55,42.83,95.52
9050,99.02,97.24,36.46,29.41,30.58,30.49,55.35,30.75,31.29,32.03,32.41,32.12,39.54,36.96,33.01,31.93,40.43,44.24,38.01,38.97,39.25,38.55,42.83,95.52
9071,99.02,97.24,37.87,29.41,30.66,30.49,55.07,30.66,31.29,37.09,32.41,32.03,39.54,36.84,33.01,31.84,40.43,44.42,38.01,38.97,39.25,38.55,42.83,95.52
9091,99.02,97.24,35.74,29.33,30.58,30.49,55.07,30.75,31.29,37.48,32.41,32.12,39.54,36.84,33.01,31.93,39.98,44.42,38.01,38.83,39.25,38.55,42.83,96.37
9109,99.02,97.24,36.34,29.41,30.58,30.49,54.51,30.66,31.29,37.48,32.41,32.03,39.54,36.84,33.01,31.84,40.43,44.24,38.01,38.97,39.25,38.55,42.83,95.52
9130,99.02,96.37,31.29,29.41,30.58,30.49,55.35,30.75,31.29,37.48,32.51,32.12,39.68,36.84,33.01,31.84,40.43,44.24,38.01,38.83,39.25,38.69,42.83,96.37
9148,99.02,96.37,31.29,29.41,30.58,30.49,59.63,30.75,31.29,38.14,32.41,32.12,39.68,36.96,33.01,31.93,40.43,44.42,38.01,38.97,39.25,38.55,42.83,95.52
9169,99.02,97.24,31.29,29.41,30.66,30.49,55.92,30.75,31.29,38.83,32.51,32.12,39.68,36.84,33.01,31.84,40.27,44.24,38.01,38.97,39.25,38.55,42.66,96.37
9187,99.02,96.37,31.29,29.41,30.66,30.49,58.34,30.66,31.29,38.41,32.41,32.03,39.68,36.84,33.01,31.84,40.43,44.24,38.01,38.83,39.25,38.55,42.83,96.37
9208,99.02,97.24,31.29,29.41,30.58,30.49,62.03,30.75,31.29,38.69,32.51,32.03,39.54,36.84,33.01,31.93,40.43,44.42,38.01,38.97,39.25,38.55,42.83,95.52
9226,99.02,97.24,31.29,29.41,30.66,30.49,62.39,30.75,31.29,38.97,32.41,32.12,39.54,36.84,33.01,31.93,40.43,44.42,38.01,38.97,39.25,38.55,42.83,96.37
9247,99.02,97.24,31.29,29.41,30.58,30.49,62.75,30.75,31.29,38.97,32.51,32.12,39.54,36.84,33.01,31.84,40.43,44.24,38.01,38.97,39.25,38.55,42.83,96.37
9267,99.02,97.24,31.29,29.41,30.66,30.49,63.12,30.75,31.29,38.97,32.51,32.03,39.54,36.84,33.01,31.93,40.43,44.24,38.01,38.97,39.25,38.55,42.83,96.37
9286,99.02,97.24,31.29,29.41,30.66,30.49,63.49,30.75,31.38,38.83,32.51,32.03,39.54,36.84,33.01,31.93,40.43,44.42,37.87,38.83,39.25,38.55,42.83,96.37
9306,99.02,97.24,31.29,29.41,30.66,30.49,63.49,30.75,31.29,38.55,32.51,32.12,39.39,36.84,33.01,31.84,40.43,44.24,38.01,38.97,39.25,38.55,42.83,95.52
9324,99.02,97.24,31.29,29.41,30.66,30.49,63.49,30.66,31.29,38.55,32.51,32.03,39.54,36.84,33.01,31.93,40.27,44.42,38.01,38.83,39.11,38.55,42.83,96.37
9345,99.94,98.12,31.29,29.41,30.66,30.49,63.49,30.66,31.29,38.55,32.51,32.12,39.54,36.84,33.01,31.84,40.27,44.24,38.01,38.97,39.25,38.55,42.83,96.37
9363,99.94,97.24,31.29,29.41,30.66,30.49,63.49,30.75,31.29,37.74,32.41,32.03,39.54,36.84,33.01,31.93,40.43,44.24,38.01,38.97,39.25,38.55,42.83,96.37
9384,99.02,97.24,31.29,29.41,30.66,30.49,63.49,30.75,31.29,38.41,32.51,32.03,39.54,36.84,33.01,31.84,40.27,44.24,38.01,38.97,39.25,38.55,42.83,96.37
9402,99.02,97.24,31.29,29.41,30.58,30.49,63.49,30.75,31.29,38.27,32.51,32.03,39.54,36.84,33.01,31.84,40.43,44.24,38.01,38.97,39.25,38.55,42.83,96.37
9423,99.02,97.24,31.29,29.41,30.66,30.49,63.49,30.66,31.29,38.27,32.41,32.03,39.54,36.84,33.01,31.93,40.43,44.42,38.01,38.97,39.25,38.55,42.83,96.37
9443,99.02,97.24,31.29,29.41,30.66,30.49,63.49,30.66,31.29,38.41,32.41,32.12,39.54,36.84,33.01,31.84,40.43,44.24,38.01,38.97,39.25,38.55,42.83,96.37
9462,99.02,97.24,31.29,29.41,30.58,30.49,63.87,30.75,31.29,38.55,32.41,32.12,39.54,36.84,33.01,31.93,40.43,44.42,38.01,38.97,39.25,38.55,42.83,96.37
9482,99.02,97.24,31.29,29.41,30.58,30.49,63.49,30.66,31.29,38.55,32.51,32.03,39.54,36.84,33.01,31.84,40.43,44.24,38.01,38.97,39.25,38.55,42.83,96.37
9501,99.02,97.24,31.29,29.41,30.58,30.49,63.49,30.75,31.29,38.55,32.51,32.12,39.54,36.71,33.01,31.93,40.27,44.42,38.01,38.97,39.25,38.55,42.66,95.52
9521,99.02,96.37,31.29,29.41,30.66,30.49,63.87,30.75,31.29,38.69,32.51,32.03,39.54,36.84,33.01,31.93,40.27,44.42,38.01,38.97,39.11,38.55,42.83,97.24
9539,99.02,97.24,37.74,29.41,30.66,30.49,63.87,30.66,31.29,38.69,32.41,32.03,39.54,36.84,32.91,31.93,40.43,44.24,38.01,38.97,39.25,38.69,42.83,96.37
9560,99.02,97.24,38.97,29.41,30.58,30.49,63.87,30.75,31.29,38.69,32.51,32.03,39.54,36.84,33.01,31.93,40.43,44.42,38.01,38.97,39.25,38.55,42.83,96.37
9578,99.02,97.24,39.54,29.41,30.66,30.49,63.87,30.75,31.29,38.55,32.51,32.03,39.39,36.84,33.01,31.84,40.12,44.24,38.01,38.97,39.25,38.55,42.83,96.37
9599,99.02,97.24,36.96,29.41,30.66,30.49,63.87,30.75,31.29,38.69,32.41,32.12,39.54,36.84,33.01,31.84,40.43,44.24,38.01,38.83,39.25,38.55,42.83,97.24
9619,99.02,97.24,39.25,29.41,30.58,30.49,63.87,30.75,31.29,38.27,32.51,32.12,39.54,36.84,33.01,31.93,40.43,44.42,38.01,38.83,39.25,38.55,42.83,97.24
9638,99.94,97.24,39.25,29.41,30.66,30.49,63.49,30.66,31.29,39.11,32.41,32.12,39.54,36.84,33.01,31.93,40.27,44.42,38.01,38.97,39.25,38.55,42.83,95.52
9658,99.94,97.24,39.68,29.41,30.58,30.49,63.87,30.75,31.29,39.54,32.51,32.12,39.54,36.96,33.01,31.93,40.43,44.24,38.01,38.97,39.25,38.55,42.83,96.37
9677,99.94,97.24,40.27,29.41,30.66,30.49,63.87,30.75,31.29,39.54,32.51,32.03,39.54,36.96,33.01,31.93,40.43,44.42,38.01,38.97,39.25,38.55,42.66,96.37
9697,99.94,97.24,39.83,29.41,30.66,30.49,63.87,30.75,31.29,39.68,32.41,32.03,39.54,36.96,33.01,31.93,40.43,44.24,37.87,38.97,39.11,38.55,42.83,96.37
9716,99.02,97.24,40.43,29.41,30.66,30.49,63.87,30.75,31.29,39.54,32.51,32.12,39.54,36.96,33.01,31.93,40.27,44.24,38.01,38.97,39.25,38.55,42.83,96.37
9736,99.94,98.12,39.83,29.41,30.58,30.49,63.87,30.75,31.29,39.54,32.41,32.12,39.54,36.96,33.01,31.93,40.43,44.42,38.01,38.97,39.25,38.55,42.83,97.24
9755,99.94,98.12,40.88,29.41,30.58,30.49,63.87,30.66,31.38,39.54,32.51,32.03,39.54,36.96,33.01,31.93,40.43,44.42,38.01,38.97,39.25,38.55,42.83,97.24
9775,99.94,97.24,40.27,29.41,30.58,30.49,63.87,30.75,31.29,39.68,32.51,32.12,39.54,36.96,33.01,31.93,40.43,44.42,38.01,38.97,39.25,38.55,42.83,97.24
9795,99.94,98.12,41.35,29.41,30.66,30.49,64.25,30.66,31.29,39.54,32.51,32.12,39.54,36.96,33.01,31.93,40.43,44.24,38.01,38.97,39.25,38.55,42.83,97.24
9814,99.94,98.12,41.04,29.41,30.58,30.49,64.25,30.75,31.38,38.83,32.51,32.03,39.54,37.09,33.01,31.93,40.43,44.42,38.01,38.83,39.25,38.55,42.83,96.37
9834,99.94,98.12,40.43,29.41,30.58,30.49,64.25,30.75,31.38,37.35,32.51,32.12,39.54,36.96,33.01,31.84,40.43,44.42,38.01,38.97,39.25,38.55,42.83,96.37
9853,99.94,98.12,40.43,29.41,30.58,30.49,63.87,30.75,31.29,37.74,32.51,32.03,39.39,36.96,33.01,31.93,40.43,44.24,38.01,38.97,39.25,38.55,42.83,97.24
9873,99.94,98.12,41.67,29.41,30.58,30.49,64.25,30.75,31.29,37.09,32.41,32.12,39.54,36.96,33.01,31.84,40.43,44.42,38.01,38.97,39.11,38.55,42.83,97.24
9892,100.87,98.12,41.04,29.41,30.58,30.49,64.25,30.75,31.38,32.12,32.41,32.12,39.54,36.96,33.01,31.93,40.27,44.24,37.87,38.97,39.11,38.55,42.83,96.37
9912,100.87,98.12,41.51,29.41,30.58,30.49,64.25,30.75,31.29,32.03,32.41,32.12,39.54,36.96,33.01,31.93,40.43,44.24,38.01,38.97,39.11,38.55,42.83,94.68
9931,100.87,98.12,40.58,29.41,30.66,30.49,64.25,30.75,31.29,32.03,32.51,32.03,39.54,36.96,33.01,31.93,40.43,44.24,37.87,38.97,39.25,38.69,42.83,95.52
9951,100.87,99.02,40.58,29.41,30.58,30.49,64.25,30.75,31.29,32.03,32.51,32.03,39.54,36.84,33.01,31.84,40.27,44.42,38.01,38.97,39.25,38.41,42.83,94.68
9972,100.87,99.02,41.04,29.41,30.66,30.58,64.25,30.75,31.29,32.12,32.51,32.12,39.54,36.96,33.01,31.93,40.43,44.24,38.01,38.97,39.25,38.55,42.83,94.68
9990,100.87,99.02,39.83,29.41,30.66,30.58,64.25,30.75,31.29,32.03,32.41,32.03,39.54,36.96,33.01,31.93,40.43,44.24,38.01,38.97,39.11,38.55,42.83,95.52
10011,100.87,99.02,32.91,29.41,30.66,30.58,64.25,30.66,31.29,32.03,32.51,32.03,39.54,37.09,33.01,31.93,40.43,44.42,38.01,38.83,39.25,38.55,42.83,94.68
10029,100.87,99.02,31.29,29.41,30.66,30.58,64.25,30.75,31.29,32.03,32.41,32.03,39.54,37.09,33.01,31.93,40.43,44.24,38.01,38.97,39.25,38.55,42.83,94.68
10049,100.87,99.02,31.29,29.41,30.58,30.58,64.25,30.75,31.29,32.03,32.51,32.03,39.68,37.09,33.01,31.93,40.43,44.24,38.01,38.97,39.11,38.55,42.83,95.52
10068,100.87,99.02,31.38,29.41,30.66,30.58,64.25,30.75,31.29,32.03,32.51,32.12,39.54,37.09,33.01,31.93,40.43,44.24,38.01,38.97,39.25,38.55,42.83,93.05
10088,101.83,99.02,31.38,29.41,30.66,30.58,64.25,30.75,31.29,32.12,32.51,32.03,39.54,37.09,33.01,31.93,40.43,44.42,38.01,38.97,39.25,38.55,42.83,95.52
10109,100.87,99.02,31.29,29.41,30.66,30.58,64.63,30.75,31.29,32.03,32.51,32.03,39.54,37.09,33.01,31.93,40.43,44.24,38.01,38.97,39.25,38.55,42.83,95.52
10127,100.87,99.02,31.38,29.41,30.58,30.58,64.63,30.75,31.29,32.03,32.41,32.12,39.54,36.96,33.01,31.93,40.43,44.24,38.01,38.97,39.25,38.55,42.83,96.37
10148,101.83,99.94,31.29,29.41,30.66,30.58,64.25,30.75,31.29,32.03,32.41,32.12,39.54,36.96,33.01,31.93,40.43,44.24,38.01,38.97,39.25,38.55,42.83,97.24
10166,101.83,99.02,31.29,29.41,30.58,30.58,64.25,30.75,31.02,32.03,32.51,32.12,39.54,37.09,33.01,31.93,40.43,44.42,38.01,38.97,39.25,38.55,42.83,96.37
10187,101.83,99.94,31.29,29.33,30.66,30.58,64.25,30.75,31.02,32.03,32.51,32.03,39.54,37.09,33.01,31.93,40.43,44.42,38.01,38.97,39.25,38.55,42.83,96.37
10205,101.83,99.02,31.38,29.41,30.58,30.58,64.63,30.75,31.02,32.03,32.41,32.03,39.68,37.09,33.01,31.93,40.43,44.42,38.01,38.97,39.11,38.55,42.83,97.24
10226,101.83,99.94,31.38,29.41,30.58,30.58,64.63,30.75,31.02,32.03,32.51,32.12,39.54,37.09,33.01,31.93,40.43,44.24,38.01,38.97,39.25,38.55,42.83,96.37
10246,101.83,99.94,31.29,29.41,30.58,30.58,64.25,30.75,31.02,32.03,32.51,32.12,39.68,37.09,33.01,31.93,40.43,44.42,38.01,38.97,39.25,38.55,42.83,96.37
10264,101.83,99.94,31.38,29.41,30.66,30.58,63.87,30.75,31.02,32.03,32.41,32.03,39.54,37.09,33.01,31.93,40.43,44.24,38.01,38.83,39.25,38.55,42.83,96.37
10285,101.83,99.02,31.38,29.33,30.66,30.58,61.33,30.75,31.02,32.03,32.51,32.12,39.54,37.09,33.01,31.93,40.43,44.24,38.01,38.97,39.25,38.55,42.83,96.37
10303,100.87,99.02,33.52,29.41,30.66,30.58,48.19,30.75,31.02,32.03,32.41,32.03,39.54,37.09,33.01,31.93,40.43,44.42,38.01,38.97,39.25,38.55,42.83,97.24
10324,99.94,99.02,40.43,29.41,30.66,30.58,46.52,30.75,31.02,32.12,32.41,32.12,39.54,37.09,33.01,31.93,40.27,44.42,38.01,38.97,39.25,38.55,42.83,95.52
10342,101.83,99.02,40.27,29.41,30.58,30.58,32.91,30.75,31.02,32.03,32.51,32.12,39.68,37.09,33.01,31.93,40.43,44.24,38.01,38.97,39.25,38.55,42.83,95.52
10363,100.87,98.12,40.73,29.41,30.58,30.58,32.91,30.75,31.02,32.03,32.41,32.12,39.54,37.09,32.91,31.93,40.43,44.24,38.01,38.97,39.25,38.55,42.83,96.37
10383,101.83,99.02,41.2,29.41,30.66,30.58,32.91,30.75,31.02,32.12,32.41,32.03,39.54,37.09,33.01,31.93,40.43,44.42,38.01,38.97,39.25,38.55,42.83,96.37
10402,101.83,99.02,33.31,29.41,30.66,30.58,32.91,30.75,31.02,32.12,32.51,32.03,39.54,37.09,33.01,31.93,40.43,44.42,38.01,38.97,39.25,38.55,42.83,96.37
10422,101.83,99.02,31.29,29.41,30.58,30.58,32.91,30.75,31.02,32.03,32.51,32.12,39.54,37.09,33.01,31.93,40.43,44.24,38.01,38.97,39.25,38.55,42.83,96.37
10441,101.83,99.02,31.38,29.41,30.66,30.58,32.91,30.75,31.02,32.03,32.51,32.12,39.54,37.09,33.01,31.84,40.27,44.24,38.01,38.97,39.25,38.55,42.83,96.37
10461,101.83,99.02,31.38,29.41,30.66,30.58,32.91,30.75,31.02,32.03,32.51,32.12,39.54,37.09,33.01,31.93,40.43,44.42,37.87,38.97,39.25,38.55,43,96.37
10482,100.87,99.02,31.38,29.41,30.66,30.58,32.91,30.75,31.02,32.03,32.51,32.03,39.54,37.09,33.01,31.93,40.43,44.42,38.01,38.97,39.25,38.41,42.83,96.37
10500,101.83,99.02,31.38,29.41,30.66,30.58,32.91,30.75,31.02,32.03,32.41,32.12,39.39,37.09,33.01,31.93,40.43,44.24,38.01,38.97,39.25,38.55,43,96.37
10520,101.83,99.02,31.38,29.41,30.58,30.58,32.91,30.75,31.02,32.03,32.41,32.03,39.54,37.09,33.01,31.93,40.43,44.42,38.01,38.97,39.25,38.55,42.83,96.37
10539,100.87,99.02,31.38,29.41,30.66,30.58,32.91,30.75,31.02,32.03,32.41,32.03,39.54,37.09,33.01,31.93,40.43,44.42,38.01,38.97,39.25,38.55,42.83,95.52
10559,100.87,98.12,31.38,29.41,30.58,30.58,32.91,30.75,31.02,32.12,32.51,32.03,39.54,37.09,33.01,31.93,40.43,44.24,38.01,38.97,39.25,38.55,42.83,96.37
10578,100.87,98.12,31.29,29.41,30.66,30.58,32.91,30.75,31.02,32.03,32.41,32.03,39.54,37.09,33.01,31.93,40.43,44.42,38.01,38.97,39.25,38.55,42.83,96.37
10598,101.83,99.02,31.29,29.41,30.58,30.58,32.91,30.75,31.02,32.03,32.41,32.03,39.54,37.09,33.01,31.84,40.43,44.24,38.01,38.97,39.25,38.41,42.83,96.37
10619,101.83,99.02,31.38,29.41,30.66,30.58,32.91,30.75,31.02,32.03,32.51,32.12,39.54,37.09,33.01,31.93,40.43,44.42,38.01,38.97,39.25,38.55,43,95.52
10637,100.87,99.02,31.38,29.41,30.66,30.58,32.91,30.75,31.02,32.03,32.41,32.12,39.54,37.09,33.01,31.93,40.43,44.42,38.01,38.97,39.25,38.55,42.83,96.37
10658,100.87,99.02,31.38,29.41,30.66,30.58,32.91,30.75,31.02,32.03,32.41,32.03,39.54,37.09,33.01,31.84,40.43,44.42,38.01,38.97,39.25,38.55,42.83,95.52
10676,100.87,99.02,38.69,29.41,30.66,30.58,32.91,30.75,31.02,32.03,32.41,32.03,39.54,36.96,33.01,31.93,40.43,44.24,38.01,38.97,39.25,38.55,42.83,96.37
10697,100.87,98.12,40.58,29.41,30.66,30.58,32.91,30.75,31.02,32.03,32.51,32.12,39.54,37.09,33.01,31.93,40.27,44.42,38.01,38.83,39.25,38.55,42.83,95.52
10715,100.87,99.02,35.39,29.41,30.66,30.58,32.91,30.75,31.02,32.03,32.41,32.03,39.54,37.09,32.91,31.93,40.43,44.24,38.01,38.97,39.25,38.55,42.83,96.37
10736,100.87,99.02,39.39,29.41,30.66,30.58,32.91,30.75,31.02,32.12,32.51,32.12,39.54,37.09,33.01,31.93,40.43,44.24,38.01,38.97,39.25,38.55,42.83,96.37
10756,100.87,98.12,39.25,29.41,30.66,30.58,32.91,30.75,31.02,32.12,32.41,32.12,39.54,36.96,33.01,31.93,40.43,44.24,38.01,38.97,39.25,38.55,42.83,95.52
10774,100.87,98.12,38.97,29.41,30.66,30.58,32.91,30.75,31.02,32.03,32.41,32.03,39.54,37.09,33.01,31.93,40.43,44.24,38.01,38.97,39.25,38.55,42.83,95.52
10795,100.87,99.02,39.11,29.41,30.66,30.58,32.91,30.75,31.02,32.03,32.51,32.12,39.54,37.09,33.01,31.84,40.43,44.24,38.01,38.97,39.25,38.55,42.83,96.37
10813,100.87,98.12,38.97,29.41,30.58,30.58,32.91,30.66,31.02,32.03,32.51,32.12,39.54,37.09,33.01,31.93,40.27,44.42,38.01,38.97,39.25,38.41,42.83,95.52
10834,100.87,99.02,38.97,29.41,30.58,30.58,32.91,30.75,31.02,32.03,32.51,32.12,39.54,36.96,33.01,31.93,40.43,44.42,38.01,38.97,39.25,38.55,42.83,95.52
10854,100.87,99.02,38.83,29.33,30.66,30.58,32.91,30.75,31.02,32.03,32.51,32.12,39.54,37.09,33.01,31.93,40.43,44.24,38.01,38.97,39.25,38.55,42.83,96.37
10873,100.87,99.02,38.01,29.41,30.58,30.58,32.91,30.66,31.02,32.03,32.51,32.12,39.54,37.09,33.01,31.93,40.27,44.42,37.87,38.97,39.11,38.55,42.83,96.37
10893,100.87,99.02,39.25,29.41,30.66,30.58,32.91,30.75,31.02,32.03,32.41,32.12,39.54,36.96,33.01,31.84,40.43,44.42,38.01,38.97,39.25,38.55,42.83,96.37
10912,100.87,98.12,40.27,29.41,30.58,30.58,32.91,30.75,31.02,32.12,32.41,32.03,39.54,37.09,33.01,31.93,40.43,44.24,38.01,38.97,39.11,38.55,42.83,96.37
10932,100.87,99.02,40.27,29.41,30.66,30.58,32.91,30.75,31.02,32.03,32.51,32.03,39.54,37.09,33.01,31.84,40.43,44.24,38.01,38.83,39.25,38.55,42.83,96.37
10951,100.87,98.12,39.25,29.41,30.66,30.58,32.91,30.75,31.02,32.03,32.41,32.03,39.68,37.09,33.01,31.93,40.12,44.24,38.01,38.83,39.25,38.55,42.83,93.86
10971,100.87,99.02,37.48,29.41,30.66,30.58,32.91,30.75,31.02,32.03,32.51,32.03,39.54,36.96,33.01,31.93,40.43,44.24,38.01,38.97,39.25,38.55,42.83,94.68
10992,100.87,99.02,39.68,29.41,30.58,30.58,32.91,30.75,31.02,32.03,32.51,32.12,39.54,37.09,33.01,31.93,40.43,44.24,38.01,38.83,39.25,38.55,42.66,95.52
11010,100.87,98.12,39.11,29.41,30.66,30.58,32.91,30.75,31.02,32.12,32.51,32.12,39.54,37.09,33.01,31.93,40.43,44.42,38.01,38.97,39.25,38.55,42.83,94.68
11030,100.87,99.02,39.54,29.41,30.66,30.58,32.91,30.75,31.02,32.03,32.51,32.03,39.54,37.09,33.01,31.93,40.43,44.24,38.01,38.97,39.25,38.55,42.83,94.68
11049,100.87,98.12,39.11,29.41,30.66,30.58,32.91,30.75,31.02,32.03,32.51,32.03,39.54,37.09,33.01,31.84,40.43,44.24,38.01,38.97,39.25,38.55,42.83,94.68
11069,100.87,98.12,39.11,29.41,30.66,30.58,39.25,30.75,31.02,32.12,32.41,32.12,39.54,37.09,33.01,31.93,40.43,44.24,38.01,38.97,39.25,38.55,42.83,94.68
11088,100.87,99.02,38.14,29.41,30.66,30.58,64.63,30.75,31.02,32.03,32.41,32.03,39.54,36.96,33.01,31.93,40.43,44.42,38.01,38.97,39.11,38.41,42.83,95.52
11108,101.83,99.02,38.97,29.41,30.66,30.58,64.63,30.75,31.02,32.03,32.51,32.12,39.54,37.09,33.01,31.93,40.43,44.24,38.01,38.97,39.11,38.55,42.83,95.52
11129,101.83,99.02,39.11,29.41,30.66,30.58,64.63,30.66,31.02,32.03,32.51,32.03,39.54,37.09,33.01,31.93,40.43,44.24,38.01,38.97,39.25,38.55,43,94.68
11147,101.83,99.02,38.97,29.41,30.58,30.58,63.12,30.75,31.02,32.03,32.41,32.12,39.54,37.09,33.01,31.93,40.43,44.24,38.01,38.83,39.25,38.55,42.83,95.52
11168,100.87,99.02,39.25,29.41,30.66,30.58,46.93,30.75,31.02,32.12,32.51,32.03,39.54,37.09,33.01,31.93,40.43,44.24,37.87,38.97,39.25,38.41,42.83,95.52
11186,100.87,98.12,38.83,29.41,30.66,30.58,33.01,30.75,31.02,32.03,32.41,32.03,39.54,36.96,33.01,31.93,40.12,44.24,38.01,38.97,39.25,38.55,42.83,95.52
11207,100.87,98.12,38.41,29.41,30.66,30.58,33.11,30.75,31.02,32.12,32.51,32.03,39.54,37.09,33.01,31.93,40.43,44.42,38.01,38.97,39.25,38.55,42.83,94.68
11227,100.87,98.12,38.14,29.41,30.58,30.58,33.21,30.75,31.02,32.12,32.51,32.03,39.54,37.09,33.01,31.93,40.43,44.24,38.01,38.97,39.25,38.55,42.83,94.68
11245,100.87,98.12,37.74,29.41,30.66,30.58,33.11,30.75,31.02,32.03,32.51,32.12,39.54,37.09,33.01,31.84,40.43,44.24,38.01,38.97,39.25,38.55,42.83,94.68
11266,100.87,98.12,37.35,29.33,30.66,30.49,33.11,30.66,31.02,32.03,32.41,32.12,39.54,36.96,33.01,31.84,40.43,44.42,38.01,38.97,39.25,38.55,42.83,94.68
11284,100.87,98.12,39.11,29.41,30.66,30.58,33.11,30.75,31.02,32.03,32.51,32.03,39.54,37.09,33.01,31.93,40.27,44.42,38.01,38.83,39.25,38.41,42.83,94.68
11305,100.87,98.12,38.97,29.41,30.66,30.58,33.01,30.75,31.02,32.12,32.41,32.03,39.54,37.09,33.01,31.93,40.43,44.24,37.87,38.97,39.11,38.41,42.83,95.52
11323,100.87,98.12,37.74,29.41,30.58,30.58,33.01,30.66,31.02,32.03,32.41,32.03,39.54,36.96,33.01,31.93,40.43,44.42,38.01,38.97,39.25,38.55,42.83,93.86
11344,100.87,98.12,37.87,29.41,30.66,30.58,33.01,30.75,31.02,32.03,32.51,32.12,39.54,37.09,33.01,31.93,40.43,44.24,38.01,38.97,39.25,38.55,42.83,95.52
11364,100.87,98.12,38.97,29.41,30.66,30.58,33.01,30.75,31.02,32.12,32.51,32.03,39.54,37.09,33.01,31.93,40.43,44.42,38.01,38.97,39.11,38.55,42.83,94.68
11383,100.87,98.12,39.11,29.41,30.66,30.58,33.01,30.75,31.02,32.03,32.51,32.03,39.54,37.09,33.01,31.93,40.43,44.42,38.01,38.97,39.25,38.55,42.83,95.52
11403,100.87,98.12,39.25,29.41,30.66,30.58,33.01,30.66,31.02,32.03,32.41,32.03,39.54,37.09,33.01,31.93,40.43,44.42,37.87,38.97,39.25,38.55,42.83,94.68
11422,100.87,98.12,38.97,29.41,30.66,30.58,33.01,30.75,31.02,32.12,32.51,32.03,39.54,37.09,33.01,31.93,40.27,44.42,38.01,38.97,39.25,38.55,42.83,94.68
11442,100.87,98.12,39.83,29.41,30.66,30.49,33.01,30.66,31.02,32.12,32.41,32.03,39.54,37.09,33.01,31.93,40.43,44.42,38.01,38.97,39.25,38.55,42.83,94.68
11461,100.87,98.12,39.54,29.41,30.66,30.58,33.11,30.75,31.02,32.03,32.51,32.12,39.54,37.09,33.01,31.84,40.43,44.24,38.01,38.97,39.25,38.55,42.83,95.52
11481,100.87,98.12,39.54,29.41,30.66,30.58,33.11,30.75,31.02,32.12,32.41,32.12,39.54,37.09,33.01,31.84,40.43,44.24,38.01,38.97,39.25,38.55,42.83,94.68
11501,100.87,98.12,38.41,29.41,30.58,30.58,33.01,30.75,31.02,32.03,32.41,32.12,39.54,37.09,33.01,31.93,40.43,44.24,38.01,38.97,39.25,38.55,42.66,95.52
11520,100.87,98.12,38.14,29.41,30.66,30.58,33.01,30.75,31.02,32.03,32.51,32.03,39.54,37.09,33.01,31.93,40.43,44.24,38.01,38.97,39.25,38.55,42.83,95.52
11540,100.87,98.12,37.09,29.41,30.58,30.49,33.11,30.75,31.02,32.03,32.51,32.03,39.54,37.09,33.01,31.84,40.43,44.24,38.01,38.97,39.25,38.55,42.83,94.68
11559,100.87,98.12,36.59,29.41,30.66,30.58,33.11,30.66,31.02,32.12,32.51,32.12,39.54,37.09,33.01,31.93,40.43,44.24,38.01,38.97,39.11,38.55,42.83,94.68
11579,99.94,98.12,35.86,29.41,30.66,30.58,33.11,30.75,31.02,32.03,32.51,32.03,39.54,37.09,33.01,31.93,40.43,44.42,38.01,38.97,39.25,38.55,42.83,95.52
11600,100.87,99.02,38.69,29.41,30.66,30.58,33.01,30.75,31.02,32.12,32.41,32.12,39.54,37.09,33.01,31.93,40.43,44.24,38.01,38.97,39.25,38.55,42.83,94.68
11618,100.87,98.12,38.14,29.41,30.66,30.58,33.11,30.75,31.02,32.03,32.51,32.12,39.54,37.09,33.01,31.93,40.43,44.24,38.01,38.97,39.11,38.55,42.83,94.68
11639,100.87,98.12,38.14,29.41,30.58,30.58,33.11,30.66,31.02,32.12,32.51,32.03,39.54,37.09,33.01,31.93,40.43,44.42,38.01,38.97,39.25,38.55,42.83,95.52
11657,100.87,98.12,38.14,29.41,30.66,30.58,33.11,30.75,31.02,32.03,32.41,32.03,39.54,37.09,33.01,31.93,40.43,44.24,38.01,38.97,39.25,38.55,42.83,94.68
11678,100.87,98.12,38.27,29.41,30.66,30.58,33.01,30.75,31.02,32.03,32.41,32.12,39.39,37.09,33.01,31.93,40.43,44.42,38.01,38.97,39.25,38.55,42.83,94.68
11696,100.87,98.12,36.1,29.41,30.66,30.58,33.11,30.75,31.02,32.03,32.51,32.12,39.68,37.09,33.01,31.93,40.43,44.24,38.01,38.97,39.11,38.55,42.83,95.52
11717,100.87,98.12,36.34,29.33,30.66,30.58,33.11,30.75,31.02,32.03,32.51,32.03,39.54,37.22,33.01,31.93,40.43,44.42,38.01,38.97,39.25,38.55,42.83,94.68
11737,100.87,98.12,37.74,29.41,30.66,30.58,33.21,30.75,31.02,32.12,32.41,32.03,39.54,37.09,33.01,31.84,40.43,44.24,38.01,38.97,39.25,38.55,42.83,94.68
11755,100.87,98.12,31.29,29.41,30.66,30.58,33.11,30.75,31.11,32.12,32.51,32.03,39.54,37.09,33.01,31.84,40.43,44.42,38.01,38.97,39.25,38.55,42.83,95.52
11776,100.87,99.02,31.38,29.41,30.66,30.58,33.21,30.75,31.2,32.12,32.41,32.12,39.54,37.09,33.01,31.93,40.43,44.24,38.01,38.97,39.25,38.55,42.83,94.68
11794,99.94,98.12,31.38,29.41,30.66,30.58,33.42,30.75,31.29,32.03,32.41,32.12,39.54,37.09,33.01,31.93,40.43,44.24,38.01,38.97,39.25,38.55,42.83,95.52
11815,100.87,99.02,31.38,29.41,30.58,30.58,33.21,30.75,31.29,32.12,32.51,32.12,39.54,37.22,33.01,31.93,40.43,44.42,38.01,38.97,39.25,38.55,42.83,94.68
11833,100.87,99.02,31.38,29.41,30.58,30.58,33.31,30.75,31.38,32.03,32.51,32.03,39.54,37.09,33.01,31.93,40.43,44.24,38.01,38.97,39.25,38.55,42.83,95.52
11854,100.87,98.12,31.38,29.41,30.66,30.58,33.31,30.75,31.29,32.12,32.51,32.03,39.54,37.09,33.01,31.93,40.43,44.24,38.01,38.97,39.25,38.55,42.83,95.52
11874,100.87,99.02,31.29,29.41,30.66,30.58,33.21,30.75,31.38,32.12,32.51,32.03,39.54,37.09,33.01,31.93,40.43,44.42,37.87,38.97,39.25,38.55,42.83,94.68
11893,100.87,99.02,31.29,29.41,30.66,30.58,33.31,30.75,31.29,32.12,32.41,32.12,39.54,37.09,33.01,31.93,40.43,44.42,38.01,38.83,39.25,38.55,42.83,94.68
11913,100.87,98.12,31.29,29.41,30.66,30.58,33.31,30.75,31.29,32.12,32.41,32.12,39.54,37.09,33.01,31.93,40.43,44.42,38.01,38.97,39.25,38.55,42.83,95.52
11932,100.87,98.12,31.29,29.41,30.66,30.58,33.31,30.75,31.29,32.03,32.51,32.12,39.54,37.22,33.01,31.84,40.43,44.24,38.01,38.97,39.25,38.55,42.83,94.68
11952,99.94,98.12,31.29,29.41,30.66,30.58,33.31,30.75,31.29,32.03,32.41,32.12,39.54,37.22,33.01,31.93,40.43,44.42,38.01,38.97,39.25,38.55,42.83,95.52
11973,100.87,98.12,31.29,29.33,30.66,30.58,33.42,30.75,31.29,32.03,32.41,32.03,39.54,37.22,33.01,31.93,40.43,44.24,38.01,38.97,39.25,38.55,42.83,94.68
11991,100.87,98.12,31.38,29.41,30.66,30.58,33.42,30.75,31.29,32.03,32.41,32.03,39.54,37.09,33.01,31.93,40.27,44.42,38.01,38.97,39.25,38.55,42.83,95.52
12011,100.87,99.02,31.38,29.41,30.66,30.58,33.42,30.75,31.29,32.03,32.51,32.03,39.54,37.22,33.01,31.93,40.43,44.42,38.01,38.97,39.11,38.55,42.83,95.52
12030,100.87,98.12,31.38,29.41,30.66,30.58,33.31,30.75,31.29,32.12,32.51,32.03,39.54,37.22,33.01,31.93,40.43,44.42,37.87,38.97,39.25,38.55,42.83,95.52
12050,99.94,98.12,31.29,29.41,30.66,30.58,33.42,30.75,31.29,32.12,32.51,32.12,39.54,37.09,33.01,31.93,40.43,44.42,38.01,38.97,39.25,38.55,42.83,95.52
12069,100.87,99.02,31.38,29.41,30.66,30.58,33.42,30.75,31.29,32.03,32.51,32.12,39.54,37.22,33.01,31.93,40.43,44.24,38.01,38.97,39.25,38.55,42.83,95.52
12089,99.94,98.12,31.38,29.41,30.66,30.58,33.31,30.75,31.29,32.03,32.51,32.12,39.54,37.09,33.01,31.93,40.43,44.42,37.87,38.97,39.25,38.55,42.83,96.37
12110,100.87,98.12,31.29,29.41,30.66,30.58,33.11,30.75,31.29,32.12,32.51,32.12,39.54,37.22,33.01,31.93,40.43,44.42,38.01,38.97,39.25,38.55,42.83,96.37
12128,100.87,99.02,31.38,29.41,30.66,30.58,46.52,30.75,31.29,32.12,32.41,32.12,39.54,37.09,33.01,31.84,40.43,44.24,38.01,38.97,39.25,38.55,42.83,96.37
12149,100.87,99.02,31.38,29.41,30.66,30.58,46.52,30.75,31.02,32.12,32.51,32.03,39.54,37.22,33.01,31.93,40.43,44.42,38.01,38.97,39.25,38.55,42.83,96.37
12167,100.87,99.02,31.38,29.41,30.66,30.58,48.84,30.75,31.02,32.03,32.51,32.03,39.54,37.22,33.01,31.93,40.43,44.42,38.01,38.97,39.25,38.55,42.83,96.37
12188,100.87,98.12,31.29,29.41,30.66,30.58,57.41,30.75,31.02,32.12,32.51,32.03,39.54,37.22,33.01,31.93,40.43,44.42,38.01,38.97,39.25,38.55,42.83,95.52
12206,100.87,99.02,31.29,29.41,30.66,30.58,54.51,30.75,31.02,32.03,32.41,32.12,39.54,37.22,33.01,31.93,40.43,44.24,38.01,38.97,39.25,38.55,42.83,97.24
12226,100.87,99.02,31.29,29.41,30.66,30.58,62.75,30.75,31.02,32.03,32.41,32.12,39.54,37.22,33.01,31.93,40.43,44.42,38.01,38.97,39.25,38.55,42.83,97.24
12247,101.83,99.02,31.29,29.41,30.66,30.58,63.49,30.75,31.02,32.12,32.51,32.03,39.54,37.22,33.01,31.93,40.27,44.42,38.01,38.97,39.25,38.55,42.83,96.37
12265,100.87,98.12,31.29,29.41,30.66,30.58,33.11,30.75,31.02,32.03,32.41,32.03,39.54,37.09,33.01,31.93,40.27,44.42,37.87,38.83,39.25,38.55,42.83,96.37
12286,100.87,98.12,31.38,29.41,30.66,30.58,33.01,30.75,31.02,32.12,32.51,32.03,39.54,37.22,33.01,31.93,40.43,44.42,38.01,38.97,39.25,38.55,42.83,96.37
12304,100.87,99.02,31.38,29.41,30.66,30.58,33.01,30.75,31.02,32.12,32.41,32.03,39.54,37.22,33.01,32.03,40.43,44.42,38.01,38.97,39.25,38.55,42.83,96.37
12325,100.87,99.02,31.29,29.41,30.66,30.58,33.11,30.75,31.02,32.03,32.51,32.12,39.54,37.22,33.01,31.93,40.43,44.24,38.01,38.97,39.25,38.55,42.83,96.37
12345,100.87,98.12,31.29,29.41,30.66,30.58,41.84,30.75,31.02,32.12,32.51,32.12,39.68,37.22,33.01,31.93,40.43,44.42,38.01,38.97,39.25,38.55,42.83,95.52
12364,100.87,99.02,31.29,29.41,30.66,30.58,60.3,30.75,31.02,32.03,32.51,32.03,39.54,37.22,33.01,31.93,40.43,44.24,38.01,38.97,39.25,38.55,42.83,96.37
12384,100.87,98.12,31.29,29.41,30.66,30.58,59.96,30.75,31.02,32.03,32.41,32.03,39.54,37.09,33.01,31.93,40.43,44.24,38.01,38.97,39.25,38.55,42.83,96.37
12403,100.87,99.02,31.29,29.41,30.66,30.58,50.67,30.75,31.02,32.12,32.41,32.12,39.54,37.09,33.01,31.93,40.43,44.24,38.01,38.97,39.25,38.55,42.83,96.37
12423,101.83,98.12,31.29,29.41,30.66,30.49,62.03,30.75,31.02,32.03,32.51,32.03,39.54,37.22,33.01,31.93,40.43,44.24,38.01,38.97,39.25,38.55,42.83,97.24
12442,101.83,99.02,31.29,29.41,30.58,30.58,61.68,30.75,31.02,32.12,32.41,32.03,39.54,37.09,33.01,31.93,40.43,44.42,38.01,38.83,39.25,38.55,42.83,96.37
12462,100.87,99.02,31.29,29.41,30.66,30.58,59.96,30.75,31.02,32.03,32.41,32.12,39.54,37.09,33.01,31.93,40.43,44.24,38.01,38.97,39.25,38.55,42.83,95.52
12482,100.87,98.12,31.38,29.41,30.66,30.58,50.91,30.75,31.02,32.03,32.41,32.03,39.68,37.09,33.01,31.93,40.43,44.42,38.01,38.97,39.25,38.55,42.83,96.37
12501,101.83,99.02,31.38,29.41,30.66,30.58,62.03,30.75,31.02,32.12,32.51,32.03,39.54,37.09,33.01,31.93,40.43,44.24,38.01,38.97,39.25,38.55,42.83,97.24
12521,101.83,99.02,31.29,29.41,30.66,30.58,55.07,30.75,31.02,32.03,32.51,32.12,39.54,37.22,33.01,31.93,40.43,44.24,38.01,38.97,39.25,38.55,42.83,96.37
12540,100.87,99.02,31.29,29.41,30.66,30.58,52.4,30.75,31.02,32.03,32.51,32.03,39.54,37.22,33.01,31.93,40.43,44.24,38.01,38.97,39.25,38.55,42.83,95.52
12560,99.94,98.12,31.29,29.41,30.66,30.58,52.91,30.75,31.02,32.03,32.41,32.12,39.54,37.22,33.01,31.93,40.43,44.24,38.01,38.97,39.25,38.55,42.83,96.37
12579,100.87,99.02,31.38,29.41,30.66,30.49,50.2,30.75,31.02,32.03,32.41,32.03,39.54,37.22,33.01,31.93,40.27,44.24,38.01,38.97,39.25,38.55,42.83,96.37
12599,100.87,98.12,31.29,29.41,30.66,30.58,51.64,30.75,31.02,32.03,32.51,32.03,39.54,37.22,33.01,31.93,40.27,44.24,38.01,38.97,39.25,38.55,42.83,95.52
12620,100.87,98.12,31.29,29.41,30.66,30.49,55.35,30.75,31.02,32.12,32.41,32.03,39.54,37.22,33.01,31.93,40.43,44.42,38.01,38.97,39.25,38.55,42.83,96.37
12638,100.87,98.12,31.38,29.41,30.58,30.58,51.4,30.75,31.02,32.12,32.51,32.03,39.54,37.22,33.01,31.93,40.43,44.42,38.01,38.97,39.25,38.55,42.83,97.24
12659,100.87,99.02,31.38,29.41,30.66,30.49,60.3,30.75,31.02,32.03,32.51,32.12,39.54,37.09,33.01,31.93,40.43,44.42,38.01,38.97,39.25,38.55,42.83,96.37
12677,100.87,99.02,31.38,29.41,30.66,30.49,60.3,30.75,31.02,32.03,32.41,32.03,39.54,37.22,33.01,31.93,40.43,44.24,38.01,38.97,39.25,38.69,42.83,97.24
12698,100.87,99.02,31.38,29.41,30.66,30.49,59.63,30.75,31.02,32.12,32.51,32.03,39.54,37.22,33.01,31.93,40.43,44.24,38.01,38.97,39.25,38.69,42.83,96.37
12718,99.94,98.12,31.29,29.41,30.66,30.49,57.41,30.75,31.02,32.03,32.51,32.12,39.54,37.22,33.01,31.93,40.43,44.42,38.01,38.97,39.25,38.55,42.83,96.37
12736,100.87,98.12,31.38,29.41,30.66,30.49,59.96,30.75,31.2,32.03,32.41,32.03,39.54,37.22,33.11,31.93,40.43,44.42,38.01,38.97,39.25,38.69,42.83,96.37
12757,100.87,99.02,31.38,29.41,30.66,30.49,59.63,30.75,31.11,32.03,32.51,32.03,39.54,37.22,33.11,31.84,40.43,44.42,38.01,38.97,39.25,38.55,42.83,97.24
12775,100.87,99.02,31.29,29.41,30.66,30.49,59.63,30.75,31.29,37.09,32.51,32.03,39.54,37.22,33.01,31.93,40.43,44.42,38.01,38.97,39.25,38.55,42.83,96.37
12796,100.87,98.12,31.29,29.41,30.66,30.49,58.34,30.75,31.29,38.01,32.41,32.03,39.54,37.22,33.01,31.93,40.43,44.42,38.01,38.83,39.25,38.55,42.83,96.37
12814,100.87,98.12,31.29,29.41,30.66,30.49,51.89,30.75,31.29,37.87,32.51,32.03,39.54,37.09,33.01,31.93,40.43,44.42,38.01,38.97,39.25,38.41,42.83,95.52
12835,99.94,98.12,31.29,29.41,30.66,30.49,51.89,30.75,31.29,39.39,32.51,32.12,39.54,37.22,33.11,31.93,40.43,44.42,38.01,38.97,39.25,38.55,42.83,96.37
12855,99.94,99.02,31.38,29.41,30.66,30.58,59.63,30.75,31.29,39.54,32.51,32.03,39.54,37.22,33.01,31.93,40.43,44.42,38.01,38.97,39.25,38.55,42.83,95.52
12876,100.87,99.02,31.38,29.41,30.66,30.49,55.64,30.75,31.29,39.54,32.41,32.12,39.54,37.22,33.01,31.84,40.43,44.24,38.01,38.97,39.25,38.55,42.83,94.68
12894,100.87,99.02,31.38,29.41,30.66,30.49,58.03,30.75,31.29,39.54,32.51,32.03,39.54,37.09,33.01,31.84,40.27,44.42,38.01,38.97,39.11,38.69,42.83,95.52
12915,100.87,98.12,31.38,29.41,30.66,30.58,60.98,30.75,31.29,39.54,32.41,32.12,39.54,37.22,33.01,31.93,40.43,44.24,38.01,38.97,39.25,38.55,42.83,95.52
12933,100.87,98.12,31.29,29.41,30.66,30.49,55.35,30.75,31.29,39.54,32.41,32.12,39.54,37.22,33.01,31.93,40.43,44.42,38.01,38.97,39.11,38.55,42.83,95.52
12954,100.87,99.02,31.29,29.41,30.58,30.49,60.98,30.75,31.29,39.68,32.41,32.12,39.54,37.22,33.01,31.93,40.43,44.42,38.01,38.83,39.25,38.55,42.83,95.52
12974,100.87,99.02,31.29,29.41,30.66,30.49,60.98,30.75,31.29,39.68,32.41,32.03,39.54,37.22,33.01,31.93,40.43,44.42,38.01,38.97,39.25,38.55,42.83,95.52
12992,100.87,99.02,31.38,29.41,30.66,30.49,60.98,30.75,31.29,39.68,32.41,32.12,39.68,37.22,33.01,31.93,40.43,44.24,38.01,38.97,39.25,38.69,42.83,94.68
13013,100.87,98.12,31.29,29.41,30.66,30.49,50.2,30.66,31.29,39.68,32.51,32.03,39.54,37.22,33.01,31.84,40.43,44.24,38.01,38.97,39.11,38.55,42.83,94.68
13031,100.87,99.02,31.38,29.41,30.66,30.49,61.68,30.75,31.29,39.68,32.41,32.12,39.54,37.22,33.01,31.93,40.43,44.42,38.01,38.97,39.11,38.55,42.83,94.68
13052,100.87,97.24,31.29,29.41,30.66,30.49,49.97,30.75,31.29,39.54,32.41,32.03,39.54,37.22,33.01,31.93,40.43,44.42,37.87,38.97,39.25,38.55,42.83,95.52
13070,100.87,98.12,31.38,29.41,30.66,30.49,54.24,30.75,31.29,39.68,32.41,32.03,39.54,37.22,33.11,31.93,40.43,44.24,38.01,38.97,39.25,38.55,42.83,95.52
13091,100.87,98.12,31.29,29.41,30.66,30.49,54.24,30.75,31.29,39.54,32.41,32.03,39.54,37.22,33.01,31.93,40.43,44.42,38.01,38.97,39.25,38.55,42.83,94.68
13111,100.87,98.12,31.29,29.41,30.66,30.49,46.93,30.75,31.29,39.54,32.41,32.03,39.54,37.22,33.01,31.93,40.43,44.42,38.01,38.97,39.25,38.55,42.83,94.68
13130,100.87,98.12,31.38,29.41,30.66,30.49,51.4,30.75,31.29,39.54,32.51,32.12,39.54,37.22,33.01,31.93,40.43,44.24,38.01,38.97,39.25,38.55,42.83,95.52
13150,100.87,99.02,31.38,29.41,30.66,30.49,61.68,30.75,31.29,39.54,32.51,32.12,39.54,37.22,33.01,31.93,40.43,44.24,38.01,38.97,39.25,38.55,42.83,94.68
13171,100.87,98.12,31.38,29.41,30.66,30.49,48.4,30.75,31.29,39.54,32.41,32.03,39.54,37.22,33.01,31.93,40.43,44.24,38.01,38.97,39.11,38.55,42.83,95.52
13189,100.87,98.12,31.38,29.41,30.66,30.49,48.84,30.75,31.29,39.54,32.51,32.12,39.54,37.09,33.01,31.93,40.43,44.42,37.87,38.97,39.25,38.55,42.83,95.52
13210,99.94,98.12,31.38,29.41,30.66,30.49,49.97,30.75,31.29,39.39,32.41,32.03,39.54,37.22,33.01,31.84,40.27,44.24,38.01,38.83,39.25,38.55,42.83,95.52
13230,100.87,98.12,31.29,29.41,30.66,30.49,52.4,30.75,31.29,39.54,32.41,32.03,39.54,37.22,33.01,31.93,40.12,44.24,38.01,38.83,39.25,38.41,42.83,95.52
13248,100.87,99.02,31.29,29.41,30.66,30.49,54.51,30.66,31.29,39.25,32.41,32.03,39.54,37.09,33.01,31.93,40.27,44.24,38.01,38.97,39.25,38.55,42.83,95.52
13269,100.87,99.02,31.29,29.41,30.66,30.58,57.11,30.66,31.29,39.39,32.41,32.03,39.39,37.09,33.01,31.93,40.43,44.24,38.01,38.97,39.25,38.55,42.83,95.52
13287,100.87,98.12,31.38,29.41,30.66,30.49,60.64,30.75,31.29,38.27,32.51,32.03,39.54,37.22,33.01,31.93,40.27,44.42,38.01,38.97,39.25,38.55,42.83,95.52
13308,100.87,99.02,31.29,29.41,30.66,30.58,61.33,30.75,31.29,36.84,32.51,32.03,39.54,37.09,33.01,31.93,40.43,44.42,38.01,38.97,39.25,38.55,42.83,95.52
13326,100.87,99.02,31.29,29.41,30.66,30.58,61.68,30.75,31.29,32.03,32.41,32.03,39.54,37.09,33.11,31.93,40.43,44.24,38.01,38.83,39.11,38.55,42.83,95.52
13347,100.87,98.12,31.29,29.33,30.66,30.58,62.39,30.66,31.29,32.03,32.51,32.12,39.54,37.22,33.01,31.93,40.43,44.24,38.01,38.97,39.25,38.55,42.83,95.52
13367,100.87,99.02,31.29,29.41,30.66,30.58,61.68,30.75,31.2,32.03,32.51,32.03,39.54,37.22,33.01,31.93,40.43,44.42,38.01,38.83,39.11,38.55,42.83,94.68
13386,100.87,98.12,31.38,29.41,30.66,30.58,61.33,30.75,31.2,32.03,32.51,32.12,39.54,37.09,33.01,31.93,40.43,44.42,38.01,38.97,39.25,38.55,42.83,95.52
13406,100.87,98.12,31.29,29.41,30.66,30.58,49.51,30.75,31.2,32.03,32.51,32.03,39.68,37.22,33.01,31.93,40.43,44.24,38.01,38.97,39.25,38.55,42.83,94.68
13425,99.94,98.12,31.29,29.41,30.66,30.58,53.97,30.75,31.2,32.03,32.51,32.03,39.54,37.22,33.01,31.84,40.43,44.24,38.01,38.83,39.25,38.41,42.83,94.68
13445,99.94,98.12,31.29,29.41,30.66,30.49,54.24,30.75,31.2,32.03,32.41,32.03,39.54,37.09,33.01,31.93,40.43,44.24,38.01,38.97,39.25,38.55,42.83,94.68
13463,100.87,98.12,31.29,29.41,30.66,30.49,48.4,30.75,31.2,32.03,32.51,32.03,39.54,37.22,33.01,31.93,40.43,44.42,38.01,38.97,39.25,38.55,42.83,95.52
13484,100.87,98.12,31.29,29.41,30.66,30.58,49.29,30.75,31.29,32.12,32.51,32.03,39.54,37.22,33.11,31.93,40.43,44.24,38.01,38.97,39.25,38.55,42.83,94.68
13504,100.87,98.12,31.38,29.41,30.66,30.49,49.74,30.75,31.29,32.03,32.41,32.12,39.54,37.22,33.01,31.93,40.27,44.24,38.01,38.97,39.25,38.55,42.83,95.52
13523,99.94,98.12,31.29,29.41,30.66,30.49,55.35,30.75,31.29,32.03,32.51,32.03,39.54,37.22,33.01,31.93,40.43,44.24,38.01,38.97,39.25,38.55,42.83,95.52
13543,99.94,98.12,31.29,29.41,30.66,30.58,50.2,30.75,31.29,32.03,32.41,32.12,39.54,37.22,33.01,31.93,40.43,44.24,38.01,38.97,39.25,38.55,42.83,95.52
13562,100.87,98.12,31.38,29.41,30.66,30.58,49.51,30.75,31.29,32.12,32.51,32.03,39.54,37.22,33.11,31.93,40.43,44.24,38.01,38.97,39.25,38.55,42.83,94.68
13582,100.87,97.24,31.38,29.41,30.66,30.49,51.4,30.66,31.29,32.12,32.51,32.03,39.68,37.22,33.01,31.93,40.43,44.24,38.01,38.97,39.25,38.55,42.83,95.52
13603,100.87,98.12,31.29,29.41,30.66,30.58,46.93,30.75,31.29,36.34,32.41,32.03,39.54,37.22,33.01,31.93,40.43,44.24,37.87,38.97,39.25,38.55,42.83,95.52
13621,100.87,98.12,31.38,29.41,30.66,30.49,47.34,30.75,31.29,37.09,32.51,32.12,39.68,37.22,33.11,31.93,40.43,44.42,38.01,38.97,39.25,38.55,42.83,95.52
13642,99.94,98.12,31.38,29.41,30.66,30.49,59.31,30.66,31.29,38.14,32.41,32.03,53.43,37.22,33.11,31.93,40.43,44.42,38.01,38.97,39.25,38.69,42.83,95.52
13660,100.87,98.12,31.29,29.41,30.66,30.49,51.15,30.75,31.29,37.87,32.41,32.12,44.06,37.22,33.01,31.93,40.43,44.42,38.01,38.83,39.25,38.55,42.83,95.52
13681,100.87,98.12,31.38,29.41,30.58,30.49,57.11,30.75,31.29,39.39,32.41,32.03,54.79,37.22,33.11,31.93,40.27,44.42,38.01,38.97,39.25,38.55,42.83,95.52
13699,99.94,98.12,31.29,29.41,30.66,30.49,54.79,30.75,31.29,39.68,32.51,32.12,74.95,37.09,33.11,31.93,40.43,44.42,38.01,38.97,39.25,38.55,42.83,96.37
13719,100.87,98.12,31.29,29.41,30.66,30.49,50.44,30.75,31.29,39.83,32.51,32.03,78.21,37.22,33.01,31.84,40.43,44.24,38.01,38.97,39.25,38.55,42.83,96.37
13740,100.87,98.12,31.29,29.41,30.66,30.49,50.91,30.75,31.29,39.83,32.41,32.12,78.21,37.22,33.11,31.93,40.43,44.24,38.01,38.97,39.25,38.55,42.83,97.24
13758,99.94,98.12,31.29,29.41,30.58,30.49,48.84,30.75,31.29,39.83,32.41,32.12,77.65,37.09,33.01,31.93,40.43,44.42,38.01,38.97,39.25,38.41,42.83,96.37
13779,99.94,97.24,31.29,29.41,30.66,30.49,46.93,30.66,31.29,39.98,32.51,32.03,78.78,37.22,33.11,31.93,40.43,44.42,38.01,38.97,39.25,38.55,42.83,97.24
13797,99.94,97.24,31.29,29.41,30.58,30.49,50.91,30.75,31.29,39.98,32.41,32.03,46.13,37.22,33.01,31.93,40.27,44.42,38.01,38.83,39.25,38.55,42.83,97.24
13818,99.94,97.24,31.29,29.41,30.58,30.49,61.68,30.75,31.29,39.98,32.41,32.03,39.68,37.22,33.01,31.93,40.43,44.42,38.01,38.97,39.25,38.55,42.83,97.24
13836,99.94,97.24,31.2,29.41,30.58,30.49,52.14,30.75,31.29,39.98,32.41,32.12,39.54,37.09,33.01,31.93,40.43,44.42,38.01,38.97,39.25,38.55,42.83,97.24
13857,99.94,97.24,31.2,29.41,30.58,30.49,53.17,30.66,31.2,39.98,32.51,32.03,39.54,37.22,33.01,31.93,40.43,44.24,38.01,38.97,39.25,38.55,42.83,97.24
13877,99.94,97.24,31.29,29.41,30.58,30.49,55.35,30.75,31.2,39.98,32.41,32.03,39.54,37.09,33.01,31.93,40.43,44.42,38.01,38.83,39.25,38.55,42.83,96.37
13896,99.02,97.24,31.29,29.41,30.66,30.49,56.81,30.75,31.29,39.98,32.41,32.03,39.68,37.09,33.01,31.93,40.27,44.42,38.01,38.83,39.25,38.55,42.83,97.24
13916,99.02,97.24,31.29,29.41,30.66,30.49,56.22,30.75,31.29,39.98,32.51,32.12,39.54,37.22,33.01,31.93,40.43,44.42,38.01,38.97,39.25,38.55,42.83,97.24
13935,99.94,97.24,31.29,29.41,30.58,30.49,57.11,30.75,31.29,39.98,32.51,32.12,39.68,37.22,33.01,31.93,40.43,44.42,38.01,38.97,39.11,38.55,42.83,96.37
13955,99.94,96.37,31.2,29.41,30.66,30.49,57.11,30.75,31.29,39.98,32.51,32.03,39.68,37.22,33.01,31.93,40.43,44.42,38.01,38.97,39.25,38.55,42.66,97.24
13973,99.94,97.24,31.29,29.41,30.66,30.49,60.98,30.75,31.29,40.12,32.41,32.03,39.54,37.22,33.01,31.93,40.43,44.42,38.01,38.97,39.25,38.55,42.83,97.24
13994,99.94,97.24,31.2,29.41,30.66,30.49,63.87,30.75,31.29,39.98,32.51,32.03,39.54,37.22,33.01,31.93,40.43,44.42,37.87,38.97,39.25,38.55,42.83,97.24
14014,99.02,97.24,31.2,29.41,30.58,30.49,63.87,30.75,31.29,40.12,32.41,32.12,39.39,37.22,33.01,31.93,40.27,44.24,38.01,38.97,39.25,38.55,42.83,97.24
14033,99.02,97.24,31.2,29.41,30.66,30.49,63.87,30.75,31.29,39.98,32.41,32.03,39.54,37.22,33.01,31.84,40.43,44.42,38.01,38.83,39.25,38.55,42.83,97.24
14053,99.02,97.24,31.29,29.41,30.66,30.49,63.87,30.75,31.02,39.98,32.51,32.12,39.68,37.09,33.01,31.93,40.43,44.24,38.01,38.97,39.25,38.55,42.83,95.52
14072,99.02,96.37,33.94,29.41,30.58,30.49,63.87,30.75,31.2,39.98,32.51,32.12,39.68,37.22,33.01,31.93,40.43,44.42,38.01,38.97,39.25,38.55,42.83,97.24
14092,98.12,96.37,34.27,29.41,30.66,30.49,63.87,30.66,31.02,39.98,32.41,32.12,39.68,37.22,33.01,31.93,40.43,44.42,38.01,38.97,39.25,38.55,42.83,95.52
14113,99.02,96.37,31.84,29.41,30.58,30.49,63.49,30.75,31.02,39.98,32.41,32.12,39.54,37.22,33.01,31.93,40.43,44.42,38.01,38.97,39.25,38.55,42.83,96.37
14131,99.94,97.24,36.22,29.41,30.58,30.49,63.87,30.75,31.38,39.98,32.51,32.03,39.68,37.22,33.01,31.93,40.43,44.24,38.01,38.97,39.25,38.55,42.83,97.24
14152,99.02,97.24,37.74,29.41,30.58,30.49,63.49,30.66,31.29,39.98,32.41,32.03,39.54,37.09,33.01,31.93,40.43,44.42,38.01,38.97,39.25,38.55,42.83,97.24
14170,99.94,96.37,37.87,29.41,30.66,30.49,63.49,30.75,31.29,39.98,32.41,32.12,39.54,37.22,33.01,31.84,40.43,44.42,38.01,38.97,39.11,38.55,42.83,97.24
14191,99.02,97.24,36.46,29.41,30.58,30.49,63.49,30.66,31.29,39.98,32.41,32.12,39.68,37.22,33.01,31.84,40.43,44.42,38.01,38.97,39.25,38.55,42.83,97.24
14209,99.94,97.24,38.41,29.33,30.58,30.49,63.87,30.75,31.38,39.98,32.51,32.03,39.68,37.22,33.01,31.84,40.27,44.24,38.01,38.97,39.11,38.55,42.83,97.24
14229,99.94,97.24,39.68,29.41,30.66,30.49,63.87,30.66,31.29,39.98,32.51,32.03,39.68,37.22,33.01,31.84,40.27,44.24,38.01,38.97,39.11,38.55,42.83,97.24
14250,99.02,96.37,38.55,29.41,30.58,30.49,33.73,30.66,31.29,39.98,32.51,32.03,39.68,37.22,33.01,31.84,40.43,44.24,38.01,38.97,39.25,38.55,42.83,96.37
14268,99.02,96.37,39.54,29.41,30.58,30.49,33.73,30.75,31.38,39.98,32.41,32.03,39.68,37.09,33.01,31.93,40.27,44.42,38.01,38.97,39.11,38.55,42.83,97.24
14289,99.02,97.24,39.11,29.41,30.58,30.49,33.73,30.75,31.29,39.98,32.41,32.12,39.54,37.22,33.01,31.93,40.43,44.24,38.01,38.97,39.25,38.55,42.83,95.52
14307,99.02,97.24,39.25,29.41,30.58,30.49,33.73,30.66,31.29,39.98,32.51,32.03,39.54,37.09,33.01,31.93,40.43,44.42,38.01,38.97,39.11,38.55,42.83,97.24
14328,99.94,97.24,39.68,29.41,30.58,30.49,33.73,30.75,31.38,39.98,32.41,32.03,39.68,37.22,33.01,31.93,40.43,44.24,38.01,38.97,39.25,38.55,42.83,97.24
14346,99.94,97.24,39.54,29.41,30.66,30.49,33.73,30.75,31.38,39.98,32.51,32.03,39.68,37.09,32.91,31.84,40.43,44.24,38.01,38.97,39.25,38.55,42.83,96.37
14367,99.94,96.37,39.68,29.41,30.58,30.49,33.73,30.75,31.29,39.98,32.41,32.03,39.54,37.22,33.01,31.93,40.43,44.42,38.01,38.97,39.25,38.55,42.83,96.37
14387,99.94,97.24,38.97,29.41,30.66,30.49,33.73,30.75,31.38,39.98,32.41,32.12,39.68,37.22,33.01,31.93,40.43,44.24,38.01,38.97,39.25,38.55,42.83,96.37
14406,99.94,97.24,40.12,29.41,30.66,30.49,33.73,30.75,31.38,39.83,32.51,32.12,39.68,37.22,33.01,31.93,40.12,44.24,38.01,38.97,39.25,38.41,42.83,96.37
14426,100.87,97.24,40.88,29.41,30.58,30.49,48.4,30.75,31.29,39.83,32.51,32.12,39.68,37.22,33.01,31.93,40.43,44.42,38.01,38.97,39.11,38.55,42.83,96.37
14444,100.87,97.24,41.51,29.41,30.58,30.49,48.4,30.75,31.38,39.83,32.41,32.12,39.68,37.09,33.01,31.84,40.43,44.42,38.01,38.97,39.25,38.55,42.83,96.37
14465,99.94,98.12,41.51,29.41,30.66,30.49,47.76,30.75,31.38,39.98,32.51,32.03,39.54,37.09,33.01,31.93,40.43,44.42,38.01,38.97,39.25,38.55,42.83,96.37
14485,100.87,98.12,41.84,29.41,30.66,30.49,48.19,30.75,31.29,39.98,32.51,32.03,39.54,37.22,33.01,31.93,40.43,44.42,38.01,38.97,39.25,38.55,42.83,96.37
14504,100.87,97.24,42.33,29.33,30.58,30.49,48.4,30.75,31.38,39.98,32.51,32.03,39.68,37.09,33.01,31.93,40.43,44.42,37.87,38.97,39.25,38.55,42.83,97.24
14524,99.94,98.12,41.84,29.41,30.58,30.58,47.97,30.75,31.38,39.98,32.41,32.03,39.68,37.22,33.01,31.93,40.43,44.24,38.01,38.97,39.25,38.55,42.83,96.37
14543,99.94,98.12,41.35,29.41,30.66,30.58,49.51,30.75,31.38,39.83,32.51,32.03,39.54,37.22,33.01,31.93,40.43,44.42,38.01,38.97,39.25,38.55,42.83,96.37
14563,99.94,98.12,41.84,29.41,30.58,30.58,52.65,30.75,31.38,39.68,32.51,32.12,39.68,37.09,33.01,31.93,40.43,44.42,38.01,38.97,39.11,38.55,42.83,96.37
14584,99.94,98.12,41.51,29.41,30.66,30.58,52.65,30.75,31.29,37.74,32.41,32.03,39.68,37.09,33.01,31.93,40.43,44.42,38.01,38.97,39.11,38.55,42.83,96.37
14604,100.87,98.12,40.58,29.41,30.66,30.58,52.14,30.75,31.38,32.12,32.41,32.12,39.68,37.22,33.01,31.93,40.43,44.42,38.01,38.97,39.25,38.55,42.83,96.37
14623,99.94,98.12,40.27,29.41,30.58,30.58,52.4,30.75,31.29,32.03,32.51,32.12,39.68,37.22,33.01,31.93,40.43,44.42,38.01,38.97,39.25,38.55,42.66,96.37
14643,99.94,98.12,40.43,29.41,30.66,30.58,52.91,30.75,31.38,32.12,32.51,32.03,39.68,37.22,33.01,31.93,40.43,44.24,38.01,38.97,39.25,38.55,42.83,96.37
14662,99.94,98.12,41.67,29.41,30.66,30.58,52.91,30.66,31.29,32.12,32.41,32.03,39.68,37.22,33.01,31.93,40.43,44.42,38.01,38.97,39.25,38.55,42.83,96.37
14682,99.94,98.12,41.35,29.41,30.66,30.58,53.17,30.75,31.29,32.12,32.41,32.12,39.68,37.22,33.01,31.93,40.43,44.24,38.01,38.97,39.25,38.55,42.83,96.37
14700,99.94,98.12,40.27,29.41,30.66,30.58,52.65,30.75,31.38,32.03,32.51,32.12,39.68,37.22,33.01,31.93,40.43,44.42,38.01,38.97,39.25,38.69,43,97.24
14721,99.94,98.12,40.43,29.41,30.58,30.58,56.51,30.75,31.29,32.03,32.51,32.03,39.68,37.22,33.01,31.93,40.43,44.24,38.01,38.97,39.11,38.55,42.66,96.37
14741,99.94,97.24,41.67,29.33,30.58,30.58,37.74,30.75,31.29,32.12,32.51,32.03,39.68,37.09,33.01,31.93,40.43,44.24,38.01,38.97,39.25,38.41,42.83,96.37
14760,99.02,97.24,41.35,29.41,30.66,30.58,38.83,30.75,31.38,32.12,32.41,32.12,39.54,37.22,33.01,31.93,40.43,44.42,38.01,38.97,39.25,38.55,42.83,96.37
14780,99.02,97.24,41.2,29.41,30.66,30.58,63.49,30.75,31.38,32.03,32.41,32.12,39.68,37.22,33.01,31.93,40.43,44.42,38.01,38.97,39.25,38.55,43,96.37
14799,99.94,97.24,41.2,29.41,30.66,30.58,63.87,30.75,31.29,32.03,32.41,32.03,39.68,37.22,33.01,31.93,40.43,44.42,38.01,38.97,39.25,38.55,42.83,95.52
14819,99.02,96.37,40.88,29.41,30.66,30.58,33.73,30.75,31.29,32.03,32.41,32.12,39.68,37.22,33.01,31.93,40.43,44.42,38.01,38.97,39.25,38.55,42.83,96.37
14838,98.12,97.24,41.04,29.41,30.66,30.58,64.25,30.75,31.02,32.12,32.51,32.03,39.54,37.09,33.01,31.93,40.43,44.42,38.01,38.97,39.25,38.55,43,96.37
14858,99.02,96.37,40.58,29.41,30.66,30.58,54.51,30.75,31.02,32.12,32.41,32.12,39.68,37.22,33.01,31.93,40.43,44.24,38.01,38.83,39.25,38.55,43,96.37
14879,99.02,97.24,40.73,29.41,30.66,30.58,64.25,30.75,31.11,32.12,32.41,32.03,39.68,37.22,33.01,31.93,40.43,44.42,38.01,38.83,39.25,38.55,43,96.37
14897,98.12,96.37,41.04,29.41,30.58,30.58,63.87,30.75,31.02,32.12,32.51,32.12,39.68,37.22,33.01,31.93,40.43,44.42,38.01,38.97,39.25,38.55,43,98.12
14918,98.12,96.37,40.73,29.41,30.58,30.58,32.22,30.75,31.29,32.12,32.51,32.12,39.68,37.22,33.01,31.93,40.43,44.42,38.01,38.97,39.25,38.55,42.83,96.37
14936,98.12,96.37,38.14,29.41,30.58,30.58,32.91,30.66,31.29,32.12,32.41,32.12,39.68,37.22,33.01,31.93,40.43,44.42,38.01,38.97,39.25,38.55,43,95.52
14956,98.12,96.37,35.98,29.41,30.66,30.58,32.12,30.75,31.11,32.12,32.51,32.12,39.68,37.22,33.01,31.93,40.27,44.24,38.01,38.97,39.25,38.55,42.83,95.52
14975,97.24,94.68,37.61,29.41,30.66,30.58,32.22,30.75,31.02,32.12,32.51,32.12,39.68,37.09,33.01,31.84,40.43,44.42,38.01,38.97,39.25,38.55,42.83,96.37
14995,97.24,96.37,39.83,29.41,30.66,30.58,32.12,30.75,31.02,32.12,32.51,32.12,39.68,37.22,33.01,31.84,40.27,44.42,38.01,38.83,39.11,38.55,43,96.37
15016,97.24,95.52,40.12,29.41,30.58,30.58,32.12,30.66,31.11,32.12,32.51,32.12,39.68,37.22,33.01,31.93,40.27,44.42,38.01,38.97,39.25,38.55,43,96.37
15034,97.24,95.52,40.27,29.41,30.58,30.58,32.12,30.75,31.2,32.12,32.51,32.03,39.68,37.09,33.01,31.93,40.43,44.42,37.87,38.97,39.25,38.55,42.83,96.37
15055,95.52,74.44,40.27,29.41,30.58,30.58,32.12,30.75,31.29,32.12,32.51,32.12,39.68,37.22,33.01,31.84,40.43,44.42,37.87,38.97,39.25,38.55,43,96.37
15073,95.52,83.67,40.12,29.41,30.66,30.58,32.12,30.75,31.38,32.12,32.41,32.03,39.54,37.22,33.01,31.84,40.43,44.42,38.01,38.97,39.11,38.55,42.83,96.37
15094,96.37,94.68,40.12,29.41,30.58,30.49,32.12,30.66,31.29,32.12,32.41,32.12,39.68,37.22,32.91,31.84,40.43,44.42,38.01,38.97,39.25,38.55,42.83,96.37
15112,96.37,94.68,39.98,29.41,30.58,30.49,32.12,30.75,31.02,32.12,32.41,32.03,39.68,37.22,33.01,31.84,40.43,44.42,38.01,38.97,39.25,38.55,42.83,96.37
15135,93.86,79.95,40.27,29.41,30.66,30.49,32.12,30.75,31.11,31.93,32.51,32.12,39.68,37.09,33.01,31.84,40.43,44.42,38.01,38.97,39.25,38.55,43,96.37
15153,95.52,94.68,40.12,29.41,30.58,30.49,32.12,30.75,31.02,31.84,32.51,32.03,39.68,37.22,33.01,31.84,40.43,44.42,38.01,38.97,39.25,38.55,43,96.37
15174,88.47,91.47,40.12,29.41,30.66,30.49,32.12,30.75,31.29,31.84,32.51,32.03,39.68,37.09,33.01,31.84,40.43,44.42,38.01,38.97,39.25,38.55,43,95.52
15192,94.68,69.19,39.98,29.41,30.66,30.49,32.12,30.66,31.29,31.84,32.51,32.12,39.68,37.22,33.01,31.84,40.58,44.42,38.01,38.97,39.25,38.55,43,94.68
15212,94.68,93.05,39.83,29.41,30.66,30.49,32.12,30.75,31.2,31.84,32.51,32.12,39.68,37.09,33.01,31.84,40.43,44.42,38.01,38.97,39.25,38.55,43,94.68
15231,93.05,93.05,39.83,29.41,30.66,30.58,32.32,30.75,31.38,31.93,32.51,32.03,39.54,37.09,33.01,31.84,40.43,44.42,38.01,38.97,39.25,38.55,43,94.68
15251,93.86,93.05,39.54,29.41,30.66,30.58,32.12,30.75,31.2,32.03,32.51,32.12,39.68,37.22,33.01,31.84,40.43,44.42,38.01,38.97,39.25,38.55,43,95.52
15272,93.86,93.05,39.39,29.41,30.58,30.58,33.52,30.75,31.29,32.12,32.41,32.12,39.68,37.22,33.01,31.84,40.58,44.42,38.01,38.97,39.25,38.55,43,94.68
15290,93.86,93.05,39.39,29.41,30.66,30.58,32.41,30.75,31.38,32.12,32.51,32.12,39.68,37.09,32.91,31.84,40.58,44.6,38.01,38.97,39.25,38.55,43,94.68
15311,93.86,90.7,39.25,29.41,30.58,30.58,32.32,30.75,31.29,32.12,32.41,32.03,39.68,37.22,32.91,31.84,40.43,44.42,38.01,38.97,39.25,38.55,43,96.37
15329,93.86,92.25,39.25,29.41,30.66,30.58,32.81,30.75,31.38,34.59,32.51,32.12,39.68,37.22,33.01,31.84,40.58,44.42,38.01,38.97,39.25,38.55,43,96.37
15350,93.86,89.2,32.81,29.41,30.58,30.49,33.21,30.75,31.38,31.84,32.51,32.12,39.68,37.22,33.01,31.84,40.58,44.6,38.01,38.97,39.25,38.55,42.83,94.68
15368,87.75,93.05,31.38,29.41,30.66,30.49,32.12,30.75,31.38,31.84,32.51,32.12,39.68,37.09,33.01,31.84,40.43,44.42,38.01,38.97,39.25,38.55,43,93.86
15389,93.86,93.05,30.93,29.41,30.58,30.49,32.03,30.66,31.11,31.84,32.41,32.12,39.68,37.22,33.01,31.75,40.58,44.42,38.01,38.97,39.11,38.55,43,94.68
15409,93.05,93.05,31.38,29.41,30.58,30.49,33.11,30.66,31.11,31.84,32.51,32.12,39.54,37.22,33.01,31.84,40.58,44.42,37.87,38.97,39.25,38.55,43,95.52
15427,93.86,90.7,30.93,29.41,30.58,30.49,32.32,30.66,31.02,31.84,32.51,32.12,39.83,37.22,32.91,31.84,40.58,44.42,37.87,38.97,39.25,38.55,43,96.37
15448,93.86,93.05,30.93,29.41,30.58,30.49,32.03,30.66,31.02,31.84,32.51,32.12,39.83,37.22,33.01,31.75,40.43,44.6,38.01,38.97,39.25,38.55,43,93.86
15466,93.86,93.05,30.93,29.41,30.58,30.58,32.12,30.66,31.02,31.84,32.51,32.12,39.68,37.09,33.01,31.84,40.58,44.6,38.01,38.97,39.25,38.55,43,94.68
15487,93.86,93.05,30.93,29.41,30.58,30.58,32.12,30.66,30.93,31.84,32.51,32.12,40.12,37.09,33.01,31.84,40.58,44.6,38.01,38.97,39.25,38.41,43,94.68
15507,93.86,93.05,30.93,29.41,30.58,30.58,32.12,30.66,31.02,31.93,32.51,32.12,39.68,37.22,33.01,31.84,40.58,44.6,38.01,38.83,39.25,38.55,43,68.31
15526,93.86,93.05,30.93,29.41,30.58,30.58,32.22,30.66,31.02,32.03,32.51,32.12,39.98,37.22,33.01,31.75,40.43,44.6,38.01,38.97,39.25,38.55,43,95.52
15546,93.05,81.77,30.93,29.33,30.66,30.49,32.12,30.66,31.02,32.03,32.51,32.12,39.98,37.22,33.01,31.75,40.43,44.42,38.01,38.97,39.25,38.41,43,95.52
15565,93.86,93.05,30.93,29.41,30.58,30.58,32.41,30.66,31.02,32.03,32.51,32.12,39.98,37.09,33.01,31.84,40.43,44.42,38.01,38.97,39.25,38.41,43,96.37
15585,94.68,93.86,30.93,29.41,30.66,30.58,32.22,30.66,31.02,32.03,32.51,32.12,39.98,37.22,33.01,31.75,40.58,44.42,38.01,38.97,39.25,38.41,43,96.37
15604,94.68,93.05,30.93,29.33,30.58,30.49,32.51,30.66,31.02,32.03,32.51,32.12,39.98,37.22,33.01,31.75,40.58,44.42,38.01,38.83,39.25,38.55,43,96.37
15624,94.68,93.86,30.93,29.41,30.66,30.49,32.71,30.66,31.02,32.03,32.51,32.12,39.98,37.22,33.01,31.75,40.43,44.42,38.01,38.97,39.25,38.55,43,96.37
15645,94.68,93.86,30.93,29.41,30.66,30.49,33.42,30.66,31.02,32.03,32.51,32.12,39.98,37.22,33.01,31.75,40.58,44.42,38.01,38.97,39.25,38.41,43,87.04
15663,93.86,93.05,30.93,29.41,30.58,30.49,33.42,30.66,31.02,32.03,32.51,32.12,39.98,37.09,33.01,31.75,40.43,44.42,38.01,38.97,39.25,38.55,43,93.86
15683,94.68,89.2,30.93,29.41,30.66,30.49,32.61,30.66,31.02,32.03,32.51,32.12,39.98,37.22,33.01,31.75,40.58,44.42,38.01,38.97,39.25,38.41,43,95.52
15702,95.52,93.86,32.71,29.41,30.58,30.58,33.21,30.66,31.02,32.03,32.51,32.03,39.98,37.22,33.01,31.84,40.58,44.42,38.01,38.97,39.25,38.41,43,96.37
15722,95.52,93.86,31.2,29.41,30.58,30.49,33.42,30.66,31.02,32.03,32.51,32.12,39.83,37.22,33.01,31.84,40.58,44.42,38.01,38.97,39.25,38.55,43,95.52
15741,94.68,93.86,31.2,29.41,30.66,30.49,32.71,30.66,31.02,32.03,32.41,32.12,39.98,37.22,33.01,31.75,40.58,44.42,38.01,38.97,39.25,38.41,43,95.52
15761,95.52,93.86,31.2,29.33,30.58,30.58,33.11,30.66,31.02,32.03,32.51,32.12,39.83,37.09,33.01,31.75,40.58,44.6,38.01,38.97,39.25,38.55,43,87.04
15782,95.52,94.68,31.29,29.41,30.58,30.49,32.71,30.66,31.02,32.03,32.51,32.12,39.98,37.09,33.01,31.84,40.58,44.97,38.01,38.97,39.25,38.41,43,87.04
15800,95.52,93.86,31.29,29.41,30.58,30.49,32.12,30.66,31.02,32.03,32.51,32.12,39.98,37.22,33.01,31.75,40.43,44.97,38.01,38.97,39.25,38.55,43,87.04
15821,95.52,93.86,31.29,29.41,30.58,30.49,32.03,30.66,31.02,32.12,32.51,32.12,39.98,37.22,33.01,31.84,40.58,44.79,38.01,38.97,39.25,38.41,42.83,87.04
15839,95.52,94.68,31.29,29.33,30.58,30.49,32.12,30.66,31.02,32.12,32.41,32.12,39.98,37.22,33.01,31.84,40.58,44.6,38.01,38.97,39.25,38.55,43,87.75
15860,95.52,94.68,30.93,29.41,30.58,30.49,32.12,30.66,31.02,32.03,32.51,32.12,39.98,37.22,33.01,31.84,40.58,44.6,38.01,38.83,39.25,38.55,43,87.75
15880,95.52,94.68,31.02,29.41,30.58,30.49,32.12,30.66,31.02,31.84,32.41,32.12,40.12,37.22,33.01,31.84,40.58,44.42,38.01,38.97,39.25,38.55,43,95.52
15899,94.68,94.68,30.93,29.41,30.58,30.49,32.91,30.66,31.02,31.84,32.51,32.12,39.83,37.22,33.01,31.75,40.43,44.6,38.01,38.97,39.11,38.55,43,96.37
15919,95.52,94.68,31.38,29.41,30.58,30.49,32.91,30.66,31.29,31.84,32.51,32.12,39.83,37.22,33.01,31.84,40.58,44.6,38.01,38.97,39.25,38.55,43,96.37
15937,96.37,94.68,31.38,29.41,30.58,30.49,32.91,30.66,31.29,31.84,32.51,32.12,39.68,37.22,33.01,31.84,40.58,44.42,37.87,38.97,39.25,38.55,43,96.37
15958,96.37,94.68,31.38,29.33,30.58,30.49,32.03,30.66,31.29,31.93,32.51,32.12,39.68,37.22,33.01,31.84,40.58,44.42,38.01,38.97,39.25,38.27,43,95.52
15976,96.37,94.68,31.38,29.33,30.58,30.49,32.03,30.66,31.29,31.84,32.41,32.12,39.68,37.22,33.01,31.84,40.58,44.42,38.01,38.97,39.25,38.41,43,96.37
15997,95.52,93.05,31.38,29.41,30.58,30.49,32.03,30.66,31.29,31.84,32.51,32.12,39.68,37.22,33.11,31.84,40.58,44.6,38.01,38.97,39.25,38.41,43,96.37
16017,97.24,94.68,33.42,29.41,30.58,30.49,32.03,30.66,31.11,31.84,32.51,32.03,39.68,37.22,33.11,31.84,40.58,44.42,38.01,38.97,39.25,38.55,43,96.37
16036,93.86,93.86,31.38,29.41,30.58,30.49,32.03,30.66,31.2,31.84,32.51,32.12,39.68,37.22,33.11,31.84,40.58,44.42,38.01,38.97,39.25,38.55,43,96.37
16056,97.24,95.52,31.38,29.41,30.58,30.49,32.03,30.66,31.2,31.84,32.51,32.12,39.68,37.09,33.01,31.84,40.58,44.42,38.01,38.97,39.25,38.55,43,96.37
16075,97.24,94.68,31.38,29.41,30.58,30.49,32.03,30.66,31.2,31.84,32.51,32.12,39.68,37.22,33.01,31.84,40.58,44.42,38.01,38.97,39.25,38.41,43,95.52
16095,96.37,95.52,31.38,29.33,30.58,30.49,32.12,30.66,31.29,31.84,32.41,32.12,39.54,37.09,33.11,31.84,40.43,44.42,38.01,38.97,39.25,38.55,43,97.24
16114,92.25,95.52,42.49,29.33,30.58,30.49,32.81,30.66,31.29,31.93,32.41,32.03,39.83,37.09,33.11,31.84,40.58,44.42,38.01,38.97,39.25,38.41,43,86.35
16134,90.7,95.52,31.29,29.41,30.58,30.49,32.81,30.75,31.29,31.93,32.51,32.12,39.83,37.09,33.11,31.84,40.43,44.42,37.87,38.97,39.25,38.55,43,86.35
16155,91.47,94.68,31.47,29.41,30.58,30.49,32.81,30.75,31.11,31.84,32.41,32.03,39.83,37.09,33.11,31.84,40.43,44.42,38.01,38.97,39.25,38.55,43,88.47
16173,91.47,94.68,31.56,29.41,30.58,30.49,32.81,30.75,31.2,31.93,32.51,32.12,39.83,37.09,33.11,31.84,40.43,44.42,38.01,38.97,39.25,38.55,43,95.52
16193,92.25,95.52,31.29,29.41,30.66,30.49,32.81,30.66,31.2,31.84,32.51,32.12,39.54,37.22,33.11,31.84,40.43,44.42,37.87,38.97,39.25,38.55,43,96.37
16212,91.47,94.68,31.29,29.41,30.66,30.49,32.03,30.66,31.2,31.84,32.41,32.12,39.68,37.22,33.11,31.84,40.27,44.42,38.01,38.97,39.25,38.55,43,95.52
16232,92.25,95.52,31.29,29.41,30.58,30.49,32.12,30.75,31.2,31.84,32.51,32.12,39.54,37.22,33.11,31.84,40.43,44.42,38.01,38.97,39.25,38.55,43,96.37
16253,92.25,95.52,31.29,29.41,30.58,30.49,32.61,30.66,30.93,31.84,32.51,32.03,39.54,37.22,33.11,31.84,40.27,44.42,38.01,38.97,39.25,38.69,42.83,96.37
16271,92.25,94.68,31.29,29.41,30.58,30.49,32.12,30.75,31.02,31.84,32.51,32.12,39.54,37.09,33.11,31.84,40.43,44.42,38.01,38.97,39.11,38.69,42.83,96.37
16292,92.25,95.52,31.29,29.41,30.58,30.49,32.81,30.75,31.02,31.84,32.41,32.03,39.54,37.22,33.11,31.84,40.43,44.42,38.01,38.97,39.25,38.69,42.66,94.68
16310,92.25,95.52,31.29,29.41,30.58,30.49,32.81,30.75,31.02,31.84,32.41,32.03,39.54,37.09,33.11,31.93,40.43,44.42,38.01,38.97,39.11,38.55,42.83,96.37
16331,93.05,96.37,31.56,29.41,30.58,30.49,32.81,30.75,31.11,31.84,32.41,32.03,39.68,37.09,33.11,31.84,40.27,44.42,38.01,38.97,39.25,38.69,42.83,94.68
16349,91.47,95.52,31.56,29.41,30.58,30.49,32.81,30.75,31.11,31.93,32.41,32.03,39.68,37.22,33.11,31.84,40.43,44.42,38.01,38.97,39.25,38.69,42.83,96.37
16370,91.47,95.52,31.65,29.41,30.58,30.49,32.71,30.75,30.93,31.84,32.51,32.03,39.68,37.22,33.11,31.84,40.43,44.42,38.01,38.97,39.25,38.55,42.83,96.37
16390,92.25,96.37,31.56,29.41,30.66,30.49,32.81,30.75,30.93,31.84,32.41,32.03,39.54,37.22,33.11,31.84,40.43,44.42,38.01,38.97,39.11,38.69,42.83,95.52
16408,92.25,96.37,31.38,29.41,30.58,30.49,32.81,30.75,30.93,31.84,32.41,32.12,39.54,37.22,33.11,31.84,40.43,44.42,38.01,38.97,39.25,38.55,42.83,95.52
16429,92.25,97.24,31.29,29.41,30.58,30.49,32.71,30.75,30.93,31.84,32.51,32.12,39.54,37.09,33.01,31.84,40.43,44.42,38.01,38.97,39.25,38.69,42.83,95.52
16447,93.86,97.24,31.29,29.41,30.58,30.49,32.71,30.75,31.02,31.84,32.51,32.03,39.54,37.09,33.11,31.84,40.43,44.42,38.01,38.97,39.25,38.69,42.83,95.52
16468,93.86,97.24,31.29,29.41,30.58,30.49,32.71,30.75,31.2,31.84,32.51,32.12,39.68,37.09,33.11,31.84,40.43,44.24,38.01,38.97,39.25,38.69,42.83,95.52
16488,93.86,97.24,31.29,29.41,30.58,30.49,32.81,30.75,31.2,31.84,32.51,32.03,39.54,37.09,33.11,31.93,39.98,44.42,38.01,38.97,39.25,38.69,42.83,93.86
16507,93.05,97.24,31.29,29.41,30.58,30.49,32.71,30.75,31.2,31.93,32.41,32.03,39.68,37.09,33.11,31.84,40.43,44.24,38.01,38.97,39.25,38.69,42.83,96.37
16527,93.05,96.37,31.29,29.41,30.58,30.49,32.81,30.75,31.29,31.93,32.41,32.12,39.54,37.22,33.11,31.84,40.43,44.42,38.01,38.97,39.25,38.55,42.83,97.24
16546,93.86,97.24,31.56,29.41,30.58,30.49,32.81,30.75,31.29,31.93,32.41,32.12,39.54,37.22,33.11,31.93,40.43,44.42,38.01,38.83,39.25,38.69,42.83,96.37
16566,93.86,97.24,31.65,29.41,30.58,30.49,32.81,30.75,31.29,31.93,32.51,32.03,39.54,37.09,33.11,31.84,40.43,44.24,38.01,38.83,39.25,38.69,42.83,96.37
16585,93.86,97.24,31.56,29.41,30.58,30.49,32.81,30.66,31.29,31.93,32.41,32.03,39.54,37.09,33.11,31.93,40.43,44.24,38.01,38.97,39.25,38.69,42.83,96.37
16605,97.24,97.24,31.38,29.41,30.58,30.49,32.81,30.75,31.29,31.93,32.51,32.03,39.68,37.09,33.11,31.93,40.43,44.24,38.01,38.83,39.25,38.55,42.83,96.37
16626,96.37,95.52,31.11,29.41,30.58,30.49,32.81,30.75,31.29,31.93,32.41,32.03,39.68,37.09,33.11,31.84,40.43,44.24,38.01,38.97,39.25,38.55,42.83,94.68
16644,95.52,93.86,30.93,29.41,30.58,30.49,32.81,30.75,31.2,31.93,32.41,32.12,39.68,37.22,33.11,31.93,40.27,44.24,38.01,38.83,39.25,38.55,42.83,94.68
16664,94.68,93.86,30.93,29.41,30.58,30.4,32.81,30.75,30.93,31.93,32.51,32.03,39.54,37.22,33.11,31.93,40.27,44.42,38.01,38.97,39.25,38.69,42.83,94.68
16683,94.68,93.86,31.29,29.41,30.58,30.4,32.71,30.75,30.93,31.93,32.41,32.12,39.54,37.09,33.11,31.93,40.43,44.42,38.01,38.83,39.25,38.69,42.66,95.52
16703,95.52,93.86,40.12,29.41,30.58,30.4,32.81,30.75,30.93,31.93,32.41,32.03,39.54,37.22,33.11,31.84,40.43,44.42,38.01,38.97,39.25,38.55,42.83,97.24
16722,95.52,93.86,38.01,29.33,30.58,30.4,32.71,30.75,31.11,31.93,32.41,32.03,39.68,37.09,33.11,31.84,40.43,44.42,38.01,38.97,39.11,38.69,42.83,95.52
16742,96.37,96.37,39.54,29.41,30.58,30.4,32.71,30.75,31.2,31.93,32.51,32.03,39.68,37.22,33.11,31.84,40.43,44.42,38.01,38.83,39.25,38.55,42.83,95.52
16763,96.37,96.37,40.73,29.41,30.58,30.4,32.81,30.75,30.93,37.87,32.41,32.03,39.54,37.22,33.11,31.84,40.43,44.42,38.01,38.97,39.25,38.55,42.83,95.52
16781,96.37,94.68,40.88,29.41,30.58,30.4,32.12,30.75,30.93,36.71,32.51,32.03,39.68,37.22,33.11,31.93,40.43,44.42,38.01,38.97,39.25,38.55,42.83,96.37
16802,96.37,95.52,41.04,29.41,30.58,30.49,32.12,30.75,30.93,39.39,32.41,32.12,39.68,37.22,33.11,31.93,40.27,44.42,38.01,38.97,39.25,38.55,42.83,96.37
16820,97.24,96.37,40.58,29.41,30.58,30.49,32.12,30.75,30.93,38.14,32.51,32.12,39.54,37.22,33.11,31.93,40.43,44.42,38.01,38.97,39.25,38.55,42.83,96.37
16841,97.24,96.37,34.37,29.41,30.58,30.49,32.12,30.75,30.93,40.88,32.41,32.12,39.68,37.22,33.11,31.93,40.43,44.42,38.01,38.97,39.25,38.41,42.83,96.37
16861,97.24,96.37,32.81,29.41,30.58,30.49,32.51,30.75,31.02,40.88,32.51,32.03,39.68,37.22,33.11,31.84,40.27,44.42,38.01,38.97,39.25,38.55,42.83,96.37
16880,98.12,97.24,38.01,29.41,30.58,30.49,32.12,30.75,31.02,41.2,32.51,32.12,39.68,37.09,33.11,31.93,40.43,44.42,37.87,38.97,39.25,38.55,42.83,96.37
16900,97.24,97.24,39.68,29.41,30.58,30.49,32.12,30.75,30.93,40.88,32.51,32.03,39.68,37.22,33.11,31.93,40.43,44.42,38.01,38.83,39.11,38.55,42.66,96.37
16918,93.86,97.24,39.83,29.41,30.58,30.49,32.61,30.66,31.11,40.73,32.51,32.03,39.54,37.22,33.11,31.93,40.27,44.42,38.01,38.97,39.25,38.55,42.83,96.37
16939,94.68,97.24,31.65,29.41,30.66,30.58,32.91,30.75,31.2,40.88,32.41,32.12,39.68,37.22,33.11,31.93,40.43,44.42,38.01,38.97,39.11,38.55,42.83,96.37
16957,98.12,97.24,31.29,29.41,30.58,30.58,32.91,30.75,31.2,40.58,32.51,32.03,39.68,37.22,33.11,31.93,40.43,44.42,38.01,38.97,39.25,38.69,42.83,96.37
16978,98.12,97.24,31.38,29.41,30.58,30.49,32.22,30.75,31.2,40.43,32.51,32.03,39.68,37.22,33.11,31.93,40.58,44.42,38.01,38.97,39.25,38.55,42.83,96.37
16998,93.86,96.37,31.29,29.41,30.66,30.58,32.22,30.66,31.11,40.43,32.41,32.12,39.68,37.22,33.11,31.93,40.43,44.42,38.01,38.97,39.25,38.55,42.83,96.37
17017,93.86,97.24,31.29,29.41,30.58,30.58,32.12,30.75,31.2,39.54,32.41,32.12,39.68,37.22,33.11,31.93,40.27,44.42,38.01,38.83,39.25,38.55,42.83,96.37
17037,94.68,97.24,31.38,29.41,30.58,30.58,32.22,30.75,31.29,38.55,32.41,32.03,39.68,37.22,33.11,31.93,40.43,44.42,38.01,38.97,39.25,38.55,43,96.37
17056,94.68,97.24,31.38,29.41,30.58,30.58,32.12,30.75,31.29,38.41,32.41,32.03,39.68,37.22,33.11,31.93,40.43,44.42,38.01,38.97,39.25,38.55,42.83,96.37
17076,94.68,97.24,31.38,29.41,30.58,30.58,32.12,30.66,31.29,36.34,32.41,32.03,39.54,37.35,33.11,31.93,40.58,44.24,38.01,38.83,39.25,38.55,43,94.68
17095,94.68,97.24,31.38,29.41,30.58,30.58,32.22,30.75,31.29,37.87,32.41,32.12,39.68,37.22,33.11,31.93,40.58,44.42,38.01,38.97,39.25,38.55,42.83,95.52
17115,99.02,98.12,31.38,29.41,30.58,30.58,32.12,30.75,30.93,38.55,32.51,32.12,39.68,37.22,33.11,31.93,40.43,44.42,38.01,38.83,39.25,38.55,42.83,95.52
17136,99.02,97.24,31.38,29.41,30.58,30.58,32.12,30.75,31.02,38.69,32.41,32.03,39.54,37.22,33.11,31.93,40.43,44.42,38.01,38.83,39.25,38.55,42.83,95.52
17154,99.02,97.24,31.29,29.41,30.58,30.58,32.12,30.75,31.02,39.39,32.51,32.03,39.68,37.22,33.11,31.84,40.27,44.42,38.01,38.97,39.11,38.55,42.83,94.68
17174,99.02,97.24,31.84,29.41,30.66,30.58,32.22,30.75,31.2,39.83,32.41,32.03,39.68,37.22,33.11,31.84,40.43,44.42,38.01,38.97,39.25,38.55,43,95.52
17193,98.12,97.24,32.61,29.41,30.58,30.66,32.22,30.75,31.02,38.97,32.51,32.03,39.68,37.22,33.11,31.93,40.43,44.42,38.01,38.97,39.25,38.55,43,95.52
17213,93.05,96.37,32.91,29.41,30.58,30.66,32.22,30.75,31.02,38.41,32.51,32.03,39.54,37.22,33.11,31.84,40.43,44.24,38.01,38.97,39.25,38.55,42.83,94.68
17232,93.05,97.24,33.42,29.41,30.66,30.66,32.22,30.66,31.11,38.27,32.41,32.12,39.68,37.22,33.11,31.84,40.43,44.24,38.01,38.97,39.25,38.55,42.83,94.68
17252,92.25,96.37,33.52,29.41,30.58,30.66,32.22,30.75,31.11,32.12,32.41,32.03,39.68,37.22,33.11,31.93,40.43,44.24,38.01,38.97,39.25,38.41,43,94.68
17273,92.25,96.37,33.31,29.41,30.58,30.66,32.22,30.75,31.02,37.61,32.51,32.12,39.68,37.09,33.11,31.84,40.43,44.42,38.01,38.97,39.25,38.55,43,94.68
17291,92.25,95.52,33.11,29.41,30.58,30.66,32.32,30.75,31.11,38.01,32.41,32.03,39.68,37.22,33.11,31.84,40.43,44.24,37.87,38.97,39.25,38.55,43,95.52
17312,91.47,96.37,32.32,29.41,30.66,30.66,32.32,30.75,31.02,38.69,32.51,32.03,39.68,37.22,33.11,31.84,40.43,44.42,38.01,38.97,39.25,38.55,42.83,96.37
17330,91.47,95.52,32.03,29.33,30.58,30.66,32.22,30.75,31.2,38.41,32.41,32.03,39.54,37.22,33.11,31.84,40.43,44.42,38.01,38.97,39.25,38.55,43,94.68
17351,91.47,95.52,32.12,29.41,30.58,30.66,32.22,30.75,31.02,39.11,32.51,32.03,39.83,37.22,33.11,31.84,40.43,44.42,38.01,38.97,39.25,38.55,43,94.68
17371,90.7,94.68,32.22,29.41,30.58,30.66,32.12,30.75,31.02,39.39,32.41,32.12,39.83,37.22,33.11,31.84,40.58,44.42,38.01,38.97,39.25,38.55,43,94.68
17389,95.52,96.37,31.38,29.41,30.58,30.66,32.12,30.75,31.02,38.55,32.51,32.03,39.83,37.22,33.11,31.84,40.58,44.42,38.01,38.97,39.25,38.55,43,94.68
17410,98.12,95.52,31.38,29.41,30.58,30.66,32.12,30.75,31.11,32.12,32.51,32.12,39.98,37.22,33.11,31.84,40.58,44.42,38.01,38.97,39.25,38.55,43,94.68
17428,90.7,95.52,31.38,29.33,30.58,30.66,32.12,30.75,31.02,32.03,32.51,32.03,39.83,37.22,33.11,31.84,40.58,44.6,38.01,38.97,39.25,38.41,43,94.68
17449,96.37,95.52,31.38,29.41,30.58,30.66,32.22,30.75,31.02,32.03,32.51,32.03,39.83,37.22,33.11,31.84,40.27,44.42,38.01,38.83,39.25,38.55,43,95.52
17467,97.24,88.47,31.38,29.41,30.58,30.66,32.12,30.66,31.29,32.03,32.51,32.12,39.83,37.09,33.11,31.84,40.58,44.42,38.01,38.97,39.11,38.55,43,96.37
17488,97.24,95.52,31.38,29.41,30.58,30.66,32.12,30.75,30.93,32.03,32.51,32.12,39.98,37.09,33.11,31.84,40.43,44.97,38.01,38.97,39.25,38.55,43,95.52
17508,97.24,94.68,31.38,29.41,30.58,30.66,32.12,30.66,31.29,32.03,32.51,32.12,39.83,37.22,33.11,31.84,40.43,44.6,38.01,38.97,39.25,38.55,43,96.37
17527,98.12,95.52,31.38,29.41,30.58,30.58,32.12,30.66,31.29,32.03,32.41,32.03,39.83,37.22,33.11,31.84,40.58,44.6,38.01,38.97,39.25,38.55,43,96.37
17547,97.24,95.52,31.38,29.41,30.58,30.66,32.12,30.75,31.29,32.03,32.51,32.03,39.83,37.22,33.01,31.84,40.43,44.79,38.01,38.97,39.25,38.41,43,94.68
17566,98.12,93.86,31.38,29.41,30.58,30.58,32.12,30.66,31.29,32.03,32.41,32.12,39.83,37.22,33.11,31.84,40.58,44.97,38.01,38.97,39.25,38.41,43,95.52
17586,98.12,95.52,31.38,29.41,30.58,30.66,32.12,30.75,31.29,32.03,32.51,32.12,39.83,37.22,33.01,31.84,40.58,44.79,38.01,38.97,39.25,38.55,43,94.68
17605,97.24,95.52,31.38,29.41,30.58,30.66,32.12,30.66,31.02,32.03,32.51,32.12,40.12,37.22,33.01,31.84,40.58,44.97,38.01,38.97,39.25,38.55,43,95.52
17625,97.24,95.52,40.73,29.41,30.58,30.66,32.12,30.75,31.29,31.93,32.51,32.03,39.83,37.09,33.01,31.84,40.58,44.79,38.01,38.97,39.11,38.55,43,96.37
17645,97.24,95.52,41.51,29.41,30.58,30.58,32.51,30.66,31.02,32.03,32.51,32.12,39.83,37.22,33.01,31.84,40.58,44.42,38.01,38.97,39.25,38.55,43.17,96.37
17664,97.24,95.52,41.84,29.41,30.58,30.58,32.12,30.66,31.02,32.03,32.51,32.12,39.98,37.22,33.01,31.84,40.58,44.42,38.01,38.97,39.25,38.55,43,96.37
17684,97.24,95.52,41.51,29.41,30.58,30.58,32.12,30.66,31.02,32.03,32.41,32.12,39.98,37.22,33.01,31.84,40.58,44.42,38.01,38.83,39.25,38.55,43.35,96.37
17703,97.24,95.52,41.67,29.41,30.66,30.58,32.12,30.66,31.02,32.03,32.51,32.12,39.98,37.09,33.01,31.84,40.27,44.42,38.01,38.97,39.25,38.55,43.35,96.37
17723,97.24,95.52,41.51,29.41,30.58,30.58,32.12,30.66,31.02,31.93,32.51,32.12,39.98,37.22,33.01,31.84,40.58,44.42,37.87,38.97,39.25,38.55,43.17,94.68
17744,96.37,94.68,41.2,29.41,30.66,30.58,32.12,30.66,31.02,32.03,32.41,32.12,39.83,37.09,32.91,31.84,40.43,44.42,38.01,38.97,39.25,38.55,43.35,96.37
17762,98.12,95.52,40.88,29.41,30.58,30.58,32.51,30.66,31.02,32.03,32.51,32.12,40.12,37.22,33.01,31.84,40.58,44.42,38.01,38.97,39.25,38.55,43.17,97.24
17783,97.24,95.52,38.69,29.41,30.58,30.58,32.61,30.66,31.02,32.03,32.41,32.12,44.79,37.22,33.01,31.84,40.58,44.42,38.01,38.83,39.11,38.41,43.17,96.37
17803,97.24,93.86,35.74,29.41,30.58,30.58,33.42,30.66,31.02,32.03,32.51,32.12,59.96,37.22,33.01,31.84,40.43,44.42,38.01,38.97,39.25,38.41,43.35,96.37
17822,97.24,94.68,31.38,29.41,30.58,30.58,33.42,30.66,31.02,31.93,32.41,32.12,47.97,37.22,33.01,31.84,40.58,44.42,38.01,38.97,39.11,38.55,43.17,96.37
17842,97.24,94.68,31.38,29.33,30.58,30.58,32.32,30.66,31.02,31.93,32.51,32.12,48.4,37.22,32.91,31.84,40.43,44.42,38.01,38.97,39.25,38.41,43.17,95.52
17861,97.24,95.52,31.38,29.41,30.58,30.58,32.51,30.66,31.02,31.93,32.51,32.03,53.17,37.22,33.01,31.84,40.58,44.42,38.01,38.97,39.25,38.55,43.35,96.37
17881,98.12,95.52,31.38,29.33,30.58,30.58,33.52,30.66,31.02,31.84,32.51,32.12,69.19,37.22,33.01,31.84,40.43,44.6,38.01,38.97,39.25,38.41,43.17,97.24
17901,98.12,96.37,30.93,29.41,30.66,30.58,33.31,30.66,31.02,31.84,32.51,32.03,59.63,37.22,33.01,31.84,40.43,44.42,38.01,38.97,39.25,38.41,43.17,96.37
17920,98.12,95.52,31.29,29.41,30.66,30.58,33.01,30.66,31.02,31.93,32.51,32.12,51.64,37.22,33.01,31.84,40.58,44.6,38.01,38.97,39.25,38.41,46.13,96.37
17940,98.12,96.37,30.93,29.41,30.58,30.58,32.12,30.66,31.02,31.93,32.51,32.12,53.43,37.09,33.01,31.84,40.58,44.6,38.01,38.97,39.25,38.55,45.93,96.37
17959,98.12,96.37,30.93,29.41,30.66,30.66,32.32,30.66,31.02,31.93,32.51,32.12,40.12,37.22,33.01,31.84,40.58,44.6,38.01,38.97,39.25,38.41,44.6,96.37
17979,99.02,94.68,30.93,29.41,30.58,30.58,32.12,30.66,31.02,31.93,32.51,32.12,39.98,37.22,33.01,31.84,40.58,44.42,37.87,38.97,39.25,38.55,44.06,96.37
18000,99.02,96.37,30.84,29.41,30.58,30.58,32.71,30.66,31.02,31.93,32.51,32.12,39.83,37.22,33.01,31.84,40.58,44.42,37.87,38.97,39.25,38.55,45.74,96.37
18018,98.12,95.52,30.93,29.41,30.66,30.58,37.09,30.66,31.02,31.93,32.51,32.12,39.98,37.22,33.01,31.84,40.58,44.42,38.01,38.97,39.25,38.55,43.88,96.37
18039,99.02,95.52,31.2,29.41,30.58,30.58,32.81,30.66,31.02,31.93,32.51,32.03,39.98,37.09,33.01,31.84,40.58,44.6,38.01,38.97,39.25,38.41,43.35,96.37
18057,98.12,95.52,30.93,29.41,30.58,30.58,32.61,30.66,31.02,31.93,32.51,32.03,39.98,37.22,33.01,31.84,40.58,44.42,38.01,38.97,39.25,38.55,43.7,96.37
18078,98.12,95.52,30.93,29.41,30.58,30.58,35.39,30.66,31.02,31.93,32.51,32.12,39.83,37.22,33.01,31.84,40.58,44.42,38.01,38.97,39.25,38.41,43.35,96.37
18096,98.12,95.52,30.93,29.41,30.58,30.58,32.71,30.66,31.02,31.93,32.51,32.03,39.83,37.22,33.01,31.75,40.58,44.6,38.01,38.97,39.25,38.55,43.35,97.24
18119,98.12,95.52,30.93,29.41,30.66,30.58,32.12,30.66,31.02,31.93,32.51,32.12,39.68,37.22,33.01,31.84,40.58,44.6,37.87,38.97,39.25,38.55,43.7,96.37
18137,97.24,95.52,30.93,29.41,30.58,30.58,32.12,30.66,31.02,31.93,32.41,32.12,39.68,37.22,33.01,31.84,40.58,44.42,38.01,38.97,39.25,38.55,44.24,96.37
18157,97.24,95.52,30.93,29.41,30.58,30.58,32.12,30.66,31.02,31.93,32.51,32.03,39.83,37.22,33.01,31.84,40.58,44.42,38.01,38.97,39.25,38.41,45.93,96.37
18178,98.12,95.52,31.2,29.41,30.58,30.49,32.03,30.66,31.02,31.93,32.51,32.12,39.68,37.22,33.01,31.84,40.58,44.42,38.01,38.97,39.25,38.41,45.54,96.37
18196,98.12,95.52,31.38,29.33,30.58,30.58,32.12,30.66,31.02,31.93,32.51,32.03,39.68,37.22,33.01,31.84,40.43,44.42,38.01,38.97,39.25,38.55,45.93,96.37
18217,97.24,95.52,31.38,29.41,30.58,30.58,32.03,30.66,31.02,31.93,32.41,32.12,39.83,37.22,33.01,31.84,40.58,44.42,38.01,38.97,39.25,38.55,46.93,96.37
18235,99.02,96.37,31.47,29.33,30.58,30.49,32.12,30.66,31.02,31.93,32.51,32.12,39.68,37.22,33.01,31.84,40.43,44.6,37.87,38.97,39.25,38.55,47.55,96.37
18256,98.12,96.37,31.47,29.33,30.58,30.58,32.03,30.66,31.02,31.75,32.41,32.03,39.68,37.22,33.01,31.84,40.58,44.42,38.01,38.97,39.25,38.55,48.84,96.37
18276,92.25,95.52,31.47,29.41,30.58,30.49,32.12,30.66,31.02,31.84,32.51,32.03,39.68,37.22,33.01,31.84,40.58,44.6,38.01,38.97,39.25,38.55,48.84,96.37
18295,93.86,96.37,31.38,29.41,30.58,30.58,32.12,30.66,31.02,31.84,32.51,32.12,39.68,37.22,33.01,31.84,40.27,44.42,37.87,38.97,39.25,38.55,48.19,96.37
18315,99.94,96.37,39.68,29.41,30.58,30.58,32.12,30.66,31.02,31.84,32.41,32.12,39.68,37.22,33.01,31.84,40.58,44.42,38.01,38.97,39.25,38.55,48.19,96.37
18334,99.94,96.37,31.38,29.33,30.58,30.49,32.03,30.66,31.02,31.84,32.41,32.03,39.68,37.22,33.01,31.84,40.58,44.42,38.01,38.97,39.25,38.55,48.62,96.37
18354,99.94,96.37,31.38,29.41,30.58,30.58,32.03,30.66,31.02,31.84,32.41,32.03,39.68,37.22,33.01,31.84,40.58,44.6,38.01,38.97,39.25,38.55,49.29,96.37
18373,98.12,96.37,31.38,29.41,30.58,30.58,32.41,30.66,30.93,31.93,32.41,32.12,39.54,37.22,33.11,31.84,40.58,44.42,38.01,38.97,39.25,38.55,49.29,95.52
18393,99.02,97.24,31.56,29.41,30.58,30.58,33.11,30.66,31.11,31.93,32.41,32.12,39.68,37.22,33.01,31.84,40.58,44.42,38.01,38.97,39.25,38.55,47.97,96.37
18413,98.12,97.24,31.29,29.41,30.58,30.58,32.12,30.66,31.11,31.93,32.41,32.12,39.68,37.22,33.11,31.84,40.58,44.42,38.01,38.97,39.11,38.55,47.34,96.37
18432,93.86,97.24,31.29,29.41,30.58,30.58,32.12,30.66,31.02,31.93,32.51,32.12,39.54,37.22,33.11,31.84,40.58,44.42,37.87,38.97,39.11,38.55,47.76,96.37
18452,92.25,96.37,31.29,29.41,30.58,30.49,32.03,30.66,31.11,32.03,32.41,32.03,39.68,37.22,33.11,31.93,40.43,44.42,38.01,38.83,39.25,38.55,46.93,96.37
18471,93.86,98.12,31.29,29.41,30.58,30.58,32.81,30.66,31.02,32.03,32.41,32.03,39.68,37.22,33.11,31.93,40.58,44.42,38.01,38.97,39.11,38.55,46.13,95.52
18491,93.05,68.75,31.38,29.41,30.58,30.58,32.41,30.66,30.93,32.03,32.51,32.03,39.54,37.22,33.11,31.93,40.58,44.42,38.01,38.97,39.25,38.55,46.13,95.52
18512,94.68,99.02,31.29,29.41,30.58,30.58,32.12,30.66,30.93,32.03,32.41,32.12,39.68,37.22,33.11,31.93,40.43,44.42,38.01,38.97,39.25,38.55,43.88,95.52
18530,99.94,99.94,31.29,29.41,30.58,30.58,32.71,30.75,30.93,31.93,32.51,32.03,39.54,37.09,33.11,31.93,40.58,44.42,37.87,38.97,39.25,38.55,43.88,93.05
18551,94.68,99.94,31.29,29.41,30.58,30.58,32.41,30.75,31.11,31.93,32.41,32.03,39.54,37.22,33.21,31.93,40.43,44.42,38.01,38.97,39.25,38.55,43.88,49.97
18569,93.86,98.12,31.38,29.41,30.66,30.66,32.81,30.66,30.93,32.03,32.41,32.12,39.68,37.22,33.21,31.93,40.27,44.42,38.01,38.97,39.25,38.55,43.88,50.44
18590,95.52,99.94,31.65,29.41,30.58,30.58,32.71,30.75,31.11,32.03,32.51,32.03,42.33,37.22,33.11,31.93,40.43,44.42,38.01,38.97,39.25,38.55,43.7,58.34
18608,92.25,51.15,31.65,29.41,30.58,30.58,32.81,30.66,31.11,32.03,32.51,32.03,40.43,37.09,33.11,31.93,40.58,44.24,38.01,38.83,39.25,38.55,43.7,62.39
18629,93.86,99.94,31.65,29.41,30.58,30.58,32.71,30.75,31.2,31.93,32.51,32.03,39.98,37.22,33.21,31.93,40.43,44.42,38.01,38.97,39.25,38.41,43.35,57.41
18649,94.68,100.87,31.65,29.41,30.58,30.58,32.81,30.75,31.2,31.93,32.51,32.03,39.54,37.22,33.21,31.84,40.58,44.24,38.01,38.97,39.25,38.55,43,51.64
18667,94.68,99.94,31.65,29.41,30.58,30.58,32.81,30.75,31.11,32.03,32.41,32.03,39.54,37.22,33.21,31.93,40.43,44.24,38.01,38.97,39.25,38.69,43,77.1
18688,95.52,100.87,31.29,29.41,30.66,30.58,32.81,30.66,31.2,31.93,32.51,32.03,39.68,37.22,33.21,31.93,40.43,44.42,38.01,38.97,39.25,38.55,43,52.91
18706,95.52,99.94,31.47,29.41,30.58,30.58,32.71,30.75,31.11,41.51,32.41,32.03,40.27,37.09,33.21,31.93,40.12,44.24,38.01,38.97,39.25,38.55,43,55.64
18727,95.52,100.87,31.29,29.41,30.66,30.58,32.71,30.66,31.11,41.67,32.41,32.03,47.97,37.22,33.11,31.93,40.43,44.42,38.01,38.97,39.25,38.55,43,63.12
18745,95.52,100.87,31.29,29.41,30.66,30.66,32.71,30.75,31.11,41.51,32.51,32.03,43.35,37.22,33.21,31.93,40.43,44.42,37.87,38.97,39.25,38.55,43,61.68
18766,95.52,99.94,31.29,29.41,30.58,30.58,32.71,30.75,31.11,41.51,32.41,32.12,52.65,37.22,33.11,31.93,40.43,44.24,38.01,38.97,39.11,38.55,43,58.98
18786,100.87,99.94,31.29,29.41,30.66,30.58,32.81,30.75,31.2,41.51,32.41,32.03,50.44,37.09,33.11,31.93,40.43,44.42,38.01,38.83,39.25,38.55,42.83,58.03
18805,100.87,99.02,31.29,29.41,30.66,30.58,32.71,30.75,31.2,41.67,32.41,32.03,52.14,37.22,33.21,31.93,40.43,44.42,38.01,38.97,39.25,38.55,43,58.66
18825,99.94,98.12,31.29,29.41,30.58,30.58,32.71,30.75,31.2,41.67,32.41,32.03,53.17,37.22,33.21,31.93,40.43,44.42,38.01,38.97,39.11,38.55,43,55.64
18844,99.02,97.24,31.29,29.41,30.58,30.58,32.71,30.75,31.11,41.67,32.41,32.12,50.2,37.22,33.21,31.93,40.58,44.42,37.87,38.97,39.25,38.55,43,53.97
18864,98.12,96.37,31.2,29.41,30.58,30.58,32.81,30.75,31.2,41.67,32.51,32.03,39.68,37.22,33.21,31.93,40.43,44.42,38.01,38.97,39.25,38.41,43,53.43
18882,98.12,96.37,31.02,29.41,30.58,30.58,32.71,30.66,31.2,41.67,32.51,32.03,41.04,37.09,33.11,31.93,40.43,44.24,38.01,38.97,39.25,38.55,42.83,52.91
18903,97.24,96.37,31.29,29.41,30.66,30.58,32.71,30.75,31.2,31.93,32.51,32.12,43,37.22,33.21,31.93,40.43,44.42,38.01,38.97,39.25,38.41,43,52.65
18923,92.25,95.52,31.75,29.41,30.58,30.58,32.71,30.75,31.2,32.03,32.41,32.03,49.97,37.22,33.11,31.84,40.43,44.24,38.01,38.97,39.25,38.55,43,53.7
18942,93.05,96.37,31.29,29.41,30.58,30.58,32.81,30.75,31.29,32.03,32.51,32.12,58.98,37.22,33.11,31.93,40.43,44.42,38.01,38.97,39.25,38.55,43,74.44
18962,93.05,95.52,31.29,29.41,30.58,30.58,32.81,30.75,31.2,32.03,32.51,32.12,59.31,37.22,33.11,31.93,40.27,44.42,38.01,38.83,39.25,38.55,43,88.47
18981,93.86,96.37,31.29,29.41,30.58,30.58,32.71,30.66,31.2,32.03,32.51,32.03,60.64,37.22,33.11,31.93,40.43,44.42,38.01,38.83,39.11,38.55,42.83,93.86
19001,93.86,96.37,31.29,29.41,30.58,30.58,32.61,30.66,31.2,32.03,32.51,32.12,60.64,37.22,33.11,31.84,40.43,44.42,38.01,38.83,39.25,38.55,43,94.68
19022,93.86,96.37,31.29,29.41,30.58,30.58,32.03,30.66,31.2,32.03,32.51,32.03,60.64,37.22,33.11,31.93,40.43,44.24,38.01,38.97,39.11,38.55,43,95.52
19040,93.86,96.37,31.29,29.41,30.58,30.58,32.03,30.66,31.2,32.03,32.41,32.03,60.3,37.22,33.11,31.84,40.43,44.24,38.01,38.97,39.25,38.55,43.17,95.52
19061,93.05,96.37,31.29,29.41,30.58,30.49,32.22,30.66,30.93,32.03,32.51,32.03,60.64,37.22,33.11,31.93,40.43,44.42,37.87,38.97,39.25,38.55,43.17,95.52
19079,93.86,96.37,31.29,29.41,30.58,30.58,32.32,30.75,30.93,32.03,32.51,32.03,60.98,37.22,33.11,31.93,40.43,44.42,38.01,38.97,39.25,38.55,43.17,95.52
19100,93.86,96.37,31.29,29.41,30.58,30.58,32.12,30.75,31.29,32.03,32.51,32.03,60.64,37.22,33.01,31.93,40.43,44.42,38.01,38.97,39.25,38.55,43,95.52
19118,93.86,96.37,31.65,29.41,30.58,30.58,32.03,30.75,31.02,32.03,32.51,32.12,60.98,37.22,33.11,31.84,40.58,44.42,38.01,38.97,39.25,38.41,43.52,95.52
19138,93.86,96.37,31.75,29.41,30.58,30.58,32.32,30.66,31.2,32.03,32.41,32.03,60.98,37.09,33.11,31.84,40.43,44.42,38.01,38.97,39.25,38.55,43.35,95.52
19159,93.86,96.37,31.75,29.41,30.58,30.58,32.12,30.66,31.2,32.03,32.51,32.03,60.98,37.22,33.11,31.93,40.43,44.42,38.01,38.97,39.25,38.55,43.52,95.52
19177,92.25,96.37,31.75,29.41,30.58,30.58,32.12,30.75,31.2,32.03,32.41,32.03,60.98,37.22,33.11,31.84,40.27,44.42,38.01,38.97,39.25,38.55,43.17,95.52
19198,92.25,95.52,31.75,29.41,30.66,30.58,32.03,30.66,31.2,32.03,32.41,32.12,60.98,37.22,33.01,31.93,40.43,44.6,38.01,38.97,39.25,38.55,43.35,95.52
19216,91.47,95.52,31.75,29.41,30.58,30.49,32.03,30.75,31.29,32.03,32.51,32.03,61.33,37.22,33.11,31.93,40.58,44.79,38.01,38.97,39.25,38.55,43.17,95.52
19237,90.7,95.52,31.75,29.41,30.58,30.58,32.12,30.66,31.29,32.03,32.41,32.12,60.64,37.22,33.11,31.93,40.43,44.42,38.01,38.97,39.25,38.55,43.52,94.68
19255,91.47,95.52,31.75,29.41,30.58,30.49,32.03,30.66,31.11,32.03,32.51,32.12,44.97,37.22,33.11,31.93,40.58,44.42,38.01,38.97,39.25,38.55,43.17,93.86
19276,90.7,96.37,31.75,29.41,30.58,30.58,32.12,30.75,31.02,32.03,32.41,32.12,62.03,37.22,33.11,31.93,40.58,44.42,38.01,38.97,39.25,38.55,43.17,94.68
19296,90.7,95.52,31.75,29.41,30.58,30.58,32.12,30.66,31.11,32.03,32.41,32.03,55.35,37.22,33.11,31.93,40.43,44.42,38.01,38.97,39.25,38.55,43.35,95.52
19315,90.7,96.37,31.75,29.41,30.58,30.58,32.03,30.66,31.02,32.03,32.51,32.12,61.68,37.22,33.11,31.84,40.58,44.42,38.01,38.97,39.25,38.55,43.17,94.68
19335,91.47,96.37,31.38,29.41,30.58,30.58,32.03,30.66,30.93,32.12,32.51,32.12,61.68,37.22,33.11,31.84,40.58,44.42,38.01,38.97,39.11,38.55,43.17,93.86
19354,91.47,96.37,31.47,29.41,30.58,30.58,32.12,30.66,31.11,32.03,32.51,32.03,61.68,37.22,33.11,31.93,40.58,44.42,38.01,38.97,39.25,38.55,43,94.68
19374,91.47,96.37,31.38,29.41,30.58,30.58,32.03,30.75,31.11,32.03,32.51,32.12,61.33,37.22,33.11,31.84,40.27,44.24,38.01,38.97,39.25,38.55,43.17,93.86
19394,91.47,96.37,31.38,29.41,30.58,30.58,32.12,30.75,31.29,32.03,32.41,32.03,59.31,37.09,33.11,31.93,40.58,44.42,38.01,38.97,39.25,38.55,43.17,94.68
19413,91.47,94.68,31.75,29.41,30.58,30.58,32.12,30.66,31.2,32.03,32.41,32.03,40.58,37.22,33.01,31.93,40.27,44.42,38.01,38.97,39.11,38.55,43.17,93.86
19433,91.47,95.52,31.65,29.41,30.58,30.58,32.12,30.66,31.2,32.03,32.51,32.12,52.4,37.22,33.11,31.84,40.58,44.42,38.01,38.83,39.25,38.55,43.17,94.68
19452,91.47,95.52,31.56,29.41,30.58,30.58,32.12,30.75,30.93,32.03,32.51,32.03,53.17,37.22,33.11,31.93,40.43,44.42,38.01,38.97,39.11,38.41,43.17,94.68
19472,91.47,95.52,31.84,29.41,30.58,30.58,32.12,30.75,30.93,32.03,32.41,32.03,50.44,37.22,33.11,31.84,40.58,44.42,38.01,38.97,39.25,38.55,43.17,94.68
19491,91.47,95.52,31.65,29.41,30.58,30.58,32.12,30.66,31.02,32.12,32.41,32.12,48.4,37.22,33.11,31.84,40.43,44.42,38.01,38.97,39.25,38.55,43.17,94.68
19511,90.7,95.52,31.56,29.41,30.58,30.58,32.12,30.75,31.02,32.03,32.51,32.12,43.35,37.22,33.01,31.84,40.58,44.42,38.01,38.97,39.25,38.55,43.17,96.37
19532,89.95,94.68,31.29,29.41,30.58,30.58,32.12,30.75,30.93,32.03,32.41,32.12,39.83,37.22,33.11,31.93,40.58,44.24,38.01,38.83,39.25,38.55,43.17,96.37
19550,90.7,95.52,31.29,29.41,30.58,30.66,32.12,30.75,31.02,32.03,32.51,32.12,39.83,37.09,33.11,31.84,40.43,44.42,38.01,38.97,39.25,38.55,43.17,96.37
19571,90.7,94.68,31.29,29.41,30.58,30.58,32.12,30.75,31.02,32.03,32.51,32.12,39.83,37.22,33.11,31.84,40.43,44.42,38.01,38.97,39.25,38.55,43.17,96.37
19589,95.52,95.52,31.29,29.41,30.58,30.58,32.22,30.75,31.02,32.03,32.51,32.12,39.68,37.22,33.11,31.93,40.58,44.42,38.01,38.97,39.25,38.55,43.17,96.37
19610,97.24,95.52,31.84,29.41,30.58,30.58,32.12,30.66,31.02,32.03,32.51,32.12,39.68,37.22,33.01,31.84,40.43,44.42,38.01,38.97,39.25,38.55,43.17,96.37
19628,96.37,93.05,31.84,29.41,30.58,30.66,32.12,30.66,30.93,32.03,32.51,32.03,39.83,37.22,33.11,31.84,40.58,44.42,38.01,38.97,39.25,38.55,43.17,96.37
19648,90.7,94.68,31.93,29.41,30.58,30.66,32.12,30.75,31.02,32.03,32.41,32.12,39.83,37.22,33.11,31.93,40.58,44.42,38.01,38.97,39.25,38.41,43.17,94.68
19669,90.7,93.86,31.84,29.41,30.58,30.66,32.12,30.66,31.02,32.03,32.51,32.12,39.68,37.22,33.11,31.84,40.58,44.42,38.01,38.83,39.25,38.41,43.52,94.68
19687,96.37,94.68,31.84,29.41,30.58,30.58,32.12,30.75,31.02,32.03,32.51,32.03,39.98,37.22,33.01,31.93,40.58,44.42,38.01,38.97,39.25,38.55,43,95.52
19708,97.24,95.52,31.84,29.41,30.58,30.58,32.12,30.66,31.02,32.03,32.51,32.12,41.35,37.22,33.11,31.84,40.58,44.42,38.01,38.97,39.25,38.55,43.52,95.52
19726,97.24,95.52,31.84,29.41,30.58,30.58,32.12,30.66,31.02,32.03,32.51,32.03,49.97,37.22,33.11,31.93,40.43,44.6,38.01,38.97,39.25,38.55,44.06,95.52
19747,97.24,95.52,31.84,29.41,30.58,30.66,32.12,30.75,31.02,31.93,32.51,32.12,46.93,37.22,33.01,31.84,40.58,44.6,38.01,38.83,39.11,38.41,43.88,95.52
19767,97.24,95.52,31.84,29.41,30.58,30.58,32.12,30.66,31.02,31.93,32.41,32.12,41.51,37.09,33.11,31.84,40.58,44.6,38.01,38.97,39.25,38.55,44.24,93.05
19786,96.37,94.68,31.84,29.41,30.58,30.66,32.12,30.66,31.29,31.93,32.51,32.12,44.6,37.22,33.01,31.93,40.43,44.42,38.01,38.97,39.11,38.41,44.42,94.68
19806,97.24,95.52,31.75,29.41,30.58,30.66,32.12,30.75,31.29,32.03,32.41,32.03,42.66,37.22,33.01,31.93,40.58,44.42,38.01,38.97,39.11,38.55,43.52,94.68
19825,97.24,95.52,31.29,29.41,30.58,30.66,32.12,30.66,31.29,32.03,32.51,32.12,45.74,37.22,33.11,31.84,40.58,44.42,38.01,38.97,39.25,38.55,44.6,95.52
19845,97.24,96.37,31.29,29.41,30.58,30.66,32.12,30.75,31.29,31.93,32.51,32.12,44.97,37.22,33.01,31.93,40.58,44.42,38.01,38.97,39.25,38.55,44.6,96.37
19863,98.12,96.37,31.29,29.41,30.58,30.58,32.22,30.66,31.02,31.93,32.51,32.12,50.67,37.22,33.01,31.93,40.58,44.42,38.01,38.97,39.25,38.55,43.88,96.37
19884,97.24,95.52,31.29,29.41,30.58,30.66,32.22,30.66,31.02,31.93,32.51,32.12,52.65,37.22,33.01,31.93,40.58,44.42,38.01,38.97,39.25,38.55,44.06,87.04
19904,97.24,96.37,31.29,29.41,30.58,30.58,32.12,30.66,31.02,31.84,32.51,32.03,51.89,37.22,33.01,31.84,40.43,44.42,38.01,38.97,39.11,38.55,43.88,89.2
19923,97.24,96.37,31.29,29.41,30.58,30.58,32.12,30.66,31.02,31.84,32.51,32.03,53.43,37.22,33.01,31.93,40.58,44.42,38.01,38.97,39.25,38.55,43.88,96.37
19943,97.24,96.37,31.29,29.41,30.58,30.66,32.12,30.66,31.02,31.84,32.41,32.03,53.43,37.22,33.01,31.93,40.43,44.42,38.01,38.83,39.25,38.55,43.88,95.52
19962,97.24,96.37,31.29,29.41,30.58,30.58,32.12,30.66,31.02,31.84,32.51,32.03,52.4,37.22,33.01,31.84,40.43,44.42,38.01,38.97,39.11,38.55,44.79,96.37
19982,97.24,96.37,31.29,29.41,30.58,30.58,32.12,30.66,31.02,31.84,32.51,32.12,47.13,37.09,33.01,31.84,40.58,44.42,38.01,38.97,39.25,38.55,44.79,96.37
20001,97.24,95.52,31.29,29.41,30.58,30.66,32.22,30.66,30.93,31.84,32.51,32.12,44.24,37.22,33.01,31.84,40.58,44.42,38.01,38.97,39.25,38.55,44.42,96.37
20021,97.24,96.37,31.29,29.41,30.58,30.58,32.12,30.66,30.93,31.84,32.51,32.12,40.12,37.22,33.01,31.84,40.58,44.42,38.01,38.97,39.25,38.55,44.06,96.37
20042,98.12,96.37,31.29,29.41,30.58,30.58,32.32,30.66,31.02,31.75,32.51,32.12,40.12,37.22,33.01,31.93,40.58,44.42,38.01,38.97,39.25,38.41,44.79,95.52
20060,98.12,96.37,31.29,29.41,30.58,30.58,32.12,30.66,31.02,31.84,32.51,32.12,40.12,37.22,33.01,31.93,40.27,44.42,38.01,38.97,39.25,38.55,45.54,95.52
20081,98.12,96.37,31.29,29.41,30.58,30.58,34.82,30.66,31.02,31.84,32.51,32.12,40.12,37.22,33.01,31.84,40.43,44.42,38.01,38.97,39.25,38.55,45.54,95.52
20099,98.12,96.37,31.29,29.41,30.58,30.58,32.22,30.66,31.02,31.84,32.41,32.03,40.12,37.22,33.01,31.93,40.58,44.42,38.01,38.97,39.25,38.55,45.35,95.52
20119,98.12,95.52,31.29,29.41,30.58,30.58,45.35,30.66,31.02,31.84,32.41,32.12,40.12,37.22,33.01,31.93,40.58,44.42,38.01,38.97,39.25,38.55,45.16,96.37
20140,99.02,96.37,31.29,29.41,30.58,30.58,33.62,30.66,31.02,31.84,32.41,32.03,40.12,37.22,33.01,31.84,40.58,44.42,38.01,38.97,39.25,38.41,44.97,96.37
20158,99.02,95.52,31.29,29.33,30.58,30.58,33.52,30.66,31.02,31.84,32.51,32.12,40.12,37.22,33.01,31.93,40.58,44.42,38.01,38.97,39.25,38.55,44.79,96.37
20179,98.12,96.37,31.29,29.41,30.58,30.58,33.52,30.66,31.02,31.84,32.51,32.12,40.12,37.22,33.01,31.93,40.58,44.42,38.01,38.97,39.25,38.55,45.54,97.24
20197,99.02,96.37,31.29,29.41,30.58,30.58,33.52,30.66,31.02,31.84,32.51,32.03,40.12,37.22,33.01,31.93,40.58,44.42,38.01,38.97,39.25,38.41,44.79,96.37
20218,99.02,96.37,31.29,29.41,30.58,30.58,32.22,30.66,31.02,31.84,32.51,32.12,40.12,37.22,33.01,31.84,40.58,44.42,38.01,38.97,39.25,38.55,45.16,96.37
20236,99.02,96.37,31.29,29.41,30.58,30.58,32.22,30.66,31.02,31.84,32.51,32.12,39.98,37.22,33.01,31.93,40.27,44.42,38.01,38.83,39.11,38.55,44.06,96.37
20257,99.02,96.37,31.29,29.41,30.58,30.58,32.12,30.66,31.02,31.84,32.51,32.12,39.98,37.22,33.01,31.84,40.43,44.42,38.01,38.97,39.25,38.55,44.06,96.37
20277,99.02,96.37,31.29,29.41,30.58,30.58,32.12,30.66,31.02,31.84,32.51,32.12,39.83,37.22,33.01,31.93,40.58,44.42,37.87,38.97,39.25,38.41,45.16,96.37
20296,99.02,96.37,31.29,29.41,30.58,30.58,32.22,30.66,31.02,31.75,32.51,32.12,39.83,37.22,33.01,31.93,40.58,44.42,38.01,38.97,39.25,38.41,44.24,96.37
20316,99.02,96.37,31.29,29.41,30.58,30.58,32.22,30.66,31.02,31.84,32.51,32.12,39.68,37.22,33.01,31.93,40.43,44.42,38.01,38.97,39.11,38.55,43.52,96.37
20335,98.12,97.24,31.29,29.41,30.58,30.58,32.32,30.66,30.93,31.75,32.41,32.03,39.83,37.22,33.01,31.93,40.58,44.42,37.87,38.97,39.25,38.41,45.74,96.37
20355,95.52,97.24,31.29,29.41,30.58,30.58,32.12,30.66,31.02,31.84,32.41,32.03,39.68,37.22,33.01,31.84,40.58,44.42,38.01,38.97,39.25,38.55,44.42,96.37
20373,92.25,97.24,31.29,29.41,30.58,30.58,32.12,30.66,31.11,31.75,32.51,32.03,39.98,37.09,33.01,31.84,40.43,44.42,38.01,38.97,39.25,38.41,44.06,94.68
20394,92.25,96.37,31.29,29.41,30.58,30.58,32.12,30.66,31.11,31.84,32.51,32.03,39.68,37.22,33.01,31.84,40.27,44.42,38.01,38.83,39.11,38.41,44.42,95.52
20414,99.02,96.37,31.29,29.41,30.58,30.58,32.12,30.66,31.11,31.84,32.51,32.12,39.83,37.22,33.11,31.93,40.58,44.42,38.01,38.97,39.25,38.55,43.52,94.68
20433,97.24,97.24,31.29,29.41,30.58,30.49,32.03,30.66,30.93,31.93,32.51,32.12,39.83,37.22,33.01,31.93,40.58,44.42,38.01,38.97,39.25,38.55,44.06,94.68
20453,98.12,97.24,31.29,29.33,30.58,30.58,32.03,30.66,30.93,32.03,32.51,32.03,39.83,37.22,33.01,31.93,40.43,44.42,38.01,38.97,39.11,38.41,43.52,96.37
20472,98.12,97.24,31.38,29.41,30.58,30.58,32.12,30.75,30.93,31.93,32.51,32.12,39.98,37.09,33.11,31.93,40.58,44.42,38.01,38.97,39.25,38.41,43.7,96.37
20492,98.12,98.12,31.38,29.41,30.58,30.58,32.12,30.66,30.93,32.03,32.41,32.03,39.98,37.22,33.11,31.93,40.43,44.42,38.01,38.97,39.25,38.55,44.06,96.37
20513,99.02,98.12,39.25,29.41,30.58,30.58,32.03,30.66,30.93,31.93,32.51,32.12,41.04,37.22,33.11,31.93,40.43,44.42,38.01,38.97,39.25,38.55,43.52,96.37
20531,94.68,98.12,40.43,29.41,30.58,30.58,32.12,30.66,30.93,32.03,32.51,32.12,39.68,37.22,33.11,31.84,40.58,44.24,38.01,38.97,39.25,38.41,43.17,95.52
20552,94.68,98.12,40.12,29.41,30.66,30.58,32.32,30.75,30.93,31.93,32.41,32.03,39.68,37.22,33.11,31.93,40.27,44.42,38.01,38.97,39.25,38.55,43.52,95.52
20570,94.68,99.02,40.43,29.41,30.66,30.58,32.71,30.66,30.93,31.75,32.51,32.03,44.79,37.22,33.11,31.93,40.43,44.42,38.01,38.97,39.25,38.55,43.35,94.68
20591,94.68,99.02,35.39,29.41,30.58,30.66,32.81,30.66,30.93,31.75,32.41,32.12,39.83,37.22,33.11,31.93,40.43,44.42,38.01,38.97,39.25,38.55,43.17,94.68
20609,99.94,99.94,41.2,29.41,30.66,30.66,32.81,30.66,30.93,31.75,32.41,32.03,39.54,37.22,33.11,31.93,40.43,44.24,37.87,38.97,39.25,38.55,43.52,95.52
20629,95.52,99.02,41.35,29.41,30.66,30.58,32.81,30.75,30.93,31.75,32.51,32.12,39.54,37.22,33.11,31.93,40.43,44.42,38.01,38.97,39.25,38.55,43.52,90.7
20650,95.52,98.12,40.73,29.41,30.58,30.58,32.81,30.75,31.2,31.75,32.41,32.03,39.68,37.09,33.11,31.93,40.43,44.42,38.01,38.97,39.25,38.41,43.52,56.81
20668,99.02,99.02,37.74,29.41,30.58,30.58,32.71,30.66,31.2,31.75,32.41,32.03,39.83,37.09,33.11,31.93,40.43,44.42,38.01,38.97,39.11,38.55,43.52,54.51
20689,99.94,99.02,31.38,29.41,30.58,30.58,32.81,30.75,31.2,31.75,32.41,32.12,39.68,37.22,33.11,31.84,40.43,44.42,38.01,38.83,39.25,38.55,43.7,89.2
20707,99.94,99.02,31.38,29.41,30.58,30.58,32.71,30.75,31.2,31.75,32.41,32.12,41.84,37.22,33.21,31.93,40.43,44.24,38.01,38.97,39.11,38.55,43.7,64.25
20728,99.94,98.12,41.04,29.41,30.58,30.58,32.71,30.75,31.2,31.75,32.41,32.03,39.68,37.22,33.11,31.93,40.43,44.42,38.01,38.97,39.25,38.55,43.17,80.55
20746,99.94,99.02,35.86,29.41,30.58,30.58,32.71,30.66,31.2,31.75,32.51,32.03,45.35,37.22,33.11,31.93,40.43,45.16,38.01,38.97,39.25,38.55,43.17,87.04
20767,93.86,98.12,37.74,29.41,30.58,30.58,32.71,30.75,31.2,31.84,32.51,32.12,40.43,37.09,33.11,31.93,40.27,44.42,38.01,38.97,39.25,38.55,43.17,93.05
20787,93.05,97.24,36.84,29.41,30.58,30.49,32.71,30.75,31.2,31.93,32.51,32.03,39.68,37.22,33.11,31.84,40.43,44.24,38.01,38.83,39.25,38.55,43.17,93.86
20806,93.86,95.52,31.38,29.41,30.58,30.49,32.71,30.75,31.2,31.84,32.41,32.12,42.49,37.22,33.11,31.93,40.58,44.42,38.01,38.83,39.25,38.55,43.17,94.68
20826,93.86,94.68,31.47,29.41,30.58,30.49,32.71,30.66,31.2,31.93,32.41,32.12,43.7,37.22,33.11,31.93,40.43,44.42,38.01,38.83,39.25,38.55,43.17,94.68
20844,92.25,95.52,31.38,29.41,30.58,30.49,32.61,30.75,31.02,33.94,32.41,32.03,42.33,37.09,33.11,31.93,40.58,44.42,38.01,38.97,39.11,38.55,43.17,94.68
20865,96.37,96.37,31.38,29.41,30.58,30.49,32.03,30.75,31.02,32.03,32.51,32.03,67.04,37.09,33.11,31.84,40.43,44.42,38.01,38.97,39.25,38.55,43.17,94.68
20885,93.86,95.52,31.38,29.41,30.58,30.49,32.03,30.75,31.02,32.12,32.41,32.12,67.04,37.22,33.11,31.93,40.12,44.42,38.01,38.97,39.25,38.55,43.17,94.68
20904,92.25,95.52,31.47,29.41,30.58,30.49,32.03,30.75,31.02,32.12,32.51,32.03,45.35,37.22,33.11,31.84,39.83,44.42,38.01,38.97,39.25,38.55,43.17,94.68
20924,92.25,94.68,31.29,29.41,30.58,30.49,32.03,30.75,31.11,31.84,32.51,32.03,45.35,37.22,33.11,31.84,40.43,44.42,38.01,38.97,39.25,38.55,43,94.68
20943,93.05,96.37,31.02,29.41,30.58,30.49,32.12,30.75,31.11,31.93,32.51,32.03,39.68,37.22,33.11,31.84,40.43,44.42,38.01,38.97,39.25,38.55,43,94.68
20963,92.25,95.52,31.02,29.33,30.58,30.49,32.22,30.75,31.11,31.93,32.41,32.03,39.68,37.09,33.11,31.84,40.43,44.42,38.01,38.97,39.25,38.55,43,94.68
20984,92.25,95.52,31.02,29.41,30.58,30.49,32.03,30.75,31.11,37.61,32.41,32.03,39.83,37.09,33.11,31.84,40.43,44.42,38.01,38.97,39.25,38.55,43,94.68
21004,92.25,95.52,31.02,29.41,30.58,30.49,32.03,30.75,31.2,37.74,32.51,32.12,39.68,37.22,33.11,31.93,40.43,44.42,38.01,38.97,39.25,38.41,43,94.68
21023,92.25,95.52,31.02,29.41,30.58,30.58,32.03,30.75,31.29,37.74,32.51,32.03,39.54,37.22,33.11,31.93,40.43,44.42,38.01,38.83,39.25,38.41,43,85.66
21043,92.25,95.52,31.29,29.41,30.58,30.58,32.12,30.75,31.2,37.87,32.51,32.03,39.54,37.22,33.01,31.93,40.43,44.42,38.01,38.97,39.25,38.41,43,93.86
21062,93.05,95.52,31.11,29.41,30.58,30.58,32.03,30.75,31.02,32.12,32.51,32.03,39.68,37.22,33.11,31.84,40.58,44.42,38.01,38.97,39.25,38.55,43,94.68
21082,93.05,95.52,31.2,29.41,30.58,30.58,32.03,30.75,31.02,32.12,32.51,32.03,39.68,37.22,33.11,31.84,40.58,44.42,38.01,38.97,39.25,38.55,43,93.86
21100,92.25,96.37,31.56,29.41,30.58,30.58,32.03,30.75,31.02,32.61,32.41,32.12,39.68,37.22,33.01,31.84,40.43,44.42,38.01,38.97,39.25,38.55,43,85.66
21121,93.05,95.52,31.93,29.41,30.58,30.58,32.03,30.75,31.02,32.12,32.51,32.12,39.98,37.09,33.11,31.84,40.58,44.42,38.01,38.97,39.25,38.55,43,85.66
21141,93.05,96.37,31.11,29.41,30.58,30.58,32.12,30.75,31.02,32.03,32.51,32.12,40.12,37.22,33.01,31.84,40.58,44.42,38.01,38.97,39.25,38.55,43,85.66
21160,93.86,96.37,31.11,29.41,30.58,30.58,32.12,30.75,31.02,32.03,32.51,32.12,48.84,37.09,33.11,31.84,40.58,44.42,38.01,38.97,39.25,38.55,43,85.66
21180,93.86,97.24,31.11,29.41,30.58,30.58,32.12,30.75,31.11,32.03,32.51,32.12,39.98,37.22,33.11,31.93,40.58,44.42,38.01,38.97,39.25,38.55,43,86.35
21199,94.68,97.24,31.11,29.41,30.58,30.58,32.12,30.66,31.02,32.03,32.51,32.03,41.35,37.22,33.11,31.84,40.58,44.42,38.01,38.97,39.25,38.55,43,85.66
21219,94.68,97.24,31.11,29.41,30.58,30.58,32.81,30.66,30.93,31.93,32.51,32.03,42.49,37.22,33.01,31.84,40.58,44.42,37.87,38.83,39.25,38.55,43,86.35
21238,94.68,97.24,31.11,29.41,30.58,30.58,32.12,30.75,30.93,32.03,32.51,32.03,39.68,37.22,33.01,31.84,40.43,44.42,38.01,38.97,39.25,38.55,42.83,86.35
21258,94.68,98.12,31.2,29.41,30.58,30.58,32.12,30.75,30.93,32.03,32.51,32.12,39.68,37.22,33.01,31.93,40.58,44.42,38.01,38.97,39.25,38.55,43,87.75
21279,93.05,98.12,31.11,29.41,30.58,30.58,32.12,30.75,31.02,32.03,32.51,32.03,39.83,37.22,33.11,31.84,40.58,44.42,38.01,38.97,39.25,38.55,43,88.47
21299,93.05,97.24,31.29,29.41,30.58,30.58,32.12,30.66,31.11,32.03,32.51,32.12,39.83,37.22,33.01,31.84,40.43,44.6,38.01,38.97,39.25,38.55,42.83,89.2
21318,93.05,98.12,31.2,29.41,30.58,30.58,32.12,30.66,31.2,32.03,32.51,32.12,39.83,37.22,33.01,31.84,40.43,44.6,38.01,38.97,39.25,38.55,43,89.2
21338,93.05,97.24,31.29,29.41,30.58,30.58,32.12,30.66,31.02,32.03,32.51,32.12,39.83,37.22,33.11,31.84,40.58,44.6,38.01,38.97,39.25,38.55,43,93.86
21356,93.05,97.24,31.38,29.41,30.58,30.58,32.12,30.66,34.71,32.03,32.51,32.12,39.83,37.22,33.01,31.84,40.58,44.6,38.01,38.97,39.25,38.55,43,94.68
21377,93.05,97.24,31.38,29.41,30.58,30.58,32.12,30.75,30.93,32.03,32.41,32.12,39.83,37.22,33.01,31.84,40.43,44.6,38.01,38.97,39.25,38.41,42.83,94.68
21397,93.05,98.12,31.38,29.41,30.58,30.58,32.12,30.66,31.2,32.03,32.41,32.03,39.83,37.22,33.01,31.84,40.58,44.6,38.01,38.97,39.25,38.55,43,94.68
21416,92.25,97.24,31.93,29.41,30.58,30.58,32.12,30.75,31.02,32.03,32.51,32.03,40.58,37.22,33.01,31.84,40.58,44.6,38.01,38.97,39.25,38.55,43,94.68
21436,92.25,93.05,31.65,29.41,30.58,30.58,32.12,30.75,31.29,32.03,32.51,32.12,39.83,37.22,33.11,31.84,40.58,44.6,38.01,38.97,39.25,38.55,43,94.68
21455,92.25,97.24,31.38,29.41,30.58,30.58,32.12,30.75,31.02,31.93,32.51,32.12,40.73,37.09,33.11,31.84,40.58,44.42,38.01,38.97,39.25,38.55,43,94.68
21475,92.25,97.24,31.38,29.41,30.58,30.49,32.12,30.66,31.02,40.58,32.51,32.12,39.83,37.09,33.11,31.84,40.43,44.6,38.01,38.97,39.25,38.55,43,94.68
21494,92.25,97.24,31.47,29.41,30.58,30.49,32.12,30.75,31.2,40.73,32.51,32.03,39.98,37.22,33.01,31.84,40.58,44.42,38.01,38.97,39.25,38.55,43,88.47
21514,92.25,96.37,31.47,29.33,30.58,30.58,32.12,30.75,31.11,34.71,32.51,32.12,39.83,37.22,33.11,31.84,40.58,44.42,38.01,38.97,39.25,38.55,43,85.66
21535,91.47,97.24,31.47,29.41,30.58,30.58,32.12,30.75,31.2,32.12,32.51,32.12,39.68,37.22,33.11,31.84,40.43,44.6,38.01,38.97,39.25,38.55,43,94.68
21553,92.25,97.24,31.47,29.41,30.58,30.58,32.12,30.66,31.02,32.12,32.51,32.03,39.68,37.22,33.01,31.84,40.58,44.6,38.01,38.97,39.25,38.55,43,94.68
21574,91.47,97.24,31.47,29.41,30.58,30.58,32.12,30.75,31.38,37.87,32.51,32.12,39.83,37.22,33.01,31.84,40.58,44.6,38.01,38.97,39.25,38.55,43,95.52
21592,91.47,97.24,31.84,29.41,30.58,30.49,32.03,30.75,31.02,37.09,32.51,32.12,39.83,37.22,33.01,31.84,40.58,44.6,38.01,38.97,39.25,38.55,43,95.52
21612,91.47,94.68,31.56,29.41,30.66,30.58,32.12,30.75,31.29,37.22,32.51,32.12,39.83,37.09,33.01,31.84,40.58,44.6,38.01,38.97,39.25,38.55,43,95.52
21631,91.47,96.37,31.2,29.41,30.58,30.58,32.12,30.75,31.29,37.61,32.51,32.12,39.68,37.22,33.01,31.84,40.58,44.6,38.01,38.97,39.25,38.55,43,91.47
21651,90.7,80.55,31.11,29.41,30.58,30.58,32.12,30.75,31.38,36.34,32.51,32.12,39.83,37.22,33.11,31.84,40.58,44.42,38.14,38.97,39.11,38.55,43,95.52
21672,91.47,96.37,31.02,29.41,30.58,30.58,32.12,30.75,31.38,36.59,32.51,32.12,39.83,37.22,33.11,31.84,40.58,44.42,38.14,38.97,39.25,38.55,43,95.52
21690,96.37,96.37,30.93,29.41,30.58,30.58,32.12,30.75,31.02,37.35,32.51,32.12,39.83,37.22,33.01,31.84,40.43,44.42,38.01,38.97,39.25,38.55,43,96.37
21711,97.24,95.52,30.93,29.41,30.58,30.58,32.12,30.75,31.02,32.03,32.51,32.12,39.83,37.22,33.11,31.84,40.58,44.42,38.14,38.97,39.11,38.55,43,93.86
21729,97.24,95.52,31.11,29.41,30.58,30.58,32.12,30.75,31.02,32.03,32.51,32.12,39.83,37.22,33.11,31.84,40.58,44.6,38.01,38.97,39.25,38.41,43,93.86
21750,98.12,96.37,30.93,29.41,30.58,30.58,32.03,30.75,31.11,32.03,32.51,32.12,39.98,37.22,33.11,31.84,40.43,44.42,38.01,38.83,39.25,38.55,43,93.86
21770,98.12,96.37,30.93,29.41,30.58,30.58,32.12,30.75,31.29,32.12,32.51,32.12,39.98,37.22,33.01,31.84,40.27,44.42,38.14,38.97,39.25,38.55,43.17,67.88
21789,97.24,96.37,30.93,29.41,30.58,30.58,32.03,30.75,31.29,32.03,32.51,32.12,40.12,37.22,33.11,31.84,40.43,44.42,38.14,38.97,39.25,38.41,43.35,62.39
21809,98.12,95.52,30.93,29.41,30.58,30.58,32.12,30.66,31.02,32.03,32.51,32.12,40.12,37.22,33.01,31.84,40.58,44.42,38.01,38.97,39.25,38.55,43.7,93.86
21827,98.12,96.37,30.93,29.41,30.58,30.49,32.03,30.75,31.02,32.03,32.51,32.12,40.27,37.22,33.01,31.84,40.58,44.42,38.14,38.97,39.25,38.55,44.06,73.43
21848,98.12,95.52,30.93,29.41,30.58,30.49,31.93,30.75,31.29,32.03,32.51,32.03,40.12,37.22,33.01,31.84,40.43,44.42,38.01,38.97,39.25,38.55,43.17,93.86
21866,98.12,79.36,30.93,29.41,30.58,30.49,32.03,30.75,31.11,34.71,32.51,32.03,39.83,37.22,33.01,31.75,40.43,44.42,38.01,38.97,39.25,38.55,47.97,93.86
21887,97.24,94.68,30.93,29.41,30.58,30.49,31.93,30.75,31.11,37.48,32.41,32.12,40.43,37.09,33.01,31.84,40.27,44.42,38.14,38.97,39.25,38.55,44.42,93.86
21907,97.24,94.68,31.29,29.41,30.58,30.49,31.93,30.75,31.2,36.1,32.51,32.12,40.12,37.22,33.01,31.84,40.58,44.42,38.14,38.97,39.39,38.55,43.17,93.86
21928,97.24,94.68,31.38,29.33,30.58,30.49,31.93,30.75,31.11,36.22,32.41,32.12,39.98,37.22,33.01,31.84,40.58,44.42,38.14,38.97,39.39,38.55,43.17,93.86
21946,97.24,94.68,31.38,29.33,30.58,30.4,32.03,30.66,31.11,36.22,32.51,32.12,40.88,37.22,33.11,31.93,40.58,44.42,38.14,38.83,39.25,38.55,43.17,93.05
21967,97.24,94.68,31.29,29.33,30.58,30.4,32.03,30.66,31.2,32.03,32.41,32.03,40.58,37.22,33.01,31.93,40.58,44.42,38.14,38.83,39.39,38.55,43.17,61.33
21985,96.37,93.86,31.11,29.33,30.58,30.49,32.03,30.66,30.93,32.03,32.51,32.03,39.54,37.22,33.01,31.93,40.58,44.42,38.01,38.83,39.25,38.41,43.17,53.97
22006,96.37,93.86,31.02,29.33,30.58,30.49,32.03,30.75,30.93,31.93,32.41,32.12,39.68,37.22,33.11,31.93,40.58,44.24,38.01,38.83,39.25,38.41,43,60.98
22026,96.37,94.68,31.29,29.33,30.58,30.4,32.03,30.66,30.93,32.03,32.51,32.12,39.83,37.22,33.11,31.93,40.58,44.24,38.01,38.83,39.25,38.41,43.35,76.01
22045,96.37,94.68,30.93,29.33,30.58,30.4,32.03,30.66,31.02,31.84,32.51,32.12,39.54,37.22,33.01,31.93,40.58,44.24,38.01,38.83,39.25,38.41,43.52,92.25
22065,95.52,94.68,30.93,29.33,30.58,30.4,32.03,30.75,31.02,31.84,32.51,32.03,47.55,37.22,33.01,31.93,40.58,44.42,37.87,38.83,39.25,38.41,43.17,93.05
22083,96.37,94.68,31.38,29.33,30.58,30.4,32.03,30.75,31.02,31.84,32.51,32.03,39.68,37.22,33.11,31.93,40.58,44.24,38.01,38.83,39.25,38.41,43.17,93.05
22104,94.68,94.68,31.11,29.33,30.58,30.4,32.03,30.75,30.93,31.84,32.51,32.03,39.68,37.22,33.11,31.93,40.58,44.42,38.01,38.83,39.25,38.41,43.52,93.86
22122,95.52,96.37,30.84,29.33,30.58,30.4,32.03,30.75,30.93,31.84,32.51,32.12,39.68,37.22,33.21,31.93,40.58,44.42,38.01,38.83,39.25,38.41,43.35,93.86
22143,95.52,94.68,30.84,29.33,30.58,30.49,32.03,30.75,30.93,31.75,32.41,32.03,39.83,37.22,33.21,31.93,40.58,44.42,38.01,38.83,39.25,38.55,47.34,93.86
22163,95.52,94.68,30.84,29.33,30.58,30.49,32.03,30.66,30.93,31.75,32.51,32.12,39.54,37.22,33.21,31.93,40.58,44.42,38.14,38.83,39.25,38.41,46.52,93.86
22182,95.52,94.68,30.84,29.33,30.58,30.4,32.03,30.75,30.84,31.75,32.51,32.03,39.54,37.22,33.21,31.93,40.58,44.24,38.01,38.83,39.25,38.55,46.73,93.86
22202,95.52,94.68,30.93,29.33,30.58,30.4,32.03,30.75,30.93,31.75,32.51,32.12,39.54,37.35,33.11,31.93,40.58,44.24,38.01,38.83,39.25,38.55,44.97,93.86
22221,95.52,94.68,30.84,29.33,30.58,30.4,32.03,30.75,30.93,31.84,32.51,32.12,39.68,37.22,33.21,31.93,40.43,44.24,38.01,38.83,39.25,38.41,45.16,93.86
22241,96.37,94.68,31.29,29.33,30.58,30.4,32.03,30.66,30.93,31.84,32.51,32.03,39.68,37.22,33.11,31.93,40.58,44.24,38.01,38.83,39.25,38.41,43.88,93.86
22262,96.37,95.52,31.29,29.33,30.58,30.4,32.03,30.75,30.93,31.84,32.51,32.03,39.68,37.22,33.11,31.93,40.58,44.24,38.01,38.83,39.25,38.41,43.17,95.52
22282,97.24,95.52,31.29,29.33,30.58,30.49,32.12,30.75,30.93,31.75,32.51,32.12,39.68,37.22,33.21,31.93,40.58,44.24,38.01,38.83,39.25,38.41,43.17,93.05
22301,96.37,95.52,30.84,29.33,30.58,30.49,32.12,30.66,30.93,31.75,32.41,32.12,39.68,37.22,33.21,31.93,40.58,44.24,38.01,38.83,39.25,38.41,43.17,95.52
22321,96.37,96.37,31.47,29.33,30.58,30.49,32.12,30.75,30.93,31.75,32.51,32.03,39.54,37.22,33.21,31.93,40.43,44.24,38.01,38.83,39.25,38.41,43.35,95.52
22339,93.86,97.24,31.65,29.33,30.58,30.49,32.03,30.75,30.93,31.84,32.51,32.12,39.68,37.22,33.21,31.93,40.58,44.24,38.01,38.83,39.25,38.41,43.17,95.52
22360,93.05,97.24,31.56,29.33,30.58,30.49,32.03,30.75,30.93,31.75,32.41,32.03,39.98,37.35,33.21,31.93,40.58,44.42,38.01,38.97,39.25,38.41,43.17,94.68
22378,95.52,97.24,31.02,29.33,30.58,30.49,32.03,30.75,30.93,31.75,32.51,32.03,39.83,37.22,33.21,31.93,40.58,44.42,38.01,38.97,39.25,38.41,43.17,93.86
22399,98.12,97.24,31.11,29.33,30.58,30.49,32.81,30.75,30.93,31.75,32.51,32.03,39.83,37.22,33.11,31.93,40.58,44.42,38.01,38.97,39.25,38.55,43.17,93.86
22419,93.86,98.12,30.93,29.33,30.58,30.49,32.12,30.75,30.93,31.84,32.51,32.12,39.83,37.22,33.11,31.93,40.43,44.42,38.01,38.97,39.25,38.55,44.06,93.86
22438,94.68,98.12,31.47,29.33,30.58,30.58,32.71,30.75,30.93,31.75,32.51,32.12,39.83,37.22,33.11,31.93,40.43,44.24,38.01,38.69,39.25,38.55,43.17,94.68
22458,94.68,98.12,30.93,29.33,30.58,30.58,32.12,30.66,31.2,31.75,32.41,32.12,39.54,37.22,33.21,31.93,40.58,44.24,38.01,38.83,39.25,38.41,43.7,93.86
22477,94.68,99.02,31.84,29.33,30.58,30.58,44.97,30.75,31.11,31.75,32.51,32.03,39.54,37.35,33.21,31.93,40.43,44.24,37.87,38.97,39.25,38.55,44.97,94.68
22497,94.68,99.02,31.02,29.33,30.58,30.49,32.81,30.75,30.93,31.75,32.51,32.12,39.54,37.35,33.11,32.03,40.58,44.42,38.01,38.83,39.25,38.41,43.52,93.86
22516,94.68,99.02,31.2,29.33,30.58,30.49,32.81,30.75,30.93,31.75,32.41,32.03,39.54,37.22,33.21,31.93,40.58,44.24,38.01,38.97,39.25,38.55,45.16,93.86
22536,93.86,98.12,31.29,29.33,30.58,30.58,32.22,30.75,31.2,31.75,32.51,32.03,39.54,37.22,33.21,31.93,40.58,44.42,38.01,38.83,39.25,38.41,44.24,93.86
22557,94.68,99.02,31.38,29.33,30.58,30.58,32.81,30.75,31.2,31.75,32.51,32.12,39.39,37.35,33.21,31.93,40.43,44.42,38.01,38.97,39.25,38.55,45.54,93.86
22575,95.52,99.02,40.58,29.33,30.58,30.58,32.32,30.75,30.93,31.84,32.51,32.12,39.54,37.22,33.21,31.93,40.58,44.42,38.01,38.97,39.25,38.55,43.35,93.86
22595,94.68,99.02,31.29,29.33,30.58,30.58,32.81,30.75,31.02,31.84,32.51,32.12,39.54,37.22,33.21,31.93,40.58,44.42,38.01,38.97,39.25,38.55,43.17,93.86
22614,94.68,99.02,42,29.33,30.58,30.58,32.12,30.75,31.02,31.75,32.41,32.12,39.54,37.35,33.21,31.93,40.27,44.42,38.01,38.83,39.25,38.55,43.17,93.86
22634,93.86,98.12,46.13,29.33,30.58,30.58,32.81,30.75,30.93,31.84,32.51,32.03,39.54,37.22,33.21,31.93,40.43,44.42,38.01,38.97,39.25,38.41,43,93.86
22653,93.05,98.12,37.22,29.33,30.58,30.58,32.12,30.75,30.93,31.84,32.51,32.12,39.54,37.22,33.21,31.93,40.58,44.42,38.01,38.83,39.11,38.41,43,93.05
22673,93.86,98.12,31.38,29.33,30.58,30.58,32.12,30.75,30.93,31.75,32.51,32.12,39.54,37.35,33.11,31.93,40.58,44.42,38.01,38.97,39.25,38.55,43.17,93.86
22694,93.86,99.02,38.55,29.33,30.58,30.58,32.91,30.75,31.2,31.75,32.51,32.03,39.54,37.22,33.21,31.93,40.58,44.42,38.01,38.97,39.25,38.55,43.17,93.86
22712,99.02,98.12,31.38,29.33,30.58,30.58,32.91,30.75,31.02,31.84,32.51,32.12,39.54,37.22,33.21,31.93,40.58,44.24,38.01,38.83,39.25,38.41,43.17,93.86
22733,99.02,99.02,31.38,29.33,30.58,30.58,34.71,30.75,31.02,31.84,32.51,32.03,44.97,37.22,33.21,31.93,40.58,44.42,38.01,38.83,39.25,38.55,43,93.86
22751,94.68,98.12,31.38,29.33,30.58,30.58,32.81,30.75,31.2,31.84,32.41,32.12,40.58,37.22,33.21,31.93,40.58,44.42,38.01,38.83,39.25,38.55,43.17,93.05
22772,93.86,98.12,31.38,29.33,30.58,30.49,32.71,30.75,31.2,31.84,32.51,32.03,41.35,37.35,33.21,31.93,40.43,44.42,38.01,38.97,39.25,38.55,43,93.86
22792,93.86,98.12,31.56,29.33,30.58,30.58,32.71,30.75,31.2,31.84,32.51,32.03,42.66,37.35,33.21,31.93,40.27,44.42,38.14,38.97,39.25,38.55,43,93.05
22813,93.86,98.12,30.93,29.33,30.58,30.58,32.71,30.75,31.2,31.84,32.51,32.03,39.54,37.22,33.21,31.93,40.43,44.42,38.14,38.97,39.25,38.55,43.17,94.68
22831,93.86,99.02,30.93,29.33,30.58,30.58,32.81,30.75,31.2,31.84,32.51,32.03,39.54,37.22,33.21,31.93,40.43,44.42,38.01,38.97,39.39,38.55,43.35,94.68
22851,93.86,99.02,30.93,29.33,30.58,30.58,32.81,30.75,31.2,31.84,32.51,32.03,39.54,37.22,33.21,31.93,40.58,44.42,38.01,38.97,39.25,38.41,43.52,94.68
22870,95.52,99.94,32.41,29.33,30.58,30.58,32.81,30.75,31.29,31.84,32.51,32.12,39.54,37.22,33.21,31.93,40.58,44.42,38.01,38.97,39.39,38.55,43.7,93.86
22890,99.94,99.02,31.38,29.33,30.58,30.58,62.75,30.75,31.2,31.84,32.41,32.12,39.54,37.22,33.21,32.03,40.58,44.42,38.01,38.97,39.25,38.55,43.88,95.52
22909,98.12,74.95,31.38,29.33,30.58,30.58,63.12,30.75,31.02,31.84,32.41,32.12,40.88,37.35,33.21,32.03,40.58,44.42,38.01,38.97,39.25,38.41,43.7,94.68
22929,99.02,98.12,31.38,29.33,30.58,30.58,62.75,30.75,31.2,31.84,32.51,32.12,39.68,37.35,33.21,32.03,40.58,44.42,38.01,38.83,39.25,38.55,43.7,94.68
22950,99.02,98.12,31.38,29.33,30.58,30.58,59.96,30.75,31.2,31.84,32.51,32.03,39.68,37.35,33.21,32.03,40.58,44.42,38.14,38.97,39.25,38.55,44.06,95.52
22968,99.02,99.02,31.38,29.33,30.58,30.58,61.68,30.75,31.11,31.84,32.51,32.12,39.68,37.35,33.21,31.93,40.58,44.42,38.14,38.97,39.25,38.55,44.06,95.52
22989,99.94,99.02,35.04,29.33,30.58,30.58,62.75,30.75,31.2,31.84,32.51,32.03,39.68,37.22,33.21,31.93,40.58,44.42,38.01,38.97,39.25,38.55,43.88,95.52
23007,99.94,99.02,38.14,29.33,30.58,30.58,60.3,30.75,31.11,31.84,32.41,32.03,39.68,37.22,33.21,31.93,40.58,44.42,38.01,38.97,39.25,38.55,43.7,95.52
23028,99.02,96.37,38.97,29.33,30.58,30.58,60.64,30.75,31.56,31.84,32.51,32.03,39.54,37.35,33.21,31.93,40.43,44.42,38.14,38.97,39.25,38.55,43.52,95.52
23048,99.94,99.02,40.12,29.33,30.58,30.58,55.64,30.75,31.2,31.84,32.41,32.03,39.68,37.22,33.21,31.93,40.58,44.42,38.01,38.83,39.25,38.41,44.06,95.52
23067,99.94,99.94,39.98,29.33,30.58,30.58,59.96,30.75,31.11,31.84,32.51,32.03,39.68,37.35,33.21,31.93,40.58,44.42,38.14,38.97,39.25,38.55,44.06,95.52
23087,99.94,99.02,39.54,29.33,30.58,30.58,55.64,30.75,31.75,31.84,32.41,32.03,39.68,37.35,33.21,31.93,40.58,44.42,38.14,38.97,39.25,38.55,44.06,95.52
23105,99.94,99.94,39.68,29.33,30.58,30.58,55.92,30.75,31.84,31.84,32.51,32.12,39.68,37.22,33.21,31.93,40.43,44.42,38.01,38.97,39.25,38.55,44.06,95.52
23126,99.94,98.12,39.83,29.33,30.58,30.58,45.74,30.75,32.12,31.84,32.51,32.12,39.68,37.22,33.21,31.93,40.58,44.42,38.14,38.83,39.25,38.41,44.06,94.68
23144,99.02,99.02,40.73,29.33,30.58,30.58,56.51,30.75,31.11,31.84,32.51,32.03,39.68,37.35,33.21,31.93,40.58,44.24,38.01,38.83,39.25,38.55,44.06,94.68
23165,99.94,98.12,37.74,29.33,30.58,30.49,32.32,30.75,31.2,31.84,32.51,32.12,43.17,37.35,33.21,31.93,40.58,44.42,38.01,38.97,39.25,38.55,43.88,94.68
23185,99.94,98.12,30.93,29.33,30.58,30.58,32.03,30.75,33.94,32.03,32.51,32.03,39.54,37.35,33.21,31.93,40.58,44.42,38.14,38.97,39.25,38.55,43.88,94.68
23204,99.02,97.24,31.11,29.41,30.58,30.58,32.12,30.75,30.93,32.12,32.51,32.12,39.68,37.35,33.21,31.93,40.43,44.42,38.14,38.97,39.25,38.55,43.88,95.52
23224,99.02,97.24,31.38,29.41,30.58,30.49,32.03,30.75,31.02,32.22,32.51,32.12,39.68,37.35,33.21,31.93,40.58,44.24,38.01,38.97,39.39,38.55,43.88,95.52
23243,98.12,96.37,31.38,29.41,30.58,30.49,32.03,30.75,31.02,32.12,32.51,32.12,43.17,37.35,33.21,31.93,40.58,44.42,38.01,38.97,39.39,38.55,43.88,95.52
23263,93.86,96.37,32.22,29.41,30.58,30.49,32.03,30.75,31.02,32.22,32.51,32.12,39.68,37.35,33.21,31.84,40.58,44.42,38.14,38.97,39.39,38.55,43.88,94.68
23282,93.05,96.37,31.38,29.41,30.58,30.49,32.03,30.75,31.02,32.12,32.51,32.12,45.93,37.35,33.11,31.84,40.58,44.42,38.01,38.97,39.39,38.55,43.88,94.68
23302,93.86,96.37,31.38,29.33,30.58,30.49,32.12,30.75,31.02,32.22,32.51,32.12,45.74,37.22,33.11,31.84,40.58,44.42,38.14,38.97,39.25,38.55,43.7,94.68
23323,93.86,95.52,31.38,29.41,30.58,30.49,32.12,30.75,31.02,32.12,32.41,32.12,45.74,37.35,33.11,31.84,40.58,44.42,38.01,38.97,39.39,38.41,43.88,94.68
23341,93.05,95.52,31.47,29.41,30.58,30.49,32.03,30.75,31.02,32.12,32.51,32.12,39.68,37.22,33.11,31.84,40.43,44.42,38.01,38.97,39.25,38.55,43.88,94.68
23361,93.05,95.52,31.38,29.41,30.58,30.49,32.12,30.75,31.02,32.12,32.51,32.12,39.83,37.35,33.21,31.84,40.58,44.42,38.01,38.97,39.25,38.41,43.88,94.68
23380,92.25,94.68,31.38,29.41,30.58,30.49,32.03,30.75,31.11,32.12,32.51,32.03,41.67,37.35,33.11,31.84,40.58,44.24,38.01,38.97,39.39,38.55,43.88,94.68
23400,91.47,94.68,31.38,29.33,30.58,30.49,32.03,30.75,30.93,32.12,32.51,32.12,42.49,37.35,33.11,31.84,40.58,44.42,38.01,38.97,39.39,38.55,44.06,94.68
23421,89.95,94.68,31.84,29.41,30.58,30.49,32.03,30.75,31.11,32.12,32.41,32.03,39.68,37.22,33.11,31.84,40.58,44.42,38.14,38.97,39.25,38.55,43.52,94.68
23439,89.95,94.68,31.47,29.33,30.58,30.49,32.03,30.75,31.02,32.12,32.51,32.12,39.68,37.35,33.11,31.84,40.58,44.42,38.14,38.97,39.25,38.55,44.06,94.68
23460,89.2,94.68,31.11,29.41,30.58,30.49,32.12,30.75,30.93,32.12,32.51,32.03,39.68,37.35,33.11,31.84,40.58,44.42,38.14,38.97,39.39,38.55,43.88,94.68
23478,90.7,93.86,31.11,29.33,30.58,30.49,33.62,30.75,31.02,32.22,32.51,32.12,39.68,37.35,33.11,31.84,40.58,44.42,38.14,38.83,39.39,38.55,43.7,93.05
23499,89.95,93.86,30.93,29.33,30.58,30.49,32.12,30.75,31.02,32.12,32.51,32.12,39.68,37.35,33.11,31.84,40.58,44.42,38.01,38.97,39.25,38.55,43.7,87.75
23517,92.25,94.68,30.93,29.33,30.58,30.49,32.12,30.66,31.02,32.12,32.51,32.03,39.68,37.22,33.11,31.84,40.58,44.42,38.14,38.83,39.25,38.55,44.06,93.05
23538,93.05,95.52,30.84,29.33,30.58,30.49,32.12,30.75,31.02,32.12,32.51,32.12,39.83,37.22,33.01,31.84,40.58,44.42,38.14,38.97,39.25,38.41,44.06,93.86
23558,96.37,94.68,36.34,29.33,30.58,30.49,32.03,30.75,31.02,32.03,32.51,32.12,39.83,37.35,33.11,31.84,40.58,44.42,38.01,38.97,39.39,38.41,44.24,93.86
23576,97.24,95.52,31.75,29.41,30.49,30.49,32.12,30.75,30.93,31.84,32.51,32.12,39.83,37.22,33.11,31.84,40.58,44.42,38.01,38.83,39.25,38.55,44.24,93.86
23597,96.37,95.52,31.75,29.41,30.58,30.58,32.12,30.66,30.93,31.93,32.51,32.12,39.83,37.35,33.11,31.84,40.43,44.42,38.01,38.97,39.25,38.55,44.42,94.68
23615,96.37,94.68,31.75,29.41,30.58,30.58,32.12,30.66,31.2,31.75,32.51,32.12,44.79,37.35,33.11,31.84,40.43,44.42,38.01,38.97,39.25,38.55,45.35,93.86
23636,96.37,94.68,31.93,29.33,30.58,30.49,32.12,30.66,31.2,31.75,32.41,32.03,39.83,37.35,33.11,31.93,40.43,44.42,38.01,38.97,39.25,38.41,44.97,93.86
23654,91.47,93.86,37.09,29.41,30.58,30.49,32.12,30.66,30.93,31.84,32.51,32.12,39.68,37.22,33.11,31.84,40.58,44.42,38.01,38.97,39.39,38.41,45.16,94.68
23675,91.47,93.86,37.22,29.41,30.58,30.49,32.12,30.66,31.02,31.84,32.41,32.12,39.68,37.22,33.01,31.84,40.58,44.24,38.01,38.83,39.25,38.55,44.97,94.68
23695,91.47,93.86,38.27,29.33,30.58,30.49,32.22,30.66,31.02,31.84,32.51,32.12,39.83,37.35,33.11,31.84,40.58,44.42,38.01,38.97,39.25,38.41,43.7,93.86
23714,90.7,93.86,39.25,29.33,30.58,30.49,33.42,30.66,30.93,31.84,32.51,32.03,39.98,37.35,33.11,31.93,40.58,44.42,38.01,38.97,39.25,38.41,44.06,93.86
23734,90.7,93.86,31.38,29.41,30.58,30.49,32.12,30.66,31.02,31.84,32.41,32.12,39.83,37.35,33.11,31.93,40.58,44.42,38.01,38.97,39.25,38.41,44.06,93.86
23753,90.7,93.86,31.38,29.33,30.58,30.49,32.12,30.66,31.02,31.75,32.51,32.03,39.98,37.35,33.01,31.93,40.58,44.42,38.01,38.83,39.25,38.41,44.6,55.64
23773,89.95,93.05,31.29,29.33,30.58,30.49,32.12,30.66,31.02,31.84,32.51,32.12,39.83,37.35,33.01,31.93,40.58,44.97,38.01,38.97,39.25,38.41,44.97,57.72
23794,89.95,92.25,31.38,29.33,30.58,30.49,32.03,30.66,31.02,31.84,32.41,32.12,39.98,37.35,33.11,31.93,40.58,44.42,38.01,38.97,39.25,38.41,46.73,57.11
23812,89.95,92.25,31.38,29.33,30.58,30.49,32.03,30.66,31.02,31.84,32.51,32.12,39.98,37.35,33.01,31.93,40.58,44.42,38.01,38.97,39.25,38.41,45.93,63.49
23832,89.2,92.25,31.38,29.33,30.58,30.49,32.03,30.66,31.02,31.84,32.51,32.12,39.98,37.35,33.11,31.84,40.58,44.42,37.87,38.83,39.25,38.41,44.24,61.68
23851,89.2,92.25,31.38,29.33,30.58,30.49,32.03,30.66,30.93,31.84,32.51,32.12,39.98,37.35,33.01,31.84,40.58,44.42,38.01,38.97,39.25,38.41,44.42,79.95
23871,89.2,92.25,31.38,29.41,30.58,30.49,32.03,30.66,31.02,31.84,32.51,32.03,39.98,37.35,33.01,31.93,40.58,44.24,37.87,38.97,39.25,38.41,44.42,94.68
23890,89.2,93.05,31.38,29.41,30.58,30.49,32.12,30.66,31.02,31.84,32.51,32.03,39.83,37.35,33.11,31.84,40.58,44.42,38.01,38.97,39.25,38.41,44.24,94.68
23910,89.2,93.05,31.38,29.33,30.58,30.49,32.12,30.66,31.02,31.84,32.51,32.12,39.98,37.35,33.11,31.84,40.58,44.42,38.01,38.83,39.25,38.27,44.24,94.68
23931,89.95,93.05,31.38,29.33,30.58,30.49,32.12,30.66,31.02,31.84,32.51,32.12,43.35,37.35,33.11,31.93,40.58,44.24,38.01,38.83,39.25,38.27,44.24,56.81
23949,89.2,93.05,31.38,29.41,30.58,30.49,32.12,30.66,31.02,31.84,32.51,32.12,45.74,37.35,33.11,31.84,40.58,44.42,38.01,38.97,39.25,38.41,44.24,63.49
23970,89.95,92.25,31.38,29.33,30.58,30.49,32.12,30.66,31.02,31.84,32.51,32.03,45.93,37.35,33.11,31.93,40.58,44.42,38.01,38.97,39.25,38.41,44.42,70.55
23988,89.95,93.05,31.38,29.33,30.58,30.49,32.12,30.66,31.02,31.84,32.51,32.12,45.93,37.35,33.11,31.93,40.58,44.42,38.01,38.83,39.25,38.41,44.42,67.04
24009,89.2,93.05,31.38,29.33,30.49,30.49,32.12,30.66,31.02,31.84,32.51,32.12,45.93,37.35,33.11,31.84,40.58,44.42,38.01,38.97,39.25,38.41,44.42,66.63
24027,89.95,93.05,31.38,29.33,30.58,30.49,32.12,30.66,31.02,31.75,32.51,32.12,46.13,37.35,33.11,31.84,40.58,44.42,38.01,38.83,39.25,38.41,44.24,65.42
24048,89.95,92.25,31.38,29.33,30.58,30.49,32.22,30.66,31.02,31.84,32.51,32.12,46.13,37.35,33.11,31.93,40.58,44.42,38.01,38.97,39.25,38.41,44.42,66.22
24068,89.95,93.05,31.38,29.33,30.58,30.49,32.12,30.66,31.02,31.84,32.51,32.12,46.13,37.35,33.01,31.93,40.58,44.42,38.01,38.83,39.25,38.41,44.24,67.46
24086,90.7,93.05,31.38,29.33,30.58,30.49,32.12,30.66,31.02,31.84,32.51,32.12,46.13,37.35,33.11,31.93,40.58,44.42,38.01,38.97,39.25,38.41,44.06,73.43
24107,89.95,92.25,35.04,29.33,30.58,30.49,32.22,30.66,31.02,31.84,32.51,32.12,46.13,37.35,33.11,31.93,40.43,44.42,38.01,38.97,39.25,38.41,43.88,78.21
24125,89.95,93.05,36.46,29.33,30.58,30.49,32.22,30.66,31.02,31.84,32.51,32.03,46.13,37.35,33.11,31.93,40.58,44.6,38.01,38.97,39.25,38.41,43.52,84.32
24146,91.47,93.86,38.14,29.33,30.58,30.49,32.12,30.66,31.02,31.84,32.51,32.12,47.55,37.35,33.11,31.93,40.58,44.42,38.01,38.83,39.25,38.41,43.7,90.7
24166,92.25,93.86,39.54,29.33,30.58,30.49,32.22,30.66,31.02,31.84,32.51,32.12,39.83,37.22,33.01,31.93,40.58,44.42,38.01,38.97,39.25,38.41,43.7,93.05
24185,91.47,93.86,39.68,29.33,30.58,30.49,32.22,30.66,31.02,31.84,32.51,32.12,39.54,37.35,33.11,31.93,40.58,44.42,38.01,38.83,39.25,38.41,43.88,92.25
24205,91.47,93.86,39.25,29.33,30.58,30.49,32.22,30.66,31.02,31.84,32.41,32.03,39.83,37.22,33.01,31.93,40.58,44.42,38.01,38.83,39.25,38.27,44.06,92.25
24224,91.47,93.05,39.98,29.33,30.58,30.49,32.12,30.66,31.02,31.84,32.51,32.03,39.98,37.35,33.01,31.84,40.58,44.42,38.01,38.97,39.25,38.41,43.52,91.47
24244,95.52,93.86,39.83,29.33,30.58,30.4,32.12,30.66,31.02,31.84,32.41,32.03,39.98,37.35,33.01,31.84,40.58,44.42,38.01,38.97,39.25,38.41,43.7,93.05
24263,95.52,93.05,37.48,29.33,30.58,30.4,32.12,30.66,31.02,31.75,32.51,32.12,42.33,37.35,33.11,31.84,40.58,44.42,38.01,38.97,39.25,38.41,43.7,93.05
24283,94.68,93.86,37.09,29.33,30.58,30.49,32.12,30.66,30.93,31.84,32.51,32.12,43,37.35,33.01,31.93,40.43,44.42,38.01,38.97,39.25,38.41,43.35,93.86
24304,90.7,93.05,38.83,29.33,30.58,30.49,32.12,30.66,31.02,31.84,32.51,32.12,43.52,37.35,33.11,31.93,40.58,44.42,38.01,38.83,39.25,38.41,44.24,93.05
24324,90.7,93.05,39.11,29.33,30.58,30.49,32.12,30.66,30.93,31.84,32.51,32.12,42.83,37.35,33.11,31.93,40.58,44.42,38.01,38.83,39.25,38.41,44.79,93.86
24342,90.7,93.05,31.29,29.33,30.58,30.49,32.12,30.66,31.2,31.84,32.41,32.12,39.68,37.35,33.01,31.93,40.43,44.42,38.01,38.83,39.25,38.41,43.52,93.86
24363,90.7,93.05,31.2,29.33,30.58,30.49,32.12,30.66,30.93,31.84,32.41,32.12,39.98,37.22,33.11,31.93,40.58,44.42,38.01,38.83,39.25,38.41,43.35,93.86
24381,95.52,93.05,31.2,29.33,30.58,30.49,32.12,30.66,31.02,31.84,32.51,32.12,39.83,37.35,33.11,31.84,40.58,44.42,38.01,38.83,39.25,38.41,43.17,93.05
24402,90.7,93.05,31.2,29.33,30.58,30.49,32.12,30.66,31.02,31.93,32.51,32.12,39.68,37.22,33.01,31.93,40.58,44.42,38.01,38.83,39.25,38.41,43.52,93.86
24422,90.7,93.05,31.11,29.33,30.58,30.4,32.12,30.66,30.93,31.84,32.51,32.12,42.16,37.22,33.11,31.93,40.58,44.42,38.01,38.83,39.25,38.41,43.52,93.05
24441,93.05,93.86,31.2,29.33,30.58,30.4,32.03,30.66,31.02,31.84,32.51,32.03,39.83,37.35,33.11,31.93,40.58,45.93,38.01,38.83,39.25,38.41,43.35,93.05
24461,95.52,93.05,31.2,29.33,30.58,30.4,32.71,30.66,31.11,31.84,32.51,32.03,39.83,37.22,33.11,31.93,40.58,45.93,38.01,38.83,39.25,38.41,46.32,93.86
24480,95.52,93.05,31.38,29.33,30.49,30.4,33.52,30.66,31.02,31.93,32.51,32.12,39.83,37.22,33.11,31.93,40.43,45.93,38.01,38.83,39.25,38.41,46.13,93.86
24500,95.52,93.05,30.75,29.33,30.58,30.4,32.12,30.66,30.93,31.93,32.51,32.03,39.83,37.22,33.11,31.93,40.58,45.93,38.01,38.83,39.25,38.41,45.35,93.86
24519,95.52,93.05,30.75,29.33,30.58,30.4,32.12,30.66,30.93,31.84,32.51,32.12,39.83,37.22,33.11,31.93,40.58,45.93,38.01,38.83,39.25,38.41,43.88,93.86
24539,95.52,93.05,30.93,29.33,30.58,30.49,32.22,30.75,30.93,31.84,32.41,32.12,40.58,37.22,33.11,31.93,40.58,45.93,38.01,38.83,39.25,38.41,43.52,93.86
24560,95.52,93.05,30.75,29.33,30.58,30.49,32.22,30.66,30.93,31.84,32.51,32.12,39.68,37.22,33.11,31.93,40.43,45.93,38.01,38.83,39.25,38.41,44.24,93.86
24578,95.52,93.05,30.75,29.33,30.58,30.4,32.12,30.66,30.93,31.84,32.41,32.03,39.68,37.22,33.01,31.93,40.58,45.93,38.01,38.83,39.25,38.41,44.42,93.86
24598,96.37,93.86,30.75,29.33,30.58,30.4,32.12,30.75,30.93,31.84,32.51,32.03,39.83,37.22,33.11,31.93,40.58,46.13,37.87,38.83,39.25,38.41,45.93,94.68
24619,97.24,93.86,30.84,29.33,30.58,30.4,63.12,30.75,30.93,31.84,32.51,32.03,39.83,37.22,33.11,31.93,40.43,45.93,38.01,38.83,39.11,38.41,44.79,94.68
24637,97.24,94.68,30.93,29.33,30.58,30.4,60.98,30.75,30.93,31.84,32.51,32.03,39.68,37.22,33.11,31.93,40.58,45.93,38.01,38.83,39.25,38.55,45.93,94.68
24658,96.37,93.86,30.75,29.33,30.58,30.4,60.98,30.66,30.93,31.84,32.51,32.12,39.68,37.22,33.11,31.93,40.58,46.13,38.01,38.83,39.25,38.27,43.7,93.86
24678,95.52,93.86,30.84,29.33,30.58,30.49,34.82,30.66,30.93,31.84,32.51,32.12,39.83,37.35,33.11,31.93,40.58,45.93,38.01,38.83,39.25,38.41,44.24,94.68
24697,90.7,93.05,31.11,29.33,30.58,30.4,49.29,30.66,30.93,31.84,32.51,32.12,39.98,37.22,33.11,31.93,40.58,45.93,38.01,38.83,39.25,38.41,44.24,94.68
24717,91.47,93.05,31.2,29.33,30.58,30.4,60.98,30.75,30.93,31.84,32.51,32.12,39.98,37.22,33.11,31.93,40.58,45.93,37.87,38.83,39.25,38.41,47.34,93.86
24736,91.47,93.05,31.2,29.33,30.58,30.4,61.33,30.75,30.93,31.93,32.41,32.12,40.27,37.22,33.11,31.93,40.58,45.74,38.01,38.83,39.25,38.41,45.35,94.68
24756,95.52,93.86,31.2,29.33,30.58,30.4,61.33,30.66,30.93,31.84,32.51,32.12,40.12,37.22,33.11,31.93,40.58,45.54,38.01,38.83,39.25,38.41,53.97,94.68
24775,95.52,93.05,31.2,29.33,30.58,30.4,33.62,30.66,30.93,31.84,32.51,32.03,42.66,37.22,33.01,31.93,40.58,44.79,38.01,38.83,39.25,38.41,46.52,94.68
24795,95.52,93.86,31.2,29.33,30.58,30.4,33.73,30.66,30.93,31.84,32.41,32.12,42.49,37.22,33.11,31.93,40.58,44.79,37.87,38.83,39.25,38.41,44.24,93.86
24816,95.52,93.86,31.2,29.33,30.58,30.49,38.69,30.75,31.02,31.84,32.51,32.12,44.42,37.22,33.11,31.93,40.58,44.79,38.01,38.83,39.25,38.55,44.97,93.86
24834,95.52,93.86,36.46,29.33,30.58,30.49,53.97,30.75,31.2,31.93,32.51,32.12,42.83,37.22,33.01,31.93,40.43,44.6,38.01,38.83,39.25,38.41,44.24,93.86
24854,96.37,93.86,38.41,29.33,30.58,30.49,54.24,30.75,31.2,32.03,32.51,32.12,42.66,37.35,33.11,31.93,40.58,44.6,38.01,38.97,39.25,38.41,43,93.86
24873,90.7,93.86,38.97,29.33,30.58,30.49,50.67,30.66,31.2,32.03,32.41,32.12,39.98,37.22,33.11,31.93,40.43,44.6,38.01,38.83,39.25,38.41,43,93.86
24893,90.7,93.86,31.2,29.33,30.58,30.4,63.49,30.75,31.11,32.03,32.51,32.12,39.98,37.22,33.11,31.93,40.58,44.79,38.01,38.83,39.25,38.27,44.06,93.86
24914,89.95,93.86,31.2,29.33,30.58,30.49,53.43,30.66,31.02,32.03,32.51,32.03,40.12,37.22,33.11,31.93,40.58,44.6,38.01,38.83,39.25,38.41,44.79,94.68
24932,90.7,93.86,36.96,29.33,30.58,30.49,61.33,30.75,31.2,32.03,32.51,32.12,41.67,37.22,33.11,31.93,40.58,44.79,38.01,38.83,39.25,38.41,44.6,93.05
24953,89.95,93.86,38.83,29.33,30.58,30.49,33.62,30.66,31.2,32.03,32.51,32.03,45.54,37.22,33.01,31.93,40.58,44.79,37.87,38.83,39.25,38.27,43.7,93.86
24971,89.2,93.86,38.27,29.33,30.58,30.49,33.62,30.66,31.11,32.03,32.41,32.12,45.35,37.35,33.11,31.93,40.58,44.6,38.01,38.83,39.25,38.41,44.79,93.86
24992,89.2,93.05,31.2,29.33,30.58,30.49,33.62,30.66,30.93,32.03,32.41,32.03,45.35,37.22,33.01,31.93,40.58,44.42,38.01,38.83,39.25,38.41,43,93.86
25010,89.95,92.25,31.2,29.33,30.58,30.49,33.62,30.75,31.29,32.03,32.51,32.12,45.35,37.35,33.01,31.93,40.43,44.24,38.01,38.83,39.25,38.41,43,93.86
25031,87.75,91.47,31.2,29.33,30.58,30.4,33.62,30.75,31.29,32.03,32.41,32.12,45.35,37.22,33.11,31.93,40.43,44.42,38.01,38.83,39.25,38.41,42.83,93.86
25051,86.35,90.7,31.29,29.33,30.58,30.49,33.52,30.66,31.29,32.03,32.51,32.12,46.32,37.22,33.01,31.93,40.58,44.42,38.01,38.83,39.25,38.41,43,93.86
25069,86.35,89.95,31.2,29.33,30.58,30.4,33.52,30.66,31.29,32.03,32.51,32.03,46.32,37.22,33.01,31.93,40.58,44.42,38.01,38.83,39.25,38.41,43,93.86
25090,87.04,90.7,31.2,29.33,30.58,30.4,33.42,30.75,31.29,32.03,32.51,32.12,46.32,37.22,33.01,31.93,40.58,44.42,38.01,38.83,39.25,38.41,43.17,93.86
25108,86.35,90.7,31.2,29.33,30.58,30.4,33.52,30.66,31.29,32.03,32.51,32.12,46.32,37.35,33.11,31.93,40.58,44.79,38.01,38.97,39.25,38.41,43.17,93.86
25129,86.35,90.7,31.2,29.33,30.58,30.4,33.52,30.75,31.29,32.03,32.51,32.12,46.32,37.35,33.01,31.93,40.58,44.42,38.01,38.83,39.25,38.41,44.6,94.68
25147,87.04,90.7,31.29,29.33,30.58,30.49,33.62,30.75,31.29,32.03,32.51,32.12,46.32,37.22,33.01,31.93,40.58,44.42,38.01,38.83,39.25,38.41,43.17,95.52
25168,87.04,90.7,31.2,29.33,30.58,30.49,33.62,30.66,31.29,32.03,32.51,32.03,46.13,37.35,33.01,31.93,40.58,44.42,38.01,38.83,39.25,38.41,43,95.52
25188,87.04,90.7,31.2,29.33,30.58,30.49,33.62,30.75,31.29,32.03,32.51,32.12,46.32,37.22,33.01,31.93,40.58,44.42,38.01,38.83,39.25,38.41,43,94.68
25207,87.04,90.7,31.2,29.33,30.58,30.49,33.62,30.66,31.29,32.03,32.41,32.12,40.12,37.22,33.11,31.93,40.43,44.42,38.01,38.97,39.25,38.41,43,94.68
25227,86.35,90.7,32.71,29.33,30.58,30.49,33.62,30.75,31.29,32.12,32.41,32.12,40.12,37.22,33.11,31.93,40.58,44.24,37.87,38.83,39.11,38.41,43.17,94.68
25246,85.66,89.95,31.29,29.33,30.58,30.49,33.52,30.75,31.29,32.12,32.51,32.12,40.12,37.22,33.01,31.93,40.58,44.42,38.01,38.83,39.25,38.27,43.17,93.05
25266,85.66,89.2,31.29,29.33,30.58,30.49,32.22,30.66,31.29,32.12,32.51,32.03,40.12,37.22,33.11,31.93,40.58,44.42,38.01,38.97,39.25,38.41,43.35,93.86
25287,85.66,89.2,31.2,29.33,30.58,30.49,32.12,30.66,31.29,32.12,32.51,32.03,39.98,37.22,33.01,31.93,40.58,44.42,38.01,38.83,39.25,38.41,43.17,93.05
25305,84.99,89.95,31.2,29.33,30.58,30.49,32.12,30.66,31.29,32.03,32.51,32.12,40.12,37.35,33.11,31.93,40.58,44.42,38.01,38.97,39.25,38.41,43,93.86
25325,84.99,89.2,31.2,29.33,30.58,30.49,32.12,30.66,31.29,32.03,32.41,32.03,40.12,37.35,33.01,31.93,40.58,44.24,38.01,38.83,39.25,38.41,43.17,93.05
25344,84.99,89.2,31.2,29.33,30.58,30.49,32.12,30.66,31.29,32.12,32.51,32.12,40.12,37.35,33.11,31.93,40.58,44.42,38.01,38.83,39.25,38.41,43.52,94.68
25364,84.99,89.2,31.2,29.33,30.58,30.49,32.12,30.66,31.29,32.12,32.51,32.12,39.98,37.22,33.11,31.93,40.58,44.42,38.01,38.83,39.25,38.41,43,93.86
25383,84.32,89.2,31.2,29.33,30.58,30.49,32.12,30.66,31.2,32.12,32.51,32.03,45.16,37.35,33.01,31.93,40.58,44.42,38.01,38.83,39.25,38.41,43,93.86
25403,85.66,89.95,31.2,29.33,30.58,30.49,32.12,30.66,31.29,32.12,32.51,32.03,44.97,37.35,33.01,31.93,40.58,44.42,38.01,38.83,39.25,38.41,43.17,93.86
25424,85.66,89.95,31.2,29.33,30.58,30.4,32.12,30.66,31.02,32.03,32.51,32.12,44.97,37.22,33.01,31.93,40.43,44.42,38.01,38.83,39.25,38.41,43,93.86
25442,85.66,91.47,31.2,29.33,30.58,30.49,32.22,30.66,31.02,32.03,32.51,32.03,43.7,37.35,33.11,31.93,40.58,44.42,38.01,38.83,39.25,38.41,43.17,93.86
25463,86.35,90.7,31.2,29.33,30.58,30.49,32.12,30.66,30.93,31.93,32.51,32.12,41.84,37.22,33.01,31.93,40.58,44.42,38.01,38.83,39.25,38.41,43,93.86
25481,85.66,90.7,31.2,29.33,30.58,30.49,32.12,30.66,31.02,32.12,32.51,32.03,40.73,37.35,33.01,31.93,40.58,44.42,38.01,38.83,39.25,38.41,43,93.86
25502,86.35,90.7,31.2,29.33,30.58,30.4,32.22,30.66,31.02,32.12,32.51,32.12,39.98,37.35,33.11,31.93,40.58,44.42,38.01,38.97,39.25,38.41,43,93.86
25520,93.86,90.7,31.2,29.33,30.58,30.4,32.12,30.66,31.02,32.12,32.51,32.12,39.83,37.35,33.01,31.93,40.43,44.42,38.01,38.83,39.25,38.41,43,93.05
25541,86.35,91.47,31.2,29.33,30.58,30.4,32.12,30.66,31.02,31.93,32.51,32.12,40.27,37.35,33.01,31.93,40.58,44.42,38.01,38.97,39.25,38.27,43,93.86
25561,86.35,91.47,31.2,29.33,30.58,30.4,32.12,30.66,31.02,31.93,32.51,32.12,42.66,37.22,33.01,31.93,40.58,44.42,37.87,38.83,39.25,38.41,43,93.86
25579,86.35,90.7,31.2,29.33,30.58,30.49,32.12,30.66,31.02,31.93,32.51,32.12,39.83,37.22,33.01,31.93,40.43,44.42,38.01,38.97,39.25,38.41,43,93.86
25600,86.35,90.7,31.2,29.33,30.58,30.49,32.12,30.66,31.02,31.84,32.51,32.03,39.68,37.35,33.01,31.93,40.58,44.42,38.01,38.83,39.25,38.41,43.17,93.86
25618,93.86,91.47,31.02,29.41,30.49,30.4,32.12,30.66,31.02,31.93,32.51,32.12,39.83,37.22,33.01,31.93,40.58,44.42,37.87,38.97,39.25,38.41,43,94.68
25639,93.86,90.7,31.2,29.33,30.58,30.4,32.12,30.66,31.02,31.93,32.41,32.12,39.83,37.35,33.01,31.84,40.43,44.42,38.01,38.83,39.25,38.27,43,68.75
25659,93.05,89.95,31.11,29.33,30.49,30.4,32.03,30.66,31.02,31.93,32.51,32.12,39.83,37.35,33.01,31.93,40.58,44.42,38.01,38.83,39.25,38.41,43,74.95
25678,93.05,90.7,31.11,29.33,30.58,30.4,32.03,30.66,31.02,31.84,32.41,32.12,39.83,37.35,33.01,31.93,40.58,44.42,38.01,38.83,39.25,38.41,43,65.42
25698,93.05,89.95,31.2,29.33,30.58,30.4,32.03,30.66,31.02,31.93,32.51,32.12,39.83,37.35,33.01,31.93,40.58,44.6,38.01,38.97,39.25,38.27,43,57.72
25717,93.05,89.95,31.2,29.33,30.58,30.4,32.03,30.66,31.02,31.84,32.51,32.12,39.83,37.35,33.01,31.93,40.27,44.6,38.01,38.97,39.25,38.41,43,58.98
25737,93.05,90.7,31.2,29.33,30.58,30.4,32.12,30.66,31.02,31.93,32.51,32.12,39.83,37.22,33.01,31.93,40.58,44.42,38.01,38.83,39.25,38.41,43,63.87
25756,93.05,90.7,31.2,29.33,30.58,30.4,32.12,30.66,31.02,31.93,32.51,32.12,39.83,37.22,33.01,31.93,40.58,44.6,38.01,38.83,39.25,38.41,43,71.01
25776,93.05,90.7,31.2,29.33,30.49,30.4,32.03,30.66,31.02,31.93,32.51,32.03,39.83,37.22,33.01,31.93,40.58,44.6,38.01,38.97,39.25,38.41,43,86.35
25797,93.86,90.7,31.2,29.33,30.58,30.4,32.12,30.66,31.02,31.93,32.51,32.12,39.83,37.22,33.01,31.93,40.43,44.6,37.87,38.83,39.25,38.41,43,91.47
25815,93.86,90.7,31.2,29.33,30.58,30.4,32.12,30.66,31.02,31.84,32.41,32.12,39.83,37.22,33.01,31.84,40.58,44.6,38.01,38.83,39.25,38.41,43,93.05
25835,85.66,90.7,31.2,29.33,30.58,30.4,32.03,30.66,31.02,31.84,32.41,32.03,43.88,37.35,33.01,31.93,40.58,44.6,37.87,38.97,39.25,38.27,43,93.86
25854,93.05,90.7,31.2,29.33,30.58,30.4,31.93,30.66,31.02,31.93,32.51,32.12,42.16,37.22,33.01,31.93,40.58,44.6,37.87,38.97,39.25,38.41,43,94.68
25874,93.05,90.7,31.2,29.41,30.58,30.4,32.03,30.66,31.02,31.93,32.51,32.12,42.83,37.22,33.01,31.93,40.58,44.6,38.01,38.83,39.25,38.41,43,94.68
25893,92.25,89.95,31.2,29.33,30.49,30.4,32.03,30.66,31.02,31.93,32.51,32.12,44.97,37.22,33.01,31.93,40.43,44.6,37.87,38.97,39.25,38.27,43,94.68
25913,91.47,89.95,31.2,29.33,30.58,30.4,31.93,30.66,31.02,31.84,32.51,32.03,45.16,37.09,33.01,31.84,40.58,44.6,37.87,38.83,39.25,38.41,43,94.68
25934,92.25,89.95,31.2,29.33,30.58,30.4,32.03,30.66,31.02,31.93,32.51,32.12,41.04,37.22,33.01,31.93,40.58,44.6,37.87,38.83,39.25,38.41,43,94.68
25952,92.25,89.95,31.2,29.33,30.58,30.4,32.03,30.66,31.02,31.93,32.51,32.12,39.68,37.35,33.01,31.93,40.58,44.6,38.01,38.83,39.25,38.27,43,94.68
25973,91.47,89.2,31.2,29.33,30.58,30.4,32.03,30.66,31.02,31.84,32.41,32.12,39.98,37.35,33.01,31.84,40.58,44.79,37.87,38.97,39.25,38.41,43,94.68
25991,92.25,89.95,31.2,29.33,30.58,30.4,32.03,30.66,31.02,31.93,32.51,32.12,39.83,37.35,33.01,31.84,40.43,44.6,38.01,38.83,39.25,38.41,43,94.68
26012,92.25,89.95,31.2,29.33,30.58,30.4,31.93,30.66,30.93,31.93,32.51,32.03,39.98,37.09,33.01,31.93,40.58,44.42,37.87,38.97,39.25,38.27,42.83,94.68
26030,92.25,89.95,31.2,29.33,30.58,30.4,31.93,30.66,30.93,31.93,32.51,32.12,40.12,37.22,33.01,31.93,40.58,44.42,38.01,38.83,39.25,38.41,43,94.68
26050,92.25,89.2,31.2,29.33,30.58,30.4,31.93,30.66,30.93,31.93,32.41,32.03,41.2,37.22,33.11,31.93,40.43,44.42,37.87,38.83,39.25,38.41,43,94.68
26071,92.25,89.2,31.11,29.33,30.58,30.4,32.03,30.66,30.93,31.93,32.51,32.12,39.98,37.35,33.01,31.93,40.58,44.42,38.01,38.83,39.25,38.41,43,94.68
26089,92.25,89.2,31.2,29.33,30.58,30.4,32.03,30.66,31.02,31.93,32.51,32.03,39.98,36.84,33.01,31.93,40.43,44.42,38.01,38.83,39.25,38.41,43,93.86
26110,92.25,89.2,31.2,29.33,30.58,30.4,32.32,30.66,30.93,31.93,32.51,32.12,39.98,36.84,33.01,31.93,40.58,44.42,37.87,38.97,39.25,38.41,43,93.86
26128,92.25,89.2,31.2,29.33,30.58,30.4,32.12,30.66,31.11,31.93,32.51,32.12,39.98,36.84,33.01,31.93,40.58,44.6,38.01,38.83,39.25,38.41,43,93.86
26149,92.25,89.95,31.2,29.33,30.58,30.4,32.12,30.66,31.02,31.93,32.51,32.12,39.83,36.84,33.01,31.93,40.43,44.6,38.01,38.83,39.25,38.41,43,93.86
26167,85.66,89.2,31.11,29.33,30.49,30.4,32.22,30.66,31.02,31.93,32.51,32.12,39.83,36.84,33.01,31.93,40.58,44.6,37.87,38.83,39.25,38.41,43,93.86
26188,86.35,90.7,31.11,29.33,30.58,30.4,32.12,30.66,31.2,31.93,32.41,32.12,39.83,36.96,33.11,31.93,40.58,44.6,37.74,38.83,39.25,38.41,43,93.86
26208,87.75,91.47,31.2,29.33,30.58,30.4,32.03,30.66,30.93,31.84,32.51,32.03,39.68,36.84,33.11,31.93,40.43,44.42,38.01,38.83,39.25,38.41,43.17,93.86
26227,93.86,92.25,31.2,29.33,30.58,30.4,32.03,30.66,31.02,31.84,32.51,32.12,39.68,36.84,33.11,31.93,40.58,44.42,38.01,38.83,39.25,38.41,43,93.86
26247,93.86,93.05,31.2,29.33,30.58,30.4,32.03,30.66,30.93,31.84,32.51,32.12,39.54,36.84,33.11,31.93,40.58,44.42,38.01,38.83,39.25,38.41,42.83,93.05
26266,94.68,93.86,33.21,29.33,30.58,30.4,32.81,30.66,31.11,31.84,32.51,32.12,39.54,36.84,33.11,31.93,40.58,44.42,38.01,38.83,39.25,38.41,42.83,92.25
26286,93.05,94.68,31.2,29.33,30.49,30.32,32.12,30.66,30.93,31.84,32.51,32.12,39.68,36.84,33.11,31.93,40.58,44.42,37.87,38.83,39.25,38.41,43,92.25
26304,95.52,94.68,31.2,29.33,30.49,30.32,32.81,30.75,30.84,31.84,32.51,32.03,39.68,36.84,33.11,31.93,40.58,44.42,38.01,38.83,39.25,38.41,43,93.86
26325,96.37,94.68,31.29,29.33,30.49,30.4,32.81,30.66,30.93,31.84,32.41,32.12,39.68,36.84,33.21,31.93,40.58,44.42,38.01,38.83,39.25,38.41,43,93.86
26345,96.37,94.68,31.2,29.33,30.58,30.4,32.81,30.66,31.02,31.84,32.41,32.12,39.68,36.84,33.21,31.93,40.58,44.42,38.01,38.83,39.25,38.41,43,93.86
26364,92.25,94.68,31.75,29.33,30.58,30.4,32.81,30.75,30.93,31.84,32.51,32.03,39.83,36.84,33.11,31.93,40.43,44.42,38.01,38.83,39.25,38.41,43,93.86
26384,92.25,94.68,30.93,29.33,30.58,30.4,32.81,30.75,31.2,31.84,32.41,32.12,39.68,36.84,33.11,31.93,40.58,44.42,38.01,38.83,39.25,38.41,43,93.05
26403,93.05,94.68,30.93,29.33,30.58,30.4,32.81,30.75,31.2,31.84,32.51,32.12,39.68,36.84,33.11,31.93,40.58,44.42,38.01,38.83,39.25,38.41,43,93.86
26423,93.05,95.52,30.84,29.33,30.58,30.4,32.71,30.75,31.2,31.84,32.51,32.03,39.68,36.84,33.21,31.93,40.58,44.42,38.01,38.83,39.25,38.41,43.17,93.86
26442,93.86,95.52,30.84,29.33,30.58,30.4,32.71,30.75,31.2,31.84,32.51,32.03,39.68,36.84,33.21,31.93,40.58,44.42,38.01,38.83,39.25,38.41,43,93.86
26462,93.86,96.37,31.2,29.33,30.58,30.49,32.71,30.75,31.2,31.84,32.41,32.03,39.83,36.84,33.21,31.93,40.58,44.42,38.01,38.83,39.25,38.41,43,93.86
26483,93.86,95.52,30.84,29.33,30.58,30.4,32.71,30.75,31.2,31.93,32.51,32.03,39.68,36.84,33.11,31.93,40.43,44.42,38.01,38.83,39.25,38.41,43,93.86
26501,93.86,95.52,30.93,29.33,30.58,30.4,44.97,30.75,31.2,31.84,32.51,32.03,40.27,36.84,33.21,31.93,40.58,44.24,38.01,38.83,39.25,38.41,43,93.86
26522,93.05,95.52,30.93,29.33,30.58,30.4,32.91,30.75,31.2,31.84,32.51,32.12,39.83,36.84,33.21,31.93,40.27,44.42,38.01,38.83,39.25,38.41,43.17,93.86
26540,97.24,95.52,30.93,29.33,30.58,30.49,32.91,30.75,31.2,31.84,32.41,32.03,39.68,36.84,33.21,31.93,40.43,44.42,38.01,38.83,39.25,38.55,43,93.86
26560,93.86,97.24,31.47,29.33,30.58,30.49,32.81,30.75,31.2,31.84,32.51,32.12,39.68,36.84,33.21,31.93,40.58,44.42,38.01,38.83,39.25,38.41,43.17,93.86
26581,99.02,99.02,33.73,29.33,30.58,30.49,32.71,30.75,31.2,32.03,32.51,32.12,41.2,36.84,33.21,31.93,40.58,44.42,38.01,38.83,39.25,38.41,43,93.86
26599,99.94,99.94,38.41,29.33,30.58,30.58,32.81,30.75,31.02,32.03,32.51,32.03,40.43,36.84,33.21,31.93,40.43,44.42,37.87,38.83,39.25,38.41,43,93.86
26620,99.94,99.94,32.41,29.41,30.58,30.58,32.81,30.75,31.2,31.93,32.51,32.03,40.58,36.84,33.21,31.93,40.58,44.42,38.01,38.83,39.25,38.41,43.17,93.86
26638,96.37,100.87,31.38,29.41,30.58,30.58,33.01,30.75,31.2,31.93,32.51,32.03,40.43,36.84,33.21,31.93,40.58,44.42,38.01,38.83,39.25,38.41,43.17,93.86
26659,99.02,100.87,31.38,29.33,30.58,30.58,32.81,30.75,31.11,32.03,32.51,32.03,65.81,36.84,33.21,31.93,40.43,44.42,38.01,38.83,39.25,38.55,43,93.05
26677,99.02,100.87,31.38,29.33,30.58,30.58,32.81,30.75,31.11,32.03,32.51,32.12,43,36.84,33.21,31.93,40.27,44.42,38.01,38.83,39.25,38.41,43.17,93.86
26698,95.52,100.87,31.38,29.33,30.58,30.58,32.91,30.75,31.11,31.93,32.51,32.12,42.66,36.84,33.21,31.93,40.43,44.42,38.01,38.69,39.25,38.41,43,93.05
26718,95.52,100.87,31.38,29.33,30.58,30.66,32.91,30.66,31.11,32.03,32.51,32.12,39.98,36.84,33.21,31.93,40.58,44.42,38.01,38.83,39.25,38.41,43.17,93.86
26737,95.52,100.87,31.47,29.33,30.58,30.58,32.91,30.66,31.11,31.93,32.51,32.12,39.83,36.84,33.21,31.93,40.58,44.42,38.01,38.83,39.25,38.41,43.17,93.86
26757,95.52,100.87,31.75,29.41,30.58,30.58,32.91,30.75,31.11,32.03,32.51,32.12,39.68,36.84,33.11,31.93,40.58,44.42,38.01,38.83,39.25,38.41,43,93.86
26775,99.02,100.87,32.03,29.41,30.58,30.66,32.91,30.75,31.2,31.93,32.41,32.12,39.83,36.84,33.21,31.93,40.43,44.42,38.01,38.83,39.25,38.41,43,93.86
26796,99.94,101.83,30.93,29.41,30.58,30.58,32.91,30.75,31.2,31.93,32.51,32.12,39.83,36.96,33.21,31.93,40.43,44.42,38.01,38.83,39.25,38.55,43,93.05
26814,100.87,100.87,31.47,29.41,30.58,30.58,32.91,30.75,31.11,31.93,32.41,32.12,39.83,36.84,33.21,31.93,40.58,44.42,38.01,38.83,39.25,38.55,43,93.86
26835,97.24,100.87,31.38,29.41,30.58,30.66,32.91,30.75,31.11,31.93,32.51,32.12,41.35,36.84,33.21,31.93,40.58,44.42,38.01,38.83,39.25,38.41,43.17,93.86
26855,97.24,100.87,31.84,29.33,30.58,30.58,32.91,30.75,31.2,31.93,32.51,32.12,45.93,36.84,33.21,31.93,40.43,44.42,38.01,38.83,39.25,38.41,43.17,93.86
26874,96.37,100.87,31.47,29.41,30.58,30.66,32.91,30.75,31.2,31.93,32.51,32.12,39.68,36.96,33.21,31.93,40.58,44.42,38.01,38.83,39.25,38.41,43,93.86
26894,97.24,100.87,31.38,29.41,30.58,30.58,32.91,30.75,31.2,31.93,32.51,32.03,39.83,36.96,33.21,31.93,40.43,44.42,38.01,38.83,39.25,38.41,43.17,93.86
26913,97.24,100.87,31.38,29.41,30.58,30.58,32.91,30.75,31.2,31.93,32.51,32.03,39.83,36.96,33.21,31.93,40.43,44.42,38.01,38.83,39.25,38.41,43.17,93.86
26933,97.24,100.87,31.38,29.33,30.58,30.58,32.91,30.75,31.2,31.93,32.41,32.03,39.83,36.96,33.21,31.93,40.43,44.42,38.01,38.83,39.25,38.55,43,93.86
26954,97.24,100.87,31.38,29.41,30.58,30.58,32.91,30.75,31.2,31.93,32.51,32.12,39.83,36.84,33.11,31.93,40.43,44.42,38.01,38.83,39.25,38.41,43.17,94.68
26972,97.24,101.83,31.38,29.41,30.58,30.58,65.42,30.75,31.2,31.93,32.51,32.12,39.83,36.84,33.11,31.93,40.58,44.42,38.01,38.97,39.25,38.55,43,93.86
26993,97.24,101.83,31.38,29.33,30.58,30.58,32.91,30.75,31.2,31.93,32.41,32.12,44.6,36.84,33.21,31.93,40.58,44.42,38.01,38.83,39.25,38.41,43,93.86
27011,98.12,100.87,31.47,29.41,30.58,30.58,64.63,30.75,31.2,31.93,32.51,32.03,39.83,36.84,33.11,31.93,40.58,44.42,38.01,38.83,39.25,38.41,43,93.05
27031,96.37,101.83,31.11,29.41,30.58,30.58,61.33,30.75,31.2,31.93,32.51,32.03,40.12,36.84,33.21,31.93,40.58,44.42,38.01,38.83,39.25,38.41,43.17,93.86
27050,97.24,100.87,31.2,29.41,30.58,30.58,53.43,30.75,31.2,31.93,32.51,32.12,39.68,36.84,33.21,31.93,40.58,44.42,38.14,38.97,39.25,38.55,43.17,93.86
27070,96.37,101.83,30.93,29.33,30.58,30.58,40.27,30.75,31.2,31.93,32.51,32.12,39.68,36.84,33.21,31.93,40.58,44.42,38.01,38.83,39.25,38.41,43.17,93.86
27091,94.68,100.87,30.93,29.41,30.58,30.58,32.91,30.75,31.02,31.93,32.51,32.03,39.54,36.84,33.21,31.93,40.58,44.42,38.01,38.83,39.25,38.41,43.17,93.86
27111,94.68,99.94,30.93,29.33,30.58,30.66,40.27,30.75,31.02,31.93,32.51,32.12,39.68,36.84,33.11,31.93,40.58,44.24,38.01,38.83,39.25,38.55,43.17,93.86
27130,95.52,100.87,31.02,29.41,30.58,30.58,50.2,30.75,31.02,31.93,32.41,32.03,39.68,36.71,33.21,31.93,40.58,44.42,38.01,38.83,39.25,38.55,43.17,93.86
27150,95.52,100.87,31.38,29.33,30.58,30.58,47.76,30.75,31.2,31.93,32.41,32.03,39.54,36.84,33.11,31.93,40.58,44.42,38.01,38.83,39.25,38.55,43.17,93.86
27169,95.52,100.87,31.38,29.33,30.58,30.58,44.06,30.75,31.02,31.93,32.51,32.12,39.68,36.71,33.21,31.93,40.58,44.42,38.01,38.83,39.39,38.55,43.17,94.68
27189,95.52,100.87,30.93,29.33,30.58,30.58,33.01,30.75,31.02,31.93,32.51,32.03,39.68,36.84,33.21,31.93,40.43,44.6,38.14,38.97,39.25,38.55,43.17,93.86
27210,95.52,100.87,31.38,29.41,30.58,30.58,32.91,30.75,31.2,32.03,32.51,32.12,39.68,36.84,33.11,31.93,40.58,44.6,38.14,38.97,39.25,38.55,43.17,93.86
27228,95.52,100.87,31.56,29.41,30.58,30.58,32.91,30.75,31.2,32.03,32.51,32.12,39.83,36.84,33.21,31.93,40.73,44.42,38.14,38.83,39.25,38.55,43.17,93.86
27249,97.24,100.87,31.47,29.33,30.58,30.58,32.91,30.75,31.2,32.03,32.51,32.03,39.83,36.84,33.21,31.93,40.58,44.42,38.14,38.83,39.25,38.41,43.17,93.05
27267,97.24,99.94,31.38,29.33,30.58,30.58,32.91,30.75,31.2,32.03,32.51,32.03,39.83,36.84,33.21,31.93,40.58,44.42,38.14,38.83,39.25,38.55,43.17,94.68
27287,96.37,100.87,31.38,29.41,30.58,30.58,32.91,30.75,31.02,32.03,32.51,32.12,39.83,36.84,33.21,31.93,40.58,44.42,38.01,38.83,39.25,38.55,43,93.86
27306,95.52,99.94,31.47,29.33,30.58,30.58,32.91,30.75,31.02,32.03,32.51,32.12,39.83,36.71,33.21,31.93,40.58,44.24,38.14,38.83,39.25,38.55,43.17,93.86
27326,95.52,99.94,31.38,29.33,30.58,30.58,32.91,30.75,31.02,32.03,32.51,32.03,39.68,36.84,33.21,31.93,40.58,44.42,38.01,38.83,39.25,38.41,43.17,93.86
27347,95.52,99.94,31.38,29.41,30.58,30.58,32.91,30.75,31.2,32.03,32.51,32.12,39.68,36.84,33.21,31.93,40.58,44.24,38.14,38.83,39.25,38.41,43,93.86
27365,95.52,99.94,31.38,29.33,30.58,30.58,32.22,30.75,31.2,32.03,32.51,32.12,39.68,36.84,33.21,31.93,40.58,44.24,38.14,38.83,39.25,38.41,43.17,93.86
27386,95.52,99.94,31.38,29.41,30.58,30.58,32.22,30.75,31.2,31.93,32.51,32.12,39.68,36.84,33.21,31.93,40.58,44.24,38.01,38.97,39.25,38.41,43.17,93.86
27404,95.52,99.02,31.38,29.41,30.58,30.58,32.22,30.75,31.2,31.93,32.51,32.03,39.68,36.96,33.21,31.93,40.58,44.24,38.14,38.83,39.25,38.41,43.17,62.39
27425,94.68,99.02,32.22,29.33,30.58,30.58,32.22,30.75,31.11,31.93,32.51,32.12,39.68,36.84,33.11,31.93,40.58,44.42,38.01,38.83,39.25,38.55,43.17,93.05
27445,95.52,99.02,32.32,29.41,30.58,30.58,32.22,30.75,31.29,32.03,32.51,32.12,39.68,36.84,33.21,31.93,40.43,44.24,38.14,38.83,39.25,38.55,43.17,93.86
27466,95.52,99.02,32.22,29.33,30.58,30.58,32.12,30.75,31.29,31.93,32.51,32.03,39.68,36.84,33.11,31.93,40.58,44.42,38.14,38.97,39.39,38.55,43.17,93.86
27484,95.52,99.02,31.56,29.33,30.58,30.58,32.12,30.75,31.29,32.03,32.51,32.12,39.68,36.84,33.11,31.93,40.58,44.42,38.14,38.83,39.39,38.41,43.17,81.77
27505,94.68,99.94,31.47,29.33,30.58,30.58,32.12,30.75,31.29,32.03,32.51,32.12,39.68,36.96,33.11,31.93,40.58,44.42,38.14,38.97,39.39,38.55,43.17,93.86
27523,95.52,99.02,31.38,29.33,30.58,30.58,32.12,30.75,31.29,32.03,32.51,32.12,39.54,36.84,33.11,31.93,40.58,44.42,38.01,38.83,39.25,38.55,43.17,93.86
27543,95.52,99.02,31.75,29.41,30.58,30.58,32.22,30.75,31.29,32.03,32.51,32.03,39.83,36.84,33.11,31.93,40.58,44.42,38.14,38.97,39.25,38.41,43.17,93.86
27562,95.52,99.02,30.93,29.41,30.58,30.58,32.12,30.75,31.29,32.03,32.51,32.12,39.83,36.96,33.21,31.93,40.58,44.42,38.01,38.97,39.25,38.41,43.35,93.86
27582,95.52,99.94,31.02,29.41,30.58,30.58,32.12,30.75,31.29,32.03,32.51,32.12,39.83,36.96,33.11,31.93,40.58,44.42,38.14,38.97,39.25,38.41,43.17,93.86
27603,94.68,99.94,31.02,29.41,30.58,30.58,32.12,30.66,31.02,31.93,32.51,32.12,39.83,36.96,33.11,31.93,40.58,44.24,38.01,38.83,39.25,38.41,43.17,69.19
27621,94.68,99.02,31.02,29.33,30.58,30.58,32.22,30.66,31.02,32.03,32.51,32.03,39.83,36.96,33.11,31.93,40.73,44.42,38.01,38.83,39.39,38.41,43.35,58.34
27642,94.68,99.94,31.02,29.33,30.58,30.58,32.22,30.66,31.02,31.93,32.51,32.12,39.83,36.84,33.11,31.93,40.58,44.42,38.01,38.83,39.39,38.41,43.17,93.05
27660,95.52,99.94,30.93,29.41,30.58,30.58,32.22,30.66,31.02,31.93,32.51,32.12,39.83,36.96,33.11,31.93,40.73,44.6,38.14,38.97,39.39,38.27,43.35,58.03
27681,94.68,99.94,31.02,29.33,30.58,30.58,32.12,30.66,31.02,31.93,32.51,32.12,39.68,36.96,33.11,31.84,40.58,44.42,38.14,38.97,39.25,38.41,43.17,57.11
27699,94.68,99.94,31.02,29.41,30.58,30.58,32.12,30.66,31.02,31.93,32.51,32.12,39.83,36.96,33.11,31.93,40.58,44.42,38.01,38.83,39.25,38.27,43.17,60.3
27720,94.68,99.94,31.02,29.41,30.58,30.58,32.22,30.66,31.02,32.03,32.51,32.12,39.68,36.96,33.11,31.84,40.73,44.42,38.01,38.97,39.39,38.41,43.17,56.22
27740,94.68,99.94,31.02,29.41,30.58,30.58,32.22,30.66,31.02,31.93,32.51,32.12,39.68,36.96,33.11,31.84,40.58,44.42,38.14,38.97,39.39,38.41,43.17,54.79
27759,94.68,99.94,31.02,29.41,30.58,30.58,32.22,30.66,31.02,32.03,32.51,32.12,39.68,36.96,33.11,31.84,40.58,44.42,38.01,38.83,39.39,38.41,43.17,54.79
27779,94.68,99.94,31.11,29.41,30.58,30.58,32.22,30.66,31.02,32.03,32.51,32.12,39.68,36.96,33.11,31.84,40.58,44.42,38.01,38.83,39.39,38.41,43.17,55.64
27797,94.68,99.94,31.11,29.41,30.58,30.58,32.22,30.75,31.11,31.93,32.51,32.12,39.83,36.84,33.11,31.84,40.58,44.42,38.14,38.97,39.25,38.41,43.17,54.51
27818,93.86,99.94,31.11,29.33,30.58,30.58,32.22,30.66,31.02,31.93,32.51,32.12,39.83,36.84,33.11,31.93,40.58,44.24,38.01,38.97,39.39,38.41,43.35,55.92
27836,95.52,99.94,31.11,29.41,30.58,30.58,32.22,30.75,31.11,32.03,32.51,32.12,39.68,36.84,33.11,31.93,40.58,44.42,38.01,38.83,39.39,38.41,43.17,55.64
27857,94.68,99.94,31.11,29.33,30.58,30.58,32.22,30.75,31.11,31.93,32.51,32.12,39.83,36.84,33.11,31.84,40.73,44.42,38.01,38.83,39.39,38.41,43.17,56.81
27877,94.68,99.94,31.11,29.33,30.58,30.58,32.22,30.75,31.11,31.93,32.51,32.12,39.68,36.96,33.11,31.84,40.58,44.24,38.01,38.97,39.39,38.41,43.35,55.92
27896,94.68,99.94,31.11,29.33,30.58,30.49,32.22,30.66,31.11,32.03,32.51,32.12,39.68,36.96,33.11,31.93,40.73,44.42,38.14,38.83,39.39,38.41,43.35,53.43
27916,94.68,99.02,31.02,29.33,30.58,30.49,32.22,30.75,31.11,31.93,32.51,32.12,39.83,36.84,33.11,31.93,40.58,44.42,38.01,38.83,39.25,38.41,43.17,53.7
27935,94.68,99.94,31.02,29.33,30.58,30.58,32.22,30.75,31.29,31.93,32.51,32.12,65.02,36.84,33.11,31.84,40.58,44.42,38.14,38.83,39.39,38.41,43.17,53.97
27955,95.52,99.94,31.02,29.33,30.58,30.49,32.22,30.66,31.29,31.93,32.51,32.12,63.49,36.84,33.11,31.93,40.58,44.42,38.01,38.97,39.39,38.41,43.17,53.17
27976,94.68,99.94,31.02,29.33,30.58,30.58,32.12,30.66,31.29,31.93,32.51,32.12,39.54,36.84,33.11,31.93,40.58,44.6,38.14,38.97,39.39,38.41,43.17,53.17
27996,93.86,99.02,30.93,29.41,30.58,30.58,32.71,30.66,31.29,32.03,32.51,32.12,39.54,36.84,33.11,31.93,40.58,44.42,38.14,38.97,39.39,38.41,43,53.97
28015,94.68,99.02,31.02,29.33,30.58,30.49,32.51,30.75,31.29,32.03,32.51,32.12,39.68,36.96,33.11,31.84,40.58,44.42,38.01,38.97,39.39,38.41,43.17,54.24
28035,94.68,99.02,30.84,29.33,30.58,30.49,32.41,30.66,31.29,32.03,32.51,32.12,39.54,36.84,33.11,31.93,40.73,44.42,38.01,38.97,39.39,38.41,43,54.24
28053,93.86,99.94,31.02,29.33,30.58,30.49,32.61,30.66,31.29,32.03,32.51,32.12,39.68,36.84,33.11,31.84,40.73,44.42,38.01,38.83,39.39,38.41,43,53.43
28074,94.68,99.02,30.93,29.33,30.58,30.58,32.81,30.66,31.29,31.93,32.51,32.03,45.74,36.84,33.11,31.84,40.58,44.24,38.01,38.83,39.25,38.41,43.17,53.97
28092,93.86,99.02,31.02,29.33,30.58,30.58,32.91,30.75,31.29,32.03,32.51,32.12,39.54,36.84,33.11,31.93,40.58,44.6,38.01,38.97,39.39,38.41,43.17,51.89
28113,93.86,99.02,31.11,29.33,30.58,30.58,32.71,30.66,31.29,32.03,32.51,32.12,39.68,36.84,33.11,31.84,40.73,44.42,38.01,38.83,39.39,38.41,43.17,52.65
28133,93.86,99.02,31.02,29.33,30.58,30.49,32.12,30.66,31.29,31.93,32.51,32.12,39.68,36.96,33.11,31.93,40.58,44.42,38.01,38.97,39.25,38.41,43.17,55.35
28152,93.86,99.02,31.56,29.33,30.58,30.49,32.12,30.66,31.29,31.93,32.51,32.12,39.68,36.84,33.11,31.93,40.58,44.6,38.01,38.97,39.39,38.41,43.17,55.35
28172,93.86,99.02,31.02,29.33,30.58,30.49,32.22,30.75,31.29,31.93,32.51,32.12,39.68,36.84,33.11,31.84,40.58,44.6,38.01,38.83,39.25,38.55,43.17,51.15
28191,93.05,99.02,30.93,29.33,30.58,30.49,32.22,30.66,31.29,31.93,32.51,32.12,39.68,36.84,33.11,31.84,40.73,44.6,38.01,38.83,39.25,38.27,43.17,49.51
28211,93.86,98.12,30.93,29.33,30.58,30.49,32.12,30.66,31.29,31.93,32.51,32.12,39.68,36.84,33.11,31.93,40.58,44.42,38.01,38.97,39.25,38.41,43.17,52.14
28232,93.86,99.02,30.93,29.33,30.58,30.49,32.12,30.66,31.2,31.93,32.51,32.12,39.68,36.84,33.11,31.84,40.58,44.42,38.01,38.83,39.39,38.41,43,50.44
28252,93.86,98.12,31.02,29.33,30.58,30.58,32.12,30.75,31.2,31.93,32.51,32.12,39.68,36.84,33.11,31.93,40.58,44.42,38.01,38.97,39.25,38.41,43,49.97
28271,93.05,98.12,31.38,29.33,30.58,30.58,32.71,30.66,31.2,31.93,32.51,32.12,39.68,36.84,33.11,31.93,40.43,44.42,37.87,38.83,39.39,38.41,43,49.97
28291,93.86,98.12,31.38,29.33,30.58,30.58,32.22,30.75,31.2,31.93,32.51,32.12,39.54,36.84,33.11,31.93,40.58,44.42,38.01,38.83,39.39,38.41,43,55.64
28309,93.86,98.12,31.38,29.33,30.58,30.58,32.22,30.66,31.11,31.93,32.51,32.12,39.68,36.84,33.11,31.93,40.58,44.42,38.01,38.83,39.39,38.41,43,55.92
28330,93.86,98.12,31.38,29.33,30.58,30.58,59.31,30.66,31.2,31.93,32.51,32.12,39.68,36.84,33.11,31.93,40.73,44.42,38.01,38.83,39.39,38.41,43,55.35
28350,100.87,99.02,31.38,29.33,30.58,30.58,32.51,30.75,31.2,31.93,32.51,32.12,39.68,36.84,33.11,31.93,40.58,44.42,38.01,38.83,39.39,38.41,43,57.72
28369,100.87,99.02,31.38,29.33,30.58,30.49,32.61,30.75,31.2,31.93,32.51,32.03,39.68,36.84,33.21,31.84,40.58,44.42,38.01,38.97,39.25,38.41,43,58.98
28389,100.87,99.02,32.22,29.33,30.58,30.49,32.81,30.66,31.2,32.03,32.51,32.03,39.68,36.84,33.11,31.93,40.43,44.42,38.01,38.83,39.39,38.27,43,63.87
28408,100.87,99.02,32.32,29.33,30.58,30.49,32.81,30.75,31.2,32.03,32.51,32.12,39.68,36.84,33.11,31.93,40.58,44.42,38.01,38.97,39.25,38.41,43,65.42
28428,100.87,99.02,32.22,29.33,30.58,30.49,32.81,30.66,31.11,31.93,32.51,32.12,39.68,36.84,33.11,31.93,40.58,44.42,38.01,38.83,39.25,38.41,43,65.42
28447,99.94,99.02,32.22,29.33,30.58,30.49,32.91,30.75,31.2,31.93,32.51,32.12,39.68,36.84,33.21,31.84,40.58,44.42,38.01,38.83,39.25,38.41,43,67.46
28467,99.94,99.02,31.02,29.33,30.58,30.58,32.12,30.66,31.02,31.93,32.51,32.03,39.68,36.84,33.21,31.93,40.58,44.42,38.01,38.83,39.25,38.41,43,68.31
28488,99.94,97.24,30.93,29.33,30.58,30.49,32.22,30.75,31.02,32.03,32.51,32.12,39.68,36.84,33.21,31.93,40.58,44.42,38.01,38.83,39.25,38.41,43,89.2
28506,99.94,98.12,31.11,29.33,30.58,30.58,32.12,30.75,30.93,32.03,32.51,32.12,39.68,36.84,33.21,31.93,40.58,44.42,37.87,38.83,39.25,38.41,43,69.64
28527,99.94,98.12,31.38,29.41,30.58,30.58,32.12,30.75,31.2,31.93,32.51,32.12,39.68,36.84,33.21,31.84,40.58,44.42,38.01,38.83,39.25,38.41,43.17,74.95
28545,99.02,98.12,31.29,29.33,30.58,30.58,32.12,30.75,31.2,31.93,32.51,32.12,39.54,36.84,33.11,31.93,40.58,44.42,38.01,38.83,39.25,38.41,43,73.43
28565,99.94,98.12,31.29,29.33,30.58,30.58,32.22,30.75,31.02,31.93,32.51,32.12,39.68,36.84,33.11,31.93,40.58,44.42,38.01,38.83,39.25,38.41,43.52,87.75
28584,99.94,98.12,31.38,29.33,30.58,30.58,32.81,30.66,30.93,31.93,32.51,32.12,39.68,36.84,33.11,31.93,40.43,44.42,37.87,38.83,39.25,38.55,43.7,92.25
28604,100.87,98.12,31.75,29.33,30.58,30.58,33.01,30.75,31.02,31.93,32.51,32.12,39.68,36.84,33.11,31.93,40.58,44.42,38.01,38.69,39.25,38.41,43.7,93.05
28625,99.94,98.12,31.75,29.33,30.58,30.58,32.22,30.75,31.02,31.93,32.51,32.12,39.68,36.84,33.11,31.93,40.58,44.42,38.01,38.83,39.25,38.41,43.7,93.05
28643,100.87,98.12,31.65,29.33,30.58,30.49,32.22,30.75,31.02,32.03,32.51,32.03,39.68,36.84,33.11,31.93,40.58,44.42,38.01,38.83,39.25,38.41,43.35,93.86
28664,99.94,98.12,31.11,29.33,30.58,30.58,32.22,30.75,31.2,32.03,32.41,32.12,39.68,36.84,33.11,31.93,40.58,44.42,37.87,38.83,39.25,38.41,43.52,93.86
28684,99.94,97.24,31.75,29.33,30.58,30.58,49.06,30.75,31.2,32.03,32.51,32.12,39.68,36.84,33.11,31.93,40.58,44.42,37.87,38.83,39.25,38.41,43.52,93.86
28703,99.02,97.24,37.09,29.33,30.58,30.49,33.73,30.75,31.2,31.93,32.51,32.12,39.68,36.84,33.11,31.93,40.58,44.42,38.01,38.97,39.25,38.41,43.88,93.86
28723,99.02,98.12,31.38,29.33,30.58,30.58,32.12,30.66,31.29,31.93,32.51,32.12,39.68,36.84,33.11,31.93,40.58,44.42,38.01,38.83,39.25,38.41,43.7,93.05
28744,99.94,97.24,31.38,29.33,30.58,30.49,32.12,30.75,31.2,31.93,32.51,32.03,39.68,36.84,33.11,31.93,40.58,44.42,38.01,38.83,39.25,38.41,43.88,72.93
28762,99.02,97.24,31.38,29.33,30.58,30.58,32.12,30.66,31.29,31.93,32.51,32.12,39.54,36.84,33.11,31.93,40.58,44.42,38.01,38.83,39.25,38.41,43.7,72.93
28783,93.86,96.37,31.38,29.33,30.58,30.49,32.12,30.66,31.29,31.93,32.51,32.12,61.68,36.96,33.11,31.93,40.58,44.42,38.01,38.83,39.25,38.55,43.88,89.95
28801,99.94,97.24,31.02,29.33,30.58,30.49,32.22,30.75,31.29,31.93,32.51,32.03,51.89,36.84,33.11,31.93,40.58,44.42,38.01,38.83,39.25,38.55,43.52,92.25
28821,99.02,96.37,30.84,29.33,30.58,30.49,32.51,30.75,31.29,31.93,32.51,32.03,58.03,36.84,33.11,31.93,40.58,44.42,38.01,38.83,39.25,38.41,43.7,92.25
28842,99.94,98.12,31.29,29.33,30.58,30.49,32.22,30.66,31.29,31.93,32.51,32.12,53.43,36.96,33.11,31.93,40.73,44.42,37.87,38.83,39.25,38.41,43.35,89.95
28860,99.94,97.24,31.29,29.33,30.58,30.49,32.12,30.66,31.29,31.93,32.51,32.12,50.2,36.84,33.11,31.84,40.58,44.24,38.01,38.83,39.25,38.41,43.52,78.21
28881,99.02,97.24,31.29,29.33,30.58,30.49,32.12,30.66,31.29,31.93,32.51,32.12,49.97,36.84,33.11,31.93,40.58,44.24,38.01,38.83,39.25,38.41,43.7,93.86
28899,99.94,97.24,31.29,29.33,30.58,30.49,32.12,30.66,31.29,31.93,32.51,32.03,49.51,36.84,33.11,31.93,40.58,44.24,38.01,38.83,39.25,38.41,43.7,93.86
28920,99.94,97.24,31.29,29.33,30.58,30.49,32.12,30.66,31.29,31.93,32.51,32.12,51.89,36.84,33.11,31.93,40.58,44.24,38.01,38.83,39.25,38.41,43.88,93.86
28938,99.94,97.24,31.29,29.33,30.58,30.49,32.12,30.66,31.29,31.93,32.51,32.12,58.03,36.84,33.11,31.93,40.58,44.42,38.01,38.69,39.25,38.41,43.7,93.86
28959,99.02,96.37,31.29,29.33,30.58,30.49,32.22,30.75,31.29,31.93,32.51,32.12,40.43,36.84,33.21,31.93,40.27,44.42,38.01,38.69,39.25,38.41,44.06,93.86
28977,99.94,97.24,31.29,29.33,30.58,30.49,32.12,30.66,31.29,31.93,32.51,32.12,39.68,36.84,33.11,31.84,40.58,44.24,38.01,38.83,39.25,38.41,43.88,93.86
28998,99.94,97.24,31.29,29.41,30.58,30.49,32.22,30.75,31.29,31.93,32.51,32.12,39.68,36.84,33.11,31.84,40.58,44.42,38.01,38.83,39.25,38.41,44.06,93.86
29018,99.94,97.24,31.29,29.33,30.58,30.49,32.12,30.66,31.29,31.93,32.51,32.03,39.68,36.96,33.11,31.93,40.58,44.24,38.01,38.83,39.25,38.41,43.88,93.86
29036,100.87,97.24,31.29,29.33,30.58,30.49,32.22,30.66,31.29,31.93,32.51,32.03,39.68,36.84,33.21,31.93,40.58,44.24,37.87,38.83,39.25,38.41,43.7,93.86
29057,94.68,96.37,31.29,29.33,30.58,30.49,32.12,30.66,31.29,31.93,32.51,32.03,39.68,36.84,33.11,31.93,40.58,44.24,37.87,38.83,39.25,38.41,43.52,93.86
29075,94.68,96.37,31.29,29.33,30.58,30.49,32.71,30.66,31.29,31.93,32.51,32.03,39.68,36.84,33.11,31.84,40.58,44.24,38.01,38.83,39.25,38.41,43.35,93.86
29096,93.86,96.37,31.29,29.33,30.58,30.49,32.81,30.66,31.29,31.93,32.51,32.12,39.68,36.84,33.11,31.84,40.58,44.24,38.01,38.83,39.25,38.41,43.35,93.86
29116,93.86,96.37,31.29,29.33,30.49,30.49,32.81,30.66,31.29,31.93,32.51,32.12,39.83,36.84,33.11,31.93,40.58,44.42,38.01,38.83,39.25,38.41,43.17,93.05
29135,94.68,96.37,31.29,29.33,30.58,30.49,32.81,30.66,31.29,31.93,32.51,32.12,65.42,36.71,33.11,31.93,40.58,44.24,38.01,38.83,39.25,38.41,43,94.68
29155,94.68,96.37,31.29,29.33,30.58,30.49,32.12,30.66,31.29,31.93,32.41,32.12,65.81,36.84,33.11,31.84,40.58,44.24,38.01,38.83,39.25,38.41,43.17,93.86
29174,93.86,96.37,31.29,29.33,30.58,30.49,32.22,30.66,31.29,31.93,32.51,32.12,65.81,36.84,33.11,31.84,40.58,44.24,38.01,38.83,39.25,38.41,43,93.05
29194,92.25,95.52,31.29,29.33,30.58,30.49,32.12,30.66,31.29,31.93,32.41,32.12,39.83,36.84,33.11,31.93,40.58,44.42,38.01,38.83,39.25,38.41,43,93.86
29213,93.86,97.24,31.29,29.33,30.58,30.58,32.22,30.66,31.29,31.93,32.51,32.12,46.73,36.84,33.11,31.93,40.58,44.24,38.01,38.83,39.25,38.41,43,93.86
29233,99.02,96.37,31.29,29.33,30.58,30.58,32.12,30.66,31.29,31.93,32.51,32.12,47.13,36.84,33.11,31.93,40.58,44.42,37.87,38.83,39.25,38.55,43,94.68
29254,93.05,96.37,31.29,29.33,30.58,30.49,32.12,30.75,31.29,31.93,32.51,32.12,42.33,36.84,33.11,31.84,40.58,44.42,38.01,38.83,39.25,38.41,43,93.86
29274,93.86,96.37,31.29,29.33,30.58,30.49,32.12,30.66,31.29,31.93,32.51,32.12,40.12,36.84,33.11,31.93,40.58,44.24,38.01,38.83,39.25,38.27,43.17,93.86
29295,93.05,96.37,31.29,29.33,30.58,30.58,32.22,30.66,31.29,31.93,32.51,32.12,39.68,36.96,33.11,31.93,40.58,44.24,38.01,38.83,39.25,38.55,43,93.86
29313,93.05,96.37,31.29,29.33,30.58,30.58,32.22,30.75,31.29,31.93,32.51,32.12,39.54,36.84,33.11,31.84,40.58,44.24,38.01,38.83,39.25,38.41,43.17,93.86
29333,93.05,95.52,31.29,29.33,30.58,30.58,32.12,30.66,31.29,32.03,32.51,32.03,39.54,36.96,33.11,31.93,40.73,44.24,37.87,38.83,39.25,38.41,43,93.86
29352,92.25,96.37,31.29,29.33,30.58,30.58,32.22,30.66,31.29,32.03,32.51,32.12,39.54,36.96,33.21,31.93,40.43,44.42,38.01,38.83,39.25,38.41,43.17,93.86
29372,91.47,96.37,31.29,29.33,30.58,30.58,32.12,30.75,31.29,31.93,32.51,32.12,39.68,36.96,33.11,31.84,40.58,44.42,38.01,38.83,39.25,38.41,43.52,94.68
29393,90.7,96.37,31.29,29.33,30.58,30.58,32.12,30.66,31.29,32.03,32.51,32.12,39.68,36.96,33.11,31.93,40.58,44.42,38.01,38.83,39.25,38.41,43.17,93.86
29411,90.7,96.37,45.16,29.33,30.58,30.58,32.12,30.66,31.29,31.93,32.41,32.12,42.33,36.96,33.11,31.93,40.58,44.42,38.01,38.83,39.25,38.41,43.17,93.86
29432,90.7,96.37,45.35,29.33,30.58,30.58,32.12,30.66,31.29,32.03,32.51,32.03,39.68,36.96,33.11,31.93,40.58,44.42,38.01,38.97,39.25,38.41,43,93.86
29450,90.7,96.37,31.29,29.33,30.58,30.58,32.51,30.66,31.11,31.93,32.51,32.12,39.83,36.84,33.11,31.84,40.58,44.24,38.01,38.83,39.25,38.41,43,93.86
29471,90.7,96.37,31.29,29.33,30.58,30.58,32.41,30.66,31.02,31.93,32.51,32.12,39.68,36.96,33.11,31.84,40.58,44.24,38.01,38.83,39.25,38.41,43,93.86
29489,91.47,96.37,31.38,29.41,30.58,30.58,32.22,30.66,31.02,31.84,32.51,32.12,39.83,36.84,33.21,31.93,40.58,44.42,38.01,38.83,39.25,38.41,43,93.86
29510,92.25,97.24,31.29,29.33,30.58,30.58,32.22,30.66,31.02,31.84,32.51,32.12,39.98,36.84,33.11,31.93,40.58,44.42,38.01,38.83,39.25,38.41,43,93.86
29530,92.25,97.24,31.38,29.41,30.58,30.58,32.22,30.66,31.02,31.84,32.51,32.12,39.83,36.84,33.11,31.93,40.58,44.24,38.01,38.83,39.25,38.41,43,93.86
29548,92.25,97.24,31.38,29.41,30.58,30.58,32.22,30.66,31.02,31.84,32.51,32.12,39.68,36.84,33.11,31.84,40.43,44.24,38.01,38.83,39.25,38.41,43,93.86
29569,92.25,97.24,31.38,29.33,30.58,30.58,32.22,30.66,31.02,31.84,32.51,32.12,39.68,36.96,33.11,31.93,40.58,44.42,37.87,38.83,39.25,38.41,43,93.86
29587,93.05,97.24,31.38,29.33,30.58,30.58,32.22,30.66,31.02,31.93,32.51,32.12,39.68,36.96,33.11,31.84,40.58,44.24,38.01,38.83,39.25,38.55,43,93.86
29608,90.7,61.33,35.74,29.33,30.58,30.58,32.22,30.66,31.02,31.93,32.51,32.12,42.16,36.96,33.11,31.93,40.58,44.24,38.01,38.83,39.25,38.41,43,94.68
29626,91.47,96.37,30.93,29.41,30.58,30.58,32.22,30.66,31.2,32.03,32.51,32.12,39.68,36.84,33.21,31.93,40.58,44.24,38.01,38.83,39.25,38.41,43,94.68
29647,93.05,96.37,30.84,29.41,30.58,30.66,32.22,30.66,31.29,31.93,32.51,32.03,39.54,36.96,33.21,31.93,40.58,44.24,38.01,38.83,39.25,38.41,43,93.86
29667,93.86,97.24,30.93,29.33,30.58,30.66,32.22,30.66,31.29,31.93,32.51,32.12,39.54,36.96,33.21,31.93,40.58,44.24,38.01,38.83,39.39,38.41,43,94.68
29686,100.87,98.12,30.84,29.33,30.58,30.58,32.22,30.75,31.29,31.93,32.51,32.12,39.54,36.96,33.21,31.93,40.43,44.42,38.01,38.83,39.11,38.41,43,93.86
29706,93.86,98.12,30.84,29.33,30.58,30.66,32.12,30.75,31.02,31.93,32.51,32.03,39.54,36.96,33.11,31.84,40.58,44.42,38.01,38.83,39.25,38.41,43,93.86
29725,93.86,98.12,31.29,29.33,30.58,30.58,32.12,30.75,31.02,31.93,32.51,32.12,41.67,36.96,33.21,31.93,40.58,44.42,38.01,38.83,39.25,38.55,43,93.86
29745,93.86,98.12,30.84,29.41,30.58,30.66,32.12,30.75,31.02,32.03,32.51,32.03,39.54,36.84,33.21,31.93,40.58,44.42,38.01,38.83,39.39,38.41,43.17,93.86
29766,93.86,99.02,30.93,29.41,30.58,30.66,32.22,30.66,31.02,31.93,32.51,32.12,39.39,36.84,33.11,31.93,40.58,44.42,37.87,38.83,39.39,38.41,43.17,93.05
29786,94.68,99.02,30.93,29.41,30.58,30.66,32.12,30.66,30.93,31.93,32.51,32.12,39.54,36.96,33.21,31.93,40.58,44.42,38.01,38.83,39.11,38.41,43.17,93.86
29804,94.68,99.02,30.93,29.33,30.58,30.66,32.12,30.66,30.93,31.93,32.51,32.12,39.54,36.96,33.11,31.93,40.58,44.42,38.01,38.83,39.25,38.41,43.17,93.86
29825,93.86,99.94,30.84,29.33,30.58,30.58,32.12,30.66,30.93,31.93,32.51,32.03,39.54,36.96,33.21,31.93,40.58,44.42,38.01,38.83,39.25,38.41,43.17,93.86
29843,95.52,99.94,31.47,29.33,30.58,30.66,32.22,30.66,30.93,31.93,32.51,32.12,39.54,36.96,33.11,31.93,40.58,44.42,38.01,38.83,39.39,38.41,43.17,93.86
29864,94.68,99.94,30.93,29.33,30.58,30.66,32.22,30.66,30.93,31.93,32.51,32.12,39.54,36.96,33.11,31.93,40.12,44.42,38.01,38.83,39.25,38.41,43.17,93.86
29882,99.94,99.94,30.93,29.41,30.58,30.66,32.22,30.66,30.93,31.93,32.51,32.12,39.54,36.96,33.21,31.93,40.58,44.42,38.01,38.83,39.25,38.41,43.17,93.86
29903,102.8,100.87,30.93,29.41,30.58,30.66,32.22,30.66,31.02,31.93,32.51,32.12,39.54,36.96,33.11,31.93,40.58,44.42,38.01,38.83,39.25,38.41,43.17,94.68
29923,101.83,99.94,30.93,29.33,30.58,30.66,32.22,30.66,31.02,32.03,32.51,32.12,39.54,36.96,33.21,31.93,40.58,44.42,38.01,38.97,39.25,38.55,43.17,94.68
29942,102.8,99.94,30.84,29.33,30.58,30.66,32.22,30.66,31.02,32.03,32.51,32.12,39.54,36.96,33.21,31.93,40.58,44.42,38.01,38.83,39.25,38.41,43.35,94.68
29962,101.83,99.94,30.84,29.41,30.58,30.66,32.22,30.66,31.02,32.03,32.51,32.03,39.54,36.96,33.11,31.93,40.58,44.42,38.01,38.83,39.25,38.41,43.17,94.68
29981,101.83,99.94,31.38,29.33,30.58,30.58,32.22,30.66,31.02,31.93,32.51,32.12,39.54,36.96,33.11,31.93,40.73,44.42,38.01,38.83,39.25,38.41,43,94.68
30001,95.52,99.94,31.47,29.33,30.58,30.66,32.12,30.66,31.02,31.93,32.51,32.03,39.68,36.96,33.11,31.93,40.58,44.42,38.01,38.83,39.25,38.41,43,94.68
30022,95.52,99.94,38.69,29.33,30.58,30.58,32.22,30.66,31.02,31.93,32.51,32.12,39.68,36.96,33.11,31.93,40.43,44.42,38.01,38.83,39.25,38.41,43,93.86
30040,95.52,99.02,37.35,29.33,30.58,30.66,32.22,30.66,31.29,31.93,32.51,32.12,39.68,36.96,33.11,31.93,40.58,44.24,38.01,38.83,39.25,38.41,43,93.86
30060,101.83,99.94,33.42,29.33,30.58,30.58,32.22,30.66,31.2,31.93,32.51,32.12,39.54,36.96,33.11,31.93,40.58,44.42,38.01,38.83,39.25,38.55,43,94.68
30079,100.87,99.94,31.38,29.33,30.58,30.58,32.22,30.66,31.2,31.93,32.51,32.12,39.54,36.96,33.11,31.93,40.58,44.42,38.01,38.83,39.25,38.55,43,94.68
30099,100.87,99.94,31.56,29.33,30.58,30.58,32.22,30.66,31.2,31.93,32.51,32.12,39.68,36.96,33.11,31.93,40.58,44.24,38.01,38.83,39.25,38.55,43,93.86
30118,100.87,99.94,31.38,29.33,30.58,30.58,32.22,30.66,31.2,31.93,32.51,32.12,39.54,36.96,33.11,31.93,40.58,44.42,38.01,38.83,39.25,38.41,43,94.68
30138,101.83,100.87,31.29,29.33,30.58,30.58,32.22,30.66,31.2,31.93,32.51,32.12,39.54,36.96,33.11,31.93,40.58,44.24,37.87,38.83,39.25,38.41,43,94.68
30159,101.83,100.87,31.29,29.33,30.58,30.58,32.22,30.66,31.2,31.93,32.51,32.12,39.54,36.96,33.11,31.93,40.58,44.24,37.87,38.69,39.25,38.41,43,94.68
30177,101.83,100.87,31.29,29.33,30.58,30.58,32.22,30.66,31.2,31.93,32.51,32.12,39.54,36.96,33.11,31.93,40.58,44.42,37.87,38.83,39.25,38.41,42.83,94.68
30198,101.83,100.87,31.29,29.33,30.58,30.58,32.22,30.66,31.2,31.84,32.51,32.12,39.54,36.84,33.21,31.93,40.43,44.24,38.01,38.83,39.25,38.41,43,94.68
30216,96.37,99.94,31.2,29.33,30.58,30.58,32.22,30.66,31.2,31.84,32.51,32.12,39.39,36.96,33.11,31.93,40.58,44.24,38.01,38.83,39.25,38.41,43,93.86
30237,95.52,99.94,31.56,29.33,30.58,30.58,33.11,30.66,31.2,31.84,32.51,32.12,39.54,36.96,33.11,32.03,40.58,44.42,37.87,38.83,39.25,38.41,43,94.68
30255,96.37,100.87,31.2,29.33,30.58,30.58,32.22,30.66,31.2,31.84,32.51,32.03,39.54,36.84,33.11,31.93,40.58,44.42,38.01,38.83,39.25,38.41,43,93.86
30275,95.52,99.94,31.2,29.33,30.58,30.58,32.12,30.75,31.2,31.93,32.51,32.12,40.58,36.96,33.21,31.93,40.58,44.42,38.01,38.83,39.25,38.41,43,94.68
30296,95.52,100.87,31.2,29.33,30.58,30.58,32.32,30.75,31.2,31.84,32.51,32.12,39.83,36.96,33.21,31.93,40.43,44.42,38.01,38.83,39.25,38.27,43,92.25
30314,94.68,100.87,31.2,29.33,30.58,30.58,32.12,30.75,31.2,31.93,32.51,32.12,39.68,36.96,33.21,31.93,40.58,44.24,38.01,38.83,39.25,38.41,43,93.86
30335,97.24,100.87,31.2,29.33,30.58,30.58,32.12,30.75,31.2,31.84,32.51,32.12,39.68,36.84,33.21,32.03,40.58,44.24,38.01,38.83,39.25,38.41,43,84.32
30353,100.87,100.87,31.2,29.33,30.58,30.58,32.22,30.75,31.2,31.93,32.51,32.03,39.68,36.84,33.21,31.93,40.43,44.24,38.01,38.83,39.25,38.41,43,86.35
30374,96.37,100.87,31.2,29.33,30.58,30.58,32.12,30.75,31.11,31.84,32.51,32.12,39.39,36.96,33.21,31.93,40.58,44.24,37.87,38.83,39.25,38.41,43,93.05
30394,96.37,100.87,31.29,29.33,30.58,30.58,32.81,30.75,31.02,31.93,32.51,32.12,39.54,36.96,33.21,31.93,40.43,44.24,38.01,38.83,39.25,38.55,43,57.72
30413,94.68,100.87,31.2,29.33,30.58,30.58,32.32,30.75,31.2,31.93,32.51,32.12,39.54,36.96,33.21,31.93,40.58,44.24,38.01,38.83,39.25,38.55,43,81.15
30433,95.52,100.87,31.29,29.33,30.58,30.58,32.51,30.75,31.2,31.93,32.41,32.12,39.68,36.84,33.21,32.03,40.58,44.24,38.01,38.83,39.25,38.41,43,54.79
30452,94.68,99.94,31.29,29.33,30.58,30.58,32.61,30.66,31.2,31.84,32.51,32.12,39.68,36.96,33.21,32.03,40.58,44.24,38.01,38.83,39.25,38.41,43,52.14
30472,94.68,99.94,31.2,29.33,30.58,30.58,42.49,30.66,31.2,31.84,32.51,32.12,39.68,36.84,33.21,31.93,40.58,44.42,38.01,38.69,39.25,38.55,43,55.64
30491,94.68,99.94,31.2,29.33,30.58,30.58,33.21,30.75,31.11,31.84,32.41,32.12,39.54,36.96,33.21,31.93,40.58,44.42,38.01,38.83,39.25,38.41,43,54.24
30511,97.24,99.94,31.2,29.33,30.58,30.58,37.35,30.75,31.11,31.84,32.51,32.12,39.68,36.96,33.21,31.93,40.58,44.24,38.01,38.83,39.25,38.27,43,56.51
30531,99.94,99.94,31.2,29.33,30.58,30.58,32.91,30.66,31.2,31.93,32.51,32.12,39.68,36.96,33.21,31.93,40.58,44.24,38.01,38.83,39.25,38.55,43,58.98
30550,99.94,99.02,31.2,29.33,30.58,30.58,32.91,30.75,31.11,31.84,32.51,32.12,39.68,36.96,33.21,31.93,40.27,44.24,38.01,38.83,39.25,38.55,43,58.98
30570,93.86,98.12,31.2,29.33,30.58,30.58,33.11,30.75,31.2,31.93,32.51,32.12,39.68,36.96,33.21,31.93,40.58,44.24,38.01,38.83,39.25,38.41,43.17,58.34
30589,95.52,98.12,31.2,29.33,30.58,30.58,34.05,30.75,31.2,31.93,32.51,32.12,39.68,36.96,33.21,31.93,40.58,44.42,38.01,38.83,39.25,38.55,43.17,59.63
30609,93.86,98.12,31.2,29.33,30.58,30.58,32.22,30.75,31.11,31.84,32.51,32.12,39.68,36.96,33.21,31.93,40.43,44.24,38.01,38.83,39.25,38.41,43,58.03
30628,94.68,98.12,31.29,29.33,30.58,30.58,32.22,30.75,31.2,31.84,32.41,32.12,39.54,36.96,33.21,31.93,40.58,44.24,38.01,38.69,39.25,38.55,43.17,58.98
30648,92.25,98.12,31.56,29.33,30.58,30.58,32.12,30.75,31.2,31.84,32.51,32.12,39.54,36.96,33.21,31.93,40.58,44.24,38.01,38.83,39.25,38.41,43,58.98
30669,93.05,97.24,31.38,29.33,30.58,30.58,32.12,30.66,31.2,31.84,32.51,32.12,39.68,36.96,33.21,31.93,40.43,44.24,38.01,38.83,39.25,38.55,43,58.98
30687,93.05,97.24,31.38,29.33,30.58,30.58,32.12,30.75,31.2,31.93,32.51,32.12,39.68,36.96,33.21,31.93,40.58,44.24,38.01,38.83,39.25,38.41,43,61.68
30708,93.05,97.24,31.56,29.33,30.58,30.58,32.12,30.75,31.2,31.93,32.51,32.12,39.54,36.96,33.11,31.93,40.58,44.24,38.01,38.83,39.25,38.55,43,57.72
30726,93.05,97.24,31.56,29.33,30.58,30.58,32.12,30.75,31.2,31.84,32.51,32.12,39.54,36.84,33.21,31.93,40.43,44.24,38.01,38.83,39.25,38.55,43,57.72
30747,93.05,97.24,31.56,29.33,30.58,30.58,32.32,30.75,31.2,31.93,32.51,32.12,39.54,36.96,33.21,31.93,40.27,44.24,38.01,38.83,39.25,38.41,43,57.41
30767,92.25,97.24,31.56,29.33,30.58,30.58,32.61,30.75,31.2,31.93,32.51,32.12,39.68,36.96,33.21,31.93,40.27,44.24,38.01,38.83,39.25,38.41,43,57.72
30785,92.25,97.24,31.65,29.33,30.58,30.58,32.22,30.75,31.2,31.93,32.51,32.12,39.54,36.96,33.21,32.03,40.58,44.42,38.01,38.83,39.25,38.41,43.17,57.72
30806,93.05,96.37,31.65,29.33,30.58,30.58,32.22,30.66,31.02,31.84,32.51,32.12,39.54,36.96,33.21,31.93,40.58,44.42,38.01,38.83,39.25,38.41,43,58.03
30824,93.86,96.37,31.65,29.33,30.58,30.58,34.27,30.75,31.02,31.93,32.51,32.12,39.54,36.96,33.21,32.03,40.58,44.24,38.01,38.83,39.25,38.55,43,58.03
30845,93.86,96.37,31.29,29.33,30.58,30.58,32.71,30.66,31.02,31.93,32.51,32.12,39.54,36.96,33.21,31.93,40.58,44.24,38.01,38.83,39.25,38.41,43.17,57.72
30863,93.86,97.24,31.2,29.33,30.58,30.58,32.61,30.66,30.93,31.84,32.51,32.12,39.54,36.96,33.21,31.93,40.58,44.24,38.01,38.83,39.25,38.55,43,57.72
30884,94.68,97.24,31.2,29.33,30.58,30.58,32.51,30.75,30.93,31.93,32.51,32.12,39.54,36.84,33.21,31.93,40.58,44.24,38.01,38.69,39.25,38.41,43,57.72
30904,94.68,97.24,31.56,29.33,30.58,30.58,32.41,30.75,30.93,31.93,32.51,32.12,39.54,36.96,33.21,32.03,40.58,44.24,38.01,38.83,39.25,38.41,43,58.34
30923,94.68,97.24,31.56,29.33,30.58,30.49,32.22,30.75,30.93,31.93,32.51,32.12,39.54,36.96,33.21,31.93,40.43,44.42,38.01,38.83,39.25,38.55,43,58.34
30943,93.86,97.24,31.56,29.33,30.58,30.58,32.22,30.75,30.93,31.93,32.51,32.12,39.54,36.96,33.21,31.93,40.58,44.24,38.01,38.83,39.25,38.41,43,58.66
30962,94.68,97.24,31.29,29.33,30.58,30.49,32.12,30.75,30.93,31.84,32.51,32.12,39.54,36.84,33.21,31.93,40.58,44.24,38.01,38.83,39.25,38.55,43,58.66
30982,93.86,97.24,31.29,29.33,30.58,30.49,32.12,30.66,30.93,31.93,32.51,32.03,39.54,36.84,33.21,31.93,40.58,44.42,38.01,38.69,39.25,38.55,43,57.72
31000,94.68,97.24,31.29,29.33,30.58,30.49,32.12,30.75,31.29,31.93,32.51,32.12,39.54,36.96,33.21,31.93,40.58,44.24,38.01,38.83,39.25,38.41,43,57.72
31021,95.52,96.37,31.2,29.33,30.58,30.49,32.12,30.75,31.29,31.93,32.51,32.12,39.54,36.96,33.21,31.93,40.58,44.24,38.01,38.83,39.25,38.41,43,59.31
31041,95.52,97.24,31.29,29.33,30.58,30.49,32.71,30.75,31.29,31.93,32.41,32.12,39.54,36.96,33.21,31.93,40.58,44.24,38.01,38.83,39.25,38.41,43,58.34
31060,95.52,97.24,31.2,29.33,30.58,30.49,33.01,30.75,31.2,31.93,32.51,32.12,39.54,36.84,33.21,31.93,40.58,44.24,37.87,38.69,39.25,38.55,43,58.98
31080,95.52,97.24,31.2,29.33,30.58,30.49,33.01,30.75,31.29,31.93,32.51,32.12,39.54,36.96,33.21,31.93,40.58,44.24,38.01,38.83,39.25,38.41,43,58.34
31099,95.52,96.37,31.29,29.33,30.58,30.49,33.11,30.66,31.29,32.03,32.51,32.12,39.98,36.96,33.21,31.93,40.58,44.24,38.01,38.83,39.25,38.55,43,58.66
31119,94.68,96.37,31.29,29.33,30.58,30.49,33.11,30.75,31.2,31.93,32.51,32.12,41.84,36.96,33.11,31.93,40.58,44.24,38.01,38.83,39.25,38.41,43,58.34
31140,94.68,96.37,31.2,29.33,30.58,30.49,33.11,30.75,31.29,32.03,32.51,32.12,45.74,36.96,33.21,31.93,40.43,44.42,38.01,38.83,39.25,38.41,43,58.03
31158,94.68,96.37,31.2,29.33,30.58,30.49,33.11,30.75,31.29,32.03,32.51,32.12,52.4,36.84,33.21,31.93,40.58,44.42,38.01,38.83,39.25,38.27,43,57.72
31179,94.68,96.37,31.2,29.33,30.58,30.49,33.11,30.75,31.29,32.03,32.51,32.12,60.98,36.96,33.21,31.93,40.58,44.42,38.01,38.83,39.25,38.41,43,58.34
31197,95.52,96.37,31.29,29.33,30.58,30.49,33.11,30.66,31.29,32.03,32.51,32.12,65.81,36.84,33.21,31.93,40.58,44.24,38.01,38.83,39.25,38.41,43,58.34
31218,94.68,96.37,31.56,29.33,30.58,30.49,33.11,30.75,31.29,32.03,32.51,32.12,66.22,36.96,33.11,31.93,40.58,44.24,38.01,38.83,39.25,38.55,43,59.31
31236,93.86,96.37,31.47,29.33,30.58,30.49,32.12,30.75,31.2,32.03,32.51,32.12,66.22,36.96,33.21,31.93,40.58,44.24,38.01,38.83,39.25,38.41,43,58.98
31256,94.68,97.24,31.56,29.33,30.58,30.49,32.12,30.75,31.02,32.03,32.41,32.12,66.63,36.96,33.21,31.93,40.58,44.24,38.01,38.83,39.25,38.55,43,58.66
31277,93.86,96.37,31.65,29.33,30.58,30.49,32.12,30.75,31.29,32.03,32.51,32.12,66.22,36.96,33.11,31.93,40.43,44.24,38.01,38.83,39.25,38.55,43,58.66
31297,93.86,95.52,31.56,29.33,30.58,30.49,32.12,30.75,31.11,32.03,32.51,32.12,45.93,36.96,33.11,31.93,40.58,44.42,38.01,38.83,39.11,38.41,43,58.98
31316,92.25,94.68,31.56,29.33,30.58,30.49,32.03,30.75,31.11,32.03,32.51,32.12,45.93,36.96,33.11,31.93,40.27,44.24,38.01,38.83,39.25,38.55,43,59.63
31336,93.86,94.68,31.56,29.41,30.58,30.49,32.12,30.75,31.29,32.03,32.51,32.12,45.93,36.96,33.11,31.93,40.43,44.24,38.01,38.83,39.25,38.41,43,58.66
31355,89.95,94.68,31.56,29.33,30.58,30.49,32.12,30.75,31.2,32.03,32.51,32.12,45.93,36.96,33.11,31.93,40.58,44.24,38.01,38.83,39.25,38.41,43,69.64
31375,89.95,94.68,31.65,29.33,30.58,30.49,32.12,30.66,31.29,32.03,32.51,32.12,45.74,36.84,33.21,31.93,40.58,44.24,38.01,38.83,39.11,38.55,42.83,68.31
31396,89.2,93.86,31.65,29.33,30.58,30.49,32.12,30.66,31.29,31.93,32.51,32.12,46.32,36.96,33.11,31.93,40.58,44.42,38.01,38.83,39.25,38.41,43,65.02
31414,89.2,93.86,31.65,29.33,30.58,30.58,32.12,30.75,31.29,31.93,32.51,32.12,66.63,36.96,33.11,31.93,40.58,44.42,38.01,38.83,39.25,38.41,43.17,58.34
31435,89.2,93.86,31.29,29.33,30.58,30.58,32.12,30.75,31.29,31.93,32.51,32.12,66.63,36.96,33.11,31.93,40.58,44.24,38.01,38.83,39.25,38.41,43.17,52.65
31453,89.2,93.86,31.29,29.41,30.58,30.49,32.12,30.75,31.02,32.03,32.51,32.12,69.64,36.96,33.21,31.93,40.58,44.42,38.01,38.69,39.25,38.41,43.17,52.65
31474,88.47,92.25,31.29,29.33,30.58,30.49,32.12,30.66,31.02,32.03,32.51,32.12,39.68,36.96,33.11,31.93,40.43,44.42,38.01,38.83,39.25,38.41,43.17,51.15
31492,88.47,93.05,31.29,29.33,30.58,30.58,32.12,30.66,31.02,31.93,32.51,32.12,39.54,36.96,33.11,31.93,40.58,44.24,38.01,38.83,39.25,38.41,43,57.11
31512,93.05,92.25,31.29,29.41,30.58,30.58,32.03,30.66,31.02,31.93,32.51,32.12,39.68,36.96,33.11,31.93,40.27,44.42,38.01,38.83,39.25,38.41,43,87.04
31533,88.47,93.05,31.29,29.41,30.58,30.58,32.03,30.66,31.02,32.03,32.51,32.12,39.68,36.96,33.11,31.93,40.58,44.42,38.01,38.83,39.25,38.41,43,92.25
31551,88.47,93.86,31.38,29.33,30.58,30.49,32.12,30.66,31.11,31.93,32.51,32.12,39.68,36.96,33.11,31.93,40.58,44.24,38.01,38.83,39.25,38.41,43,91.47
31572,95.52,93.86,31.29,29.41,30.58,30.58,32.12,30.66,31.02,31.93,32.51,32.12,39.68,36.96,33.11,31.93,40.58,44.42,38.01,38.83,39.25,38.27,43,92.25
31590,96.37,93.86,31.38,29.41,30.58,30.58,32.12,30.66,31.02,31.93,32.51,32.12,39.54,36.96,33.11,31.93,40.58,44.42,38.01,38.83,39.25,38.41,43,93.05
31611,89.2,93.86,31.56,29.41,30.58,30.58,32.12,30.66,31.02,31.93,32.51,32.12,39.54,36.96,33.11,31.93,40.43,44.24,38.01,38.83,39.25,38.41,42.83,93.86
31631,89.95,93.05,31.38,29.41,30.49,30.58,32.12,30.66,31.02,31.93,32.51,32.12,39.54,36.96,33.11,31.93,40.58,44.24,38.01,38.83,39.25,38.41,43,94.68
31652,96.37,93.05,31.38,29.33,30.58,30.58,32.12,30.66,31.02,31.93,32.51,32.12,39.54,36.96,33.21,31.93,40.58,44.24,38.01,38.83,39.25,38.41,43,93.86
31670,97.24,90.7,31.38,29.41,30.58,30.58,32.12,30.66,31.02,31.93,32.51,32.12,39.39,36.96,33.21,31.93,40.58,44.24,38.01,38.83,39.25,38.41,43,94.68
31691,97.24,94.68,30.93,29.41,30.58,30.58,32.12,30.66,31.02,31.93,32.51,32.12,39.39,36.96,33.21,31.93,40.58,45.74,38.01,38.83,39.25,38.41,43,93.86
31709,97.24,94.68,30.93,29.41,30.58,30.58,32.12,30.66,31.02,31.93,32.51,32.12,39.39,36.96,33.21,31.93,40.43,44.97,38.01,38.83,39.25,38.41,42.83,94.68
31730,97.24,94.68,30.93,29.41,30.58,30.58,32.12,30.66,31.02,31.93,32.51,32.12,39.54,36.96,33.21,31.93,40.58,44.42,38.01,38.83,39.25,38.41,43,94.68
31748,96.37,89.2,30.93,29.41,30.58,30.58,32.03,30.66,31.02,31.93,32.51,32.12,39.39,36.96,33.21,31.93,40.58,44.42,38.01,38.83,39.25,38.41,43,93.86
31768,97.24,94.68,30.93,29.41,30.58,30.58,32.61,30.66,31.02,31.93,32.51,32.12,39.54,36.84,33.21,31.93,40.73,45.54,38.01,38.83,39.25,38.41,43.17,94.68
31789,97.24,94.68,30.93,29.33,30.58,30.58,32.12,30.66,31.02,31.93,32.51,32.12,39.39,36.96,33.11,31.93,40.58,45.35,38.01,38.83,39.25,38.41,43.17,74.95
31807,96.37,94.68,30.93,29.41,30.58,30.58,32.12,30.66,31.02,31.93,32.51,32.12,39.54,36.96,33.21,31.84,40.58,44.42,37.87,38.83,39.25,38.41,43.17,50.67
31828,96.37,93.86,30.93,29.41,30.58,30.58,32.12,30.66,31.02,31.93,32.51,32.12,39.54,36.96,33.11,31.84,40.58,44.6,38.01,38.83,39.25,38.41,43.52,51.15
31846,96.37,93.86,30.93,29.33,30.58,30.58,32.12,30.66,31.02,31.93,32.51,32.12,39.39,36.96,33.21,31.84,40.58,44.97,38.01,38.97,39.25,38.27,43.52,91.47
31867,97.24,94.68,30.93,29.41,30.58,30.58,32.03,30.66,31.02,31.93,32.51,32.12,39.39,36.96,33.11,31.84,40.58,45.16,38.01,38.83,39.25,38.41,43.52,93.86
31885,98.12,95.52,30.84,29.41,30.58,30.58,32.03,30.75,31.2,31.93,32.51,32.12,39.54,36.96,33.21,31.84,40.58,44.97,38.01,38.97,39.25,38.41,43.35,93.05
31906,98.12,95.52,30.93,29.41,30.58,30.58,32.03,30.66,30.93,32.03,32.51,32.12,39.54,36.96,33.11,31.84,40.73,44.79,38.01,38.83,39.25,38.27,43.52,93.86
31926,99.02,95.52,30.93,29.33,30.58,30.58,32.03,30.66,30.93,31.93,32.51,32.12,39.54,36.84,33.11,31.84,40.27,44.97,38.01,38.83,39.25,38.27,43.7,95.52
31945,98.12,96.37,30.93,29.41,30.49,30.58,32.03,30.66,31.02,31.93,32.51,32.12,39.54,36.96,33.11,31.84,40.73,45.35,38.01,38.83,39.25,38.41,43.7,95.52
31965,99.02,96.37,30.93,29.41,30.58,30.58,32.03,30.66,30.93,31.93,32.51,32.12,40.27,36.96,33.21,31.93,40.58,44.79,38.01,38.97,39.39,38.41,43.52,94.68
31984,99.02,96.37,30.93,29.41,30.58,30.58,32.03,30.66,31.02,31.93,32.51,32.12,41.04,36.96,33.21,31.84,40.73,44.6,38.01,38.97,39.25,38.27,43.7,94.68
32004,99.02,96.37,31.02,29.41,30.58,30.58,32.03,30.66,31.02,31.93,32.51,32.12,41.35,36.96,33.21,31.84,40.73,44.42,38.01,38.97,39.25,38.41,43.7,93.86
32024,99.02,96.37,31.02,29.41,30.58,30.58,32.03,30.66,31.02,31.93,32.51,32.12,39.54,36.96,33.11,31.84,40.73,44.6,38.01,38.97,39.39,38.41,43.52,94.68
32043,98.12,96.37,31.02,29.41,30.58,30.58,32.03,30.66,31.02,31.93,32.51,32.12,39.54,36.96,33.11,31.84,40.58,44.42,38.01,38.97,39.25,38.41,43.88,94.68
32063,93.86,96.37,31.02,29.41,30.58,30.58,32.12,30.75,31.02,31.93,32.51,32.12,39.54,36.96,33.11,31.93,40.58,44.42,38.01,38.83,39.25,38.41,43.88,94.68
32082,94.68,96.37,30.84,29.41,30.58,30.58,32.12,30.66,30.93,31.93,32.51,32.12,39.54,36.96,33.11,31.93,40.73,44.6,37.87,38.83,39.25,38.41,43.88,94.68
32102,95.52,97.24,30.84,29.41,30.58,30.58,32.12,30.66,31.02,31.93,32.51,32.12,39.54,36.96,33.21,31.84,40.58,44.42,38.01,38.83,39.39,38.41,43.88,93.86
32121,98.12,97.24,30.75,29.33,30.58,30.58,32.12,30.66,31.02,31.93,32.51,32.03,39.54,36.96,33.21,31.84,40.58,44.42,38.01,38.97,39.39,38.41,43.7,94.68
32141,97.24,96.37,30.84,29.41,30.58,30.58,32.12,30.66,31.02,31.93,32.51,32.12,39.54,36.96,33.11,31.93,40.58,44.24,38.01,38.83,39.25,38.41,43.88,93.86
32162,99.02,96.37,31.38,29.41,30.58,30.58,32.12,30.66,31.02,31.93,32.51,32.12,39.54,36.96,33.21,31.93,40.58,44.24,37.87,38.83,39.25,38.41,43.88,94.68
32180,99.02,97.24,31.38,29.33,30.58,30.58,32.03,30.66,31.11,31.93,32.51,32.12,39.54,36.96,33.21,31.93,40.73,44.24,38.01,38.83,39.25,38.41,43.88,93.86
32201,99.94,97.24,31.38,29.41,30.58,30.49,32.03,30.66,30.93,31.93,32.51,32.03,39.54,36.96,33.11,31.93,40.58,44.24,38.01,38.69,39.25,38.41,43.88,93.86
32219,99.94,97.24,30.84,29.33,30.58,30.49,32.12,30.66,30.93,32.03,32.51,32.12,39.54,36.96,33.11,31.93,40.73,44.42,38.01,38.83,39.25,38.41,43.88,93.05
32240,99.94,96.37,30.84,29.33,30.58,30.49,32.03,30.66,30.93,32.03,32.51,32.12,39.54,36.84,33.21,31.93,40.58,44.24,38.01,38.83,39.25,38.41,43.88,93.05
32258,99.02,97.24,30.84,29.33,30.58,30.49,32.03,30.66,31.02,31.93,32.51,32.03,39.54,36.96,33.21,31.93,40.73,44.42,38.01,38.83,39.25,38.41,44.24,93.05
32278,99.94,95.52,30.93,29.41,30.58,30.58,32.03,30.66,31.02,32.03,32.51,32.12,39.54,36.96,33.21,31.93,40.58,44.42,38.01,38.83,39.25,38.41,44.24,93.05
32299,99.02,97.24,30.84,29.33,30.58,30.58,32.12,30.75,31.11,32.03,32.51,32.12,39.68,36.96,33.21,31.93,40.58,44.42,38.01,38.83,39.25,38.27,44.24,93.05
32317,92.25,96.37,31.02,29.33,30.58,30.58,32.12,30.66,31.11,31.93,32.51,32.12,39.54,36.96,33.21,31.93,40.58,44.42,37.87,38.83,39.25,38.41,44.24,93.05
32338,92.25,95.52,31.29,29.33,30.58,30.58,32.12,30.66,30.93,31.93,32.51,32.12,39.54,36.96,33.21,31.93,40.73,44.42,38.01,38.83,39.25,38.41,44.24,93.86
32356,99.02,96.37,31.29,29.33,30.58,30.58,32.12,30.66,31.02,31.93,32.51,32.12,39.54,36.84,33.21,31.93,40.58,44.42,38.01,38.83,39.25,38.55,44.24,92.25
32377,99.94,97.24,31.38,29.33,30.58,30.58,32.22,30.75,31.2,31.93,32.51,32.12,39.54,36.96,33.21,31.93,40.58,44.42,38.01,38.83,39.25,38.41,44.24,62.39
32395,99.02,97.24,31.38,29.33,30.58,30.58,32.12,30.66,31.02,31.93,32.51,32.12,39.68,36.96,33.21,31.93,40.58,44.24,38.01,38.83,39.25,38.41,44.24,60.3
32416,98.12,97.24,40.27,29.33,30.58,30.58,32.22,30.75,30.93,31.93,32.41,32.12,39.68,36.96,33.21,31.93,40.58,44.42,38.01,38.83,39.25,38.41,44.06,79.36
32436,99.02,98.12,31.38,29.33,30.58,30.58,32.12,30.75,30.93,31.93,32.41,32.12,39.68,36.96,33.21,31.93,40.58,44.42,38.01,38.83,39.25,38.55,44.24,93.86
32455,99.94,98.12,31.38,29.41,30.58,30.58,32.32,30.75,31.02,31.93,32.51,32.12,39.68,36.96,33.21,31.93,40.58,44.42,38.01,38.83,39.25,38.41,44.06,94.68
32475,99.94,99.02,31.38,29.41,30.58,30.58,32.12,30.75,30.93,31.93,32.51,32.12,39.83,36.84,33.21,31.84,40.58,44.24,38.01,38.83,39.25,38.55,44.06,94.68
32493,96.37,99.94,31.38,29.33,30.58,30.58,32.22,30.75,31.02,31.93,32.51,32.12,39.68,36.96,33.21,31.93,40.58,44.42,38.01,38.83,39.25,38.41,43.88,93.86
32514,97.24,99.94,31.47,29.41,30.58,30.58,32.91,30.75,31.11,31.93,32.51,32.12,39.68,36.96,33.21,31.93,40.58,44.6,38.01,38.83,39.25,38.55,44.06,58.03
32534,96.37,99.02,30.93,29.41,30.58,30.58,33.01,30.75,31.2,31.93,32.51,32.12,39.54,36.96,33.21,31.93,40.58,44.42,38.01,38.83,39.25,38.55,44.06,61.68
32553,96.37,99.02,30.93,29.41,30.58,30.58,35.04,30.75,31.2,32.03,32.51,32.12,39.54,36.96,33.21,31.93,40.58,44.42,38.01,38.83,39.25,38.55,43.88,62.03
32573,96.37,99.94,48.62,29.41,30.58,30.58,32.81,30.75,31.2,32.03,32.51,32.03,39.68,36.84,33.21,31.93,40.58,45.93,38.01,38.83,39.25,38.55,44.24,75.48
32592,97.24,99.94,31.47,29.41,30.58,30.58,32.81,30.75,31.02,32.03,32.51,32.12,39.54,36.96,33.21,31.93,40.58,44.42,38.01,38.83,39.25,38.41,44.06,94.68
32612,97.24,100.87,48.4,29.41,30.58,30.58,33.01,30.75,31.02,32.03,32.51,32.03,39.68,36.96,33.21,31.93,40.43,44.79,38.01,38.83,39.25,38.55,44.06,94.68
32631,97.24,99.94,46.52,29.41,30.58,30.58,32.81,30.75,31.11,32.03,32.51,32.12,39.68,36.96,33.21,32.03,40.58,44.97,38.01,38.83,39.25,38.55,43.88,93.86
32651,96.37,99.94,46.52,29.41,30.58,30.58,32.81,30.75,31.02,32.03,32.51,32.12,39.68,36.96,33.21,31.93,40.58,44.24,38.01,38.83,39.25,38.55,44.06,91.47
32672,96.37,98.12,42.83,29.41,30.58,30.49,32.81,30.75,31.11,32.03,32.51,32.03,39.68,36.84,33.21,31.93,40.58,44.24,37.87,38.83,39.25,38.55,44.06,54.79
32690,95.52,98.12,31.38,29.41,30.49,30.49,32.12,30.75,31.11,32.03,32.41,32.12,39.68,36.96,33.21,31.93,40.58,44.24,38.01,38.83,39.25,38.55,44.06,68.31
32711,95.52,98.12,32.61,29.41,30.58,30.4,32.03,30.75,31.11,32.03,32.51,32.12,39.68,36.96,33.21,31.93,40.43,44.24,38.01,38.83,39.25,38.55,43.88,75.48
32729,97.24,98.12,32.03,29.41,30.58,30.49,32.03,30.75,31.11,32.03,32.51,32.12,39.68,36.96,33.21,32.03,40.58,44.24,38.01,38.83,39.25,38.41,44.06,77.1
32749,95.52,94.68,31.38,29.33,30.58,30.49,32.12,30.75,31.11,31.93,32.51,32.12,39.54,36.96,33.21,32.03,40.58,44.24,38.01,38.83,39.25,38.55,44.06,55.07
32768,99.94,98.12,31.38,29.33,30.58,30.49,32.12,30.75,31.11,31.93,32.51,32.12,39.54,36.96,33.21,31.93,40.58,44.24,38.01,38.83,39.25,38.55,43.88,53.97
32788,100.87,99.02,31.93,29.41,30.58,30.49,32.03,30.75,30.93,31.93,32.51,32.12,39.54,36.96,33.21,32.03,40.58,44.24,38.01,38.83,39.25,38.55,44.06,55.64
32809,100.87,99.94,31.38,29.33,30.58,30.49,32.12,30.75,31.02,31.93,32.51,32.03,39.68,36.96,33.21,32.03,40.58,44.24,38.01,38.83,39.25,38.55,43.88,93.05
32827,101.83,100.87,31.38,29.41,30.58,30.49,32.03,30.75,30.93,31.93,32.51,32.12,39.68,36.96,33.21,32.03,40.58,44.24,38.01,38.83,39.25,38.55,44.06,93.86
32848,101.83,94.68,31.38,29.41,30.58,30.49,32.03,30.75,30.93,32.03,32.51,32.12,39.83,36.96,33.21,32.03,40.58,44.24,37.87,38.83,39.25,38.55,44.06,66.63
32866,100.87,99.94,31.38,29.41,30.58,30.49,32.12,30.75,30.93,31.93,32.51,32.12,39.68,36.96,33.21,32.03,40.58,44.24,38.01,38.83,39.25,38.55,44.06,94.68
32887,102.8,101.83,31.38,29.41,30.58,30.49,32.22,30.75,31.11,31.84,32.51,32.12,39.54,36.96,33.21,32.03,40.58,44.24,38.01,38.83,39.25,38.55,43.88,93.86
32907,102.8,100.87,31.38,29.41,30.58,30.49,32.12,30.75,30.93,31.93,32.51,32.12,39.54,36.96,33.21,31.93,40.43,44.24,38.01,38.83,39.25,38.55,43.88,93.86
32926,102.8,100.87,31.38,29.33,30.58,30.49,32.12,30.75,30.93,31.84,32.51,32.12,39.54,36.96,33.21,31.93,40.58,44.24,38.01,38.83,39.25,38.41,43.88,93.86
32946,101.83,101.83,31.38,29.41,30.58,30.49,32.12,30.75,30.93,31.93,32.51,32.12,39.83,36.96,33.21,32.03,40.58,44.24,38.01,38.83,39.25,38.41,43.7,94.68
32965,101.83,101.83,31.38,29.41,30.58,30.49,32.12,30.75,30.93,31.93,32.51,32.12,39.83,36.96,33.21,32.03,40.58,44.24,38.01,38.83,39.25,38.55,43.7,94.68
32985,101.83,100.87,31.47,29.41,30.58,30.49,32.12,30.75,31.02,31.93,32.51,32.12,39.83,36.96,33.21,32.03,40.58,44.24,38.01,38.83,39.25,38.41,43.88,94.68
33005,101.83,100.87,35.5,29.41,30.58,30.49,32.12,30.75,30.93,31.93,32.51,32.12,39.83,36.96,33.11,31.93,40.58,44.24,38.01,38.83,39.25,38.55,43.52,93.86
33026,100.87,99.94,31.38,29.41,30.58,30.49,32.03,30.75,30.93,31.93,32.51,32.12,39.68,36.96,33.21,32.03,40.58,44.24,38.01,38.83,39.25,38.41,43.7,94.68
33044,94.68,99.02,31.47,29.41,30.58,30.49,32.12,30.75,30.93,31.84,32.51,32.12,39.68,36.96,33.21,31.93,40.58,44.24,38.01,38.83,39.25,38.55,43.88,94.68
33065,101.83,99.02,31.38,29.41,30.58,30.49,32.12,30.75,31.02,31.93,32.51,32.12,39.68,36.96,33.21,31.93,40.58,44.24,38.01,38.83,39.25,38.55,43.7,93.86
33083,94.68,98.12,31.38,29.41,30.58,30.49,32.22,30.75,31.11,31.93,32.51,32.12,50.2,36.96,33.11,31.93,40.58,44.24,38.01,38.83,39.25,38.55,43.88,93.05
33104,100.87,98.12,45.16,29.41,30.58,30.49,32.12,30.75,31.29,31.93,32.51,32.12,39.68,36.96,33.11,31.93,40.58,44.24,38.01,38.83,39.25,38.41,43.7,53.43
33122,93.86,96.37,31.47,29.41,30.58,30.49,32.22,30.75,31.02,31.75,32.41,32.03,39.83,36.96,33.11,31.93,40.58,44.24,38.01,38.83,39.25,38.41,44.06,56.22
33143,98.12,95.52,32.41,29.41,30.58,30.49,32.12,30.75,31.02,31.75,32.51,32.12,39.83,36.96,33.11,31.93,40.58,44.24,38.01,38.83,39.25,38.41,43.88,54.79
33163,97.24,94.68,31.47,29.41,30.58,30.49,32.03,30.75,31.02,31.84,32.51,32.12,42.33,36.96,33.21,31.93,40.58,44.24,38.01,38.83,39.25,38.41,43.88,56.22
33182,96.37,93.86,30.84,29.41,30.58,30.49,32.12,30.66,31.02,31.93,32.51,32.12,39.83,36.96,33.21,31.93,40.58,44.24,38.01,38.83,39.25,38.55,43.88,53.7
33202,96.37,93.86,30.84,29.41,30.58,30.49,32.12,30.75,31.02,31.93,32.51,32.12,39.68,36.96,33.21,31.93,40.58,44.06,38.01,38.83,39.25,38.41,43.7,55.92
33221,96.37,94.68,30.93,29.41,30.58,30.49,32.12,30.75,31.02,31.93,32.51,32.12,39.54,36.96,33.21,31.93,40.58,44.24,38.01,38.83,39.25,38.41,43.88,57.72
33241,95.52,94.68,42.83,29.41,30.58,30.49,32.03,30.75,31.02,31.93,32.51,32.12,39.54,36.96,33.21,31.84,40.43,44.24,38.14,38.83,39.25,38.41,43.88,55.64
33259,94.68,92.25,31.11,29.41,30.58,30.49,32.12,30.75,31.02,31.93,32.51,32.12,39.54,36.96,33.21,31.93,40.58,44.24,38.14,38.69,39.25,38.41,44.06,55.92
33280,93.86,92.25,30.93,29.41,30.58,30.49,32.03,30.66,31.02,31.93,32.51,32.12,39.54,36.96,33.21,31.84,40.58,44.24,38.01,38.83,39.25,38.41,43.88,59.31
33300,94.68,87.04,30.93,29.41,30.58,30.49,32.03,30.75,31.02,32.03,32.51,32.12,39.54,36.96,33.21,31.93,40.58,44.24,38.01,38.83,39.25,38.41,43.7,83.67
33319,94.68,92.25,30.93,29.41,30.58,30.49,32.03,30.66,30.93,31.93,32.51,32.12,39.68,36.96,33.11,31.93,40.58,44.24,38.01,38.83,39.25,38.41,43.88,89.95
33339,94.68,92.25,30.93,29.41,30.58,30.49,32.03,30.66,30.93,31.93,32.51,32.12,39.54,36.96,33.11,31.93,40.58,44.24,38.01,38.83,39.25,38.41,43.88,93.86
33358,93.86,91.47,30.84,29.41,30.58,30.49,32.03,30.66,31.02,31.93,32.51,32.12,40.88,36.96,33.11,31.93,40.43,44.42,38.01,38.83,39.25,38.41,43.7,93.05
33378,93.86,91.47,30.84,29.41,30.58,30.4,32.03,30.66,31.02,31.93,32.51,32.12,39.68,36.96,33.11,31.93,40.58,44.42,38.01,38.83,39.25,38.27,43.88,69.19
33399,93.86,91.47,30.84,29.41,30.58,30.49,32.03,30.66,31.2,31.93,32.51,32.12,39.54,36.96,33.11,31.93,40.58,44.24,38.01,38.83,39.25,38.27,43.88,62.39
33417,93.86,91.47,30.93,29.41,30.58,30.49,32.03,30.66,31.2,31.93,32.51,32.12,39.54,37.09,33.01,31.93,40.58,44.24,38.01,38.83,39.25,38.41,44.06,94.68
33438,93.86,92.25,30.93,29.41,30.58,30.49,32.03,30.66,31.2,32.03,32.51,32.12,39.54,37.09,33.11,31.93,40.58,44.24,38.01,38.83,39.25,38.41,44.06,94.68
33456,94.68,92.25,30.93,29.41,30.58,30.49,32.03,30.66,31.11,32.03,32.51,32.12,39.54,37.09,33.11,31.84,40.73,44.24,38.01,38.83,39.39,38.41,43.88,94.68
33477,93.86,91.47,30.93,29.41,30.58,30.49,32.03,30.66,31.11,32.03,32.51,32.12,39.68,37.09,33.11,31.84,40.58,44.42,38.01,38.83,39.25,38.41,43.88,95.52
33495,93.05,93.05,30.93,29.41,30.58,30.49,32.03,30.66,31.2,31.93,32.51,32.12,39.54,37.35,33.11,31.93,40.58,44.6,38.01,38.83,39.39,38.41,43.88,94.68
33515,92.25,91.47,30.93,29.33,30.58,30.4,32.03,30.66,31.11,32.03,32.51,32.12,39.68,37.35,33.11,31.93,40.73,44.6,38.01,38.83,39.25,38.41,44.24,93.86
33536,92.25,91.47,31.29,29.41,30.58,30.4,32.03,30.66,31.11,32.03,32.51,32.12,39.68,37.35,33.11,31.84,40.58,44.42,38.01,38.83,39.39,38.41,44.06,59.63
33554,93.05,89.95,31.38,29.33,30.58,30.4,32.03,30.66,31.2,32.03,32.51,32.12,39.54,37.35,33.11,31.93,40.73,44.24,38.01,38.83,39.25,38.41,44.24,94.68
33575,93.05,91.47,31.47,29.41,30.58,30.4,32.03,30.66,31.2,32.03,32.51,32.12,39.39,37.35,33.11,31.93,40.43,44.42,37.87,38.83,39.25,38.41,44.24,60.98
33593,93.05,91.47,30.93,29.41,30.58,30.4,31.93,30.66,31.2,32.03,32.51,32.12,39.54,37.35,33.11,31.84,40.73,44.42,38.01,38.83,39.39,38.41,44.24,93.86
33614,93.86,93.05,30.93,29.41,30.58,30.4,32.03,30.66,31.11,31.93,32.51,32.12,39.54,37.48,33.11,31.84,40.73,44.42,38.01,38.83,39.39,38.41,44.06,54.51
33632,92.25,64.63,30.84,29.41,30.58,30.4,32.03,30.66,31.11,31.93,32.51,32.12,39.54,37.35,33.11,31.84,40.73,44.42,37.87,38.83,39.39,38.41,44.06,95.52
33653,94.68,92.25,30.84,29.41,30.58,30.49,32.03,30.75,31.11,31.93,32.51,32.12,39.54,37.35,33.11,31.84,40.73,44.42,38.01,38.83,39.39,38.27,44.06,95.52
33673,94.68,92.25,30.84,29.41,30.58,30.4,32.03,30.75,31.11,32.03,32.51,32.12,39.54,37.35,33.11,31.84,40.73,44.42,38.01,38.83,39.39,38.27,44.24,94.68
33692,93.05,90.7,30.84,29.41,30.58,30.4,31.93,30.75,31.11,32.03,32.51,32.12,39.68,37.35,33.11,31.84,40.73,44.42,38.01,38.83,39.39,38.41,44.24,95.52
33712,93.05,92.25,30.93,29.41,30.58,30.4,32.03,30.66,31.11,31.93,32.51,32.12,39.68,37.48,33.11,31.84,40.58,44.42,38.01,38.83,39.39,38.27,44.06,95.52
33730,93.05,90.7,30.93,29.41,30.58,30.4,32.03,30.75,31.11,31.93,32.51,32.12,39.54,37.48,33.11,31.84,40.73,44.42,38.01,38.83,39.25,38.27,43.88,94.68
33751,93.05,89.95,30.93,29.41,30.58,30.4,32.03,30.75,31.11,32.03,32.51,32.12,39.68,37.48,33.11,31.84,40.58,44.42,38.01,38.83,39.39,38.27,43.52,94.68
33771,93.86,90.7,30.84,29.41,30.58,30.4,32.03,30.75,31.11,31.93,32.51,32.12,39.68,37.48,33.11,31.84,40.73,44.42,38.01,38.83,39.39,38.27,43.88,95.52
33790,93.05,89.95,30.84,29.41,30.58,30.4,32.03,30.75,31.11,32.03,32.51,32.12,39.54,37.35,33.11,31.84,40.73,44.42,38.01,38.97,39.25,38.27,45.93,94.68
33810,93.05,90.7,30.84,29.41,30.58,30.4,32.51,30.75,31.11,32.03,32.51,32.12,39.68,37.48,33.11,31.84,40.73,44.42,38.01,38.83,39.39,38.27,45.54,95.52
33829,93.05,90.7,30.84,29.41,30.58,30.4,31.93,30.75,31.2,31.93,32.51,32.12,39.68,37.35,33.11,31.84,40.73,44.6,38.01,38.83,39.39,38.41,47.76,95.52
33849,93.05,90.7,30.93,29.41,30.58,30.4,31.93,30.75,31.2,32.03,32.51,32.12,39.54,37.48,33.11,31.84,40.73,44.97,38.01,38.83,39.39,38.41,48.19,95.52
33868,93.86,90.7,30.84,29.41,30.58,30.4,31.93,30.75,31.2,31.93,32.51,32.12,39.54,37.48,33.11,31.84,40.73,44.97,38.01,38.97,39.39,38.41,47.76,95.52
33888,93.86,90.7,30.93,29.41,30.58,30.4,31.93,30.75,31.11,32.03,32.51,32.12,39.54,37.48,33.11,31.84,40.73,45.16,38.01,38.83,39.39,38.41,46.93,95.52
33909,93.86,90.7,30.93,29.41,30.58,30.4,32.03,30.75,31.11,32.03,32.51,32.12,39.54,37.48,33.11,31.84,40.73,44.97,38.01,38.97,39.39,38.41,43.88,95.52
33927,93.86,90.7,31.02,29.41,30.58,30.4,31.93,30.75,31.02,32.03,32.51,32.12,39.54,37.35,33.11,31.84,40.58,44.79,38.01,38.83,39.39,38.41,43.88,95.52
33948,93.05,90.7,30.93,29.41,30.58,30.4,32.03,30.75,31.02,32.03,32.51,32.12,39.54,37.48,33.11,31.84,40.73,44.6,38.01,38.83,39.39,38.41,43.7,94.68
33966,93.86,92.25,30.93,29.41,30.58,30.4,32.03,30.75,31.02,32.03,32.51,32.03,39.54,37.48,33.11,31.84,40.58,44.42,38.01,38.83,39.39,38.41,43.88,94.68
33986,94.68,92.25,30.93,29.41,30.58,30.4,31.93,30.75,31.02,32.03,32.51,32.12,39.54,37.48,33.11,31.75,40.73,44.6,38.01,38.97,39.39,38.41,43.88,94.68
34005,94.68,93.05,30.93,29.41,30.58,30.4,32.03,30.75,31.11,32.03,32.51,32.12,39.54,37.48,33.11,31.84,40.73,44.42,38.01,38.83,39.39,38.41,43.7,95.52
34025,94.68,92.25,30.93,29.41,30.58,30.4,32.03,30.75,31.11,32.03,32.51,32.12,39.39,37.35,33.11,31.84,40.73,44.42,38.01,38.83,39.39,38.41,43.7,95.52
34046,94.68,91.47,30.93,29.41,30.58,30.4,32.03,30.75,31.02,32.03,32.51,32.12,39.68,37.35,33.11,31.84,40.73,44.42,38.01,38.97,39.25,38.41,43.7,93.86
34064,94.68,91.47,31.02,29.41,30.58,30.4,31.93,30.75,30.93,32.03,32.51,32.12,39.68,37.35,33.11,31.84,40.73,44.42,38.01,38.97,39.39,38.27,43.7,93.86
34085,94.68,91.47,31.11,29.41,30.58,30.4,31.93,30.75,30.93,32.03,32.51,32.12,39.68,37.35,33.21,31.84,40.73,44.42,38.01,38.83,39.25,38.41,43.7,94.68
34103,94.68,91.47,30.93,29.41,30.58,30.4,31.93,30.75,30.93,32.03,32.51,32.12,39.68,37.35,33.21,31.84,40.73,44.42,38.01,38.97,39.39,38.41,44.24,93.86
34124,93.86,91.47,30.93,29.41,30.58,30.4,31.93,30.75,30.93,32.12,32.51,32.12,39.68,37.35,33.21,31.84,40.73,44.24,38.01,38.97,39.39,38.41,44.24,94.68
34144,94.68,92.25,30.93,29.41,30.58,30.4,32.03,30.75,30.93,32.03,32.51,32.12,39.54,37.35,33.11,31.84,40.73,44.42,38.01,38.97,39.39,38.41,44.24,93.86
34163,94.68,93.05,30.93,29.41,30.58,30.4,31.93,30.75,30.93,31.93,32.51,32.03,39.54,37.35,33.11,31.84,40.73,44.24,37.87,38.97,39.25,38.41,44.24,93.86
34183,94.68,93.05,30.93,29.41,30.58,30.4,32.03,30.75,30.93,32.03,32.51,32.03,39.54,37.35,33.21,31.84,40.73,44.42,38.01,38.83,39.39,38.41,44.06,93.86
34202,95.52,93.05,30.93,29.41,30.58,30.4,32.03,30.75,30.93,32.03,32.51,32.12,39.68,37.35,33.21,31.84,40.58,44.42,38.01,38.83,39.39,38.41,44.06,93.86
34222,95.52,93.86,30.93,29.41,30.58,30.4,32.03,30.75,30.84,32.03,32.51,32.12,39.68,37.35,33.21,31.84,40.58,44.42,37.87,38.69,39.25,38.41,44.24,93.86
34240,96.37,93.86,30.93,29.41,30.58,30.4,32.03,30.75,30.93,32.03,32.51,32.12,39.54,37.35,33.21,31.84,40.58,44.42,38.01,38.83,39.39,38.41,44.06,93.86
34261,96.37,93.86,30.93,29.41,30.58,30.4,32.03,30.75,30.93,32.03,32.51,32.12,39.54,37.35,33.21,31.84,40.58,44.42,38.01,38.83,39.25,38.41,44.24,93.86
34281,96.37,93.05,30.93,29.41,30.49,30.4,32.03,30.75,30.93,32.03,32.51,32.12,39.68,37.35,33.11,31.84,40.58,44.42,38.01,38.83,39.39,38.41,44.24,92.25
34300,96.37,93.86,30.93,29.41,30.49,30.4,33.52,30.75,30.93,32.03,32.51,32.12,39.54,36.84,33.11,31.84,40.73,44.42,38.01,38.83,39.25,38.41,44.24,90.7
34320,95.52,93.05,30.93,29.41,30.49,30.4,32.03,30.75,30.93,32.03,32.51,32.03,39.54,36.84,33.21,31.84,40.73,44.42,38.01,38.83,39.25,38.55,44.24,93.86
34339,94.68,93.05,30.93,29.41,30.58,30.4,32.03,30.75,30.93,32.03,32.51,32.12,39.54,36.96,33.21,31.84,40.73,44.42,38.01,38.83,39.39,38.55,44.24,94.68
34359,96.37,93.86,30.93,29.41,30.58,30.4,32.03,30.75,31.02,32.12,32.51,32.12,39.54,36.84,33.21,31.84,40.58,44.42,38.01,38.83,39.25,38.55,44.24,93.86
34378,96.37,95.52,31.02,29.41,30.58,30.49,32.03,30.75,31.11,32.03,32.51,32.12,39.54,36.84,33.11,31.84,40.58,44.42,38.01,38.83,39.25,38.55,43.88,93.86
34398,95.52,94.68,30.84,29.41,30.58,30.49,32.03,30.75,31.29,32.03,32.41,32.12,39.39,36.84,33.11,31.84,40.58,44.42,38.01,38.83,39.39,38.55,43.7,93.86
34419,93.86,93.86,30.84,29.41,30.58,30.4,32.03,30.75,31.11,32.03,32.51,32.12,39.54,36.84,33.21,31.84,40.58,44.6,38.01,38.83,39.25,38.55,43.7,93.86
34437,93.86,93.86,30.93,29.41,30.49,30.4,32.03,30.75,31.02,32.03,32.51,32.03,39.54,36.84,33.21,31.75,40.58,44.6,38.01,38.83,39.39,38.41,43.7,93.86
34458,93.86,91.47,31.02,29.41,30.49,30.4,32.03,30.75,31.29,32.03,32.51,32.12,39.54,36.84,33.21,31.84,40.58,44.6,38.01,38.83,39.25,38.55,43.88,93.86
34476,93.86,92.25,31.38,29.41,30.58,30.4,32.03,30.75,31.02,31.93,32.51,32.12,39.54,36.84,33.21,31.75,40.58,44.6,38.01,38.83,39.25,38.55,43.88,94.68
34496,94.68,92.25,31.29,29.41,30.58,30.4,31.93,30.75,31.02,32.03,32.51,32.12,39.54,36.84,33.21,31.84,40.58,44.42,38.01,38.83,39.25,38.55,43.7,94.68
34517,94.68,92.25,30.93,29.41,30.58,30.4,31.93,30.75,31.02,32.03,32.51,32.12,39.54,36.84,33.21,31.84,40.73,44.42,38.01,38.83,39.39,38.55,43.7,94.68
34535,94.68,92.25,30.93,29.41,30.58,30.4,31.93,30.75,31.29,32.03,32.51,32.12,39.54,36.84,33.21,31.84,40.73,44.42,38.01,38.83,39.25,38.55,43,94.68
34556,94.68,92.25,30.93,29.41,30.58,30.4,31.93,30.75,31.02,32.03,32.51,32.12,39.54,36.96,33.21,31.84,40.58,44.42,38.01,38.83,39.39,38.55,43.17,94.68
34574,93.05,91.47,30.93,29.41,30.58,30.4,32.03,30.75,31.02,32.03,32.51,32.03,39.54,36.84,33.11,31.84,40.73,44.42,38.01,38.83,39.39,38.55,43.17,95.52
34595,93.86,92.25,30.93,29.41,30.58,30.4,32.03,30.75,31.02,32.03,32.51,32.03,39.39,36.96,33.21,31.84,40.73,44.42,38.01,38.83,39.39,38.55,43,95.52
34613,93.86,92.25,31.02,29.41,30.58,30.4,32.03,30.75,31.02,32.03,32.51,32.12,39.39,36.84,33.21,31.84,40.73,44.6,38.01,38.69,39.39,38.55,43.17,95.52
34634,94.68,92.25,30.93,29.41,30.49,30.4,32.03,30.75,31.02,32.03,32.51,32.12,39.39,36.84,33.11,31.84,40.58,44.6,38.01,38.83,39.39,38.55,43.17,94.68
34654,94.68,92.25,30.93,29.41,30.58,30.4,32.03,30.75,31.29,32.03,32.51,32.12,39.54,36.84,33.21,31.84,40.58,45.54,38.01,38.83,39.25,38.55,43.52,93.86
34673,94.68,93.05,30.93,29.41,30.58,30.4,31.93,30.75,31.29,32.03,32.51,32.12,39.54,36.84,33.21,31.84,40.58,45.93,38.01,38.83,39.39,38.55,43.35,93.86
34693,95.52,93.05,30.93,29.41,30.58,30.4,32.03,30.75,31.02,32.03,32.51,32.12,39.54,36.96,33.21,31.84,40.58,45.93,38.01,38.83,39.39,38.55,43.17,93.86
34711,94.68,93.05,30.93,29.41,30.58,30.4,32.03,30.75,31.02,32.03,32.51,32.12,39.54,36.84,33.21,31.84,40.58,45.93,38.01,38.69,39.39,38.55,43,92.25
34732,94.68,92.25,31.38,29.41,30.58,30.4,32.03,30.75,31.02,32.03,32.51,32.03,39.39,36.96,33.21,31.84,40.58,45.93,38.01,38.83,39.39,38.55,43.17,93.86
34750,94.68,93.05,31.38,29.41,30.58,30.4,32.03,30.75,31.02,32.03,32.51,32.12,39.54,36.84,33.11,31.84,40.73,45.93,38.01,38.83,39.39,38.55,43.17,93.86
34771,95.52,93.05,31.38,29.41,30.58,30.4,32.03,30.75,31.02,32.03,32.51,32.03,39.68,36.84,33.21,31.84,40.43,45.93,38.01,38.83,39.39,38.55,43,93.86
34791,99.02,92.25,31.38,29.41,30.58,30.4,32.12,30.75,31.02,32.03,32.51,32.12,39.98,36.96,33.21,31.84,40.58,45.93,38.01,38.83,39.25,38.55,43.17,93.86
34810,94.68,92.25,31.38,29.41,30.58,30.4,32.03,30.75,31.02,32.03,32.51,32.12,42,36.84,33.21,31.84,40.73,45.74,38.01,38.83,39.39,38.55,43.52,94.68
34830,95.52,93.05,31.38,29.41,30.58,30.4,32.03,30.75,31.11,32.03,32.51,32.12,41.2,36.96,33.21,31.75,40.58,45.93,38.01,38.83,39.39,38.55,43.17,93.86
34849,94.68,92.25,31.38,29.41,30.58,30.4,32.03,30.75,31.02,32.03,32.51,32.12,39.68,36.96,33.21,31.84,40.58,45.93,38.01,38.83,39.25,38.55,43,95.52
34869,95.52,92.25,31.93,29.41,30.58,30.4,32.03,30.75,31.11,32.03,32.51,32.12,39.68,36.96,33.21,31.84,40.58,45.93,38.01,38.83,39.25,38.55,43.35,93.86
34890,95.52,92.25,32.12,29.41,30.58,30.4,32.12,30.75,31.29,32.03,32.51,32.12,39.54,36.84,33.21,31.84,40.73,45.93,38.01,38.83,39.39,38.55,43.17,93.05
34908,99.94,92.25,32.12,29.41,30.58,30.4,32.12,30.75,31.29,31.93,32.51,32.12,39.54,36.96,33.11,31.84,40.58,45.93,38.01,38.83,39.39,38.41,43.17,93.86
34929,95.52,92.25,32.12,29.41,30.58,30.4,32.03,30.75,30.93,31.93,32.51,32.03,39.68,36.96,33.21,31.84,40.73,45.93,38.01,38.83,39.25,38.55,43.35,93.86
34947,94.68,91.47,32.12,29.41,30.58,30.4,32.03,30.75,31.02,32.03,32.51,32.12,39.68,36.96,33.21,31.84,40.73,44.42,38.01,38.83,39.39,38.55,43.35,93.86
34967,95.52,91.47,32.12,29.41,30.58,30.4,32.03,30.75,31.02,32.03,32.51,32.12,39.83,36.96,33.21,31.84,40.73,44.42,38.01,38.83,39.39,38.55,43.52,94.68
34986,94.68,91.47,32.12,29.41,30.58,30.4,32.03,30.75,31.02,31.93,32.51,32.12,39.83,36.96,33.21,31.84,40.73,44.42,38.01,38.83,39.25,38.55,43.35,93.86
35006,93.86,91.47,31.75,29.41,30.58,30.4,32.12,30.75,30.93,31.93,32.51,32.12,39.68,36.84,33.21,31.84,40.58,44.42,38.01,38.83,39.25,38.55,43.17,93.86
35027,94.68,91.47,32.03,29.41,30.58,30.4,32.03,30.75,30.93,31.93,32.51,32.12,39.83,36.96,33.11,31.84,40.73,44.42,38.01,38.83,39.25,38.55,43.17,93.86
35045,94.68,92.25,32.12,29.41,30.58,30.4,32.03,30.75,30.93,31.93,32.51,32.12,39.68,36.96,33.11,31.84,40.73,44.42,38.01,38.83,39.25,38.55,43.17,93.86
35066,93.86,91.47,31.93,29.41,30.58,30.49,32.03,30.75,30.93,31.93,32.51,32.12,39.68,36.96,33.21,31.84,40.27,44.42,38.01,38.83,39.39,38.55,43.17,93.86
35084,93.86,91.47,31.38,29.41,30.58,30.49,32.12,30.75,30.93,31.93,32.51,32.03,39.68,36.96,33.11,31.84,40.73,44.42,38.01,38.83,39.25,38.27,43,93.86
35105,93.86,91.47,30.93,29.41,30.58,30.49,32.03,30.75,31.02,31.93,32.51,32.12,39.68,36.96,33.11,31.84,40.58,44.42,38.01,38.69,39.25,38.41,43,93.86
35123,93.86,91.47,30.93,29.41,30.58,30.49,32.03,30.75,31.02,31.84,32.51,32.03,39.83,36.96,33.11,31.75,40.73,44.42,38.14,38.83,39.39,38.27,43.17,93.86
35144,93.86,91.47,30.93,29.41,30.58,30.49,32.03,30.75,30.93,31.84,32.51,32.12,39.83,36.96,33.11,31.84,40.58,44.42,38.01,38.83,39.39,38.41,43,93.05
35164,93.86,92.25,31.02,29.41,30.58,30.49,32.03,30.75,31.02,31.84,32.51,32.12,39.83,37.09,33.11,31.84,40.73,44.42,38.14,38.83,39.39,38.41,43,93.86
35185,93.05,91.47,30.93,29.41,30.58,30.49,32.03,30.75,30.93,31.84,32.51,32.12,39.68,37.22,33.11,31.84,40.73,44.42,38.01,38.83,39.39,38.41,43.17,93.86
35203,93.86,91.47,30.93,29.41,30.58,30.49,32.03,30.75,30.93,31.84,32.51,32.12,39.68,37.35,33.11,31.84,40.58,44.42,38.01,38.83,39.39,38.41,43.17,93.05
35223,93.86,91.47,30.93,29.41,30.58,30.58,32.12,30.75,30.93,31.84,32.51,32.12,39.54,37.35,33.11,31.84,40.58,44.42,38.01,38.83,39.39,38.41,43,93.86
35242,93.86,92.25,31.02,29.41,30.58,30.58,32.12,30.75,31.11,31.93,32.51,32.12,39.54,37.35,33.11,31.84,40.73,44.42,38.01,38.83,39.25,38.41,43.17,93.05
35262,93.86,91.47,31.11,29.41,30.58,30.58,32.03,30.75,31.11,31.93,32.51,32.12,40.43,37.48,33.11,31.84,40.58,44.42,38.01,38.83,39.39,38.41,43.35,93.86
35283,94.68,91.47,31.11,29.41,30.58,30.58,32.12,30.75,31.02,31.93,32.51,32.12,39.68,37.48,33.11,31.84,40.73,44.42,38.01,38.83,39.39,38.41,43.17,93.86
35301,94.68,92.25,30.93,29.41,30.58,30.58,32.12,30.75,31.02,31.93,32.51,32.12,39.68,37.48,33.11,31.84,40.58,44.6,38.01,38.83,39.39,38.41,43.17,93.86
35322,94.68,92.25,31.02,29.41,30.58,30.58,32.03,30.75,31.02,31.93,32.51,32.12,39.68,37.48,33.11,31.84,40.58,44.6,38.01,38.83,39.39,38.27,43,93.86
35340,94.68,91.47,30.93,29.41,30.58,30.58,32.12,30.75,31.02,31.93,32.51,32.12,39.68,37.48,33.11,31.84,40.73,44.42,38.01,38.83,39.39,38.41,43.35,93.86
35361,94.68,92.25,31.02,29.41,30.58,30.58,32.12,30.75,31.02,31.93,32.51,32.12,39.68,37.48,33.11,31.75,40.58,44.79,37.87,38.83,39.39,38.41,43.52,93.86
35379,95.52,92.25,30.93,29.41,30.58,30.58,32.03,30.75,31.02,31.93,32.51,32.12,39.54,37.48,33.11,31.84,40.73,44.6,38.01,38.83,39.39,38.41,43.17,93.86
35400,94.68,93.05,30.93,29.41,30.58,30.58,32.03,30.75,31.02,31.93,32.51,32.12,39.54,37.48,33.11,31.84,40.73,44.79,38.01,38.83,39.39,38.41,43.17,93.86
35420,96.37,93.86,30.93,29.41,30.58,30.58,32.03,30.75,31.2,31.93,32.51,32.12,39.54,37.48,33.11,31.84,40.73,44.6,38.01,38.83,39.39,38.27,43.17,93.86
35439,96.37,92.25,31.02,29.41,30.58,30.58,32.12,30.75,31.2,31.75,32.51,32.12,39.54,37.48,33.11,31.84,40.58,44.6,38.01,38.83,39.39,38.27,43.17,93.86
35459,96.37,93.86,31.29,29.41,30.58,30.58,32.03,30.75,31.2,31.84,32.51,32.12,39.54,37.48,33.01,31.84,40.73,44.6,38.01,38.83,39.39,38.27,43.17,94.68
35477,96.37,93.86,31.02,29.41,30.58,30.58,32.03,30.75,31.11,31.84,32.51,32.12,39.54,37.48,33.11,31.84,40.73,44.6,38.01,38.83,39.39,38.41,43.35,93.86
35498,96.37,93.05,30.93,29.41,30.58,30.58,32.03,30.75,31.2,31.93,32.51,32.12,39.39,37.35,33.11,31.84,40.73,44.97,37.87,38.83,39.39,38.27,43.17,93.05
35518,97.24,93.86,30.93,29.41,30.58,30.58,32.03,30.75,31.02,31.93,32.51,32.12,39.54,37.48,33.11,31.84,40.58,45.35,38.01,38.83,39.39,38.27,43.52,93.86
35537,99.02,93.86,31.29,29.41,30.58,30.58,32.12,30.75,31.02,31.93,32.51,32.12,39.54,37.48,33.11,31.84,40.73,45.35,38.01,38.83,39.39,38.41,43.7,96.37
35557,100.87,93.86,31.11,29.41,30.66,30.58,32.12,30.75,31.11,32.03,32.51,32.12,39.54,37.48,33.11,31.84,40.73,44.97,38.01,38.83,39.39,38.27,43.88,93.86
35578,101.83,93.86,32.03,29.41,30.66,30.58,32.12,30.75,31.11,31.93,32.51,32.12,39.54,37.61,33.01,31.84,40.73,44.97,38.01,38.83,39.39,38.41,43.35,93.05
35596,97.24,94.68,31.11,29.41,30.66,30.58,32.12,30.75,31.11,32.03,32.51,32.12,39.54,37.48,33.11,31.84,40.73,44.79,38.01,38.83,39.39,38.27,43.52,94.68
35617,97.24,95.52,31.11,29.41,30.66,30.58,32.12,30.75,31.11,31.93,32.51,32.03,39.39,37.48,33.11,31.84,40.58,44.79,38.01,38.83,39.39,38.27,43.35,93.86
35635,97.24,94.68,30.93,29.41,30.66,30.58,32.03,30.75,31.11,31.93,32.51,32.12,39.39,37.48,33.11,31.84,40.58,44.79,38.01,38.83,39.39,38.27,43.35,93.86
35656,98.12,95.52,30.93,29.41,30.66,30.66,32.12,30.75,31.11,31.93,32.51,32.12,39.39,37.48,33.11,31.84,40.58,44.79,38.01,38.83,39.39,38.41,43.17,93.86
35676,98.12,95.52,30.93,29.41,30.66,30.66,32.12,30.75,31.11,32.03,32.51,32.12,39.39,37.48,33.01,31.84,40.73,44.97,38.01,38.83,39.39,38.27,43.17,93.86
35695,98.12,97.24,30.93,29.41,30.66,30.66,32.12,30.75,31.47,32.03,32.51,32.03,39.39,37.35,33.11,31.84,40.58,44.97,38.01,38.83,39.39,38.41,43.35,93.86
35715,98.12,95.52,30.93,29.41,30.66,30.58,32.03,30.75,31.11,31.93,32.51,32.12,39.54,37.48,33.11,31.84,40.73,44.97,38.01,38.83,39.54,38.41,43.35,94.68
35733,98.12,95.52,30.93,29.41,30.66,30.58,32.03,30.75,31.11,32.03,32.51,32.12,39.68,37.48,33.11,31.84,40.58,44.79,38.01,38.83,39.39,38.27,43.17,95.52
35754,98.12,95.52,30.93,29.41,30.66,30.66,32.03,30.75,31.47,31.93,32.51,32.12,39.68,37.48,33.11,31.84,40.73,44.97,38.01,38.83,39.39,38.41,43.35,95.52
35774,98.12,95.52,31.02,29.41,30.58,30.66,32.03,30.75,31.2,32.03,32.51,32.12,39.54,37.48,33.11,31.84,40.73,45.54,38.01,38.83,39.39,38.41,43.17,94.68
35793,98.12,95.52,30.93,29.41,30.58,30.58,32.03,30.75,31.11,31.93,32.51,32.03,39.54,37.48,33.11,31.84,40.58,45.16,38.01,38.83,39.39,38.27,43.35,95.52
35813,97.24,95.52,31.11,29.41,30.66,30.58,32.03,30.75,31.11,31.93,32.51,32.12,39.54,37.48,33.11,31.84,40.73,45.16,38.01,38.83,39.39,38.27,43.35,95.52
35832,97.24,95.52,30.93,29.41,30.58,30.58,32.12,30.75,31.11,31.93,32.51,32.12,39.54,37.48,33.11,31.84,40.73,45.16,38.01,38.83,39.39,38.41,43.17,94.68
35852,97.24,95.52,30.93,29.41,30.58,30.58,32.03,30.75,31.11,32.03,32.51,32.12,39.54,37.48,33.11,31.84,40.73,44.79,38.01,38.83,39.39,38.41,43.17,95.52
35871,97.24,95.52,30.93,29.41,30.58,30.58,32.03,30.75,31.11,31.93,32.51,32.12,39.54,37.35,33.11,31.84,40.73,44.42,38.01,38.83,39.39,38.27,43.17,95.52
35891,98.12,95.52,31.02,29.41,30.58,30.58,32.03,30.75,31.11,31.93,32.51,32.12,39.54,37.35,33.11,31.84,40.73,44.42,38.01,38.83,39.39,38.41,43.17,95.52
35912,98.12,95.52,30.93,29.41,30.58,30.58,32.03,30.75,31.11,31.93,32.51,32.12,39.54,37.35,33.11,31.84,40.73,44.42,38.01,38.83,39.39,38.41,43.17,95.52
35930,98.12,95.52,31.02,29.41,30.58,30.58,32.03,30.66,31.11,31.93,32.51,32.12,39.54,37.48,33.11,31.84,40.73,44.42,38.01,38.69,39.39,38.41,43.35,93.86
35951,99.94,96.37,31.02,29.41,30.58,30.58,32.03,30.75,31.11,31.93,32.51,32.12,39.54,37.48,33.11,31.84,40.73,44.42,38.01,38.83,39.39,38.41,43.17,95.52
35969,99.94,97.24,30.93,29.41,30.58,30.49,32.03,30.75,31.02,31.93,32.51,32.12,39.54,37.48,33.01,31.84,40.73,44.42,38.01,38.83,39.39,38.41,43.17,94.68
35989,99.94,97.24,30.93,29.41,30.58,30.49,32.12,30.75,31.2,31.93,32.51,32.12,39.54,37.48,33.11,31.84,40.73,44.42,38.01,38.83,39.39,38.41,43.17,95.52
36008,99.94,98.12,30.93,29.41,30.58,30.49,32.12,30.75,31.38,31.93,32.51,32.12,39.54,37.48,33.11,31.84,40.73,44.42,38.01,38.83,39.39,38.41,43,93.86
36028,100.87,99.02,31.02,29.41,30.58,30.49,32.12,30.75,30.93,31.93,32.51,32.12,39.54,37.48,33.11,31.84,40.58,44.6,38.01,38.83,39.39,38.41,43,93.86
36049,100.87,99.94,30.93,29.41,30.58,30.49,32.03,30.75,31.11,31.93,32.51,32.12,39.39,37.48,33.11,31.84,40.73,44.42,38.01,38.83,39.39,38.27,43.17,94.68
36067,101.83,99.02,30.93,29.41,30.58,30.49,32.03,30.66,31.02,32.03,32.41,32.12,39.39,37.35,33.11,31.84,40.58,44.79,38.01,38.83,39.39,38.41,43.17,93.86
36088,101.83,100.87,30.93,29.41,30.58,30.49,32.03,30.66,30.93,31.93,32.51,32.03,39.39,37.35,33.11,31.84,40.58,44.42,38.01,38.83,39.39,38.41,43.17,61.68
36106,101.83,100.87,30.93,29.41,30.58,30.49,32.03,30.75,30.93,31.93,32.51,32.03,39.39,37.35,33.11,31.84,40.58,44.42,38.01,38.83,39.39,38.41,43.17,53.43
36127,100.87,99.94,30.93,29.41,30.58,30.49,32.03,30.75,30.84,31.93,32.51,32.12,39.39,37.35,33.11,31.84,40.73,44.42,38.01,38.83,39.39,38.41,43,63.87
36145,100.87,99.94,30.93,29.41,30.58,30.49,32.03,30.75,30.93,32.03,32.51,32.12,39.39,37.35,33.11,31.84,40.58,44.42,38.14,38.83,39.39,38.41,43.17,89.95
36168,100.87,99.94,31.11,29.41,30.58,30.49,32.03,30.75,30.93,32.03,32.51,32.12,39.39,37.35,33.11,31.84,40.58,44.42,38.01,38.83,39.39,38.41,43,61.33
36186,100.87,100.87,31.38,29.41,30.58,30.49,32.03,30.75,30.93,32.03,32.51,32.03,39.39,37.35,33.11,31.84,40.58,44.42,38.01,38.83,39.39,38.55,43.17,93.05
36207,100.87,97.24,31.38,29.41,30.58,30.49,32.03,30.75,30.93,31.93,32.51,32.03,39.39,37.35,33.11,31.84,40.58,44.42,38.01,38.83,39.25,38.55,43.17,93.86
36225,101.83,101.83,31.38,29.41,30.58,30.49,32.12,30.75,30.93,31.93,32.51,32.03,39.39,37.22,33.11,31.84,40.58,44.42,38.01,38.83,39.25,38.55,43,55.35
36245,94.68,84.99,31.02,29.41,30.58,30.49,32.91,30.75,31.02,31.93,32.51,32.03,39.39,37.22,33.11,31.84,40.58,45.74,38.01,38.83,39.25,38.55,43,54.24
36264,99.02,89.95,32.12,29.41,30.58,30.49,32.03,30.75,31.02,31.93,32.51,32.03,39.39,37.35,33.11,31.84,40.58,44.6,38.01,38.83,39.25,38.55,43,93.86
36284,101.83,100.87,31.38,29.41,30.58,30.49,32.03,30.75,31.11,31.93,32.51,32.12,39.39,37.22,33.21,31.84,40.58,44.42,38.01,38.83,39.25,38.55,43,53.43
36305,96.37,100.87,30.93,29.41,30.58,30.49,32.03,30.75,31.02,31.93,32.51,32.03,39.39,37.09,33.11,31.84,40.58,44.42,38.01,38.83,39.25,38.55,43,53.43
36323,96.37,100.87,30.75,29.41,30.49,30.49,32.03,30.75,30.93,32.03,32.51,32.03,39.54,36.84,33.11,31.84,40.58,44.42,38.01,38.83,39.25,38.55,43,53.7
36344,99.02,100.87,30.75,29.41,30.49,30.49,32.81,30.75,31.02,31.93,32.51,32.12,39.54,36.84,33.11,31.93,40.43,44.42,38.01,38.83,39.25,38.55,43,55.07
36362,99.94,99.94,31.11,29.41,30.58,30.49,32.71,30.75,31.02,31.93,32.51,32.03,39.54,36.71,33.11,31.84,40.58,44.42,38.01,38.83,39.25,38.55,43,54.51
36383,99.02,99.02,30.75,29.41,30.49,30.49,32.81,30.75,30.93,31.93,32.51,32.12,39.54,36.84,33.21,31.84,40.58,44.42,38.01,38.83,39.25,38.55,43.17,56.51
36401,98.12,56.51,30.84,29.41,30.58,30.49,32.03,30.75,31.11,31.93,32.51,32.03,39.39,36.84,33.21,31.84,40.58,44.24,38.01,38.69,39.25,38.55,43.17,57.41
36422,99.02,75.48,30.75,29.41,30.49,30.49,32.12,30.75,31.2,31.93,32.51,32.12,39.39,36.84,33.11,31.84,40.58,44.24,38.01,38.83,39.25,38.55,43,54.79
36442,100.87,99.94,30.93,29.41,30.49,30.49,32.12,30.75,31.11,31.93,32.51,32.03,39.39,36.71,33.21,31.84,40.58,44.24,38.01,38.69,39.25,38.55,43,56.22
36460,99.94,99.94,30.75,29.41,30.58,30.49,32.03,30.75,31.2,31.93,32.41,32.03,39.39,36.84,33.11,31.84,40.58,44.24,38.01,38.83,39.25,38.55,43.88,57.72
36481,100.87,99.94,30.75,29.41,30.58,30.49,32.12,30.75,31.2,31.93,32.51,32.03,39.39,36.84,33.11,31.84,40.58,44.24,38.01,38.83,39.25,38.55,45.74,50.44
36499,100.87,99.94,30.84,29.41,30.58,30.49,32.12,30.75,31.11,31.93,32.51,32.03,39.54,36.84,33.11,31.84,40.58,44.24,38.01,38.83,39.25,38.55,44.06,68.75
36520,100.87,99.94,30.75,29.41,30.58,30.4,32.03,30.75,31.02,31.93,32.41,32.03,39.54,36.84,33.11,31.84,40.43,44.24,38.01,38.83,39.25,38.55,45.16,60.98
36538,100.87,99.94,30.75,29.41,30.58,30.4,32.03,30.75,31.02,31.93,32.51,32.03,39.54,36.84,33.11,31.84,40.58,44.24,38.01,38.69,39.25,38.55,44.06,53.97
36559,100.87,99.02,30.75,29.41,30.49,30.4,32.03,30.75,31.02,32.03,32.51,32.03,39.39,36.71,33.11,31.84,40.58,44.24,38.01,38.83,39.25,38.41,46.32,60.3
36579,99.94,100.87,30.66,29.41,30.58,30.4,32.12,30.75,31.02,31.93,32.51,32.03,39.54,36.71,33.11,31.84,40.58,44.24,38.01,38.83,39.25,38.55,44.06,55.64
36598,100.87,99.94,31.02,29.41,30.58,30.4,32.22,30.75,31.11,32.03,32.51,32.03,39.54,36.71,33.11,31.84,40.58,44.24,38.01,38.69,39.25,38.55,45.54,52.4
36618,100.87,99.94,30.84,29.41,30.58,30.4,32.32,30.75,31.11,31.93,32.51,32.03,39.68,36.71,33.11,31.84,40.58,44.24,38.01,38.83,39.11,38.55,44.6,54.24
36637,99.94,99.02,31.2,29.41,30.58,30.4,32.71,30.75,31.2,31.93,32.51,32.03,39.54,36.71,33.11,31.93,40.58,44.24,38.01,38.69,39.25,38.55,45.74,82.39
36657,100.87,99.02,31.02,29.41,30.58,30.4,32.71,30.75,31.11,31.93,32.41,32.12,39.54,36.71,33.11,31.93,40.58,44.24,37.87,38.69,39.25,38.55,46.32,87.75
36675,100.87,99.02,31.2,29.41,30.58,30.4,32.81,30.75,31.02,31.93,32.41,32.12,39.39,36.71,33.11,31.93,40.43,44.24,38.01,38.83,39.25,38.55,45.16,94.68
36696,100.87,99.02,31.02,29.41,30.58,30.4,32.12,30.75,31.11,31.93,32.51,32.03,42.16,36.71,33.11,31.93,40.58,44.24,38.01,38.69,39.25,38.41,43.88,94.68
36716,100.87,98.12,31.2,29.41,30.58,30.4,32.03,30.75,31.11,31.93,32.41,32.03,39.39,36.71,33.11,31.84,40.58,44.24,38.01,38.83,39.25,38.55,44.97,94.68
36735,99.02,98.12,31.2,29.41,30.58,30.32,32.03,30.75,31.2,31.93,32.41,32.03,40.43,35.98,33.11,31.93,40.58,44.24,37.87,38.69,39.25,38.55,43.7,94.68
36755,99.94,98.12,31.2,29.41,30.58,30.4,32.03,30.75,31.2,31.93,32.51,32.12,44.97,35.98,33.11,31.93,40.58,44.24,38.01,38.69,39.25,38.55,44.79,95.52
36774,100.87,98.12,31.11,29.41,30.58,30.4,32.12,30.75,31.2,32.03,32.51,32.12,39.54,35.98,33.11,31.93,40.58,44.24,38.01,38.83,39.25,38.55,43.35,95.52
36794,99.94,98.12,31.2,29.41,30.58,30.4,32.03,30.75,31.2,32.03,32.51,32.12,39.54,35.86,33.01,31.84,40.58,44.24,38.01,38.69,39.25,38.55,43.52,95.52
36815,100.87,98.12,31.2,29.41,30.49,30.4,32.03,30.75,31.2,31.93,32.51,32.03,39.54,35.98,33.01,31.84,40.58,44.24,38.01,38.69,39.25,38.55,44.6,95.52
36835,99.94,97.24,31.2,29.41,30.49,30.4,32.12,30.75,31.2,32.03,32.41,32.12,39.54,35.86,33.11,31.84,40.58,44.24,38.01,38.69,39.25,38.55,45.54,95.52
36854,99.02,97.24,31.29,29.41,30.49,30.4,32.03,30.75,31.2,32.03,32.41,32.12,39.54,35.86,33.11,31.84,40.58,44.24,38.01,38.83,39.25,38.55,43.7,94.68
36874,99.02,97.24,31.2,29.41,30.49,30.32,32.03,30.75,31.2,32.03,32.51,32.03,39.54,35.98,33.11,31.93,40.58,44.24,38.01,38.69,39.11,38.55,44.42,94.68
36893,99.02,96.37,31.2,29.41,30.58,30.32,32.03,30.75,31.2,32.03,32.51,32.03,39.68,35.98,33.11,31.93,40.58,44.24,38.01,38.83,39.25,38.55,43.88,95.52
36913,99.02,96.37,31.2,29.41,30.58,30.32,32.03,30.75,31.29,32.03,32.51,32.12,39.68,35.98,33.01,31.84,40.58,44.24,38.01,38.83,39.25,38.55,43.52,94.68
36931,99.02,96.37,31.2,29.41,30.58,30.4,32.03,30.75,31.11,32.03,32.51,32.03,39.68,35.86,33.01,31.84,40.58,44.42,38.01,38.83,39.25,38.55,44.97,94.68
36952,99.02,95.52,31.2,29.41,30.58,30.4,32.03,30.75,31.11,32.03,32.51,32.12,39.68,35.86,33.01,31.84,40.58,44.06,38.01,38.83,39.25,38.55,44.06,93.05
36972,97.24,95.52,31.2,29.41,30.58,30.32,32.12,30.75,31.11,32.03,32.41,32.12,39.68,35.86,33.01,31.84,40.58,44.24,38.01,38.69,39.25,38.55,44.79,93.86
36991,93.05,95.52,31.2,29.41,30.58,30.4,32.03,30.75,31.02,32.03,32.51,32.12,39.68,35.86,33.01,31.84,40.58,44.24,38.01,38.83,39.25,38.55,44.6,93.86
37011,98.12,94.68,31.2,29.41,30.58,30.4,32.03,30.75,31.29,32.03,32.51,32.12,39.54,35.86,33.01,31.84,40.58,44.24,38.01,38.83,39.25,38.55,44.06,93.86
37030,97.24,94.68,31.2,29.41,30.58,30.32,32.12,30.75,30.93,32.03,32.51,32.03,39.68,35.86,33.01,31.75,40.43,44.24,38.01,38.83,39.25,38.55,44.24,93.86
37050,97.24,94.68,31.2,29.41,30.58,30.32,32.22,30.75,30.93,32.03,32.51,32.03,39.68,35.86,33.01,31.84,40.58,44.24,38.01,38.83,39.25,38.55,44.6,93.86
37069,92.25,94.68,31.2,29.41,30.58,30.4,32.03,30.75,31.02,32.03,32.41,32.12,39.68,35.86,33.01,31.84,40.43,44.24,38.01,38.83,39.25,38.55,44.42,93.86
37089,95.52,94.68,31.2,29.41,30.58,30.4,32.03,30.75,30.93,32.12,32.51,32.12,39.54,35.86,33.01,31.84,40.58,44.24,38.01,38.83,39.11,38.55,43.52,93.86
37110,94.68,93.86,31.2,29.41,30.58,30.4,32.12,30.75,31.02,32.03,32.51,32.03,39.68,35.86,33.01,31.84,40.58,44.24,38.01,38.83,39.25,38.55,44.79,93.05
37128,93.86,93.86,31.2,29.41,30.58,30.4,32.12,30.75,30.93,32.03,32.51,32.12,39.68,35.86,33.01,31.84,40.58,44.24,38.01,38.83,39.25,38.55,44.79,94.68
37149,95.52,93.86,31.2,29.41,30.58,30.4,32.03,30.75,31.02,32.03,32.51,32.12,39.68,35.86,33.01,31.84,40.43,44.24,38.01,38.83,39.25,38.55,43,93.86
37167,94.68,93.86,31.2,29.41,30.58,30.4,32.03,30.75,31.02,32.03,32.51,32.12,39.68,35.86,33.11,31.84,40.58,44.24,38.01,38.69,39.25,38.55,43,95.52
37187,95.52,94.68,31.29,29.41,30.49,30.4,32.03,30.75,31.02,32.03,32.51,32.12,39.68,35.98,33.01,31.84,40.58,44.24,38.01,38.83,39.25,38.41,43,94.68
37208,94.68,94.68,31.29,29.41,30.58,30.4,32.12,30.75,31.02,32.03,32.51,32.12,39.68,35.86,33.01,31.75,40.58,44.42,38.01,38.69,39.25,38.55,43.17,94.68
37226,95.52,93.86,31.29,29.41,30.58,30.4,32.03,30.75,30.93,32.03,32.51,32.03,39.68,35.98,33.11,31.84,40.43,44.24,38.14,38.83,39.25,38.55,43.17,93.05
37247,94.68,93.05,31.29,29.41,30.58,30.4,33.52,30.75,31.02,32.03,32.41,32.12,39.39,35.86,33.01,31.84,40.43,44.24,38.01,38.83,39.25,38.55,43.17,57.11
37265,93.86,92.25,31.29,29.41,30.58,30.4,32.32,30.75,30.93,32.03,32.51,32.12,39.54,35.86,33.01,31.84,40.58,44.42,38.14,38.83,39.25,38.55,43.17,65.42
37286,93.86,92.25,31.29,29.41,30.58,30.4,32.03,30.75,30.93,32.03,32.41,32.12,39.54,35.86,33.01,31.84,40.58,44.42,38.14,38.83,39.25,38.55,43.17,93.86
37304,94.68,93.05,39.39,29.41,30.58,30.4,32.03,30.75,30.93,31.93,32.51,32.12,39.54,35.86,33.01,31.84,40.58,44.42,38.14,38.83,39.25,38.55,43.52,92.25
37325,93.86,93.05,31.2,29.41,30.58,30.4,32.03,30.75,30.93,32.03,32.51,32.12,39.68,35.98,33.11,31.84,40.73,44.42,38.01,38.83,39.25,38.55,43.88,93.86
37345,93.86,84.99,31.2,29.41,30.49,30.4,32.03,30.66,30.93,32.03,32.51,32.03,39.68,35.98,33.01,31.84,40.58,44.42,38.01,38.83,39.25,38.55,43.88,93.86
37364,94.68,93.05,31.75,29.41,30.58,30.4,33.11,30.66,31.02,32.03,32.51,32.12,39.68,35.98,33.11,31.84,40.58,44.42,38.01,38.83,39.39,38.55,44.24,93.05
37384,93.05,92.25,32.22,29.41,30.58,30.4,32.12,30.66,31.02,31.93,32.51,32.12,39.54,35.98,33.01,31.84,40.58,44.42,38.01,38.83,39.25,38.55,44.24,94.68
37403,93.86,84.99,31.29,29.41,30.58,30.49,32.12,30.66,30.93,31.93,32.41,32.12,39.54,35.86,33.01,31.84,40.58,44.42,38.01,38.83,39.25,38.55,44.24,94.68
37423,93.05,79.36,31.38,29.41,30.58,30.4,32.03,30.66,31.02,31.75,32.51,32.12,39.68,35.98,33.01,31.84,40.58,44.42,38.01,38.83,39.39,38.41,44.24,94.68
37441,93.05,92.25,35.62,29.41,30.58,30.49,32.03,30.66,31.02,31.93,32.51,32.03,39.68,35.98,33.11,31.84,40.58,44.06,38.14,38.83,39.25,38.55,44.06,94.68
37462,93.86,92.25,35.86,29.41,30.49,30.4,32.03,30.66,30.93,31.93,32.51,32.03,39.68,35.86,33.11,31.84,40.58,44.42,38.01,38.83,39.25,38.55,43.88,91.47
37482,93.05,91.47,31.29,29.41,30.58,30.4,32.03,30.66,30.93,31.93,32.51,32.12,39.54,35.98,33.11,31.75,40.58,44.42,38.01,38.83,39.25,38.41,43.52,63.49
37501,92.25,91.47,30.84,29.41,30.58,30.49,32.03,30.66,31.02,31.93,32.41,32.12,39.54,35.98,33.11,31.84,40.73,44.42,38.01,38.83,39.39,38.41,43.88,94.68
37521,93.86,92.25,30.84,29.41,30.58,30.4,32.03,30.66,31.02,31.93,32.51,32.12,39.68,35.98,33.11,31.84,40.43,44.42,38.01,38.69,39.25,38.41,44.06,95.52
37540,93.05,91.47,30.84,29.41,30.58,30.49,32.03,30.66,30.93,31.93,32.51,32.12,39.54,35.98,33.11,31.84,40.73,44.42,38.01,38.83,39.25,38.41,44.06,94.68
37560,93.05,91.47,30.84,29.41,30.58,30.49,32.03,30.66,31.2,31.93,32.51,32.12,41.84,35.98,33.11,31.84,40.73,44.42,38.01,38.83,39.25,38.41,43.88,58.03
37579,92.25,90.7,30.84,29.41,30.58,30.49,32.03,30.66,31.11,31.93,32.51,32.12,39.54,35.98,33.11,31.84,40.58,44.97,38.01,38.83,39.39,38.41,44.06,56.81
37599,91.47,90.7,30.84,29.41,30.49,30.49,32.03,30.66,31.02,31.93,32.51,32.12,39.54,36.1,33.11,31.84,40.58,45.74,38.01,38.83,39.39,38.41,43.88,62.75
37620,91.47,90.7,30.84,29.41,30.58,30.49,32.12,30.66,31.02,31.93,32.51,32.12,39.54,36.22,33.11,31.84,40.73,45.54,38.01,38.69,39.39,38.41,43.88,93.86
37638,92.25,90.7,31.02,29.41,30.58,30.49,32.81,30.66,31.02,31.93,32.51,32.12,39.54,36.22,33.11,31.84,40.58,44.97,38.01,38.83,39.39,38.41,43.7,94.68
37659,92.25,87.75,30.84,29.41,30.58,30.49,32.81,30.66,31.02,31.93,32.51,32.12,39.54,36.22,33.01,31.84,40.73,44.42,38.01,38.83,39.39,38.41,44.24,94.68
37677,91.47,78.21,30.93,29.41,30.58,30.49,32.71,30.75,31.11,31.93,32.51,32.12,39.68,36.22,33.11,31.84,40.73,44.42,38.01,38.69,39.39,38.27,44.24,93.86
37697,92.25,90.7,30.84,29.41,30.58,30.49,32.81,30.66,31.11,31.93,32.51,32.12,39.54,36.22,33.11,31.84,40.73,44.42,38.01,38.83,39.39,38.41,44.24,94.68
37718,91.47,90.7,30.84,29.41,30.58,30.49,32.32,30.75,31.02,31.93,32.51,32.12,39.68,36.22,33.11,31.84,40.73,45.16,38.01,38.83,39.39,38.41,44.42,93.86
37736,92.25,90.7,31.38,29.41,30.66,30.49,32.03,30.75,31.02,31.93,32.51,32.12,44.24,36.22,33.11,31.84,40.73,45.74,38.01,38.69,39.39,38.41,44.24,93.86
37757,92.25,90.7,31.29,29.41,30.66,30.49,32.03,30.75,31.02,31.93,32.51,32.12,44.06,36.22,33.11,31.84,40.73,46.13,38.01,38.83,39.39,38.41,43.88,94.68
37775,93.05,90.7,31.29,29.41,30.58,30.49,32.12,30.66,31.02,31.93,32.51,32.12,39.68,36.22,33.11,31.84,40.73,46.13,38.01,38.83,39.25,38.41,43.88,93.86
37796,92.25,90.7,31.56,29.41,30.58,30.49,32.03,30.75,31.11,31.93,32.51,32.12,39.54,36.22,33.11,31.84,40.73,46.13,38.01,38.83,39.39,38.41,44.06,93.86
37814,93.05,90.7,31.2,29.41,30.66,30.49,32.03,30.75,31.02,31.93,32.51,32.12,39.68,36.22,33.11,31.84,40.73,46.13,38.01,38.69,39.39,38.41,44.24,94.68
37835,93.05,90.7,31.2,29.41,30.66,30.49,32.12,30.75,31.11,31.93,32.51,32.12,39.68,36.22,33.11,31.84,40.58,46.13,38.01,38.83,39.25,38.41,45.35,94.68
37855,93.05,91.47,31.02,29.41,30.66,30.49,32.12,30.75,31.11,31.93,32.51,32.12,39.68,36.34,33.11,31.84,40.73,46.13,38.01,38.83,39.25,38.41,44.24,94.68
37874,92.25,91.47,31.02,29.41,30.66,30.49,32.03,30.66,31.11,31.93,32.51,32.12,39.68,36.59,33.11,31.84,40.73,45.93,38.01,38.69,39.39,38.41,44.42,94.68
37894,92.25,91.47,31.29,29.41,30.66,30.49,32.03,30.75,31.02,31.93,32.51,32.12,39.68,36.59,33.11,31.84,40.73,44.79,38.01,38.83,39.39,38.41,46.73,94.68
37912,92.25,91.47,31.38,29.41,30.66,30.49,32.03,30.75,31.02,31.93,32.51,32.12,39.68,36.46,33.11,31.84,40.73,44.6,38.01,38.83,39.39,38.41,46.73,94.68
37933,91.47,90.7,31.38,29.41,30.58,30.49,32.03,30.75,31.02,31.93,32.51,32.12,39.68,36.46,33.11,31.84,40.73,44.6,38.01,38.83,39.39,38.41,48.19,94.68
37951,91.47,90.7,31.38,29.41,30.66,30.49,32.03,30.75,31.11,31.93,32.51,32.12,39.68,36.34,33.11,31.75,40.73,45.93,38.01,38.83,39.39,38.41,46.93,94.68
37972,92.25,91.47,31.38,29.41,30.66,30.49,32.12,30.75,31.29,31.93,32.51,32.12,39.68,36.46,33.11,31.84,40.58,45.35,38.01,38.83,39.39,38.41,50.44,94.68
37992,92.25,90.7,31.29,29.41,30.58,30.49,32.03,30.75,31.11,31.93,32.51,32.12,39.68,36.34,33.11,31.84,40.73,44.79,38.01,38.83,39.39,38.41,47.97,94.68
38011,92.25,91.47,31.38,29.41,30.66,30.49,32.03,30.75,31.11,31.93,32.51,32.12,39.68,36.34,33.11,31.84,40.73,44.42,38.01,38.83,39.39,38.41,46.52,93.86
38031,91.47,91.47,32.12,29.41,30.58,30.49,32.12,30.66,31.38,32.03,32.51,32.03,43.88,36.34,33.11,31.84,40.73,44.6,38.01,38.83,39.39,38.41,45.74,94.68
38050,92.25,91.47,31.56,29.41,30.66,30.49,32.03,30.66,30.93,31.93,32.51,32.12,39.98,36.34,33.11,31.84,40.73,44.6,37.87,38.83,39.39,38.41,46.93,94.68
38070,92.25,91.47,31.38,29.41,30.66,30.49,32.03,30.75,31.11,31.93,32.51,32.12,39.68,36.22,33.11,31.84,40.73,44.42,38.01,38.83,39.39,38.41,48.84,95.52
38091,93.05,89.95,31.29,29.41,30.58,30.49,32.03,30.75,30.93,31.93,32.51,32.12,39.54,36.34,33.11,31.84,40.73,44.42,38.01,38.83,39.39,38.41,47.13,95.52
38109,93.86,92.25,31.02,29.41,30.58,30.49,32.03,30.66,30.84,31.93,32.51,32.12,39.54,36.34,33.11,31.84,40.73,44.42,38.01,38.83,39.11,38.41,46.52,94.68
38130,87.75,92.25,31.29,29.41,30.58,30.49,32.03,30.75,30.93,31.93,32.51,32.12,39.54,36.34,33.11,31.84,40.73,44.42,38.01,38.83,39.39,38.41,47.55,95.52
38148,88.47,93.05,31.02,29.41,30.58,30.49,32.03,30.66,30.93,31.93,32.51,32.12,39.54,36.34,33.11,31.84,40.73,44.42,38.01,38.69,39.39,38.55,46.93,93.86
38168,89.2,93.05,31.29,29.41,30.58,30.49,32.12,30.66,30.84,31.93,32.51,32.12,39.54,36.22,33.11,31.84,40.58,44.42,38.01,38.83,39.39,38.55,44.97,89.95
38189,89.95,93.86,31.02,29.41,30.58,30.49,32.03,30.66,30.93,31.93,32.51,32.12,39.54,36.1,33.11,31.84,40.58,44.42,38.01,38.83,39.25,38.55,46.13,59.31
38207,89.2,93.05,30.84,29.41,30.58,30.49,32.03,30.66,30.84,31.93,32.51,32.12,39.54,35.98,33.11,31.84,40.73,44.42,38.01,38.83,39.39,38.41,43.17,55.35
38228,89.95,93.86,31.2,29.41,30.58,30.49,32.03,30.66,31.2,31.84,32.51,32.12,39.68,35.98,33.11,31.84,40.73,44.42,38.01,38.83,39.39,38.41,43.88,51.89
38248,89.2,93.05,31.2,29.41,30.58,30.49,32.12,30.66,30.93,31.93,32.51,32.12,39.68,35.98,33.11,31.84,40.58,44.42,38.01,38.83,39.25,38.55,43.52,55.64
38267,94.68,93.86,31.65,29.41,30.58,30.49,32.12,30.66,30.84,31.93,32.51,32.03,39.54,35.98,33.11,31.84,40.43,44.42,38.01,38.83,39.25,38.55,45.74,93.05
38287,95.52,95.52,31.65,29.41,30.58,30.49,32.12,30.66,30.84,31.93,32.51,32.12,39.54,35.74,33.11,31.93,40.58,44.24,38.01,38.83,39.25,38.55,43.17,53.17
38306,93.86,94.68,31.2,29.41,30.58,30.49,32.12,30.66,31.02,31.93,32.51,32.12,39.68,35.62,33.11,31.93,40.58,44.24,38.01,38.83,39.25,38.55,43.52,56.51
38326,92.25,95.52,31.2,29.41,30.58,30.49,32.81,30.75,31.2,31.93,32.51,32.12,39.68,35.62,33.11,31.93,40.58,44.24,38.01,38.83,39.39,38.55,44.24,58.34
38347,89.95,74.44,31.2,29.41,30.58,30.49,32.71,30.75,31.02,31.93,32.51,32.12,39.68,35.62,33.11,31.93,40.58,44.24,38.01,38.69,39.25,38.41,44.6,79.95
38365,90.7,96.37,31.2,29.41,30.58,30.49,32.71,30.75,31.11,31.93,32.51,32.12,39.54,35.62,33.11,31.93,40.58,44.24,38.01,38.83,39.25,38.41,45.54,54.79
38386,91.47,96.37,31.2,29.41,30.58,30.58,32.91,30.75,31.11,31.75,32.51,32.12,39.68,35.74,33.11,31.93,40.58,44.24,38.01,38.69,39.25,38.41,45.35,52.65
38404,92.25,95.52,31.2,29.41,30.58,30.49,32.91,30.75,31.11,31.75,32.51,32.12,39.54,35.62,33.11,31.93,40.58,44.42,38.01,38.69,39.25,38.41,44.79,62.39
38424,92.25,97.24,31.2,29.41,30.58,30.58,33.01,30.75,31.11,31.75,32.51,32.12,39.54,35.62,33.11,31.93,40.58,44.42,38.01,38.69,39.25,38.55,43,50.2
38443,92.25,96.37,31.2,29.41,30.58,30.58,32.91,30.75,31.11,31.75,32.41,32.12,42.49,35.62,33.11,31.93,40.58,44.42,38.01,38.83,39.25,38.55,43,49.29
38463,92.25,96.37,31.2,29.33,30.58,30.58,32.91,30.75,31.11,31.75,32.41,32.12,39.68,35.62,33.11,31.93,40.58,44.42,38.01,38.83,39.25,38.55,43.35,92.25
38484,93.05,97.24,31.2,29.41,30.58,30.49,32.91,30.75,31.11,31.75,32.51,32.12,39.68,35.62,33.11,31.93,40.58,44.24,38.01,38.69,39.11,38.55,43,93.86
38502,93.05,97.24,31.2,29.41,30.58,30.58,32.91,30.75,31.2,31.75,32.51,32.12,39.54,35.62,33.11,31.93,40.43,44.24,38.01,38.69,39.25,38.41,43,93.05
38523,92.25,97.24,31.2,29.41,30.58,30.49,32.91,30.75,30.93,31.75,32.51,32.12,39.68,35.62,33.11,31.93,40.58,44.24,38.01,38.83,39.25,38.55,43.17,48.84
38541,92.25,96.37,31.2,29.41,30.58,30.49,32.91,30.75,30.93,31.75,32.51,32.12,39.54,35.5,33.11,31.93,40.58,44.24,38.01,38.69,39.25,38.55,43.7,48.19
38562,92.25,97.24,31.2,29.41,30.58,30.49,32.91,30.75,31.2,31.75,32.51,32.12,39.54,35.5,33.11,31.93,40.58,44.42,38.01,38.83,39.25,38.55,43.35,48.19
38580,92.25,96.37,31.2,29.41,30.58,30.49,32.71,30.75,31.11,31.75,32.51,32.12,39.54,35.62,33.11,31.93,40.58,44.42,38.01,38.83,39.25,38.55,43,48.19
38601,92.25,96.37,31.2,29.41,30.58,30.49,33.01,30.75,31.11,31.75,32.41,32.12,39.54,35.62,33.11,31.93,40.58,44.42,38.01,38.83,39.25,38.55,43.17,48.62
38621,92.25,96.37,31.56,29.41,30.58,30.49,33.01,30.75,31.11,31.75,32.51,32.03,39.83,35.5,33.11,31.93,40.58,44.42,38.01,38.83,39.25,38.55,43,49.51
38640,92.25,96.37,31.2,29.41,30.58,30.49,33.01,30.75,31.11,31.75,32.51,32.12,43.7,35.5,33.11,31.93,40.58,44.24,38.01,38.83,39.25,38.55,43,48.62
38660,92.25,95.52,31.29,29.41,30.58,30.49,33.01,30.75,31.11,31.75,32.51,32.12,45.74,35.62,33.21,31.93,40.58,44.42,38.01,38.83,39.25,38.55,43,49.06
38678,91.47,96.37,31.29,29.41,30.58,30.49,32.91,30.75,31.11,31.75,32.51,32.12,43,35.5,33.11,31.93,40.58,44.42,38.01,38.69,39.25,38.55,42.83,49.29
38699,91.47,95.52,31.29,29.41,30.58,30.49,33.01,30.75,31.11,31.75,32.51,32.12,39.68,35.5,33.11,31.93,40.58,44.42,38.01,38.69,39.11,38.55,42.83,49.06
38717,91.47,95.52,31.2,29.41,30.58,30.49,33.01,30.75,31.11,31.75,32.51,32.12,39.68,35.5,33.11,31.93,40.58,44.24,38.01,38.83,39.25,38.55,43,49.29
38738,91.47,95.52,31.2,29.41,30.58,30.49,46.73,30.75,31.2,31.84,32.51,32.03,39.54,35.5,33.11,31.93,40.58,44.42,38.01,38.83,39.25,38.55,43,49.29
38758,90.7,95.52,31.2,29.41,30.58,30.49,37.35,30.75,30.93,31.84,32.51,32.12,39.68,35.5,33.11,31.93,40.58,44.42,38.01,38.83,39.25,38.55,43,49.06
38777,90.7,95.52,31.2,29.41,30.49,30.49,33.01,30.75,31.02,31.84,32.51,32.12,39.68,35.5,33.11,31.93,40.58,44.24,38.01,38.83,39.25,38.55,43,49.97
38797,90.7,95.52,31.2,29.41,30.58,30.49,33.01,30.75,31.11,31.93,32.51,32.12,39.68,35.5,33.11,31.93,40.58,44.42,37.87,38.69,39.25,38.55,43,49.74
38818,90.7,94.68,31.2,29.41,30.58,30.49,33.01,30.75,31.2,31.93,32.51,32.12,39.68,35.5,33.11,31.93,40.58,44.42,38.01,38.83,39.25,38.55,43,49.51
38836,90.7,94.68,31.2,29.41,30.58,30.49,32.81,30.75,31.11,31.93,32.51,32.12,39.68,35.5,33.11,31.93,40.58,44.24,38.01,38.83,39.25,38.41,43,49.97
38857,89.95,94.68,31.2,29.41,30.58,30.49,32.81,30.75,31.11,31.93,32.51,32.12,39.68,35.5,33.11,31.93,40.58,44.42,38.01,38.83,39.25,38.55,43.17,51.15
38877,89.95,94.68,31.2,29.41,30.58,30.49,32.81,30.75,31.2,31.93,32.51,32.12,39.68,35.5,33.11,31.93,40.58,44.42,38.01,38.83,39.25,38.55,42.83,53.17
38896,90.7,94.68,31.38,29.41,30.58,30.49,32.81,30.75,31.11,31.93,32.51,32.12,39.68,35.5,33.11,31.93,40.58,44.42,38.01,38.83,39.25,38.55,43,50.91
38916,91.47,93.86,31.38,29.33,30.58,30.49,32.81,30.75,31.2,31.93,32.51,32.12,39.68,35.5,33.11,31.93,40.58,44.42,37.87,38.69,39.25,38.55,43,52.14
38934,91.47,94.68,31.47,29.41,30.58,30.49,32.81,30.75,31.2,31.93,32.41,32.12,39.68,35.5,33.11,31.93,40.58,44.42,37.87,38.83,39.25,38.55,43,57.72
38955,91.47,94.68,31.47,29.41,30.49,30.49,32.81,30.75,31.2,31.93,32.51,32.12,39.68,35.5,33.01,31.93,40.58,44.42,38.01,38.83,39.25,38.55,43,59.31
38973,91.47,93.86,31.47,29.41,30.58,30.49,32.81,30.75,31.02,31.93,32.51,32.12,39.83,35.5,33.01,31.93,40.58,44.42,38.01,38.83,39.25,38.55,43,58.98
38994,91.47,93.86,31.47,29.41,30.49,30.49,32.41,30.75,31.02,31.93,32.51,32.12,39.68,35.5,33.11,31.93,40.58,44.24,38.01,38.83,39.25,38.55,43,69.19
39014,91.47,93.86,31.47,29.41,30.58,30.49,32.22,30.66,30.93,31.93,32.51,32.12,39.54,35.5,33.11,31.93,40.58,44.42,38.01,38.83,39.25,38.55,43,70.55
39033,91.47,93.86,31.47,29.41,30.58,30.49,32.32,30.75,31.02,31.93,32.51,32.12,39.68,35.5,33.11,31.93,40.58,44.42,38.01,38.69,39.25,38.55,43,69.64
39053,91.47,93.86,31.38,29.41,30.58,30.49,32.03,30.75,30.93,31.93,32.51,32.12,39.83,35.5,33.11,31.93,40.58,44.24,38.01,38.69,39.25,38.55,43,71.48
39072,90.7,93.86,31.38,29.41,30.58,30.49,32.12,30.75,31.2,31.93,32.41,32.12,39.68,35.5,33.11,31.93,40.58,44.24,38.01,38.83,39.25,38.55,43,71.96
39092,89.2,93.86,31.38,29.41,30.58,30.49,32.22,30.75,31.2,31.93,32.51,32.12,39.54,35.5,33.01,31.93,40.58,44.24,38.01,38.83,39.25,38.55,43,70.55
39111,88.47,93.05,31.38,29.41,30.58,30.49,32.32,30.75,31.2,31.93,32.51,32.12,39.68,35.5,33.11,31.93,40.58,44.24,38.01,38.83,39.39,38.55,42.83,67.46
39131,88.47,92.25,31.2,29.41,30.58,30.49,32.51,30.75,30.93,32.03,32.51,32.12,39.68,35.5,33.11,31.84,40.58,44.24,38.01,38.69,39.25,38.55,42.83,64.25
39152,87.04,91.47,31.29,29.41,30.58,30.49,32.91,30.75,30.93,31.93,32.51,32.12,39.68,35.5,33.01,31.93,40.73,44.24,38.01,38.69,39.25,38.55,43,64.25
39170,87.75,90.7,31.29,29.41,30.58,30.49,32.12,30.75,30.93,32.03,32.41,32.12,39.68,35.5,33.01,31.93,40.58,44.24,38.01,38.69,39.25,38.41,43,61.68
39190,85.66,90.7,31.38,29.41,30.58,30.49,32.12,30.66,30.93,32.03,32.51,32.12,39.68,35.5,33.11,31.84,40.58,44.24,38.01,38.83,39.25,38.55,43,93.86
39209,85.66,90.7,31.38,29.41,30.58,30.49,32.12,30.75,30.93,32.03,32.51,32.12,39.68,35.5,33.11,31.93,40.58,44.42,38.01,38.83,39.25,38.55,43,93.86
39229,84.99,89.95,31.2,29.41,30.58,30.49,32.81,30.75,30.93,32.03,32.51,32.12,39.68,35.5,33.11,31.84,40.58,44.42,38.01,38.83,39.25,38.55,43.17,92.25
39248,84.32,89.95,31.2,29.41,30.58,30.49,32.03,30.75,31.02,32.03,32.51,32.12,39.68,35.5,33.11,31.93,40.58,44.24,38.01,38.83,39.25,38.55,43.17,93.86
39268,84.32,89.95,31.2,29.41,30.58,30.49,32.03,30.75,31.02,32.03,32.51,32.12,39.68,35.62,33.11,31.84,40.58,44.42,38.01,38.83,39.25,38.55,43,92.25
39289,84.32,89.95,31.2,29.41,30.58,30.49,32.03,30.75,30.93,32.03,32.51,32.12,39.83,35.5,33.11,31.84,40.58,44.42,38.01,38.83,39.25,38.55,43.17,62.75
39307,83.67,89.2,31.2,29.41,30.58,30.49,32.12,30.75,30.93,32.03,32.51,32.12,39.68,35.5,33.11,31.84,40.58,44.24,38.14,38.83,39.25,38.55,43.17,70.09
39328,83.03,88.47,31.2,29.41,30.58,30.49,32.03,30.66,30.93,32.03,32.51,32.12,39.68,35.5,33.11,31.84,40.58,44.24,38.01,38.83,39.25,38.55,43.35,58.34
39346,89.2,87.04,31.2,29.41,30.58,30.49,32.03,30.75,30.93,32.03,32.51,32.12,39.68,35.62,33.11,31.84,40.58,44.24,38.01,38.83,39.25,38.55,43.17,91.47
39367,84.32,87.75,31.2,29.41,30.58,30.49,32.12,30.75,30.93,32.03,32.51,32.12,40.88,35.5,33.11,31.84,40.43,44.24,38.01,38.69,39.25,38.55,43.17,93.05
39387,85.66,89.95,31.29,29.41,30.58,30.49,32.03,30.66,30.93,31.93,32.51,32.12,39.54,35.5,33.01,31.84,40.73,44.24,38.01,38.69,39.25,38.55,43.17,93.05
39408,89.95,90.7,31.29,29.41,30.58,30.49,32.03,30.75,30.93,32.03,32.51,32.12,39.54,35.5,33.11,31.84,40.58,44.24,38.14,38.83,39.25,38.41,43.17,53.17
39426,90.7,89.2,31.29,29.41,30.58,30.49,32.03,30.75,31.02,31.84,32.51,32.12,39.54,35.62,33.11,31.84,40.58,44.24,38.01,38.83,39.25,38.55,43.52,52.4
39446,90.7,88.47,31.29,29.41,30.58,30.49,32.03,30.66,30.93,31.84,32.51,32.12,39.54,35.62,33.11,31.84,40.58,44.24,38.01,38.69,39.39,38.55,43.17,56.51
39465,90.7,89.2,30.84,29.41,30.58,30.49,32.12,30.66,31.02,31.93,32.51,32.03,39.68,35.5,33.11,31.84,40.73,44.42,38.01,38.83,39.39,38.55,43.17,93.86
39485,91.47,89.95,30.84,29.41,30.58,30.49,32.12,30.66,30.93,31.93,32.51,32.12,39.54,35.62,33.11,31.84,40.73,44.24,38.01,38.83,39.25,38.41,43.17,92.25
39504,92.25,89.95,30.84,29.41,30.58,30.49,32.03,30.66,31.02,31.93,32.51,32.12,39.68,35.62,33.11,31.84,40.58,44.24,38.01,38.83,39.25,38.55,43.17,92.25
39524,92.25,89.95,30.84,29.41,30.58,30.49,32.03,30.66,31.02,31.93,32.51,32.12,39.54,35.62,33.11,31.84,40.58,44.24,38.14,38.83,39.39,38.55,43.17,94.68
39545,91.47,89.95,30.84,29.41,30.58,30.49,32.03,30.66,31.11,31.93,32.51,32.12,39.54,35.62,33.01,31.84,40.58,44.06,38.01,38.69,39.39,38.41,43.17,94.68
39563,91.47,92.25,30.84,29.41,30.58,30.49,32.03,30.75,31.2,31.93,32.51,32.12,39.54,35.62,33.11,31.84,40.58,44.24,38.01,38.83,39.25,38.55,43.17,94.68
39584,91.47,89.2,30.93,29.41,30.58,30.49,32.03,30.75,31.02,31.93,32.51,32.12,39.54,35.62,33.11,31.84,40.58,44.24,38.01,38.83,39.25,38.41,43.17,94.68
39602,92.25,89.95,30.93,29.41,30.49,30.49,32.03,30.75,31.02,31.93,32.51,32.12,39.54,35.62,33.11,31.84,40.58,44.24,38.01,38.69,39.25,38.41,43.17,94.68
39623,92.25,89.95,30.93,29.41,30.58,30.49,32.03,30.75,31.2,31.93,32.51,32.12,39.68,35.62,33.11,31.84,40.58,44.24,38.01,38.83,39.39,38.55,43.17,94.68
39641,92.25,89.95,30.93,29.41,30.58,30.49,32.03,30.66,31.11,31.93,32.51,32.12,39.54,35.5,33.11,31.84,40.73,44.42,38.01,38.83,39.39,38.41,43.17,94.68
39661,92.25,89.95,31.02,29.41,30.58,30.49,32.03,30.75,31.11,31.93,32.51,32.12,39.54,35.62,33.11,31.84,40.73,44.42,38.01,38.83,39.39,38.41,43.17,94.68
39682,92.25,89.95,30.93,29.41,30.58,30.49,32.03,30.66,31.11,31.93,32.51,32.12,39.68,35.62,33.11,31.84,40.73,44.42,38.01,38.83,39.25,38.41,43.17,94.68
39700,92.25,89.95,30.93,29.41,30.58,30.49,32.03,30.66,31.11,31.93,32.51,32.12,39.54,35.62,33.11,31.84,40.73,44.24,38.14,38.83,39.39,38.41,43.17,93.86
39721,92.25,89.95,30.93,29.41,30.58,30.49,32.03,30.75,31.02,31.93,32.51,32.12,39.54,35.62,33.11,31.75,40.73,44.24,38.14,38.83,39.25,38.41,43.17,93.86
39739,92.25,89.95,30.93,29.41,30.58,30.49,32.03,30.66,31.02,31.93,32.51,32.12,39.54,35.62,33.11,31.84,40.73,44.42,38.01,38.83,39.39,38.41,43,94.68
39760,92.25,89.95,30.84,29.41,30.58,30.49,32.03,30.75,31.11,31.93,32.51,32.12,39.68,35.62,33.11,31.84,40.58,44.24,38.14,38.83,39.25,38.41,43.17,94.68
39778,92.25,89.95,30.93,29.41,30.58,30.49,32.03,30.75,31.11,31.93,32.51,32.12,39.54,35.62,33.11,31.84,40.73,44.42,38.01,38.83,39.39,38.41,43.17,94.68
39799,93.05,90.7,31.38,29.41,30.58,30.49,32.03,30.66,31.11,31.93,32.51,32.12,39.68,35.62,33.11,31.84,40.73,44.42,38.01,38.83,39.39,38.41,43.17,94.68
39819,93.05,89.95,31.29,29.41,30.58,30.49,32.03,30.75,31.11,31.93,32.51,32.12,39.68,35.62,33.11,31.84,40.73,44.42,38.01,38.83,39.25,38.41,43.17,94.68
39838,93.05,89.95,32.03,29.41,30.58,30.49,32.03,30.75,31.11,31.93,32.51,32.12,41.35,35.62,33.11,31.84,40.73,44.42,38.01,38.83,39.25,38.55,43,94.68
39858,93.05,89.95,32.12,29.41,30.58,30.49,32.03,30.75,31.11,31.93,32.51,32.12,44.24,35.62,33.11,31.84,40.73,44.42,38.01,38.83,39.39,38.41,43.17,94.68
39877,93.05,90.7,32.12,29.41,30.58,30.49,32.03,30.75,31.11,31.93,32.51,32.12,44.97,35.74,33.21,31.84,40.73,44.42,38.01,38.83,39.25,38.41,43.17,94.68
39897,93.05,90.7,32.12,29.41,30.58,30.49,32.03,30.75,31.11,31.93,32.51,32.12,44.24,35.62,33.11,31.84,40.58,44.42,38.01,38.83,39.25,38.41,43.52,94.68
39917,93.05,90.7,31.93,29.41,30.58,30.49,32.12,30.75,31.11,31.93,32.51,32.12,44.06,35.74,33.11,31.84,40.73,44.42,38.01,38.83,39.39,38.55,43.17,94.68
39936,93.05,90.7,31.38,29.41,30.58,30.49,32.81,30.75,31.11,31.93,32.51,32.12,44.24,35.62,33.11,31.84,40.73,44.42,38.01,38.83,39.39,38.41,43.35,93.86
39956,93.05,89.95,31.11,29.41,30.58,30.49,32.03,30.75,31.02,31.93,32.51,32.12,44.06,35.62,33.11,31.84,40.73,44.42,38.14,38.83,39.39,38.41,43.35,95.52
39975,92.25,89.95,32.12,29.41,30.58,30.49,32.03,30.75,31.11,31.93,32.41,32.12,44.06,35.62,33.11,31.84,40.73,44.6,38.01,38.83,39.39,38.55,43.17,94.68
39995,93.05,89.95,31.29,29.41,30.58,30.49,32.03,30.75,30.93,31.93,32.51,32.12,44.06,35.62,33.11,31.84,40.73,44.42,38.01,38.83,39.25,38.41,43.17,94.68
40014,93.05,89.95,30.84,29.41,30.58,30.49,32.03,30.66,30.93,31.93,32.51,32.12,42.49,35.62,33.11,31.84,40.58,44.42,38.01,38.83,39.39,38.41,43.52,94.68
40034,92.25,90.7,30.93,29.41,30.58,30.49,32.03,30.66,30.93,31.93,32.41,32.12,39.98,35.62,33.11,31.84,40.73,44.42,38.01,38.83,39.39,38.41,43.52,95.52
40055,93.05,91.47,30.75,29.41,30.58,30.49,32.22,30.75,30.93,31.93,32.51,32.12,39.68,35.62,33.11,31.84,40.58,44.42,38.01,38.83,39.39,38.55,43.7,95.52
40075,92.25,91.47,30.93,29.41,30.58,30.49,32.51,30.66,30.84,31.93,32.51,32.12,39.54,35.5,33.11,31.84,40.58,44.42,38.01,38.83,39.25,38.55,43.7,94.68
40094,93.05,92.25,32.91,29.41,30.58,30.49,32.03,30.66,30.84,32.03,32.51,32.03,39.54,35.62,33.11,31.84,40.58,44.42,38.01,38.83,39.25,38.55,44.42,94.68
40114,93.86,93.05,31.38,29.41,30.58,30.49,32.12,30.66,30.93,31.93,32.51,32.12,39.54,35.62,33.11,31.84,40.58,44.42,37.87,38.69,39.39,38.55,44.6,95.52
40133,94.68,93.86,31.11,29.41,30.49,30.49,32.12,30.66,30.93,31.84,32.51,32.12,39.39,35.62,33.11,31.93,40.73,44.42,38.01,38.83,39.25,38.55,43.52,95.52
40153,93.86,93.86,31.2,29.41,30.58,30.49,32.12,30.75,31.02,31.84,32.51,32.12,39.54,35.5,33.21,31.93,40.73,44.42,38.01,38.69,39.25,38.41,43.52,93.86
40171,93.86,94.68,31.2,29.41,30.58,30.49,32.12,30.75,30.93,31.93,32.51,32.12,39.54,35.62,33.11,31.93,40.58,44.42,38.01,38.83,39.25,38.55,46.13,94.68
40194,94.68,94.68,31.2,29.41,30.49,30.49,32.12,30.75,30.93,31.93,32.41,32.12,39.54,35.62,33.11,31.93,40.73,44.42,38.01,38.69,39.25,38.55,44.42,67.46
40212,90.7,93.86,31.2,29.41,30.58,30.49,32.22,30.66,31.2,31.93,32.51,32.12,40.88,35.62,33.11,31.93,40.73,44.24,38.01,38.83,39.25,38.55,45.74,56.81
40233,94.68,90.7,31.11,29.41,30.58,30.49,32.22,30.75,30.84,31.93,32.51,32.12,39.54,35.5,33.11,31.93,40.73,44.24,38.01,38.83,39.25,38.55,45.16,55.92
40251,94.68,95.52,30.75,29.41,30.58,30.49,33.01,30.75,30.84,31.93,32.51,32.12,39.54,35.62,33.11,31.93,40.58,44.24,38.01,38.69,39.25,38.55,44.79,55.35
40272,91.47,72.44,30.75,29.41,30.49,30.49,32.81,30.75,31.11,31.93,32.51,32.03,39.54,35.62,33.11,31.93,40.58,44.24,38.01,38.69,39.25,38.55,44.06,93.05
40290,89.95,61.68,30.75,29.41,30.49,30.49,32.71,30.75,31.02,31.93,32.51,32.12,39.68,35.74,33.11,31.93,40.58,44.24,38.01,38.83,39.25,38.55,46.52,52.4
40311,90.7,96.37,30.75,29.41,30.58,30.49,32.71,30.75,30.93,31.93,32.51,32.12,40.12,35.62,33.11,31.93,40.58,44.24,38.01,38.69,39.25,38.55,47.13,52.14
40331,93.05,97.24,30.75,29.33,30.58,30.49,32.71,30.75,31.11,31.93,32.51,32.12,39.68,35.74,33.11,31.93,40.58,44.24,38.01,38.69,39.25,38.55,45.93,55.64
40350,92.25,98.12,30.75,29.41,30.58,30.49,32.81,30.75,31.11,31.93,32.51,32.12,39.54,35.74,33.11,31.93,40.58,44.24,38.01,38.83,39.25,38.55,44.24,51.89
40370,93.86,97.24,30.84,29.41,30.58,30.49,32.81,30.75,31.11,31.93,32.51,32.12,39.54,35.62,33.21,31.93,40.43,44.24,38.01,38.83,39.25,38.55,47.13,52.14
40389,93.05,98.12,30.75,29.33,30.58,30.49,32.81,30.75,31.11,31.84,32.51,32.12,39.39,35.5,33.11,31.93,40.58,44.24,38.01,38.83,39.25,38.55,44.06,52.4
40409,93.86,66.22,30.84,29.33,30.58,30.49,32.81,30.75,30.93,31.84,32.51,32.12,39.68,35.5,33.21,31.93,40.58,44.24,38.01,38.83,39.25,38.55,44.24,57.41
40427,93.86,98.12,30.93,29.41,30.58,30.49,32.81,30.75,31.11,31.84,32.41,32.12,39.54,35.62,33.21,31.93,40.58,44.24,37.87,38.83,39.11,38.55,45.74,48.84
40448,93.05,93.05,30.93,29.33,30.58,30.49,32.71,30.75,31.11,31.93,32.51,32.12,39.54,35.62,33.21,31.93,40.58,44.42,38.01,38.69,39.25,38.55,45.16,50.2
40468,94.68,98.12,30.93,29.33,30.58,30.49,32.71,30.75,31.11,31.84,32.51,32.12,39.54,35.5,33.21,31.93,40.43,44.42,37.87,38.83,39.11,38.55,44.24,51.15
40487,93.86,99.02,30.84,29.33,30.58,30.49,32.81,30.75,31.11,31.84,32.51,32.12,39.54,35.5,33.11,31.93,40.58,44.24,38.01,38.69,39.25,38.55,43,53.97
40507,92.25,55.35,30.84,29.41,30.58,30.49,32.81,30.75,31.02,31.84,32.41,32.12,39.54,35.5,33.21,31.93,40.43,44.24,37.87,38.83,39.25,38.55,44.42,55.92
40526,93.86,98.12,30.93,29.33,30.58,30.49,32.91,30.75,31.11,31.84,32.41,32.12,39.54,35.62,33.11,31.93,40.43,44.24,38.01,38.83,39.25,38.55,44.24,54.79
40546,94.68,99.94,31.11,29.41,30.58,30.49,32.91,30.75,30.93,31.84,32.51,32.12,39.54,35.5,33.21,31.93,40.58,44.24,38.01,38.83,39.25,38.55,45.16,64.25
40567,94.68,99.94,31.11,29.33,30.58,30.49,33.62,30.75,30.93,31.84,32.41,32.12,39.54,35.5,33.11,32.03,40.58,44.42,38.01,38.83,39.25,38.55,43,91.47
40585,95.52,100.87,31.2,29.33,30.58,30.49,32.71,30.84,30.93,31.84,32.51,32.12,39.54,35.5,33.21,31.93,40.43,44.24,37.87,38.83,39.25,38.55,43,87.75
40606,94.68,99.94,31.2,29.41,30.58,30.49,32.81,30.75,30.93,31.84,32.51,32.12,39.68,35.5,33.11,32.03,40.58,44.24,38.01,38.69,39.25,38.55,43,88.47
40624,94.68,99.94,31.2,29.33,30.58,30.49,32.81,30.75,30.93,31.84,32.51,32.12,39.54,35.5,33.11,31.93,40.58,44.24,38.01,38.83,39.25,38.55,43,87.04
40645,94.68,99.02,31.2,29.33,30.58,30.49,32.81,30.75,30.93,31.84,32.51,32.12,39.54,35.5,33.21,31.93,40.58,44.24,38.01,38.83,39.25,38.55,44.24,87.75
40663,94.68,99.94,31.2,29.33,30.58,30.49,32.91,30.75,30.93,31.84,32.41,32.12,39.54,35.5,33.11,32.03,40.43,44.24,38.01,38.83,39.25,38.55,44.79,84.99
40683,93.86,99.02,31.2,29.33,30.58,30.49,32.81,30.75,30.93,31.84,32.41,32.12,39.68,35.5,33.21,32.03,40.58,44.24,38.01,38.83,39.25,38.55,44.24,85.66
40704,94.68,99.02,31.2,29.33,30.49,30.49,32.81,30.75,30.93,31.84,32.41,32.12,39.54,35.5,33.21,32.03,40.43,44.24,38.01,38.83,39.25,38.55,43.17,84.99
40722,94.68,99.02,31.2,29.33,30.58,30.49,32.81,30.75,30.93,31.84,32.41,32.12,39.54,35.5,33.21,31.93,40.58,44.06,38.01,38.69,39.25,38.55,44.79,84.99
40743,94.68,99.94,31.2,29.33,30.58,30.4,32.81,30.84,30.93,31.93,32.41,32.12,39.68,35.5,33.11,31.93,40.58,44.24,38.01,38.83,39.25,38.55,43.35,86.35
40761,94.68,99.02,31.2,29.33,30.58,30.49,32.81,30.84,30.93,31.93,32.41,32.12,39.54,35.5,33.11,31.93,40.43,44.24,37.87,38.69,39.25,38.55,43,86.35
40782,94.68,99.02,31.2,29.33,30.58,30.49,32.81,30.75,31.02,31.84,32.51,32.12,39.68,35.5,33.21,31.93,40.43,44.24,38.01,38.83,39.25,38.55,43,85.66
40802,94.68,98.12,31.2,29.33,30.58,30.49,32.91,30.75,30.93,31.84,32.51,32.12,39.68,35.5,33.11,32.03,40.58,44.24,38.01,38.69,39.25,38.55,43,86.35
40821,93.86,98.12,31.2,29.33,30.58,30.49,32.91,30.75,30.93,31.93,32.51,32.12,39.68,35.62,33.11,32.03,40.58,44.24,38.01,38.83,39.25,38.55,43,85.66
40841,93.86,98.12,31.29,29.33,30.58,30.49,32.81,30.84,30.93,31.84,32.51,32.12,39.54,35.5,33.21,31.93,40.58,44.24,38.01,38.83,39.25,38.55,43,85.66
40860,93.05,97.24,31.2,29.33,30.49,30.49,32.81,30.75,30.93,31.93,32.51,32.12,39.54,35.5,33.11,31.93,40.43,44.42,38.01,38.83,39.25,38.55,43,86.35
40880,93.05,98.12,31.38,29.33,30.58,30.49,32.81,30.75,31.11,31.84,32.51,32.12,39.68,35.5,33.11,31.93,40.58,44.24,38.01,38.83,39.25,38.55,43,84.99
40898,93.05,97.24,31.2,29.33,30.49,30.49,32.81,30.75,31.11,31.93,32.51,32.12,39.68,35.5,33.11,31.93,40.58,44.24,38.01,38.83,39.25,38.55,43,84.99
40919,93.05,96.37,31.2,29.33,30.49,30.49,32.81,30.75,31.2,31.93,32.41,32.12,39.68,35.5,33.21,31.93,40.58,44.42,38.01,38.83,39.25,38.55,44.42,64.63
40939,92.25,95.52,31.2,29.33,30.58,30.49,32.81,30.75,31.02,31.84,32.41,32.12,39.54,35.5,33.21,31.93,40.43,44.42,38.01,38.83,39.25,38.55,43,49.51
40958,91.47,95.52,31.2,29.33,30.58,30.49,32.91,30.75,30.93,31.93,32.51,32.12,39.54,35.5,33.11,31.93,40.43,44.42,38.01,38.69,39.25,38.55,43,49.74
40978,90.7,94.68,31.2,29.33,30.58,30.49,32.12,30.75,30.93,31.93,32.41,32.12,39.68,35.5,33.11,32.03,40.43,44.24,38.01,38.69,39.25,38.55,43,49.74
40997,90.7,94.68,31.2,29.33,30.58,30.49,32.12,30.75,30.93,31.93,32.51,32.12,39.68,35.5,33.11,31.93,40.58,44.24,38.01,38.83,39.25,38.41,43,50.91
41017,89.95,93.86,31.29,29.33,30.58,30.49,32.91,30.75,30.93,31.93,32.41,32.12,39.68,35.5,33.11,31.93,40.58,44.24,38.01,38.69,39.25,38.55,43,50.91
41036,89.2,92.25,31.56,29.33,30.58,30.49,32.22,30.75,30.93,31.93,32.51,32.12,39.68,35.5,33.11,31.93,40.58,44.42,38.01,38.69,39.25,38.55,43,52.91
41056,88.47,93.05,31.2,29.33,30.58,30.49,32.12,30.75,31.11,31.93,32.51,32.12,39.68,35.5,33.11,31.93,40.58,44.42,38.01,38.69,39.25,38.41,42.83,51.64
41077,89.95,92.25,31.2,29.33,30.58,30.49,32.12,30.75,31.02,31.93,32.51,32.12,39.54,35.5,33.11,31.84,40.58,44.24,38.01,38.69,39.11,38.55,43,54.24
41095,86.35,63.12,31.2,29.33,30.58,30.49,32.12,30.75,31.2,31.93,32.41,32.12,39.68,35.5,33.11,31.93,40.58,44.24,38.01,38.69,39.25,38.55,43,51.64
41116,87.04,61.68,31.2,29.33,30.58,30.49,32.12,30.75,31.2,31.84,32.51,32.12,39.68,35.5,33.11,31.84,40.58,44.42,38.01,38.69,39.25,38.55,43,56.81
41134,88.47,91.47,31.11,29.33,30.49,30.49,32.12,30.75,31.11,31.93,32.51,32.12,39.68,35.5,33.11,31.93,40.43,44.24,38.01,38.69,39.25,38.55,43,52.65
41154,87.04,91.47,31.47,29.33,30.58,30.49,32.22,30.75,30.93,31.93,32.51,32.12,39.68,35.5,33.11,31.84,40.58,44.24,37.87,38.83,39.25,38.41,43,58.03
41175,87.75,92.25,31.11,29.33,30.58,30.4,32.12,30.75,30.93,31.93,32.51,32.12,39.54,35.62,33.11,31.84,40.43,44.24,38.01,38.69,39.25,38.27,43,64.25
41193,86.35,66.22,31.2,29.33,30.58,30.49,32.12,30.75,31.02,31.93,32.51,32.12,39.68,35.62,33.11,31.93,40.58,43.88,38.01,38.69,39.25,38.55,43.35,53.7
41214,87.04,89.2,31.2,29.33,30.58,30.49,32.12,30.75,30.93,31.93,32.41,32.12,39.68,35.5,33.01,31.93,40.58,44.24,38.01,38.69,39.25,38.55,43.17,59.63
41232,87.75,90.7,31.2,29.41,30.49,30.49,32.12,30.75,30.93,31.93,32.51,32.12,39.68,35.62,33.11,31.93,40.58,44.24,38.01,38.69,39.25,38.55,43,67.46
41253,86.35,90.7,31.2,29.33,30.58,30.4,32.12,30.75,30.93,32.03,32.51,32.12,39.83,35.62,33.01,31.93,40.58,44.24,38.01,38.69,39.25,38.55,43,94.68
41271,87.04,91.47,31.2,29.33,30.58,30.4,32.12,30.75,30.93,32.03,32.51,32.12,39.83,35.62,33.01,31.84,40.58,44.24,38.01,38.69,39.25,38.55,43,93.86
41292,86.35,90.7,30.93,29.33,30.58,30.4,32.12,30.75,31.02,32.03,32.51,32.12,39.68,35.62,33.01,31.84,40.58,44.24,38.01,38.69,39.25,38.55,43,94.68
41312,86.35,89.95,31.2,29.33,30.58,30.4,32.12,30.66,31.02,32.03,32.51,32.03,39.68,35.62,33.01,31.84,40.58,44.24,38.01,38.69,39.25,38.55,43.17,87.04
41331,88.47,63.87,31.2,29.33,30.58,30.4,32.12,30.66,31.02,32.03,32.51,32.12,39.68,35.5,33.11,31.84,40.58,44.24,38.01,38.69,39.25,38.41,43,82.39
41351,83.03,53.97,31.2,29.33,30.58,30.4,32.03,30.66,31.02,32.03,32.51,32.12,39.68,35.62,33.11,31.84,40.58,44.24,38.01,38.83,39.25,38.55,43,88.47
41370,89.95,89.2,31.2,29.41,30.58,30.4,32.03,30.66,31.02,32.03,32.51,32.12,39.68,35.62,33.11,31.84,40.58,44.24,38.01,38.83,39.25,38.41,43,88.47
41390,90.7,89.2,31.2,29.41,30.58,30.4,32.32,30.66,31.02,32.03,32.51,32.12,39.68,35.62,33.11,31.93,40.58,44.24,38.01,38.69,39.25,38.55,43.35,94.68
41408,90.7,89.2,31.2,29.33,30.58,30.4,32.03,30.66,30.93,31.84,32.41,32.12,39.68,35.62,33.11,31.84,40.58,44.24,38.01,38.69,39.25,38.55,43.17,94.68
41429,90.7,89.95,31.2,29.33,30.49,30.4,32.12,30.66,31.02,31.84,32.51,32.12,39.68,35.62,33.01,31.84,40.58,44.24,38.01,38.83,39.25,38.55,43,93.86
41449,89.95,89.2,31.2,29.33,30.58,30.4,32.12,30.75,30.93,31.84,32.51,32.12,39.68,35.62,33.11,31.84,40.58,44.24,38.01,38.83,39.25,38.55,43.17,94.68
41468,90.7,88.47,31.2,29.41,30.58,30.4,32.22,30.66,30.93,31.84,32.51,32.12,39.83,35.62,33.11,31.84,40.73,44.24,38.01,38.83,39.25,38.55,43.17,94.68
41488,90.7,88.47,31.02,29.41,30.58,30.4,32.03,30.66,31.02,31.84,32.51,32.12,39.68,35.62,33.11,31.84,40.73,44.42,38.01,38.83,39.25,38.55,43.17,94.68
41507,90.7,88.47,31.02,29.41,30.58,30.4,32.03,30.66,31.02,31.84,32.51,32.12,39.68,35.5,33.11,31.84,40.58,44.79,38.01,38.83,39.25,38.55,43.17,94.68
41527,90.7,88.47,30.75,29.33,30.58,30.4,32.03,30.75,31.02,31.84,32.51,32.12,39.68,35.5,33.11,31.84,40.58,44.42,38.01,38.83,39.39,38.41,43.17,94.68
41546,88.47,54.51,30.84,29.33,30.58,30.4,33.31,30.66,31.02,31.84,32.51,32.03,39.68,35.62,33.11,31.84,40.73,44.24,38.01,38.83,39.25,38.41,43.17,93.86
41566,89.95,88.47,30.75,29.33,30.58,30.4,33.42,30.75,31.02,31.84,32.51,32.12,41.2,35.5,33.11,31.84,40.73,44.24,38.01,38.69,39.25,38.41,43.17,94.68
41587,89.95,87.75,30.75,29.33,30.58,30.4,32.81,30.66,31.02,31.84,32.51,32.12,39.54,35.62,33.21,31.84,40.73,44.24,38.01,38.83,39.25,38.55,43.17,93.86
41605,90.7,88.47,30.84,29.33,30.58,30.4,32.03,30.66,31.02,31.84,32.51,32.03,39.68,35.5,33.11,31.84,40.73,44.24,38.01,38.83,39.25,38.55,43.17,93.86
41626,90.7,88.47,30.75,29.41,30.58,30.4,32.03,30.66,31.02,32.03,32.51,32.12,39.54,35.62,33.11,31.84,40.73,44.42,38.01,38.83,39.25,38.55,43.17,94.68
41644,90.7,88.47,30.84,29.41,30.58,30.4,32.03,30.75,30.93,31.93,32.51,32.12,39.68,35.62,33.11,31.84,40.58,44.24,38.01,38.83,39.25,38.41,43.17,94.68
41664,90.7,88.47,30.75,29.41,30.58,30.4,32.03,30.66,31.02,31.93,32.51,32.12,39.54,35.62,33.11,31.84,40.73,44.24,38.01,38.83,39.25,38.55,43.17,94.68
41685,90.7,88.47,30.84,29.41,30.58,30.32,32.03,30.66,31.02,32.03,32.51,32.12,39.54,35.62,33.11,31.84,40.73,44.42,38.01,38.83,39.25,38.55,43.17,94.68
41703,90.7,88.47,30.84,29.33,30.58,30.4,32.03,30.66,31.02,32.03,32.51,32.12,39.54,35.62,33.11,31.84,40.73,44.24,38.01,38.83,39.25,38.41,43.17,94.68
41724,91.47,88.47,30.75,29.41,30.58,30.4,32.03,30.75,31.11,31.93,32.51,32.12,39.54,35.5,33.21,31.84,40.73,44.42,38.01,38.83,39.25,38.55,43,93.86
41742,91.47,88.47,30.84,29.33,30.58,30.4,32.03,30.66,31.11,32.03,32.51,32.12,39.54,35.62,33.11,31.84,40.73,44.42,38.01,38.83,39.25,38.55,43.17,94.68
41763,90.7,88.47,30.75,29.33,30.58,30.4,32.03,30.66,31.11,32.03,32.51,32.12,39.54,35.62,33.11,31.84,40.73,44.42,38.01,38.83,39.25,38.41,43,94.68
41781,92.25,89.2,30.75,29.33,30.58,30.4,32.03,30.66,31.11,32.03,32.51,32.12,39.68,35.62,33.11,31.84,40.73,45.16,38.01,38.83,39.25,38.41,43.17,94.68
41802,89.95,89.2,30.75,29.33,30.58,30.4,32.03,30.75,31.11,32.03,32.51,32.12,39.54,35.62,33.11,31.84,40.73,44.42,38.01,38.83,39.25,38.41,43.17,94.68
41822,90.7,89.2,31.11,29.41,30.58,30.4,32.03,30.75,31.02,32.03,32.51,32.12,39.68,35.62,33.11,31.84,40.58,44.24,38.01,38.83,39.25,38.55,43.17,94.68
41841,92.25,89.2,31.29,29.33,30.58,30.4,32.03,30.66,30.93,32.03,32.51,32.12,39.68,35.62,33.11,31.84,40.73,44.24,38.01,38.83,39.25,38.55,43.17,94.68
41861,92.25,89.95,31.29,29.33,30.58,30.4,32.03,30.75,30.84,32.03,32.51,32.12,39.54,35.5,33.11,31.84,40.73,44.42,38.01,38.83,39.25,38.55,43,94.68
41879,92.25,89.95,38.27,29.33,30.49,30.4,32.03,30.66,30.93,32.03,32.51,32.12,39.68,35.5,33.11,31.84,40.73,44.42,38.01,38.83,39.25,38.41,43.17,94.68
41900,91.47,89.95,31.29,29.33,30.58,30.4,32.03,30.75,30.93,32.03,32.51,32.03,39.54,35.5,33.11,31.84,40.73,44.42,38.01,38.83,39.25,38.55,43,94.68
41918,93.05,89.95,34.05,29.33,30.58,30.4,32.03,30.75,30.93,32.03,32.41,32.12,39.54,35.62,33.21,31.84,40.73,44.42,38.01,38.83,39.25,38.55,43.17,94.68
41939,93.05,90.7,36.71,29.33,30.58,30.32,32.03,30.66,30.93,31.84,32.51,32.12,39.54,35.62,33.21,31.84,40.43,44.24,38.01,38.83,39.25,38.55,44.06,95.52
41959,93.05,90.7,31.2,29.33,30.58,30.4,32.03,30.66,30.93,32.03,32.41,32.12,39.68,35.62,33.21,31.84,40.73,44.42,38.01,38.83,39.25,38.55,43.17,94.68
41978,87.04,91.47,31.2,29.33,30.58,30.4,32.03,30.75,30.93,32.03,32.51,32.12,39.54,35.5,33.11,31.84,40.58,44.24,38.01,38.83,39.25,38.55,43,94.68
41998,92.25,92.25,31.2,29.33,30.58,30.4,32.03,30.75,30.93,32.03,32.51,32.12,39.54,35.62,33.21,31.84,40.58,44.24,38.01,38.83,39.25,38.55,43,94.68
42017,93.05,92.25,31.2,29.33,30.58,30.4,32.03,30.75,30.93,32.03,32.51,32.12,39.54,35.62,33.21,31.93,40.43,44.42,38.01,38.83,39.25,38.55,43,94.68
42037,89.95,92.25,31.11,29.33,30.58,30.4,32.12,30.66,30.93,32.03,32.41,32.12,39.54,35.5,33.11,31.93,40.58,44.24,38.01,38.83,39.25,38.55,43,94.68
42058,93.86,91.47,30.84,29.33,30.58,30.4,32.12,30.75,31.11,32.03,32.41,32.03,39.54,35.62,33.11,31.93,40.58,44.42,38.01,38.69,39.25,38.55,43.17,94.68
42076,90.7,93.86,30.93,29.33,30.58,30.4,32.03,30.75,30.93,32.03,32.51,32.12,39.54,35.5,33.11,31.93,40.58,44.6,38.01,38.69,39.25,38.55,43,55.92
42097,94.68,87.75,30.84,29.33,30.58,30.4,32.12,30.75,30.93,31.93,32.41,32.12,39.68,35.5,33.21,31.93,40.58,44.24,38.01,38.69,39.11,38.55,43,59.31
42115,92.25,92.25,31.02,29.33,30.58,30.4,32.03,30.75,30.84,32.03,32.51,32.12,39.54,35.62,33.11,31.93,40.43,44.24,38.01,38.69,39.25,38.55,43.7,53.97
42135,89.2,55.35,31.47,29.33,30.58,30.4,32.81,30.75,31.2,31.93,32.51,32.12,39.68,35.5,33.11,31.93,40.58,44.24,38.01,38.83,39.25,38.55,43.35,51.89
42154,92.25,96.37,31.2,29.33,30.49,30.4,32.81,30.75,30.93,31.93,32.51,32.12,39.54,35.5,33.21,31.93,40.58,44.24,37.87,38.83,39.11,38.55,44.79,54.51
42174,91.47,95.52,31.29,29.33,30.58,30.4,32.81,30.75,30.93,31.93,32.51,32.12,39.54,35.5,33.21,31.93,40.58,44.24,38.01,38.69,39.25,38.55,43.17,61.33
42195,93.05,96.37,31.2,29.41,30.58,30.4,32.81,30.75,31.11,31.93,32.51,32.12,39.54,35.62,33.21,31.93,40.43,44.24,38.01,38.83,39.25,38.55,44.06,83.03
42213,93.05,97.24,31.2,29.41,30.58,30.4,43.88,30.75,30.93,31.93,32.51,32.12,39.54,35.5,33.21,31.93,40.58,44.24,38.01,38.69,39.25,38.41,44.24,63.87
42234,93.05,96.37,31.2,29.41,30.58,30.4,32.81,30.75,30.93,31.93,32.51,32.12,39.54,35.5,33.21,31.93,40.58,44.24,38.01,38.83,39.25,38.41,43.35,60.98
42252,93.86,97.24,31.2,29.41,30.58,30.4,32.71,30.75,30.93,31.93,32.51,32.03,39.54,35.5,33.21,31.93,40.58,44.06,38.01,38.69,39.25,38.55,43.35,58.66
42273,93.86,97.24,31.2,29.33,30.58,30.4,32.71,30.75,30.93,31.93,32.41,32.12,39.54,35.5,33.21,31.93,40.58,44.24,38.01,38.83,39.25,38.55,43.35,54.51
42291,93.86,97.24,31.2,29.41,30.58,30.4,32.71,30.75,30.93,31.93,32.51,32.03,39.54,35.5,33.21,32.03,40.58,44.24,38.01,38.69,39.25,38.55,43,53.17
42312,93.05,97.24,31.2,29.33,30.58,30.4,33.01,30.75,30.93,31.93,32.51,32.03,39.54,35.5,33.21,31.93,40.58,44.24,38.01,38.83,39.25,38.41,42.83,55.92
42332,93.86,97.24,31.2,29.33,30.58,30.4,32.71,30.75,30.93,31.93,32.41,32.12,39.54,35.5,33.21,31.93,40.58,44.24,38.01,38.83,39.11,38.55,43,93.86
42351,94.68,98.12,31.2,29.33,30.58,30.4,32.71,30.75,30.93,31.93,32.41,32.12,39.54,35.62,33.21,31.93,40.43,44.06,37.87,38.83,39.25,38.55,43,93.05
42371,94.68,98.12,31.2,29.41,30.49,30.4,32.71,30.75,30.93,31.93,32.51,32.12,39.54,35.5,33.21,31.93,40.58,44.24,38.01,38.83,39.25,38.41,43,90.7
42389,94.68,97.24,31.2,29.33,30.49,30.4,32.71,30.75,30.93,31.93,32.41,32.12,39.54,35.5,33.21,31.93,40.43,44.24,38.01,38.83,39.25,38.55,43,71.96
42410,93.05,95.52,31.2,29.33,30.58,30.4,32.81,30.75,30.93,31.93,32.51,32.03,39.68,35.5,33.21,32.03,40.58,44.42,38.01,38.83,39.25,38.55,43,87.04
42430,93.86,93.05,31.2,29.33,30.58,30.4,32.71,30.75,30.93,31.93,32.41,32.12,39.54,35.5,33.21,32.03,40.58,44.24,38.01,38.69,39.25,38.55,44.6,87.04
42449,93.86,94.68,31.2,29.41,30.58,30.4,32.81,30.75,30.93,31.93,32.51,32.12,39.54,35.5,33.21,32.03,40.58,44.24,38.01,38.69,39.25,38.55,43.7,76.55
42469,93.05,95.52,31.2,29.41,30.58,30.4,32.81,30.75,31.11,31.93,32.51,32.12,39.68,35.5,33.21,31.93,40.58,44.24,38.01,38.69,39.25,38.41,45.16,73.43
42488,93.05,96.37,31.2,29.41,30.58,30.4,32.81,30.75,30.93,31.93,32.51,32.12,39.68,35.5,33.21,31.93,40.43,44.24,38.01,38.83,39.25,38.55,45.54,75.48
42508,93.05,96.37,31.2,29.33,30.58,30.4,32.71,30.75,30.93,31.93,32.41,32.12,41.2,35.5,33.21,31.93,40.58,44.24,38.01,38.83,39.25,38.55,44.42,77.65
42527,94.68,96.37,31.2,29.41,30.58,30.4,32.81,30.75,30.93,31.93,32.51,32.12,39.68,35.5,33.21,31.93,40.58,44.06,38.01,38.83,39.25,38.41,43.35,81.77
42547,95.52,96.37,31.2,29.41,30.58,30.4,32.81,30.75,30.93,31.93,32.51,32.12,39.68,35.5,33.21,31.93,40.58,44.24,38.01,38.83,39.25,38.55,44.6,82.39
42568,93.86,95.52,31.2,29.41,30.58,30.4,32.91,30.75,30.93,31.93,32.51,32.12,39.68,35.5,33.21,31.93,40.58,44.24,38.01,38.83,39.25,38.55,44.24,87.04
42586,94.68,97.24,31.2,29.33,30.58,30.4,32.91,30.75,30.93,31.93,32.51,32.12,39.68,35.5,33.11,31.93,40.58,44.24,38.01,38.83,39.25,38.55,44.42,88.47
42607,94.68,96.37,31.2,29.33,30.58,30.4,32.91,30.75,30.93,31.93,32.41,32.12,39.54,35.5,33.21,31.93,40.58,44.24,38.01,38.83,39.25,38.55,44.6,88.47
42625,93.86,96.37,31.2,29.41,30.58,30.4,32.91,30.75,31.02,31.93,32.51,32.12,39.54,35.5,33.21,31.93,40.58,44.24,38.01,38.83,39.25,38.41,43.35,88.47
42645,94.68,96.37,31.2,29.41,30.58,30.4,32.91,30.75,30.93,31.93,32.51,32.12,39.68,35.5,33.21,31.93,40.58,44.24,38.01,38.83,39.25,38.55,43.52,88.47
42664,94.68,96.37,31.2,29.33,30.58,30.4,32.91,30.75,30.93,31.93,32.41,32.12,39.68,35.5,33.21,31.93,40.43,44.24,38.01,38.83,39.25,38.41,44.97,88.47
42684,94.68,96.37,31.2,29.33,30.58,30.4,32.91,30.75,30.93,31.93,32.41,32.12,39.68,35.5,33.21,31.93,40.43,44.24,38.01,38.83,39.25,38.55,45.93,88.47
42705,93.86,95.52,31.11,29.41,30.58,30.4,32.81,30.75,30.93,31.93,32.41,32.12,39.68,35.5,33.21,31.93,40.43,44.24,38.01,38.69,39.25,38.55,43.7,89.2
42723,93.86,95.52,31.2,29.41,30.58,30.4,32.81,30.75,31.02,31.93,32.51,32.12,39.68,35.62,33.21,31.93,40.58,44.24,38.01,38.83,39.25,38.55,44.42,89.95
42744,93.86,96.37,31.11,29.41,30.58,30.4,32.12,30.75,31.11,32.03,32.41,32.03,39.68,35.5,33.21,31.93,40.58,44.24,38.01,38.83,39.25,38.41,44.79,89.95
42762,93.86,96.37,31.2,29.33,30.58,30.4,32.22,30.75,30.93,32.03,32.51,32.03,39.54,35.5,33.11,31.93,40.58,44.24,38.01,38.83,39.25,38.55,44.24,89.95
42783,92.25,95.52,31.2,29.33,30.58,30.4,32.12,30.75,30.93,32.03,32.51,32.03,39.68,35.5,33.21,31.93,40.58,44.24,38.01,38.83,39.25,38.55,44.24,89.2
42803,93.86,95.52,31.2,29.41,30.58,30.4,33.01,30.75,30.93,31.93,32.51,32.12,39.68,35.5,33.21,31.93,40.58,44.24,38.01,38.83,39.25,38.41,44.6,89.95
42822,93.05,94.68,31.11,29.41,30.58,30.4,33.01,30.75,31.02,31.93,32.51,32.12,39.68,35.62,33.21,31.93,40.58,44.24,38.01,38.83,39.25,38.55,44.42,90.7
42842,90.7,94.68,31.2,29.33,30.58,30.4,33.01,30.75,31.2,31.93,32.41,32.12,39.68,35.5,33.21,31.93,40.58,44.24,38.01,38.83,39.25,38.55,44.24,89.95
42863,90.7,94.68,31.2,29.41,30.58,30.4,33.01,30.75,31.2,31.93,32.51,32.12,39.54,35.5,33.21,31.93,40.43,44.24,38.01,38.83,39.25,38.55,44.06,89.95
42881,90.7,94.68,31.2,29.41,30.58,30.4,32.12,30.75,31.2,32.03,32.41,32.12,39.54,35.5,33.21,31.93,40.58,44.24,38.01,38.83,39.25,38.55,43.52,91.47
42901,90.7,94.68,31.2,29.41,30.58,30.4,32.12,30.75,31.11,32.03,32.51,32.12,39.68,35.5,33.21,31.93,40.58,44.24,38.01,38.83,39.25,38.55,44.24,91.47
42920,89.95,94.68,31.11,29.41,30.58,30.4,32.12,30.75,31.2,32.03,32.41,32.12,39.68,35.5,33.11,31.93,40.58,44.24,38.01,38.83,39.25,38.55,43.52,93.05
42940,89.95,93.86,31.2,29.41,30.58,30.4,32.12,30.75,31.02,32.03,32.41,32.12,39.68,35.5,33.11,31.93,40.43,44.24,38.01,38.83,39.25,38.55,43.17,93.05
42961,89.95,93.05,31.2,29.33,30.58,30.4,32.12,30.75,30.93,32.03,32.51,32.12,39.68,35.5,33.11,31.93,40.43,44.24,38.01,38.69,39.25,38.55,43,93.86
42979,89.2,93.86,31.2,29.41,30.58,30.4,32.03,30.75,30.93,32.03,32.41,32.12,39.54,35.5,33.11,31.93,40.58,44.24,38.01,38.69,39.25,38.55,43,93.86
43000,89.95,93.86,31.2,29.41,30.58,30.4,32.12,30.75,30.93,32.03,32.51,32.12,39.68,35.5,33.11,31.93,40.58,44.24,38.01,38.83,39.25,38.55,43,93.86
43018,88.47,93.05,31.2,29.41,30.58,30.4,32.12,30.75,30.93,32.03,32.51,32.12,39.68,35.5,33.11,31.84,40.58,44.24,38.01,38.83,39.25,38.55,43.17,93.86
43039,88.47,93.05,31.11,29.41,30.58,30.4,32.03,30.75,30.93,32.03,32.51,32.12,42.16,35.5,33.11,31.93,40.58,44.24,38.01,38.69,39.25,38.55,43.17,93.86
43059,87.75,92.25,31.2,29.41,30.58,30.4,32.12,30.75,30.93,32.03,32.41,32.12,43.35,35.5,33.11,31.93,40.58,44.24,38.01,38.69,39.25,38.55,43.17,93.86
43078,87.75,92.25,31.2,29.33,30.58,30.4,32.03,30.75,30.93,32.03,32.51,32.12,43.88,35.5,33.11,31.93,40.58,44.24,38.01,38.83,39.25,38.55,43.52,95.52
43098,87.75,92.25,31.2,29.41,30.58,30.4,32.03,30.75,30.93,32.03,32.41,32.12,44.97,35.5,33.11,31.93,40.58,44.24,38.01,38.69,39.25,38.55,43,94.68
43116,87.04,92.25,31.84,29.41,30.58,30.4,32.12,30.75,31.02,31.84,32.51,32.12,39.68,35.62,33.11,31.84,40.58,44.24,38.01,38.69,39.25,38.55,43.17,93.86
43137,87.04,91.47,31.2,29.41,30.58,30.4,32.12,30.66,30.93,31.84,32.51,32.12,39.68,35.5,33.11,31.93,40.58,44.42,38.01,38.69,39.25,38.55,43.17,93.86
43155,87.04,91.47,31.2,29.41,30.58,30.4,32.12,30.75,31.02,31.84,32.51,32.12,45.74,35.5,33.11,31.93,40.58,44.24,38.01,38.69,39.25,38.55,43,94.68
43178,85.66,90.7,31.65,29.41,30.58,30.4,32.03,30.66,30.93,31.84,32.51,32.12,39.68,35.5,33.11,31.84,40.58,44.24,38.01,38.69,39.25,38.41,43,94.68
43196,86.35,90.7,31.11,29.41,30.58,30.4,32.12,30.66,30.93,31.75,32.51,32.12,39.68,35.5,33.11,31.84,40.58,44.24,38.01,38.69,39.25,38.41,43.17,94.68
43217,85.66,90.7,31.2,29.41,30.58,30.4,32.12,30.75,31.02,31.75,32.51,32.12,39.68,35.62,33.11,31.93,40.58,44.24,38.01,38.69,39.25,38.55,43,93.86
43237,85.66,89.2,31.2,29.41,30.58,30.4,32.12,30.66,31.02,31.75,32.51,32.12,39.68,35.5,33.11,31.84,40.58,44.24,38.01,38.83,39.25,38.41,43,94.68
43256,87.04,65.42,31.2,29.41,30.58,30.4,32.03,30.66,31.02,31.84,32.41,32.12,39.68,35.62,33.11,31.93,40.58,44.24,38.01,38.83,39.25,38.55,43.17,94.68
43276,90.7,90.7,31.2,29.41,30.58,30.4,32.03,30.66,31.02,31.75,32.51,32.12,39.68,35.62,33.11,31.93,40.58,44.24,38.01,38.83,39.25,38.41,43.52,93.86
43295,89.2,50.2,31.2,29.41,30.58,30.4,32.03,30.66,30.93,31.93,32.51,32.12,39.68,35.5,33.11,31.84,40.58,44.24,38.01,38.83,39.25,38.55,43,93.86
43315,90.7,89.2,31.2,29.41,30.58,30.4,32.03,30.66,31.02,31.93,32.51,32.12,39.68,35.62,33.01,31.84,40.58,44.24,38.01,38.83,39.25,38.55,43,93.86
43336,89.95,55.35,31.2,29.41,30.58,30.4,32.03,30.66,30.93,31.93,32.51,32.12,39.68,35.62,33.11,31.93,40.58,44.06,38.01,38.69,39.25,38.41,43,93.86
43354,90.7,87.04,31.2,29.41,30.58,30.4,32.03,30.66,31.11,31.93,32.51,32.12,39.68,35.62,33.11,31.84,40.27,44.42,38.01,38.83,39.25,38.41,43,94.68
43375,91.47,91.47,31.29,29.41,30.58,30.4,32.12,30.66,31.11,31.93,32.51,32.12,39.68,35.5,33.11,31.84,40.58,44.24,38.01,38.83,39.25,38.55,43,94.68
43393,91.47,91.47,31.29,29.41,30.58,30.4,32.12,30.66,31.11,31.93,32.51,32.12,40.12,35.62,33.01,31.93,40.58,44.42,38.01,38.83,39.25,38.55,43,93.86
43413,92.25,91.47,31.29,29.41,30.58,30.4,32.03,30.66,31.11,31.93,32.51,32.12,39.83,35.62,33.11,31.84,40.58,44.42,38.01,38.83,39.25,38.41,43,93.86
43432,92.25,91.47,31.38,29.41,30.58,30.4,32.12,30.66,31.11,31.93,32.51,32.12,39.68,35.62,33.11,31.84,40.58,44.24,38.01,38.83,39.25,38.55,43.17,94.68
43452,91.47,90.7,31.38,29.41,30.58,30.4,32.03,30.66,31.11,31.93,32.51,32.12,39.68,35.62,33.11,31.84,40.43,44.24,38.01,38.83,39.25,38.41,43,94.68
43473,90.7,91.47,31.84,29.41,30.58,30.4,32.03,30.66,31.02,31.93,32.41,32.12,39.68,35.74,33.11,31.93,40.58,44.24,38.01,38.83,39.39,38.41,43,94.68
43491,90.7,91.47,31.56,29.41,30.58,30.4,32.03,30.66,31.11,31.93,32.51,32.12,39.68,35.74,33.11,31.93,40.58,44.24,38.01,38.83,39.25,38.41,43.17,94.68
43512,92.25,91.47,31.38,29.41,30.58,30.4,32.12,30.66,31.11,31.93,32.51,32.12,39.68,35.74,33.01,31.93,40.58,44.24,37.87,38.83,39.25,38.41,43,93.05
43530,91.47,91.47,31.29,29.41,30.58,30.4,32.12,30.66,31.11,31.93,32.51,32.12,39.68,35.74,33.11,31.84,40.73,44.24,38.01,38.83,39.25,38.41,43,91.47
43551,92.25,91.47,31.29,29.41,30.58,30.49,32.03,30.66,31.11,31.93,32.51,32.12,39.54,35.74,33.11,31.93,40.58,44.24,38.01,38.83,39.25,38.41,43,66.63
43569,91.47,90.7,31.29,29.41,30.58,30.49,32.03,30.66,31.11,31.84,32.51,32.12,39.68,35.74,33.11,31.93,40.58,44.24,38.01,38.83,39.25,38.55,43.17,81.77
43590,91.47,91.47,31.29,29.41,30.58,30.49,32.03,30.66,31.11,31.84,32.51,32.12,39.68,35.74,33.11,31.84,40.58,44.24,38.01,38.83,39.25,38.41,43.17,57.41
43610,93.05,91.47,31.65,29.41,30.58,30.49,32.12,30.66,31.11,31.84,32.51,32.12,39.68,35.74,33.11,31.93,40.58,44.06,38.01,38.69,39.25,38.55,43,57.41
43628,92.25,91.47,31.65,29.41,30.58,30.49,32.12,30.66,31.11,31.84,32.51,32.12,39.83,35.74,33.11,31.93,40.73,44.24,38.01,38.83,39.25,38.55,43,58.66
43649,92.25,92.25,31.75,29.41,30.58,30.49,32.12,30.66,31.11,31.84,32.51,32.12,39.68,35.74,33.11,31.93,40.73,44.24,38.01,38.83,39.39,38.41,43.17,58.66
43667,91.47,92.25,31.56,29.41,30.58,30.49,32.12,30.66,31.11,31.84,32.51,32.12,39.68,35.86,33.11,31.84,40.73,44.42,38.01,38.83,39.25,38.41,43.17,60.98
43688,92.25,92.25,31.38,29.41,30.58,30.49,32.12,30.66,31.11,31.75,32.51,32.12,39.68,35.86,33.01,31.84,40.73,44.24,38.01,38.83,39.25,38.55,43.17,62.03
43708,92.25,92.25,31.29,29.41,30.58,30.49,32.12,30.66,31.11,31.84,32.51,32.12,39.68,35.74,33.11,31.93,40.73,44.42,38.01,38.83,39.25,38.55,43.17,92.25
43727,93.05,93.05,31.29,29.41,30.58,30.49,32.22,30.66,31.11,31.84,32.51,32.12,39.68,35.74,33.21,31.93,40.73,44.42,37.87,38.83,39.25,38.55,43.17,64.63
43747,92.25,93.05,31.29,29.33,30.58,30.49,32.12,30.66,30.93,31.84,32.41,32.12,39.54,35.74,33.11,31.93,40.73,44.42,38.01,38.83,39.25,38.41,43,84.99
43766,93.86,92.25,31.47,29.41,30.58,30.49,32.12,30.66,30.93,31.93,32.51,32.12,39.68,35.74,33.11,31.93,40.58,44.42,38.01,38.83,39.25,38.41,43.17,59.96
43786,93.05,93.86,31.47,29.41,30.58,30.49,32.12,30.66,30.93,31.93,32.51,32.12,39.68,35.74,33.11,31.93,40.73,44.42,38.01,38.83,39.25,38.41,43,60.98
43805,93.86,93.86,31.29,29.41,30.58,30.49,32.12,30.66,30.93,31.93,32.51,32.12,39.68,35.74,33.21,31.93,40.43,44.42,38.01,38.83,39.25,38.41,43.17,59.63
43825,93.86,93.86,31.47,29.41,30.58,30.49,32.12,30.75,30.93,31.93,32.51,32.12,39.68,35.74,33.21,31.93,40.73,44.42,38.01,38.83,39.25,38.55,43,63.49
43846,89.95,93.86,31.29,29.41,30.58,30.49,32.12,30.75,30.93,31.93,32.51,32.12,39.68,35.74,33.21,31.93,40.58,44.42,38.01,38.83,39.25,38.55,43,61.33
43864,89.2,93.86,31.38,29.41,30.58,30.49,32.32,30.75,30.93,31.93,32.41,32.03,39.68,35.62,33.21,31.93,40.58,44.97,38.01,38.83,39.25,38.55,43,60.98
43884,89.95,94.68,31.29,29.41,30.58,30.49,32.12,30.75,30.93,31.93,32.41,32.03,39.68,35.62,33.11,31.93,40.58,44.6,38.01,38.83,39.25,38.55,43,55.64
43903,91.47,94.68,31.38,29.41,30.58,30.49,32.22,30.75,30.93,31.84,32.51,32.12,39.68,35.62,33.21,31.93,40.73,44.6,38.01,38.69,39.25,38.41,43,53.97
43923,92.25,91.47,31.29,29.33,30.58,30.49,32.12,30.75,31.02,31.93,32.51,32.12,39.54,35.62,33.21,31.93,40.58,44.24,38.01,38.83,39.25,38.55,44.79,94.68
43942,99.02,96.37,31.29,29.41,30.58,30.49,32.51,30.75,30.93,32.03,32.51,32.12,39.68,35.62,33.21,31.93,40.58,44.42,38.01,38.83,39.25,38.55,43,89.2
43962,98.12,97.24,31.29,29.41,30.58,30.49,32.12,30.75,30.93,31.93,32.51,32.12,39.68,35.62,33.11,31.93,40.58,44.42,38.01,38.83,39.25,38.55,43.35,55.35
43983,91.47,96.37,31.29,29.41,30.58,30.49,32.12,30.75,31.11,31.93,32.51,32.12,39.68,35.62,33.21,31.93,40.58,44.6,38.01,38.83,39.25,38.55,43,53.7
44001,92.25,98.12,31.29,29.33,30.58,30.58,32.12,30.75,30.93,31.93,32.51,32.12,39.83,35.5,33.21,31.93,40.43,44.24,37.87,38.83,39.25,38.55,43,53.17
44022,93.86,99.02,31.38,29.33,30.58,30.58,32.71,30.75,31.11,31.93,32.41,32.03,39.68,35.62,33.21,31.93,40.43,44.24,38.01,38.83,39.25,38.55,43,55.07
44040,94.68,99.94,31.29,29.33,30.58,30.58,32.81,30.75,31.11,31.93,32.51,32.12,39.54,35.62,33.21,31.93,40.58,44.24,38.01,38.83,39.25,38.55,43,53.7
44061,96.37,99.02,31.47,29.41,30.58,30.58,32.81,30.75,31.11,31.93,32.41,32.12,39.68,35.62,33.21,31.93,40.58,44.24,38.01,38.83,39.25,38.55,43.17,94.68
44081,99.94,100.87,31.29,29.41,30.58,30.58,32.81,30.75,31.11,31.93,32.51,32.12,39.68,35.62,33.21,31.93,40.58,44.24,38.01,38.83,39.25,38.55,43.17,92.25
44099,99.94,100.87,31.29,29.33,30.58,30.58,32.81,30.75,31.11,31.93,32.51,32.12,39.68,35.62,33.21,31.93,40.58,44.24,38.01,38.83,39.25,38.55,43.17,71.01
44120,99.94,100.87,31.29,29.41,30.58,30.58,32.91,30.75,31.2,31.93,32.51,32.12,39.68,35.62,33.21,31.93,40.58,44.24,38.01,38.83,39.25,38.55,43.17,61.68
44138,98.12,99.94,31.29,29.41,30.58,30.58,32.91,30.75,30.93,31.93,32.51,32.12,39.68,35.62,33.21,32.03,40.58,44.24,38.01,38.83,39.25,38.55,44.97,62.39
44159,99.02,99.94,31.29,29.41,30.58,30.49,32.81,30.75,30.93,31.93,32.51,32.03,39.68,35.62,33.21,31.93,40.58,44.24,38.01,38.83,39.25,38.55,43.88,61.68
44177,95.52,99.94,31.29,29.41,30.58,30.49,32.81,30.75,31.11,31.93,32.41,32.12,39.68,35.62,33.21,31.93,40.58,44.24,38.01,38.83,39.25,38.55,46.32,63.49
44198,95.52,99.02,31.29,29.41,30.58,30.49,32.81,30.75,31.2,31.93,32.51,32.12,39.68,35.62,33.21,31.93,40.58,44.24,38.01,38.83,39.25,38.55,44.24,61.68
44218,94.68,99.02,31.29,29.41,30.58,30.49,32.81,30.75,31.02,31.93,32.41,32.12,39.54,35.62,33.21,31.93,40.58,44.24,38.01,38.83,39.25,38.55,44.24,61.33
44237,94.68,98.12,31.29,29.41,30.58,30.49,32.81,30.75,30.93,32.03,32.51,32.12,39.68,35.62,33.21,31.93,40.58,44.24,38.01,38.83,39.25,38.55,43,60.3
44257,93.86,97.24,31.29,29.41,30.58,30.49,32.81,30.75,30.93,32.03,32.51,32.12,39.68,35.62,33.21,31.93,40.58,44.24,38.01,38.83,39.25,38.55,43,60.3
44276,93.86,97.24,31.47,29.41,30.58,30.49,32.81,30.75,31.02,32.03,32.51,32.12,39.83,35.5,33.21,31.93,40.58,44.24,38.01,38.83,39.25,38.41,43,58.66
44296,93.86,96.37,31.84,29.41,30.58,30.49,32.12,30.75,31.2,32.03,32.51,32.12,39.83,35.62,33.21,31.93,40.58,44.97,38.01,38.83,39.25,38.55,43,59.96
44315,93.86,96.37,31.84,29.41,30.58,30.49,32.12,30.75,31.11,32.03,32.51,32.12,39.68,35.62,33.21,31.93,40.58,45.16,38.01,38.83,39.25,38.55,43.17,59.63
44335,93.05,96.37,31.84,29.41,30.58,30.49,32.22,30.75,30.93,32.03,32.51,32.12,39.68,35.62,33.11,31.93,40.58,45.16,38.01,38.83,39.25,38.41,43,60.64
44355,93.86,96.37,31.84,29.41,30.58,30.49,32.22,30.75,30.93,31.93,32.51,32.12,39.68,35.62,33.11,31.93,40.58,45.16,38.01,38.83,39.25,38.55,43,64.25
44374,94.68,97.24,31.93,29.41,30.58,30.49,32.22,30.75,30.93,31.93,32.51,32.12,39.68,35.5,33.11,31.93,40.58,44.79,38.01,38.83,39.25,38.55,43,67.04
44394,93.86,97.24,31.93,29.41,30.58,30.49,32.22,30.75,30.93,32.03,32.51,32.12,39.68,35.62,33.11,31.93,40.58,44.6,38.01,38.83,39.25,38.55,43,68.75
44413,93.05,97.24,31.93,29.41,30.58,30.49,32.12,30.75,31.2,31.93,32.51,32.12,39.83,35.62,33.11,31.93,40.58,44.24,38.01,38.83,39.25,38.55,43,69.19
44433,93.86,97.24,31.84,29.41,30.58,30.49,32.12,30.75,31.2,32.03,32.51,32.12,39.83,35.62,33.21,31.93,40.58,44.24,38.01,38.83,39.11,38.55,43,69.64
44454,93.86,97.24,32.03,29.41,30.58,30.49,32.12,30.75,31.2,31.93,32.41,32.12,39.68,35.62,33.11,31.93,40.58,44.24,38.01,38.83,39.25,38.55,43.17,70.09
44472,93.86,97.24,32.03,29.41,30.58,30.49,32.12,30.75,30.93,31.93,32.41,32.12,39.68,35.62,33.11,31.93,40.58,44.42,38.01,38.83,39.25,38.55,43.88,69.64
44493,93.86,97.24,32.03,29.41,30.58,30.49,32.12,30.75,30.93,31.93,32.51,32.12,39.83,35.62,33.11,31.93,40.58,44.24,38.01,38.69,39.25,38.55,44.6,70.09
44511,93.05,97.24,32.03,29.41,30.58,30.49,32.22,30.75,30.93,32.03,32.51,32.12,39.83,35.62,33.11,31.93,40.58,44.24,38.01,38.83,39.25,38.55,45.74,71.96
44532,93.05,97.24,32.03,29.41,30.58,30.49,32.32,30.75,30.93,32.03,32.51,32.12,39.83,35.62,33.11,31.93,40.58,44.24,38.01,38.83,39.25,38.55,44.6,72.93
44550,93.86,97.24,32.03,29.41,30.58,30.49,32.91,30.75,30.93,32.03,32.51,32.12,39.83,35.62,33.11,31.93,40.58,44.24,38.01,38.83,39.25,38.55,47.55,72.44
44571,94.68,97.24,32.22,29.41,30.58,30.4,32.32,30.75,30.93,32.03,32.51,32.12,39.83,35.62,33.11,31.93,40.58,44.24,38.01,38.83,39.25,38.55,44.97,72.93
44591,94.68,97.24,32.51,29.33,30.58,30.49,32.61,30.75,30.93,32.03,32.51,32.12,39.68,35.62,33.11,31.93,40.58,44.24,38.01,38.83,39.25,38.55,44.97,73.43
44609,94.68,97.24,32.41,29.41,30.58,30.49,32.91,30.75,30.84,32.03,32.51,32.12,39.83,35.62,33.21,31.93,40.58,44.24,38.01,38.83,39.25,38.55,47.76,72.93
44630,95.52,97.24,32.41,29.41,30.58,30.49,32.91,30.75,30.93,31.93,32.41,32.03,39.68,35.62,33.21,31.93,40.58,44.24,38.01,38.83,39.25,38.41,46.52,72.93
44648,94.68,97.24,32.41,29.41,30.58,30.49,32.91,30.75,31.11,32.03,32.41,32.12,39.83,35.62,33.11,31.93,40.58,44.42,38.01,38.83,39.25,38.55,45.35,73.93
44669,94.68,97.24,32.51,29.41,30.58,30.49,32.91,30.75,30.93,31.93,32.51,32.03,39.68,35.5,33.21,31.93,40.58,44.42,38.01,38.83,39.25,38.55,45.93,74.44
44687,95.52,97.24,32.71,29.41,30.58,30.49,59.31,30.75,30.93,32.03,32.51,32.12,39.83,35.62,33.21,31.93,40.58,44.24,38.01,38.83,39.25,38.55,45.93,73.93
44708,94.68,97.24,32.71,29.41,30.58,30.49,32.22,30.75,30.93,31.93,32.51,32.12,39.83,35.62,33.21,31.93,40.58,44.42,38.01,38.83,39.25,38.55,46.52,73.93
44728,95.52,97.24,33.01,29.41,30.58,30.49,32.12,30.75,30.93,32.03,32.51,32.12,39.83,35.62,33.21,31.93,40.58,44.24,38.01,38.69,39.25,38.55,46.73,74.44
44747,94.68,97.24,33.01,29.33,30.58,30.49,32.22,30.75,31.02,32.03,32.51,32.12,39.68,35.62,33.11,31.93,40.43,44.42,38.01,38.83,39.25,38.55,45.74,74.44
44767,94.68,97.24,33.01,29.41,30.58,30.49,32.12,30.75,31.02,31.93,32.51,32.12,39.83,35.5,33.21,31.93,40.58,44.42,38.01,38.83,39.25,38.55,45.93,73.43
44786,94.68,97.24,32.91,29.41,30.58,30.58,32.22,30.75,30.93,31.93,32.51,32.12,39.83,35.62,33.11,31.93,40.27,44.24,38.01,38.69,39.25,38.55,46.93,72.44
44806,94.68,97.24,32.81,29.41,30.58,30.58,32.22,30.75,30.93,31.93,32.51,32.12,39.83,35.62,33.11,31.93,40.58,44.42,38.01,38.83,39.25,38.55,47.34,71.96
44827,94.68,97.24,32.61,29.41,30.58,30.58,32.12,30.75,30.93,32.03,32.51,32.12,39.83,35.62,33.21,31.93,40.58,44.24,38.01,38.83,39.25,38.55,46.52,73.43
44845,95.52,97.24,32.12,29.41,30.58,30.58,32.22,30.75,31.02,31.93,32.41,32.12,39.83,35.5,33.11,31.93,40.58,44.42,38.01,38.69,39.25,38.55,46.93,74.44
44865,95.52,97.24,31.93,29.41,30.58,30.58,32.22,30.75,31.02,31.84,32.51,32.12,39.83,35.62,33.11,31.84,40.58,44.42,38.01,38.83,39.25,38.55,47.34,74.44
44884,94.68,98.12,32.03,29.41,30.58,30.58,32.22,30.75,31.02,31.84,32.51,32.12,39.54,35.62,33.21,31.93,40.27,44.24,38.01,38.83,39.25,38.55,48.4,76.55
44904,95.52,97.24,31.93,29.41,30.58,30.58,32.22,30.75,31.02,31.84,32.51,32.12,39.68,35.62,33.11,31.93,40.58,44.42,38.01,38.83,39.25,38.55,47.97,72.44
44923,95.52,98.12,31.47,29.41,30.58,30.58,32.12,30.75,30.93,31.65,32.51,32.12,39.68,35.62,33.11,31.93,40.58,44.24,38.01,38.83,39.25,38.55,43.7,55.64
44943,94.68,97.24,31.29,29.41,30.58,30.58,32.22,30.75,30.93,31.65,32.51,32.12,39.68,35.62,33.11,31.93,40.58,44.24,38.01,38.83,39.25,38.55,43.88,58.34
44964,94.68,97.24,31.56,29.41,30.58,30.58,32.12,30.75,30.93,31.65,32.51,32.12,39.68,35.62,33.11,31.93,40.58,44.24,38.01,38.83,39.25,38.55,43.88,57.41
44982,94.68,97.24,31.29,29.41,30.58,30.58,32.12,30.75,31.02,31.75,32.41,32.12,39.68,35.62,33.11,31.93,40.58,44.24,38.01,38.83,39.25,38.55,43.7,60.64
45003,94.68,98.12,31.29,29.41,30.58,30.58,32.12,30.66,31.02,31.75,32.51,32.12,39.98,35.62,33.11,31.93,40.43,44.24,38.01,38.83,39.25,38.55,43.88,63.87
45021,93.86,97.24,31.29,29.41,30.58,30.58,32.12,30.66,31.02,31.84,32.51,32.12,39.68,35.74,33.11,31.93,40.58,44.24,37.87,38.83,39.25,38.41,43.7,93.05
45042,94.68,98.12,31.29,29.41,30.66,30.58,32.12,30.66,30.93,31.84,32.41,32.12,39.83,35.74,33.11,31.93,40.73,44.42,38.01,38.83,39.25,38.41,43.88,93.86
45060,93.86,98.12,31.65,29.41,30.58,30.58,32.22,30.75,31.02,31.93,32.51,32.12,39.83,35.62,33.11,31.93,40.58,44.24,38.01,38.69,39.25,38.41,43.88,93.05
45080,99.02,98.12,31.65,29.41,30.58,30.66,32.22,30.75,31.02,31.93,32.51,32.12,39.83,35.62,33.11,31.93,40.58,44.24,38.01,38.83,39.39,38.41,44.06,94.68
45101,99.02,98.12,31.56,29.41,30.58,30.58,32.12,30.66,30.93,31.93,32.51,32.12,39.68,35.62,33.11,31.93,40.58,44.24,38.01,38.83,39.25,38.55,44.24,94.68
45119,99.02,99.02,31.29,29.41,30.58,30.58,32.12,30.66,31.02,31.93,32.41,32.12,39.68,35.62,33.21,31.93,40.58,44.42,38.01,38.69,39.39,38.41,48.4,95.52
45140,99.02,98.12,31.29,29.41,30.58,30.66,32.22,30.75,31.02,31.84,32.41,32.12,39.68,35.62,33.21,31.93,40.58,44.24,38.01,38.83,39.39,38.55,48.4,95.52
45158,94.68,98.12,31.29,29.41,30.58,30.66,32.12,30.66,30.93,31.65,32.51,32.12,39.68,35.5,33.21,31.93,40.58,44.42,38.01,38.83,39.39,38.41,47.97,94.68
45179,94.68,98.12,31.29,29.41,30.58,30.66,32.12,30.66,31.02,31.65,32.51,32.12,39.68,35.86,33.21,31.93,40.58,44.24,38.01,38.69,39.39,38.41,48.19,93.86
45199,93.86,98.12,32.32,29.41,30.58,30.66,32.12,30.66,30.93,31.65,32.51,32.12,39.68,35.74,33.21,31.93,40.58,44.42,38.01,38.83,39.39,38.55,48.4,74.44
45218,93.86,97.24,32.32,29.41,30.66,30.66,32.12,30.75,30.93,31.65,32.51,32.12,39.68,35.74,33.21,31.93,40.58,44.42,38.01,38.69,39.39,38.55,51.4,95.52
45238,93.86,97.24,32.32,29.41,30.58,30.66,32.12,30.66,30.93,31.65,32.51,32.12,44.06,35.74,33.11,31.93,40.58,44.42,38.01,38.83,39.39,38.55,48.84,91.47
45257,93.05,96.37,32.32,29.41,30.66,30.66,32.12,30.66,30.93,31.65,32.51,32.12,40.73,35.74,33.11,31.93,40.58,44.42,38.01,38.69,39.39,38.55,49.06,79.36
45277,93.05,96.37,32.03,29.41,30.66,30.66,32.12,30.66,30.93,31.65,32.41,32.12,39.68,35.74,33.11,31.93,40.58,44.42,38.01,38.69,39.25,38.55,48.19,78.21
45296,93.05,96.37,31.29,29.41,30.58,30.66,32.12,30.75,31.02,31.65,32.51,32.12,39.68,35.74,33.11,31.93,40.73,44.42,38.01,38.83,39.25,38.55,49.06,77.1
45316,99.02,96.37,31.29,29.41,30.58,30.66,32.12,30.75,30.93,31.65,32.51,32.12,39.68,35.74,33.21,32.03,40.58,44.42,38.01,38.83,39.39,38.55,48.19,74.44
45336,99.02,97.24,31.29,29.41,30.66,30.66,32.12,30.75,31.02,31.65,32.51,32.12,39.68,35.74,33.21,31.93,40.73,44.42,38.01,38.83,39.39,38.55,49.06,72.44
45355,95.52,97.24,31.29,29.41,30.66,30.66,32.12,30.66,30.93,31.65,32.41,32.12,39.68,35.74,33.21,31.93,40.58,44.42,38.01,38.83,39.39,38.55,49.29,73.43
45375,95.52,97.24,31.29,29.41,30.58,30.66,32.12,30.75,30.93,31.65,32.41,32.12,39.54,35.74,33.11,31.93,40.73,44.42,38.01,38.69,39.39,38.55,49.29,72.93
45394,95.52,98.12,31.29,29.41,30.58,30.66,32.12,30.66,30.93,31.65,32.51,32.03,39.68,35.74,33.11,31.93,40.58,44.42,38.01,38.69,39.25,38.55,50.67,72.93
45414,95.52,98.12,31.29,29.41,30.58,30.66,32.12,30.66,30.93,31.65,32.51,32.03,39.68,35.74,33.11,32.03,40.58,44.42,38.01,38.83,39.39,38.55,49.74,73.43
45433,93.05,98.12,31.29,29.41,30.58,30.66,32.12,30.66,30.93,31.65,32.51,32.12,39.54,35.74,33.11,31.93,40.58,44.42,38.01,38.83,39.25,38.55,49.97,74.95
45453,93.05,97.24,31.47,29.41,30.58,30.58,33.73,30.66,30.93,31.65,32.51,32.12,39.54,35.74,33.21,31.93,40.58,44.42,38.01,38.83,39.39,38.55,49.06,81.15
45474,93.05,97.24,31.47,29.41,30.58,30.58,34.27,30.66,30.93,31.65,32.51,32.12,39.68,35.74,33.11,31.93,40.73,44.42,38.01,38.83,39.25,38.55,49.06,84.99
45492,94.68,97.24,31.38,29.41,30.58,30.58,32.22,30.66,30.84,31.65,32.51,32.12,39.68,35.74,33.21,31.93,40.43,44.42,38.01,38.83,39.39,38.55,48.84,92.25
45513,94.68,97.24,31.38,29.33,30.58,30.58,32.22,30.66,30.93,31.65,32.51,32.12,39.54,35.74,33.11,31.93,40.58,44.42,38.01,38.83,39.39,38.55,49.06,89.2
45531,94.68,97.24,31.38,29.41,30.58,30.58,32.91,30.66,30.93,31.65,32.51,32.12,39.54,35.74,33.21,32.03,40.73,44.42,38.01,38.83,39.25,38.55,49.29,71.48
45552,94.68,97.24,31.56,29.41,30.58,30.58,33.01,30.75,30.93,31.65,32.51,32.12,39.54,35.74,33.21,31.93,40.58,44.42,38.01,38.83,39.39,38.55,49.06,69.64
45572,94.68,97.24,32.22,29.41,30.58,30.58,32.91,30.75,30.93,31.75,32.51,32.12,39.68,35.74,33.21,32.03,40.58,44.42,38.01,38.83,39.25,38.55,50.2,72.44
45590,94.68,97.24,31.29,29.41,30.58,30.58,32.81,30.75,30.93,31.75,32.41,32.12,39.68,35.74,33.11,31.93,40.58,44.42,38.01,38.69,39.25,38.41,48.62,77.1
45611,94.68,97.24,31.29,29.41,30.58,30.58,43,30.75,30.93,31.65,32.41,32.12,39.68,35.62,33.21,31.93,40.58,44.42,38.01,38.83,39.39,38.55,44.42,76.55
45629,93.86,97.24,33.01,29.41,30.58,30.58,32.91,30.75,30.93,31.65,32.41,32.12,39.68,35.74,33.21,31.93,40.58,44.42,38.01,38.69,39.39,38.55,49.29,92.25
45650,94.68,98.12,34.16,29.33,30.58,30.58,32.91,30.75,30.84,31.65,32.51,32.12,39.54,35.74,33.11,31.93,40.58,44.42,38.01,38.83,39.39,38.41,44.42,93.05
45668,94.68,98.12,34.82,29.33,30.58,30.58,32.22,30.75,30.93,31.65,32.41,32.12,40.12,35.74,33.11,32.03,40.58,44.42,38.01,38.83,39.39,38.55,44.6,87.75
45689,94.68,97.24,31.29,29.41,30.58,30.58,33.73,30.75,30.93,31.65,32.51,32.12,39.68,35.74,33.11,31.93,40.58,44.42,38.01,38.83,39.25,38.55,44.42,61.33
45709,94.68,98.12,31.29,29.33,30.58,30.58,32.71,30.75,30.93,31.65,32.51,32.12,39.68,35.62,33.21,32.03,40.58,44.42,38.01,38.83,39.25,38.41,46.13,62.75
45728,93.86,96.37,31.29,29.33,30.58,30.58,32.22,30.75,30.93,31.65,32.41,32.12,39.54,35.62,33.11,31.93,40.58,44.42,38.01,38.69,39.25,38.55,44.42,69.19
45748,94.68,98.12,31.29,29.41,30.58,30.58,44.97,30.75,30.93,31.65,32.51,32.12,39.54,35.5,33.21,31.93,40.58,44.42,38.01,38.83,39.25,38.55,44.42,88.47
45767,93.86,99.02,31.38,29.41,30.58,30.58,49.29,30.75,30.93,31.65,32.41,32.12,39.68,35.62,33.21,32.03,40.58,44.42,38.01,38.83,39.25,38.55,44.24,89.95
45787,99.02,99.94,31.38,29.41,30.58,30.58,50.67,30.75,31.11,31.65,32.51,32.12,39.68,35.62,33.21,32.03,40.58,44.42,38.01,38.69,39.25,38.55,44.42,61.33
45805,93.86,99.94,31.47,29.41,30.58,30.58,32.81,30.75,31.11,31.65,32.51,32.12,39.54,35.62,33.21,32.03,40.58,44.42,38.01,38.83,39.25,38.55,44.42,57.41
45826,94.68,100.87,31.29,29.41,30.58,30.58,32.81,30.75,31.11,31.65,32.51,32.12,39.68,35.62,33.21,32.03,40.43,44.42,38.01,38.83,39.25,38.55,44.42,72.44
45846,95.52,101.83,31.29,29.41,30.58,30.66,32.81,30.75,31.11,31.56,32.41,32.03,39.68,35.62,33.11,32.03,40.58,44.42,38.01,38.83,39.25,38.55,44.42,74.95
45865,94.68,100.87,31.29,29.41,30.58,30.66,32.91,30.75,31.2,31.56,32.51,32.12,39.68,35.62,33.21,32.03,40.58,44.42,38.01,38.83,39.25,38.55,44.42,58.66
45885,93.86,100.87,31.56,29.41,30.58,30.66,32.81,30.75,31.2,31.56,32.51,32.12,39.68,35.62,33.21,31.93,40.58,44.24,38.01,38.83,39.25,38.55,44.6,58.66
45904,93.05,74.44,31.38,29.41,30.58,30.66,32.91,30.75,31.11,31.56,32.51,32.12,39.68,35.62,33.21,32.03,40.58,44.24,38.01,38.83,39.25,38.55,44.42,67.88
45924,93.05,55.64,31.38,29.41,30.58,30.66,32.81,30.75,31.11,31.56,32.51,32.03,39.68,35.62,33.21,32.03,40.58,44.24,37.87,38.83,39.25,38.55,44.42,58.34
45945,94.68,101.83,31.38,29.41,30.58,30.66,32.91,30.75,31.2,31.56,32.51,32.12,39.68,35.5,33.21,32.03,40.58,44.24,38.01,38.83,39.25,38.55,44.42,58.03
45963,94.68,100.87,31.38,29.41,30.58,30.66,32.91,30.75,31.2,31.56,32.41,32.03,39.68,35.62,33.21,32.03,40.58,44.24,38.01,38.83,39.25,38.69,44.42,60.3
45984,94.68,100.87,31.38,29.41,30.58,30.66,34.05,30.75,31.2,31.56,32.51,32.12,39.68,35.62,33.21,32.03,40.58,44.24,38.01,38.83,39.25,38.69,44.42,60.64
46002,93.86,100.87,31.38,29.41,30.58,30.58,32.91,30.75,31.11,31.56,32.51,32.12,39.68,35.5,33.21,32.03,40.58,44.06,38.01,38.83,39.25,38.55,44.42,61.68
46023,93.86,100.87,31.38,29.41,30.58,30.58,32.81,30.75,31.11,31.56,32.51,32.12,39.68,35.62,33.21,32.03,40.58,44.24,38.01,38.83,39.25,38.55,44.42,61.33
46041,94.68,100.87,31.38,29.41,30.58,30.58,32.81,30.75,31.11,31.56,32.51,32.12,39.83,35.62,33.21,31.93,40.58,44.06,38.01,38.69,39.25,38.55,44.97,59.31
46061,93.86,99.94,31.38,29.41,30.58,30.58,33.01,30.75,31.11,31.56,32.51,32.12,39.83,35.5,33.21,32.03,40.58,44.24,38.01,38.83,39.39,38.69,50.2,89.2
46082,94.68,100.87,31.38,29.41,30.58,30.58,33.42,30.75,31.11,31.65,32.41,32.12,39.83,35.62,33.21,31.93,40.58,44.24,38.14,38.83,39.39,38.69,49.74,94.68
46100,94.68,99.94,31.38,29.41,30.58,30.58,42.16,30.75,31.2,31.65,32.51,32.12,39.68,35.62,33.21,32.03,40.58,44.24,38.01,38.83,39.39,38.69,49.97,95.52
46121,96.37,101.83,31.38,29.41,30.58,30.58,50.2,30.75,31.2,31.65,32.41,32.12,39.54,35.62,33.21,31.93,40.58,44.24,38.01,38.83,39.25,38.69,50.67,95.52
46139,95.52,100.87,31.38,29.41,30.58,30.58,38.97,30.75,31.2,31.65,32.51,32.12,39.54,35.62,33.21,31.93,40.58,44.24,38.01,38.83,39.25,38.69,49.97,95.52
46160,95.52,100.87,31.38,29.41,30.58,30.58,32.81,30.75,31.2,31.56,32.51,32.12,39.68,35.5,33.21,31.93,40.58,44.24,38.01,38.83,39.25,38.69,44.42,94.68
46178,95.52,100.87,31.38,29.41,30.58,30.58,32.81,30.75,31.2,31.56,32.41,32.12,39.68,35.5,33.21,32.03,40.58,44.24,38.01,38.83,39.25,38.55,44.6,95.52
46199,95.52,100.87,31.38,29.41,30.58,30.58,32.81,30.75,31.2,31.65,32.51,32.12,39.68,35.62,33.21,31.93,40.58,44.06,38.01,38.83,39.25,38.55,44.6,94.68
46219,95.52,100.87,31.38,29.41,30.58,30.58,32.81,30.75,31.2,31.65,32.51,32.12,39.68,35.5,33.21,31.93,40.58,44.24,38.01,38.83,39.25,38.69,44.42,93.86
46238,95.52,99.02,31.38,29.41,30.58,30.58,32.81,30.75,31.2,31.56,32.51,32.12,39.68,35.62,33.11,31.93,40.58,44.06,38.14,38.83,39.39,38.55,44.6,94.68
46258,95.52,99.94,31.38,29.33,30.58,30.58,32.81,30.75,31.2,31.65,32.51,32.12,39.68,35.5,33.21,31.93,40.58,44.24,38.14,38.83,39.39,38.69,48.62,93.86
46277,93.86,99.94,31.38,29.41,30.58,30.58,32.81,30.75,31.11,31.75,32.51,32.12,39.68,35.62,33.21,31.93,40.58,44.24,38.01,38.83,39.25,38.55,49.51,91.47
46297,94.68,99.94,31.38,29.41,30.58,30.58,32.81,30.75,31.2,31.75,32.41,32.12,39.68,35.5,33.21,31.93,40.58,44.24,38.14,38.83,39.39,38.69,50.44,90.7
46317,93.86,99.02,31.38,29.41,30.58,30.58,32.91,30.75,30.93,31.75,32.51,32.12,39.68,35.5,33.21,31.93,40.58,44.24,38.14,38.83,39.39,38.55,50.44,89.95
46336,94.68,99.94,31.38,29.41,30.58,30.58,32.81,30.75,31.2,31.65,32.51,32.12,39.68,35.5,33.21,32.03,40.58,44.24,38.01,38.83,39.25,38.69,49.74,92.25
46356,94.68,99.94,31.38,29.41,30.58,30.58,32.81,30.75,31.2,31.65,32.51,32.12,39.68,35.62,33.21,32.03,40.58,44.24,38.14,38.83,39.39,38.55,49.97,92.25
46375,94.68,99.02,31.38,29.33,30.49,30.58,32.81,30.75,31.11,31.65,32.51,32.12,39.68,35.62,33.21,32.03,40.58,44.24,38.01,38.83,39.39,38.55,49.97,91.47
46395,100.87,99.02,31.38,29.41,30.58,30.58,32.81,30.75,30.93,31.65,32.51,32.12,39.68,35.62,33.21,32.03,40.58,44.24,38.01,38.83,39.25,38.55,49.97,90.7
46414,100.87,98.12,31.75,29.41,30.58,30.58,32.81,30.75,31.2,31.65,32.51,32.12,39.68,35.5,33.21,32.03,40.27,44.24,38.01,38.83,39.25,38.55,44.6,91.47
46434,94.68,98.12,36.59,29.41,30.58,30.58,32.12,30.75,30.93,31.65,32.51,32.12,39.68,35.62,33.21,31.93,40.58,44.24,38.14,38.83,39.39,38.69,47.76,89.95
46455,94.68,98.12,34.37,29.33,30.58,30.58,32.51,30.75,31.02,31.65,32.51,32.12,39.68,35.5,33.21,31.93,40.58,44.24,38.01,38.83,39.25,38.55,46.73,91.47
46473,94.68,98.12,38.27,29.41,30.58,30.58,62.75,30.75,31.02,31.65,32.51,32.12,39.83,35.62,33.21,31.93,40.58,44.24,38.01,38.83,39.25,38.55,46.73,93.05
46494,99.94,98.12,37.74,29.41,30.58,30.58,32.91,30.75,31.02,31.65,32.51,32.12,39.68,35.5,33.21,31.93,40.58,44.24,38.01,38.69,39.39,38.55,46.13,92.25
46512,99.02,98.12,36.34,29.41,30.58,30.58,32.41,30.75,31.2,31.65,32.51,32.12,39.68,35.62,33.21,31.93,40.58,44.24,38.01,38.83,39.39,38.55,47.34,90.7
46533,99.02,98.12,36.71,29.41,30.58,30.58,32.41,30.75,31.2,31.65,32.51,32.12,39.68,35.5,33.21,31.93,40.58,44.24,38.01,38.83,39.25,38.69,48.19,89.2
46551,98.12,97.24,37.35,29.41,30.58,30.58,32.12,30.75,31.11,31.65,32.51,32.12,39.68,35.5,33.21,31.93,40.58,44.24,38.01,38.83,39.39,38.55,48.4,89.2
46571,99.02,97.24,34.37,29.41,30.58,30.58,32.12,30.75,31.29,31.65,32.51,32.12,39.54,35.5,33.21,31.93,40.58,44.24,38.01,38.83,39.25,38.55,49.06,82.39
46592,93.86,97.24,31.38,29.41,30.58,30.58,32.22,30.75,31.29,31.65,32.51,32.03,39.68,35.62,33.21,31.93,40.73,44.24,38.01,38.83,39.25,38.55,50.44,89.2
46610,93.05,97.24,31.29,29.41,30.58,30.58,32.22,30.75,31.02,31.65,32.51,32.12,39.68,35.5,33.11,31.93,40.58,44.24,38.14,38.83,39.25,38.55,50.67,80.55
46631,94.68,97.24,31.38,29.41,30.58,30.58,32.12,30.75,31.02,31.65,32.51,32.12,39.83,35.5,33.11,31.93,40.58,44.06,38.01,38.83,39.39,38.55,50.91,89.95
46649,93.05,97.24,31.38,29.41,30.58,30.58,32.12,30.75,31.02,31.65,32.51,32.12,39.68,35.62,33.21,31.93,40.73,44.24,38.01,38.83,39.39,38.41,44.97,92.25
46670,93.05,94.68,31.38,29.41,30.58,30.58,32.12,30.75,30.93,31.75,32.51,32.12,39.68,35.5,33.11,31.93,40.58,44.24,38.01,38.83,39.25,38.55,44.42,70.55
46690,90.7,97.24,38.97,29.41,30.58,30.58,32.12,30.75,31.02,31.65,32.51,32.12,39.68,35.62,33.21,31.93,40.58,44.24,38.01,38.83,39.39,38.55,44.6,93.86
46709,91.47,96.37,33.42,29.41,30.58,30.66,32.12,30.75,31.02,31.75,32.51,32.12,39.54,35.62,33.11,31.93,40.58,44.24,38.01,38.69,39.25,38.41,44.6,93.86
46729,90.7,74.44,33.94,29.41,30.58,30.58,32.22,30.75,31.02,31.75,32.51,32.12,39.68,35.62,33.21,31.93,40.58,44.24,38.14,38.83,39.25,38.55,44.6,93.86
46748,92.25,97.24,31.47,29.41,30.58,30.58,32.12,30.75,31.02,31.65,32.51,32.12,39.68,35.62,33.11,31.93,40.58,44.24,38.01,38.83,39.39,38.55,44.6,93.86
46768,92.25,97.24,31.38,29.41,30.58,30.58,32.12,30.75,31.02,31.65,32.51,32.12,39.68,35.62,33.11,31.93,40.43,44.24,38.01,38.83,39.25,38.55,44.6,93.86
46786,91.47,97.24,31.38,29.41,30.58,30.58,32.12,30.75,31.02,31.65,32.51,32.12,39.83,35.62,33.21,31.93,40.58,44.24,38.01,38.83,39.39,38.55,44.6,93.86
46807,92.25,97.24,31.47,29.41,30.58,30.58,32.12,30.75,31.02,31.65,32.51,32.12,39.54,35.62,33.11,31.93,40.58,44.24,38.01,38.83,39.39,38.55,44.6,59.31
46827,91.47,97.24,31.38,29.41,30.58,30.66,32.12,30.75,31.02,31.65,32.51,32.12,39.68,35.62,33.21,31.93,40.58,44.06,38.01,38.83,39.39,38.55,44.6,70.09
46848,92.25,97.24,31.38,29.41,30.58,30.66,32.22,30.75,31.02,31.65,32.51,32.12,39.54,35.62,33.21,31.93,40.58,44.24,38.01,38.83,39.25,38.55,44.6,63.87
46866,92.25,97.24,31.47,29.41,30.58,30.66,32.12,30.75,31.02,31.65,32.51,32.12,39.68,35.62,33.21,31.93,40.58,44.24,38.01,38.83,39.39,38.55,44.79,93.86
46887,93.05,98.12,31.38,29.41,30.58,30.66,32.12,30.66,31.02,31.65,32.51,32.12,39.68,35.62,33.21,31.93,40.73,44.24,38.01,38.83,39.39,38.55,46.52,93.05
46905,92.25,98.12,31.47,29.41,30.58,30.66,32.12,30.66,31.02,31.65,32.51,32.12,39.68,35.74,33.21,31.93,40.58,44.24,38.01,38.83,39.39,38.55,47.55,85.66
46926,92.25,96.37,31.47,29.41,30.58,30.66,32.12,30.75,31.02,31.65,32.51,32.12,39.68,35.74,33.11,31.93,40.73,44.24,38.01,38.69,39.39,38.55,49.06,66.63
46946,91.47,96.37,31.47,29.41,30.58,30.66,32.12,30.66,31.02,31.65,32.51,32.12,39.68,35.74,33.11,31.93,40.58,44.24,38.01,38.83,39.39,38.41,50.2,91.47
46965,92.25,96.37,36.34,29.41,30.58,30.66,32.12,30.66,30.93,31.65,32.51,32.12,39.68,35.74,33.21,31.93,40.58,44.42,38.01,38.83,39.39,38.55,51.15,72.44
46985,90.7,76.01,31.47,29.41,30.58,30.66,32.12,30.75,31.02,31.65,32.51,32.12,39.54,35.74,33.21,31.93,40.58,44.42,38.01,38.83,39.39,38.55,51.64,60.64
47004,90.7,79.95,31.47,29.41,30.58,30.66,32.12,30.66,30.93,31.65,32.51,32.12,39.68,35.74,33.21,31.93,40.58,44.42,38.01,38.69,39.39,38.55,51.15,58.98
47024,90.7,95.52,30.93,29.41,30.58,30.66,32.12,30.75,31.02,31.65,32.51,32.12,39.68,35.62,33.21,31.93,40.27,44.24,38.01,38.83,39.39,38.55,50.67,59.63
47042,90.7,95.52,30.93,29.41,30.58,30.66,32.12,30.75,31.02,31.65,32.51,32.12,39.68,35.74,33.21,31.93,40.58,44.42,38.01,38.83,39.39,38.55,46.52,95.52
47063,91.47,95.52,30.93,29.41,30.58,30.66,32.22,30.75,31.11,31.65,32.51,32.12,39.68,35.74,33.21,31.93,40.58,44.42,38.01,38.83,39.39,38.55,46.13,62.03
47083,90.7,94.68,30.93,29.41,30.66,30.66,32.12,30.75,30.93,31.65,32.51,32.12,39.68,35.74,33.21,31.93,40.58,44.42,38.01,38.83,39.39,38.55,49.29,62.75
47102,89.2,80.55,31.02,29.41,30.66,30.66,32.12,30.75,31.02,31.65,32.51,32.12,39.54,35.74,33.11,31.93,40.73,44.42,38.01,38.83,39.39,38.55,51.64,62.75
47122,90.7,95.52,30.93,29.41,30.66,30.66,32.12,30.75,31.02,31.65,32.51,32.12,39.68,35.74,33.11,31.93,40.58,44.42,38.14,38.83,39.39,38.55,51.4,62.03
47141,91.47,96.37,30.93,29.41,30.58,30.66,32.12,30.75,31.02,31.65,32.51,32.03,39.68,35.74,33.11,31.93,40.73,44.42,38.01,38.83,39.25,38.55,51.89,63.49
47161,90.7,96.37,31.11,29.41,30.66,30.66,32.12,30.75,31.02,31.65,32.51,32.12,39.68,35.86,33.21,31.93,40.58,44.42,38.01,38.83,39.39,38.55,52.14,64.25
47182,90.7,96.37,30.93,29.41,30.58,30.66,32.12,30.75,31.11,31.65,32.51,32.12,39.68,35.74,33.11,31.93,40.73,44.24,38.01,38.83,39.39,38.55,51.89,64.25
47202,90.7,96.37,30.93,29.41,30.66,30.66,32.12,30.66,31.11,31.65,32.51,32.12,39.68,35.86,33.21,31.93,40.58,44.42,38.01,38.83,39.39,38.55,52.4,67.46
47221,91.47,97.24,31.02,29.41,30.66,30.66,32.12,30.75,31.11,31.65,32.51,32.12,39.68,35.86,33.21,31.93,40.73,44.42,38.01,38.83,39.39,38.55,51.4,68.31
47241,91.47,96.37,30.93,29.41,30.58,30.66,32.12,30.75,31.02,31.65,32.51,32.12,39.68,35.74,33.11,31.93,40.58,44.42,38.01,38.83,39.25,38.55,51.64,67.88
47260,91.47,96.37,31.02,29.41,30.58,30.66,32.12,30.75,31.11,31.65,32.51,32.12,39.68,35.74,33.11,31.93,40.73,44.42,38.01,38.83,39.39,38.55,51.89,81.77
47280,91.47,97.24,31.38,29.33,30.58,30.66,32.12,30.66,30.93,31.65,32.51,32.12,39.68,35.74,33.21,31.93,40.73,44.42,38.01,38.83,39.39,38.55,51.89,93.05
47298,92.25,97.24,31.38,29.41,30.66,30.58,32.12,30.75,30.93,31.75,32.51,32.12,39.68,35.86,33.11,31.93,40.58,44.42,38.01,38.83,39.39,38.55,52.65,90.7
47319,93.05,97.24,31.38,29.41,30.58,30.66,32.12,30.66,30.93,31.65,32.51,32.12,39.68,35.74,33.11,31.93,40.73,44.42,38.01,38.69,39.39,38.55,51.64,58.66
47339,92.25,97.24,31.47,29.41,30.58,30.66,32.12,30.66,30.93,31.75,32.51,32.12,39.54,35.74,33.21,31.93,40.73,44.42,38.01,38.83,39.39,38.55,51.4,93.86
47358,93.86,98.12,31.47,29.41,30.66,30.66,32.22,30.75,30.93,31.75,32.51,32.12,39.68,35.74,33.21,31.93,40.73,44.24,37.87,38.83,39.39,38.55,51.15,76.55
47378,93.05,98.12,35.98,29.41,30.66,30.66,32.12,30.75,30.93,31.65,32.41,32.12,39.68,35.74,33.21,31.93,40.58,44.42,38.01,38.83,39.39,38.55,51.4,93.86
47397,93.86,98.12,31.38,29.41,30.66,30.66,32.12,30.75,30.93,31.65,32.51,32.12,39.54,35.74,33.21,31.93,40.73,44.24,38.01,38.83,39.39,38.41,49.06,91.47
47417,93.86,74.44,31.38,29.33,30.58,30.66,32.12,30.75,30.93,31.65,32.51,32.12,39.68,35.74,33.11,31.93,40.58,44.24,38.01,38.83,39.39,38.55,51.89,59.63
47436,93.86,98.12,31.29,29.41,30.58,30.66,32.22,30.75,31.02,31.65,32.51,32.12,39.54,35.74,33.21,31.93,40.58,44.42,38.01,38.83,39.39,38.55,44.6,56.81
47456,93.86,98.12,31.38,29.41,30.58,30.66,33.01,30.75,30.93,31.65,32.51,32.12,39.68,35.74,33.21,31.93,40.73,44.24,38.01,38.83,39.39,38.55,44.6,58.34
47477,93.86,98.12,31.38,29.33,30.58,30.66,32.81,30.75,30.93,31.56,32.51,32.12,39.54,35.62,33.11,31.93,40.58,44.24,38.01,38.83,39.25,38.55,44.79,61.33
47495,94.68,99.02,31.38,29.33,30.58,30.66,32.91,30.75,30.93,31.65,32.51,32.12,39.54,35.62,33.21,32.03,40.58,44.42,38.01,38.83,39.39,38.69,49.06,93.86
47516,95.52,100.87,31.38,29.41,30.58,30.66,32.91,30.75,30.93,31.65,32.51,32.12,39.54,35.62,33.21,31.93,40.58,44.24,38.01,38.83,39.39,38.55,51.4,94.68
47534,95.52,100.87,31.38,29.41,30.58,30.58,32.22,30.75,30.93,31.65,32.51,32.12,39.54,35.62,33.21,31.93,40.58,44.24,38.01,38.83,39.25,38.55,51.4,95.52
47554,95.52,100.87,31.38,29.41,30.58,30.66,32.12,30.75,30.93,31.65,32.51,32.12,39.39,35.62,33.11,32.03,40.58,44.24,38.01,38.83,39.39,38.55,51.64,95.52
47575,101.83,101.83,31.38,29.33,30.58,30.58,32.41,30.75,30.93,31.65,32.51,32.12,39.54,35.62,33.21,32.03,40.58,44.24,38.01,38.83,39.39,38.69,51.64,93.86
47593,96.37,101.83,31.38,29.33,30.58,30.66,32.91,30.75,30.93,31.56,32.51,32.12,39.54,35.62,33.21,32.03,40.73,44.42,38.01,38.83,39.39,38.69,51.64,56.51
47614,95.52,100.87,31.38,29.41,30.58,30.66,32.91,30.75,31.11,31.65,32.51,32.12,39.54,35.62,33.11,31.93,40.58,44.24,38.01,38.83,39.25,38.55,52.14,57.72
47632,94.68,100.87,31.38,29.41,30.58,30.66,32.91,30.75,30.93,31.65,32.51,32.12,39.39,35.62,33.21,32.03,40.58,44.24,38.01,38.83,39.39,38.55,51.64,73.93
47653,93.86,55.64,31.38,29.33,30.58,30.66,32.91,30.75,30.93,31.65,32.51,32.03,39.54,35.62,33.21,32.03,40.58,44.24,38.01,38.83,39.25,38.55,51.4,54.51
47671,102.8,90.7,31.38,29.33,30.58,30.58,32.91,30.75,31.11,31.56,32.51,32.12,39.54,35.62,33.21,32.03,40.58,44.24,38.01,38.83,39.25,38.55,51.15,52.14
47692,101.83,100.87,31.38,29.41,30.58,30.58,32.91,30.75,30.93,31.65,32.51,32.12,39.54,35.62,33.21,32.03,40.58,44.24,38.01,38.83,39.25,38.69,51.15,81.15
47712,102.8,101.83,35.62,29.41,30.58,30.66,32.91,30.75,31.02,31.65,32.51,32.12,39.54,35.62,33.21,31.93,40.43,44.24,38.01,38.83,39.25,38.55,51.64,57.41
47731,98.12,100.87,31.38,29.41,30.58,30.66,32.91,30.84,30.93,31.56,32.51,32.12,39.54,35.62,33.21,32.03,40.58,44.24,38.01,38.83,39.25,38.69,51.64,52.14
47751,92.25,100.87,31.38,29.41,30.58,30.66,32.91,30.75,31.2,31.56,32.51,32.12,39.54,35.62,33.21,31.93,40.58,44.24,38.01,38.83,39.39,38.55,51.4,57.11
47770,100.87,100.87,31.38,29.33,30.58,30.66,32.91,30.75,31.2,31.56,32.41,32.12,39.54,35.62,33.11,32.03,40.27,44.06,38.01,38.69,39.25,38.55,51.89,61.33
47790,93.86,101.83,31.38,29.41,30.58,30.58,32.81,30.75,31.2,31.56,32.51,32.12,39.54,35.62,33.21,31.93,40.58,44.06,38.01,38.83,39.25,38.55,51.4,54.79
47808,76.01,99.94,31.38,29.41,30.58,30.58,32.81,30.75,31.2,31.56,32.51,32.12,39.54,35.62,33.21,32.03,40.43,44.06,38.01,38.83,39.25,38.55,51.64,72.44
47829,93.86,100.87,31.38,29.41,30.58,30.58,32.91,30.75,31.2,31.56,32.51,32.12,39.54,35.62,33.21,32.03,40.58,44.06,38.01,38.83,39.39,38.55,51.4,78.78
47849,102.8,101.83,31.47,29.41,30.49,30.58,32.91,30.75,31.2,31.56,32.51,32.12,39.54,35.62,33.21,32.03,40.43,44.06,38.01,38.83,39.25,38.69,51.4,60.3
47868,99.94,101.83,31.38,29.41,30.58,30.66,63.12,30.75,31.2,31.47,32.51,32.12,39.54,35.5,33.21,32.03,40.58,44.06,38.01,38.83,39.25,38.69,50.91,59.96
47888,99.02,101.83,33.84,29.41,30.58,30.58,47.76,30.75,31.2,31.56,32.51,32.12,39.54,35.62,33.21,32.03,40.58,44.06,38.01,38.83,39.39,38.69,50.91,62.39
47907,100.87,101.83,35.27,29.41,30.58,30.58,41.35,30.75,31.2,31.56,32.51,32.12,39.54,35.62,33.21,32.03,40.58,44.06,38.01,38.83,39.25,38.55,51.15,67.88
47927,101.83,101.83,35.27,29.41,30.58,30.58,32.81,30.75,31.2,31.47,32.41,32.12,39.68,35.62,33.21,31.93,40.58,44.06,38.01,38.69,39.25,38.69,51.15,93.86
47946,101.83,102.8,35.04,29.41,30.58,30.58,32.81,30.75,31.2,31.56,32.51,32.12,42.33,35.62,33.21,32.03,40.58,44.06,38.01,38.83,39.39,38.69,51.4,94.68
47966,101.83,102.8,34.59,29.41,30.58,30.58,32.91,30.75,31.2,31.56,32.51,32.12,39.54,35.62,33.21,32.03,40.58,44.06,38.01,38.83,39.39,38.55,50.91,94.68
47987,101.83,102.8,31.65,29.41,30.58,30.58,32.81,30.75,31.2,31.56,32.51,32.12,39.54,35.62,33.21,31.93,40.58,44.06,38.01,38.83,39.39,38.41,51.15,93.86
48005,100.87,100.87,31.29,29.41,30.58,30.58,32.91,30.84,31.2,31.56,32.51,32.12,39.54,35.62,33.21,32.03,40.58,44.06,38.01,38.83,39.39,38.55,51.4,94.68
48026,102.8,102.8,31.38,29.41,30.58,30.58,32.91,30.75,31.2,31.56,32.51,32.12,39.54,35.62,33.21,32.03,40.58,44.24,38.01,38.83,39.25,38.55,51.89,94.68
48044,102.8,101.83,31.38,29.41,30.58,30.58,32.81,30.75,31.11,31.56,32.51,32.12,39.54,35.62,33.21,32.03,40.58,44.06,38.01,38.83,39.39,38.69,52.14,94.68
48064,101.83,101.83,31.38,29.41,30.58,30.58,32.91,30.75,31.02,31.56,32.41,32.12,39.54,35.62,33.21,32.03,40.43,44.06,38.01,38.83,39.39,38.69,51.64,93.86
48085,102.8,102.8,31.29,29.41,30.58,30.58,32.91,30.75,30.93,31.56,32.51,32.12,39.68,35.62,33.21,32.03,40.58,44.24,38.01,38.83,39.39,38.69,51.4,94.68
48103,101.83,102.8,31.29,29.41,30.58,30.58,32.91,30.75,31.11,31.56,32.41,32.12,39.54,35.62,33.21,32.03,40.43,44.06,38.01,38.83,39.39,38.69,51.89,94.68
48124,102.8,102.8,31.29,29.41,30.58,30.58,32.91,30.75,31.11,31.56,32.41,32.12,39.68,35.62,33.21,32.03,40.43,44.24,38.01,38.83,39.25,38.69,51.64,94.68
48142,101.83,101.83,31.38,29.41,30.58,30.58,33.11,30.75,30.93,31.56,32.51,32.12,39.68,35.62,33.21,32.03,40.43,44.24,38.01,38.83,39.39,38.69,51.4,94.68
48163,102.8,101.83,31.29,29.41,30.58,30.58,33.11,30.75,31.02,31.56,32.51,32.12,39.68,35.62,33.21,32.03,40.43,44.06,37.87,38.83,39.39,38.55,51.64,95.52
48181,101.83,101.83,31.29,29.33,30.58,30.58,32.91,30.75,30.93,31.56,32.51,32.12,39.68,35.62,33.21,32.03,40.43,44.24,38.14,38.83,39.25,38.69,51.64,97.24
48202,101.83,101.83,31.29,29.41,30.58,30.58,32.91,30.75,31.11,31.56,32.41,32.12,39.68,35.62,33.21,31.93,40.58,44.79,38.01,38.83,39.39,38.55,51.4,93.86
48222,100.87,100.87,31.29,29.33,30.58,30.58,32.91,30.75,31.11,31.56,32.51,32.12,39.68,35.5,33.21,32.03,40.58,44.79,38.01,38.83,39.25,38.55,52.14,95.52
48241,95.52,100.87,31.29,29.33,30.49,30.58,32.91,30.75,31.2,31.56,32.41,32.12,39.68,35.62,33.21,32.03,40.58,44.24,38.01,38.83,39.39,38.55,51.64,95.52
48261,94.68,99.94,31.29,29.41,30.58,30.58,32.91,30.75,31.02,31.65,32.51,32.12,44.06,35.62,33.21,32.03,40.58,44.24,38.14,38.83,39.39,38.69,51.89,94.68
48279,94.68,99.94,31.29,29.33,30.58,30.58,32.22,30.75,30.93,31.56,32.51,32.12,39.68,35.62,33.21,32.03,40.58,44.24,38.01,38.83,39.39,38.55,52.4,93.86
48300,97.24,99.02,31.29,29.33,30.58,30.58,32.22,30.75,31.2,31.56,32.51,32.12,39.68,35.62,33.21,31.93,40.58,44.24,38.01,38.83,39.25,38.55,52.65,93.86
48318,93.86,99.02,31.29,29.33,30.58,30.58,32.61,30.75,31.11,31.56,32.51,32.12,39.68,35.62,33.11,31.93,40.58,44.24,38.01,38.83,39.39,38.55,52.4,92.25
48339,94.68,98.12,31.29,29.41,30.58,30.58,32.12,30.75,30.93,31.65,32.51,32.12,39.68,35.62,33.21,31.93,40.58,44.24,38.14,38.83,39.25,38.41,52.65,92.25
48359,99.02,98.12,31.29,29.41,30.58,30.58,32.22,30.75,30.93,31.65,32.51,32.03,39.68,35.5,33.11,31.93,40.58,44.06,38.01,38.83,39.25,38.55,52.65,93.05
48378,99.02,97.24,31.38,29.41,30.58,30.58,32.22,30.75,31.02,31.65,32.51,32.12,39.54,35.62,33.21,31.93,40.58,44.24,38.14,38.83,39.25,38.55,52.4,77.1
48398,98.12,96.37,31.38,29.33,30.58,30.58,32.22,30.75,30.93,31.65,32.51,32.12,39.54,35.62,33.21,31.93,40.58,44.24,38.14,38.83,39.25,38.55,52.4,67.88
48417,91.47,94.68,31.29,29.33,30.58,30.58,33.01,30.75,31.2,31.65,32.51,32.12,39.54,35.62,33.21,31.93,40.58,44.24,38.14,38.83,39.39,38.55,52.14,60.64
48437,90.7,94.68,31.38,29.33,30.58,30.58,32.22,30.75,31.2,31.65,32.51,32.12,39.39,35.5,33.11,31.93,40.58,44.24,38.14,38.83,39.25,38.55,52.4,58.98
48458,94.68,94.68,31.38,29.33,30.58,30.58,32.12,30.75,31.02,31.65,32.41,32.12,39.54,35.62,33.21,31.93,40.58,44.24,38.14,38.83,39.25,38.55,51.89,58.98
48476,94.68,94.68,38.14,29.41,30.58,30.58,32.12,30.75,30.93,31.65,32.51,32.12,39.54,35.62,33.21,31.93,40.58,44.24,38.14,38.83,39.39,38.55,52.14,64.25
48497,95.52,93.86,31.38,29.41,30.58,30.58,32.12,30.75,31.02,31.65,32.51,32.12,39.68,35.62,33.11,31.93,40.58,44.24,38.14,38.69,39.39,38.55,52.14,63.87
48515,94.68,87.04,31.38,29.41,30.58,30.58,32.12,30.75,30.93,31.65,32.51,32.12,39.54,35.5,33.11,31.93,40.58,44.24,38.14,38.83,39.39,38.55,51.64,64.63
48535,89.2,93.86,31.29,29.41,30.58,30.58,32.12,30.75,30.93,31.65,32.51,32.12,39.68,35.62,33.11,31.93,40.58,44.24,38.01,38.83,39.39,38.55,51.89,64.63
48556,89.2,93.86,31.38,29.41,30.58,30.58,32.12,30.75,31.02,31.65,32.51,32.12,39.68,35.62,33.11,31.93,40.43,44.24,38.01,38.83,39.39,38.55,52.14,66.22
48576,89.2,93.86,37.22,29.41,30.58,30.58,32.12,30.66,30.93,31.65,32.51,32.12,39.54,35.62,33.11,31.93,40.58,44.24,38.14,38.83,39.39,38.41,51.89,58.98
48595,88.47,93.86,40.73,29.41,30.58,30.58,32.12,30.75,30.93,31.65,32.51,32.12,39.54,35.62,33.11,31.93,40.58,44.24,38.01,38.69,39.39,38.55,52.14,63.12
48615,90.7,93.05,31.38,29.41,30.58,30.58,32.12,30.66,31.02,31.65,32.51,32.12,39.54,35.62,33.11,31.93,40.58,44.24,38.01,38.83,39.39,38.55,51.4,56.81
48634,87.75,91.47,31.38,29.41,30.58,30.58,32.12,30.75,31.02,31.65,32.51,32.12,39.54,35.62,33.11,31.84,40.58,44.24,38.01,38.83,39.39,38.41,51.89,81.77
48654,92.25,93.05,31.38,29.41,30.58,30.58,32.12,30.75,31.02,31.65,32.51,32.12,39.68,35.62,33.11,31.84,40.58,44.42,38.01,38.83,39.39,38.41,51.64,60.64
48673,93.05,92.25,31.38,29.41,30.58,30.58,32.12,30.75,31.02,31.65,32.51,32.12,39.68,35.62,33.11,31.84,40.58,44.42,38.01,38.83,39.25,38.41,51.4,58.03
48693,94.68,93.05,31.38,29.41,30.58,30.58,32.12,30.75,30.93,31.65,32.51,32.12,39.68,35.74,33.11,31.93,40.58,44.24,38.01,38.69,39.39,38.55,44.6,55.64
48714,94.68,91.47,31.47,29.41,30.58,30.58,32.12,30.66,30.93,31.65,32.51,32.12,39.68,35.86,33.11,31.93,40.43,44.24,38.01,38.83,39.39,38.55,44.6,93.05
48732,94.68,93.86,30.93,29.41,30.58,30.58,32.12,30.75,31.11,31.65,32.51,32.12,39.54,35.86,33.11,31.93,40.73,44.42,38.01,38.83,39.39,38.55,44.42,93.05
48753,96.37,94.68,30.93,29.41,30.58,30.58,32.12,30.75,31.02,31.65,32.51,32.12,39.54,35.86,33.11,31.93,40.58,44.6,38.01,38.83,39.39,38.55,44.6,93.86
48771,98.12,94.68,30.93,29.33,30.58,30.58,32.12,30.66,30.93,31.65,32.51,32.12,39.68,35.86,33.11,31.84,40.73,44.97,38.01,38.83,39.39,38.41,44.6,91.47
48791,99.02,94.68,30.93,29.41,30.66,30.58,32.12,30.75,30.93,31.65,32.51,32.12,39.68,35.86,33.21,31.93,40.58,44.97,38.01,38.83,39.39,38.55,44.6,56.22
48810,98.12,93.86,30.93,29.41,30.58,30.58,32.12,30.75,30.93,31.65,32.51,32.12,39.68,35.74,33.11,31.93,40.58,44.97,37.87,38.83,39.39,38.55,44.6,57.72
48830,96.37,93.86,30.93,29.41,30.58,30.58,32.12,30.75,31.11,31.65,32.41,32.12,39.68,35.74,33.11,31.93,40.73,44.97,38.01,38.83,39.39,38.41,44.6,80.55
48851,96.37,94.68,30.93,29.41,30.58,30.58,32.12,30.75,31.02,31.65,32.51,32.12,39.68,35.74,33.11,31.84,40.58,44.97,38.01,38.83,39.39,38.41,44.6,84.32
48869,96.37,94.68,30.93,29.41,30.58,30.58,32.12,30.75,31.11,31.65,32.51,32.03,39.68,35.74,33.11,31.84,40.73,44.97,38.01,38.69,39.39,38.41,44.6,83.67
48890,96.37,94.68,30.93,29.33,30.58,30.58,32.12,30.66,31.11,31.65,32.51,32.12,39.54,35.86,33.11,31.93,40.58,44.97,38.01,38.83,39.39,38.41,44.6,82.39
48908,96.37,94.68,31.11,29.41,30.58,30.58,32.12,30.75,31.2,31.65,32.51,32.12,39.54,35.86,33.01,31.93,40.58,44.79,38.01,38.83,39.39,38.41,44.6,66.63
48929,95.52,94.68,31.11,29.41,30.58,30.58,32.12,30.75,31.2,31.65,32.51,32.12,39.68,35.74,33.11,31.93,40.58,44.6,38.01,38.83,39.39,38.41,44.6,66.22
48949,95.52,93.86,31.11,29.33,30.58,30.58,32.03,30.75,31.11,31.65,32.51,32.12,39.54,35.74,33.11,31.93,40.73,44.6,38.01,38.83,39.39,38.41,44.79,65.81
48968,96.37,94.68,31.11,29.33,30.58,30.58,32.12,30.75,31.2,31.65,32.51,32.12,39.54,35.74,33.21,31.84,40.58,44.42,38.01,38.83,39.39,38.41,44.79,64.25
48988,96.37,94.68,31.11,29.33,30.58,30.58,32.12,30.75,31.2,31.65,32.51,32.12,39.54,35.74,33.21,31.84,40.73,44.42,38.01,38.83,39.39,38.41,44.6,65.02
49007,95.52,93.86,31.11,29.33,30.58,30.58,32.03,30.66,31.2,31.65,32.51,32.12,39.54,35.74,33.21,31.93,40.73,44.42,38.01,38.83,39.39,38.55,44.6,65.02
49027,95.52,94.68,31.11,29.33,30.58,30.58,32.03,30.75,30.93,31.65,32.51,32.12,39.54,35.74,33.21,31.84,40.58,44.42,38.01,38.83,39.25,38.55,44.6,65.42
49045,95.52,93.86,31.11,29.33,30.58,30.58,32.03,30.75,31.02,31.65,32.51,32.12,39.54,35.74,33.21,31.84,40.73,44.42,38.01,38.83,39.39,38.41,44.6,69.19
49066,96.37,94.68,31.75,29.33,30.58,30.58,32.03,30.66,31.02,31.65,32.51,32.12,39.54,35.74,33.21,31.84,40.73,44.24,38.01,38.83,39.39,38.41,44.6,65.81
49086,96.37,94.68,30.93,29.33,30.58,30.58,32.03,30.66,31.02,31.65,32.51,32.12,39.68,35.74,33.21,31.93,40.73,44.24,38.01,38.83,39.39,38.55,44.6,62.75
49105,96.37,94.68,39.54,29.33,30.58,30.58,32.03,30.66,30.93,31.65,32.51,32.12,39.54,35.74,33.21,31.84,40.58,44.42,38.01,38.83,39.39,38.55,44.6,90.7
49125,90.7,95.52,31.38,29.33,30.58,30.49,32.12,30.75,30.93,31.65,32.51,32.03,39.54,35.74,33.21,31.93,40.58,44.42,38.01,38.83,39.39,38.55,44.6,93.05
49144,97.24,95.52,31.38,29.33,30.58,30.58,32.12,30.66,30.93,31.65,32.51,32.12,39.54,35.74,33.11,31.93,40.58,44.24,38.01,38.83,39.39,38.55,44.6,64.63
49164,95.52,95.52,31.47,29.33,30.58,30.49,32.12,30.66,30.93,31.65,32.41,32.12,39.54,35.74,33.21,31.93,40.58,44.24,38.01,38.83,39.39,38.55,44.6,57.41
49183,95.52,95.52,31.47,29.33,30.58,30.58,32.03,30.66,30.93,31.65,32.51,32.12,39.54,35.74,33.21,31.93,40.58,44.42,38.01,38.83,39.39,38.55,44.6,90.7
49203,98.12,97.24,31.47,29.33,30.58,30.58,32.12,30.75,30.93,31.65,32.51,32.12,39.54,35.74,33.21,31.93,40.58,44.42,38.01,38.83,39.39,38.41,52.4,93.05
49224,92.25,96.37,31.47,29.33,30.58,30.58,32.12,30.75,30.93,31.65,32.51,32.12,39.54,35.62,33.21,31.93,40.58,44.42,38.01,38.83,39.25,38.55,52.4,89.95
49242,93.05,97.24,31.47,29.33,30.58,30.58,32.41,30.75,30.93,31.65,32.41,32.12,39.54,35.62,33.21,31.93,40.58,44.42,38.01,38.83,39.39,38.55,52.14,59.63
49263,93.86,97.24,31.47,29.33,30.58,30.66,36.59,30.75,30.93,31.65,32.41,32.12,39.54,35.62,33.21,31.93,40.58,44.42,38.01,38.83,39.25,38.55,52.14,56.81
49281,99.94,99.02,31.47,29.33,30.58,30.58,32.12,30.75,30.93,31.65,32.51,32.12,39.54,35.62,33.21,31.93,40.58,44.42,38.14,38.83,39.39,38.55,52.4,55.64
49301,97.24,99.94,31.47,29.33,30.58,30.58,32.12,30.75,30.93,31.65,32.51,32.12,39.54,35.62,33.21,31.93,40.58,44.24,38.14,38.83,39.39,38.41,51.89,62.39
49322,100.87,99.94,37.09,29.33,30.58,30.58,32.61,30.75,30.93,31.65,32.51,32.12,39.54,35.62,33.21,31.93,40.58,44.24,38.01,38.83,39.39,38.55,51.64,90.7
49340,101.83,100.87,31.47,29.33,30.58,30.66,32.91,30.75,30.93,31.56,32.51,32.12,39.54,35.62,33.21,31.93,40.58,44.24,38.01,38.83,39.39,38.69,51.89,59.31
49361,99.02,100.87,31.65,29.33,30.58,30.66,32.91,30.75,31.11,31.65,32.51,32.12,39.68,35.62,33.21,31.93,40.58,44.24,38.01,38.83,39.39,38.55,51.89,87.04
49379,100.87,101.83,31.38,29.33,30.58,30.66,32.91,30.75,31.11,31.65,32.51,32.12,39.54,35.62,33.21,32.03,40.58,44.06,38.01,38.83,39.39,38.69,52.14,56.51
49400,99.94,101.83,31.38,29.33,30.58,30.66,32.91,30.75,31.11,31.65,32.51,32.12,39.54,35.62,33.21,32.03,40.58,44.24,38.01,38.69,39.25,38.55,51.89,54.24
49418,99.02,78.78,31.38,29.33,30.58,30.66,32.91,30.75,31.11,31.65,32.51,32.12,39.54,35.62,33.21,32.03,40.58,44.24,38.01,38.83,39.39,38.55,51.64,67.04
49439,100.87,101.83,31.38,29.33,30.58,30.66,32.91,30.75,31.11,31.65,32.41,32.12,39.54,35.5,33.21,32.03,40.58,44.06,38.01,38.83,39.39,38.55,51.64,54.51
49459,88.47,99.94,31.38,29.33,30.58,30.66,32.91,30.75,31.11,31.65,32.41,32.12,39.54,35.62,33.21,32.03,40.58,44.24,38.01,38.83,39.39,38.55,51.64,54.79
49478,99.02,79.95,36.46,29.33,30.58,30.66,32.91,30.75,31.11,31.65,32.51,32.12,39.54,35.62,33.21,32.03,40.58,44.24,38.01,38.83,39.39,38.55,52.65,52.91
49498,101.83,101.83,31.38,29.33,30.58,30.66,32.91,30.75,31.11,31.65,32.51,32.12,39.54,35.62,33.21,32.03,40.43,44.06,38.01,38.83,39.39,38.55,52.4,52.65
49516,99.94,100.87,31.38,29.33,30.58,30.66,32.81,30.75,31.11,31.65,32.51,32.12,39.54,35.74,33.21,32.03,40.58,44.06,38.01,38.83,39.39,38.55,52.65,53.43
49537,95.52,93.05,31.38,29.41,30.58,30.66,32.91,30.75,31.11,31.65,32.41,32.12,39.54,35.74,33.21,32.03,40.58,44.06,38.01,38.83,39.39,38.55,51.89,74.44
49555,101.83,101.83,31.38,29.33,30.58,30.66,32.91,30.75,31.11,31.65,32.41,32.12,39.54,35.62,33.11,32.03,40.58,44.06,38.01,38.69,39.39,38.55,52.14,95.52
49576,97.24,101.83,31.38,29.33,30.58,30.66,32.91,30.75,31.02,31.65,32.51,32.12,39.54,35.74,33.21,32.03,40.43,44.06,38.01,38.83,39.39,38.69,51.64,94.68
49596,101.83,101.83,31.38,29.33,30.58,30.66,32.91,30.75,31.11,31.65,32.51,32.12,39.54,35.62,33.21,32.03,40.27,44.06,38.01,38.69,39.39,38.55,52.4,93.86
49615,50.44,99.94,31.38,29.33,30.58,30.66,32.91,30.75,31.11,31.65,32.41,32.12,39.54,35.74,33.21,32.03,40.58,44.06,38.01,38.69,39.39,38.55,51.4,93.86
49635,39.83,99.94,31.38,29.33,30.58,30.58,32.91,30.75,31.11,31.65,32.51,32.12,39.54,35.62,33.21,32.03,40.58,43.88,38.01,38.69,39.39,38.69,51.4,96.37
49654,100.87,103.78,31.38,29.33,30.58,30.58,32.91,30.75,31.02,31.65,32.41,32.12,39.54,35.62,33.21,32.03,40.43,44.06,38.01,38.83,39.39,38.69,52.14,94.68
49674,45.74,99.94,31.38,29.33,30.58,30.58,32.91,30.75,31.02,31.65,32.41,32.12,39.54,35.62,33.21,32.03,40.43,44.06,38.01,38.83,39.39,38.55,51.64,96.37
49695,86.35,101.83,31.38,29.33,30.58,30.58,32.91,30.75,31.11,31.65,32.41,32.03,39.39,35.62,33.21,32.03,40.43,44.06,38.01,38.83,39.25,38.55,51.64,94.68
49713,43.17,100.87,31.38,29.33,30.58,30.58,32.91,30.75,31.2,31.65,32.41,32.12,39.54,35.62,33.21,32.03,40.43,44.24,38.01,38.83,39.39,38.55,51.89,96.37
49734,99.02,102.8,31.38,29.33,30.58,30.58,32.91,30.75,31.11,31.65,32.41,32.03,39.54,35.62,33.21,32.03,40.58,44.06,38.01,38.83,39.39,38.55,51.89,96.37
49752,100.87,103.78,31.38,29.33,30.58,30.58,32.91,30.75,31.11,31.65,32.51,32.12,39.54,35.62,33.21,32.03,40.58,44.06,38.01,38.69,39.39,38.69,51.89,95.52
49772,99.94,102.8,31.38,29.33,30.58,30.58,32.91,30.75,31.2,31.65,32.41,32.12,39.54,35.62,33.21,32.03,40.43,44.06,38.01,38.69,39.39,38.55,51.64,96.37
49791,100.87,103.78,31.38,29.33,30.58,30.58,32.91,30.75,31.2,31.65,32.51,32.12,39.54,35.62,33.21,32.03,40.43,44.06,38.01,38.83,39.25,38.55,51.89,96.37
49811,99.94,102.8,31.29,29.33,30.58,30.58,32.91,30.75,31.2,31.65,32.51,32.12,39.54,35.62,33.21,32.03,40.43,44.06,38.01,38.83,39.39,38.55,51.64,96.37
49832,89.95,102.8,31.29,29.33,30.58,30.58,32.91,30.75,31.11,31.65,32.41,32.03,39.68,35.62,33.21,32.03,40.58,44.06,38.01,38.69,39.25,38.55,52.14,95.52
49850,43.35,100.87,31.29,29.33,30.58,30.58,32.91,30.75,31.11,31.65,32.41,32.12,39.54,35.62,33.21,32.03,40.43,44.06,38.01,38.83,39.25,38.69,51.64,95.52
49871,46.32,99.94,31.29,29.33,30.58,30.58,32.91,30.75,31.11,31.65,32.41,32.12,39.54,35.62,33.21,32.03,40.43,44.06,38.01,38.83,39.25,38.55,51.15,95.52
49889,38.27,99.94,31.29,29.33,30.58,30.58,32.91,30.75,31.2,31.65,32.41,32.12,39.54,35.62,33.21,32.03,40.58,44.06,38.01,38.69,39.25,38.55,51.4,94.68
49910,38.14,99.94,31.29,29.33,30.58,30.58,33.01,30.75,31.11,31.65,32.41,32.12,39.54,35.62,33.21,32.03,40.58,44.06,38.01,38.83,39.25,38.69,51.15,95.52
49928,38.27,99.94,32.81,29.33,30.58,30.58,32.91,30.75,31.11,31.75,32.41,32.12,43.52,35.62,33.21,32.03,40.43,44.24,38.01,38.69,39.39,38.55,50.91,94.68
49949,41.51,99.94,31.29,29.33,30.58,30.58,32.91,30.75,31.11,31.75,32.41,32.12,39.54,35.62,33.21,32.03,40.43,44.24,38.01,38.83,39.25,38.55,51.4,93.86
49969,72.44,99.02,32.71,29.33,30.58,30.58,32.91,30.75,31.11,31.65,32.41,32.12,39.54,35.62,33.21,32.03,40.43,44.06,38.01,38.83,39.25,38.55,52.14,93.86
49987,60.3,102.8,33.11,29.33,30.58,30.58,32.91,30.75,31.11,31.65,32.41,32.03,42,35.62,33.21,32.03,40.58,44.06,38.01,38.83,39.25,38.69,51.64,94.68
50008,100.87,101.83,31.29,29.33,30.58,30.58,32.91,30.75,30.84,31.65,32.41,32.12,42.83,35.62,33.21,32.03,40.43,44.06,38.01,38.83,39.25,38.41,51.64,94.68
50026,100.87,101.83,32.32,29.33,30.58,30.58,32.91,30.75,30.93,31.65,32.41,32.12,43.17,35.62,33.21,32.03,40.58,44.06,38.01,38.83,39.39,38.55,51.89,94.68
50047,102.8,102.8,32.41,29.33,30.58,30.58,33.01,30.75,30.84,31.75,32.41,32.12,44.79,35.62,33.21,32.03,40.43,44.06,38.01,38.83,39.25,38.55,51.4,96.37
50067,102.8,102.8,42.33,29.33,30.58,30.58,32.91,30.75,30.93,31.75,32.41,32.12,45.35,35.62,33.21,32.03,40.58,44.06,38.14,38.69,39.25,38.55,51.64,96.37
50086,102.8,101.83,31.29,29.33,30.58,30.58,33.01,30.75,31.02,31.65,32.51,32.12,46.73,35.62,33.21,32.03,40.58,44.06,38.01,38.83,39.25,38.55,51.89,95.52
50106,95.52,101.83,31.29,29.33,30.58,30.58,32.91,30.75,30.93,31.75,32.41,32.12,46.73,35.62,33.21,32.03,40.58,44.24,38.01,38.83,39.39,38.55,51.89,96.37
50125,95.52,101.83,31.29,29.33,30.58,30.58,34.59,30.75,31.11,31.65,32.41,32.12,46.73,35.62,33.21,32.03,40.58,44.24,38.01,38.83,39.25,38.55,51.4,85.66
50145,94.68,100.87,31.29,29.33,30.58,30.58,32.71,30.75,31.11,31.75,32.41,32.12,46.52,35.62,33.11,32.03,40.43,44.06,38.01,38.83,39.25,38.41,51.4,86.35
50164,94.68,100.87,31.29,29.33,30.58,30.58,32.71,30.75,31.2,31.65,32.51,32.03,46.73,35.62,33.21,31.93,40.58,44.24,38.01,38.83,39.25,38.55,51.64,86.35
50184,96.37,99.94,31.29,29.33,30.58,30.58,32.22,30.75,31.2,31.65,32.51,32.12,46.13,35.62,33.11,31.93,40.58,44.24,38.01,38.83,39.25,38.55,51.4,95.52
50205,95.52,100.87,31.29,29.33,30.58,30.49,36.96,30.75,31.2,31.65,32.51,32.12,39.68,35.62,33.11,32.03,40.58,44.06,38.01,38.83,39.25,38.55,51.15,95.52
50223,94.68,99.94,31.29,29.33,30.58,30.58,32.12,30.75,31.2,31.75,32.51,32.12,39.68,35.62,33.21,32.03,40.43,44.24,38.01,38.83,39.39,38.55,51.89,96.37
50243,99.02,99.02,31.47,29.33,30.58,30.58,32.12,30.75,31.02,31.65,32.51,32.12,39.68,35.62,33.21,32.03,40.43,44.06,38.01,38.69,39.25,38.55,52.4,96.37
50262,98.12,98.12,31.29,29.33,30.58,30.58,32.12,30.75,30.93,31.65,32.51,32.12,39.68,35.74,33.11,31.93,40.58,44.24,38.01,38.83,39.25,38.55,50.91,95.52
50282,98.12,98.12,31.29,29.33,30.58,30.49,32.12,30.75,30.93,31.65,32.51,32.12,39.54,35.74,33.21,31.93,40.58,44.24,38.01,38.83,39.25,38.55,51.15,95.52
50301,98.12,97.24,31.29,29.33,30.58,30.49,32.12,30.75,30.93,31.65,32.41,32.12,39.68,35.62,33.21,31.93,40.58,44.06,38.01,38.69,39.39,38.55,51.15,87.75
50321,92.25,97.24,31.2,29.33,30.58,30.49,32.12,30.75,30.93,31.65,32.51,32.12,39.54,35.62,33.11,32.03,40.58,43.88,37.87,38.83,39.25,38.55,51.15,83.67
50342,91.47,96.37,30.93,29.33,30.58,30.49,32.12,30.75,30.93,31.75,32.51,32.12,39.68,35.62,33.11,31.93,40.43,44.24,38.14,38.83,39.39,38.41,50.91,84.99
50360,90.7,95.52,30.84,29.33,30.58,30.49,32.12,30.75,30.93,31.75,32.51,32.12,39.68,35.62,33.11,31.93,40.43,44.24,38.01,38.83,39.25,38.55,50.44,87.04
50381,90.7,96.37,30.75,29.33,30.58,30.49,32.03,30.66,31.02,31.75,32.51,32.12,39.68,35.62,33.11,31.93,40.58,44.24,38.01,38.69,39.39,38.55,50.67,89.95
50399,91.47,95.52,30.75,29.33,30.58,30.49,32.12,30.66,30.93,31.75,32.51,32.12,39.54,35.62,33.11,31.93,40.58,44.24,38.01,38.69,39.25,38.55,50.67,84.32
50420,92.25,95.52,30.75,29.33,30.58,30.49,32.12,30.66,30.93,31.75,32.51,32.12,39.68,35.62,33.11,31.93,40.58,43.88,38.01,38.83,39.39,38.55,51.15,93.86
50440,91.47,95.52,30.84,29.33,30.58,30.49,32.81,30.66,31.02,31.75,32.51,32.12,39.54,35.62,33.11,31.93,40.58,44.97,38.01,38.83,39.39,38.55,44.6,84.99
50459,89.95,94.68,30.84,29.33,30.58,30.49,32.12,30.66,31.02,31.75,32.41,32.12,39.68,35.62,33.11,31.93,40.58,44.24,38.01,38.83,39.25,38.55,44.6,87.04
50479,95.52,94.68,31.02,29.33,30.58,30.49,32.12,30.66,30.93,31.75,32.41,32.12,39.54,35.62,33.11,31.93,40.58,44.24,38.01,38.83,39.25,38.55,44.6,87.75
50497,96.37,94.68,31.11,29.33,30.58,30.49,32.12,30.66,31.02,31.84,32.51,32.12,39.54,35.62,33.11,31.93,40.58,44.24,38.01,38.83,39.39,38.55,44.6,90.7
50518,97.24,94.68,31.11,29.33,30.58,30.49,32.03,30.75,31.02,31.75,32.51,32.12,39.68,35.62,33.11,31.93,40.58,44.24,38.01,38.83,39.39,38.55,44.6,91.47
50536,96.37,94.68,31.2,29.33,30.58,30.49,32.12,30.75,30.93,31.75,32.51,32.12,39.54,35.62,33.11,31.84,40.58,44.24,38.01,38.83,39.25,38.41,44.6,90.7
50557,89.2,94.68,31.29,29.33,30.58,30.49,32.03,30.66,31.02,31.75,32.51,32.12,39.54,35.62,33.21,31.93,40.58,44.42,38.01,38.83,39.25,38.55,44.6,91.47
50577,89.95,93.05,30.84,29.33,30.58,30.49,32.12,30.66,30.93,31.84,32.51,32.12,39.68,35.62,33.11,31.93,40.58,44.24,38.01,38.83,39.25,38.55,44.6,91.47
50596,97.24,94.68,31.29,29.33,30.58,30.49,32.03,30.66,30.93,31.84,32.51,32.12,39.68,35.62,33.11,31.93,40.58,44.24,38.01,38.69,39.25,38.41,44.6,93.05
50616,98.12,94.68,31.29,29.33,30.58,30.49,32.03,30.66,30.93,31.75,32.51,32.12,39.68,35.74,33.11,31.93,40.58,44.24,38.01,38.83,39.25,38.55,44.6,93.05
50635,97.24,94.68,31.29,29.33,30.58,30.49,32.03,30.66,31.02,31.84,32.51,32.12,39.68,35.74,33.11,31.93,40.58,44.24,38.01,38.83,39.25,38.55,44.6,93.86
50655,97.24,94.68,31.29,29.33,30.58,30.49,32.03,30.66,30.93,31.84,32.51,32.12,39.68,35.74,33.11,31.93,40.58,44.24,38.01,38.83,39.25,38.55,44.6,93.05
50674,98.12,95.52,31.29,29.33,30.58,30.49,32.03,30.66,30.93,31.84,32.51,32.12,39.54,35.74,33.11,31.93,40.58,44.24,38.01,38.83,39.25,38.55,44.6,93.86
50694,97.24,95.52,31.29,29.33,30.58,30.49,32.12,30.66,30.93,31.84,32.51,32.12,39.68,35.74,33.11,31.93,40.58,44.24,38.01,38.83,39.39,38.55,44.6,94.68
50715,97.24,94.68,31.2,29.33,30.58,30.49,32.12,30.66,31.11,31.84,32.41,32.12,39.54,35.86,33.11,31.93,40.58,44.42,38.01,38.83,39.39,38.55,44.6,94.68
50733,97.24,95.52,30.75,29.33,30.58,30.49,32.12,30.66,31.11,31.84,32.51,32.12,39.68,35.74,33.11,31.93,40.58,44.6,38.01,38.83,39.25,38.55,44.6,93.86
50753,97.24,95.52,30.75,29.33,30.58,30.49,32.03,30.66,31.02,31.84,32.51,32.12,39.68,35.74,33.11,31.93,40.58,44.42,38.01,38.83,39.39,38.55,44.6,93.86
50772,97.24,95.52,30.75,29.33,30.58,30.49,32.03,30.66,31.02,31.84,32.51,32.12,39.68,35.86,33.11,31.93,40.58,44.42,38.01,38.83,39.25,38.55,44.6,93.86
50792,98.12,96.37,30.84,29.33,30.58,30.49,32.03,30.66,30.93,31.84,32.51,32.12,39.68,35.74,33.11,31.93,40.58,44.42,38.01,38.83,39.39,38.55,44.6,94.68
50811,98.12,95.52,31.2,29.33,30.58,30.49,32.03,30.66,31.02,31.84,32.51,32.12,39.68,35.86,33.11,31.93,40.43,44.42,38.01,38.83,39.25,38.55,44.6,94.68
50831,98.12,96.37,31.2,29.33,30.49,30.49,32.03,30.66,31.02,31.84,32.51,32.12,39.68,35.86,33.11,31.93,40.58,44.42,38.01,38.83,39.25,38.55,44.97,94.68
50852,98.12,96.37,31.47,29.33,30.58,30.49,32.03,30.66,31.02,31.84,32.51,32.12,39.68,35.86,33.11,31.93,40.58,44.24,38.01,38.83,39.25,38.55,44.6,94.68
50870,98.12,97.24,31.29,29.33,30.58,30.49,32.12,30.66,31.02,31.84,32.41,32.12,39.68,35.86,33.11,32.03,40.58,44.24,38.01,38.83,39.39,38.55,44.6,94.68
50891,99.02,97.24,31.65,29.33,30.58,30.4,32.41,30.66,31.02,31.84,32.41,32.12,39.68,35.74,33.11,31.93,40.58,44.24,38.01,38.83,39.25,38.55,44.6,94.68
50909,99.02,97.24,31.65,29.33,30.58,30.49,33.01,30.66,31.02,31.75,32.51,32.12,39.68,35.74,33.11,31.93,40.58,44.24,38.01,38.83,39.25,38.41,44.6,95.52
50930,99.02,97.24,31.2,29.33,30.58,30.4,32.03,30.66,31.11,31.75,32.51,32.12,39.68,35.74,33.11,31.93,40.58,44.24,38.01,38.83,39.25,38.41,44.6,95.52
50950,98.12,96.37,31.2,29.33,30.58,30.4,32.12,30.66,31.02,31.75,32.51,32.12,39.68,35.74,33.11,31.93,40.58,44.24,38.01,38.83,39.39,38.55,44.42,95.52
50968,99.02,97.24,30.75,29.33,30.58,30.4,32.71,30.66,30.93,31.75,32.51,32.12,39.68,35.74,33.11,31.93,40.58,44.24,37.87,38.83,39.39,38.41,44.42,95.52
50989,93.05,96.37,30.75,29.33,30.58,30.4,32.32,30.66,30.93,31.75,32.51,32.12,39.68,35.74,33.11,31.93,40.58,44.24,38.01,38.83,39.25,38.55,44.42,94.68
51007,92.25,96.37,30.75,29.33,30.58,30.49,32.91,30.66,30.93,31.75,32.41,32.03,39.54,35.62,33.11,31.93,40.43,44.24,37.87,38.83,39.25,38.55,44.42,95.52
51028,93.05,97.24,30.75,29.33,30.58,30.49,32.12,30.66,30.93,31.75,32.51,32.12,39.68,35.62,33.11,32.03,40.58,44.24,38.01,38.83,39.25,38.55,44.42,83.03
51046,99.94,99.02,30.75,29.33,30.58,30.49,32.51,30.66,30.93,31.65,32.51,32.12,39.54,35.62,33.21,32.03,40.58,45.35,38.01,38.83,39.25,38.55,44.24,83.03
51067,100.87,99.94,30.75,29.33,30.58,30.49,32.81,30.75,30.93,31.65,32.51,32.12,39.68,35.62,33.21,32.03,40.58,44.97,38.01,38.83,39.25,38.55,44.42,81.77
51087,100.87,79.36,30.84,29.33,30.58,30.49,32.22,30.75,30.84,31.75,32.41,32.12,39.54,35.62,33.21,32.03,40.58,44.97,38.01,38.83,39.25,38.55,44.42,78.78
51106,100.87,100.87,30.75,29.33,30.58,30.58,32.81,30.75,31.02,31.75,32.51,32.12,39.68,35.62,33.21,32.03,40.58,44.24,38.01,38.83,39.25,38.55,44.42,77.1
51126,100.87,91.47,31.29,29.33,30.58,30.58,32.81,30.75,31.02,31.75,32.51,32.12,39.54,35.62,33.21,32.03,40.43,44.24,38.01,38.83,39.25,38.41,44.6,78.21
51145,101.83,100.87,31.29,29.33,30.58,30.58,32.91,30.75,31.11,31.75,32.41,32.12,39.54,35.62,33.21,32.03,40.43,44.24,38.01,38.83,39.25,38.55,44.42,78.78
51165,101.83,102.8,30.84,29.33,30.58,30.58,32.91,30.75,31.11,31.75,32.41,32.12,39.54,35.62,33.21,32.03,40.43,44.24,38.01,38.83,39.25,38.55,44.6,81.77
51184,101.83,102.8,30.84,29.33,30.58,30.58,32.91,30.75,31.02,31.75,32.41,32.12,39.68,35.62,33.21,32.03,40.58,44.24,38.01,38.83,39.25,38.55,44.6,80.55
51204,99.94,101.83,30.84,29.33,30.58,30.58,32.91,30.75,31.11,31.75,32.41,32.12,39.54,35.62,33.21,32.03,40.58,44.24,38.01,38.83,39.25,38.55,44.42,83.03
51224,99.94,67.04,30.84,29.33,30.58,30.58,51.15,30.75,31.2,31.75,32.51,32.12,39.54,35.62,33.21,32.03,40.43,44.06,38.01,38.83,39.25,38.55,44.6,82.39
51243,97.24,99.94,30.84,29.33,30.58,30.58,52.14,30.75,31.2,31.75,32.51,32.12,39.68,35.62,33.21,32.03,40.58,44.06,38.01,38.69,39.25,38.55,50.2,86.35
51263,93.86,101.83,31.29,29.33,30.58,30.58,32.81,30.75,31.2,31.75,32.51,32.12,39.68,35.5,33.21,32.03,40.58,44.06,38.01,38.69,39.39,38.55,50.2,90.7
51282,99.94,100.87,31.29,29.33,30.58,30.58,32.91,30.75,31.2,31.75,32.41,32.12,39.54,35.62,33.21,32.03,40.58,44.06,38.01,38.83,39.25,38.55,51.89,93.86
51302,97.24,100.87,31.29,29.33,30.58,30.58,32.81,30.75,31.11,31.75,32.41,32.12,39.54,35.62,33.21,32.03,40.43,44.06,38.01,38.69,39.25,38.55,50.91,96.37
51323,100.87,101.83,31.84,29.33,30.58,30.58,32.81,30.75,30.93,31.75,32.51,32.12,39.54,35.62,33.21,32.03,40.58,43.88,38.01,38.69,39.25,38.55,50.91,95.52
51341,98.12,102.8,31.93,29.33,30.58,30.58,32.91,30.75,31.02,31.75,32.51,32.12,39.68,35.62,33.21,32.03,40.43,44.06,38.01,38.69,39.39,38.55,50.91,94.68
51362,38.55,99.94,31.93,29.33,30.58,30.58,32.81,30.75,30.93,31.75,32.51,32.12,39.83,35.74,33.21,32.03,40.58,44.06,38.01,38.69,39.25,38.55,50.67,94.68
51380,73.93,100.87,32.03,29.33,30.58,30.58,32.81,30.75,31.11,31.75,32.51,32.12,39.83,35.86,33.21,32.03,40.43,44.06,38.01,38.69,39.25,38.55,50.67,94.68
51401,43.52,87.04,32.03,29.33,30.58,30.58,32.81,30.75,31.11,31.75,32.51,32.12,39.83,35.74,33.21,32.03,40.43,44.06,38.01,38.83,39.25,38.55,50.67,94.68
51419,64.63,99.94,32.12,29.33,30.58,30.58,32.81,30.75,30.93,31.75,32.41,32.12,39.68,35.62,33.21,32.03,40.43,44.06,38.01,38.69,39.25,38.55,50.91,94.68
51440,59.96,100.87,31.29,29.33,30.58,30.58,32.81,30.75,31.11,31.84,32.41,32.12,39.68,35.62,33.21,32.03,40.58,44.06,38.01,38.83,39.25,38.69,50.91,96.37
51460,97.24,102.8,31.29,29.33,30.58,30.58,32.91,30.75,31.02,31.84,32.51,32.12,39.68,35.62,33.21,32.03,40.58,44.06,38.01,38.69,39.25,38.55,51.15,95.52
51478,89.95,101.83,31.29,29.33,30.58,30.58,32.81,30.75,31.02,31.84,32.51,32.12,39.68,35.62,33.21,32.03,40.58,44.06,38.01,38.69,39.25,38.55,51.4,96.37
51499,99.94,102.8,31.29,29.33,30.58,30.58,32.81,30.75,31.11,31.84,32.51,32.12,39.68,35.62,33.21,32.03,40.58,44.06,38.01,38.69,39.25,38.55,51.4,96.37
51517,100.87,102.8,31.29,29.33,30.58,30.58,32.81,30.75,31.11,31.84,32.51,32.12,39.68,35.62,33.11,32.12,40.27,44.06,38.01,38.83,39.25,38.55,52.14,96.37
51538,99.94,102.8,31.29,29.33,30.58,30.58,32.81,30.75,30.93,31.84,32.51,32.12,39.68,35.62,33.21,32.03,40.43,44.06,38.01,38.83,39.25,38.55,51.4,96.37
51556,99.94,102.8,31.29,29.33,30.58,30.58,32.81,30.75,31.02,31.84,32.41,32.12,39.68,35.62,33.21,32.03,40.43,44.06,38.01,38.83,39.25,38.41,51.15,95.52
51577,98.12,102.8,31.47,29.33,30.58,30.58,32.81,30.75,30.93,31.84,32.41,32.12,39.68,35.62,33.21,32.03,40.27,44.06,38.01,38.83,39.25,38.55,50.91,96.37
51597,100.87,102.8,32.12,29.33,30.58,30.58,32.81,30.75,30.93,31.75,32.51,32.12,39.68,35.62,33.21,32.03,40.43,44.06,38.01,38.83,39.25,38.55,51.4,95.52
51616,101.83,102.8,31.56,29.33,30.58,30.58,32.81,30.75,31.11,31.75,32.41,32.12,39.68,35.62,33.21,32.03,40.58,44.06,38.01,38.83,39.25,38.55,51.64,95.52
51636,101.83,102.8,31.29,29.33,30.58,30.58,32.81,30.75,31.2,31.84,32.51,32.12,39.68,35.62,33.21,32.03,40.58,44.06,38.01,38.69,39.25,38.55,50.91,96.37
51655,101.83,102.8,31.29,29.33,30.58,30.58,32.81,30.75,31.2,31.84,32.51,32.12,39.68,35.62,33.11,32.12,40.43,44.06,38.01,38.83,39.25,38.55,51.4,96.37
51675,101.83,102.8,32.03,29.33,30.58,30.58,32.81,30.75,31.11,31.75,32.41,32.12,39.68,35.62,33.21,32.03,40.58,44.06,38.01,38.83,39.39,38.55,50.91,96.37
51696,101.83,102.8,32.22,29.33,30.58,30.58,32.81,30.75,31.11,31.84,32.41,32.12,39.83,35.62,33.21,32.03,40.58,44.06,38.01,38.83,39.39,38.55,50.91,96.37
51714,102.8,102.8,31.93,29.33,30.58,30.58,32.81,30.75,31.11,31.84,32.51,32.12,39.68,35.62,33.21,32.03,40.58,44.06,38.01,38.69,39.25,38.55,50.91,96.37
51734,102.8,102.8,32.32,29.33,30.58,30.58,32.81,30.75,31.2,31.84,32.41,32.12,39.68,35.62,33.21,32.03,40.43,44.06,38.01,38.69,39.25,38.55,51.4,95.52
51753,101.83,102.8,31.38,29.33,30.58,30.58,32.81,30.75,31.11,31.84,32.41,32.12,39.68,35.62,33.21,32.03,40.43,44.06,38.01,38.69,39.39,38.55,51.15,96.37
51773,101.83,102.8,31.38,29.33,30.58,30.58,32.91,30.75,31.11,31.84,32.51,32.12,39.68,35.62,33.21,32.03,40.43,44.06,38.01,38.69,39.39,38.55,51.15,95.52
51792,101.83,101.83,31.65,29.33,30.58,30.58,32.91,30.75,30.93,31.84,32.51,32.12,39.83,35.62,33.21,32.03,40.43,44.06,38.01,38.69,39.25,38.55,51.15,93.86
51812,102.8,102.8,34.48,29.33,30.58,30.58,32.91,30.75,31.2,31.84,32.41,32.12,39.68,35.62,33.21,32.03,40.27,44.06,38.01,38.69,39.25,38.55,51.89,95.52
51833,101.83,102.8,34.16,29.33,30.58,30.58,40.58,30.75,31.2,31.84,32.51,32.12,39.83,35.62,33.21,32.03,40.58,44.06,38.01,38.69,39.39,38.55,50.91,94.68
51851,101.83,102.8,37.35,29.33,30.58,30.58,49.06,30.75,31.02,31.84,32.51,32.12,39.83,35.62,33.21,32.03,40.43,44.06,38.01,38.69,39.25,38.55,50.91,94.68
51872,99.94,101.83,41.67,29.33,30.58,30.58,32.91,30.75,30.93,31.84,32.51,32.12,39.83,35.62,33.21,32.03,40.58,44.06,38.01,38.69,39.25,38.55,51.4,94.68
51890,95.52,101.83,40.27,29.33,30.58,30.58,32.91,30.75,31.02,31.84,32.51,32.03,39.83,35.62,33.21,32.03,40.43,44.06,38.01,38.69,39.25,38.55,51.64,93.86
51911,95.52,100.87,40.12,29.33,30.58,30.58,33.01,30.75,31.2,31.84,32.51,32.12,39.68,35.62,33.21,32.03,40.43,44.6,38.01,38.69,39.25,38.55,51.15,94.68
51929,95.52,100.87,40.43,29.33,30.58,30.58,33.11,30.75,31.2,31.84,32.41,32.12,39.83,35.62,33.11,32.03,40.27,44.24,38.01,38.69,39.39,38.55,50.67,94.68
51949,96.37,99.94,41.84,29.33,30.58,30.58,33.01,30.75,31.11,31.84,32.41,32.12,39.83,35.62,33.11,32.03,40.58,44.06,38.01,38.83,39.25,38.55,50.91,94.68
51970,94.68,99.94,41.84,29.33,30.58,30.58,32.22,30.75,30.93,31.84,32.51,32.12,39.83,35.62,33.21,32.03,40.58,44.06,38.01,38.69,39.25,38.55,50.67,93.05
51988,94.68,98.12,41.67,29.33,30.58,30.58,32.51,30.75,31.11,31.84,32.51,32.12,39.83,35.62,33.11,32.03,40.58,44.24,38.01,38.69,39.25,38.55,51.15,94.68
52009,93.86,92.25,33.42,29.33,30.58,30.49,32.22,30.75,30.93,32.03,32.51,32.12,39.83,35.5,33.11,32.03,40.43,44.24,38.01,38.69,39.25,38.41,51.15,94.68
52027,93.86,91.47,33.31,29.33,30.58,30.58,32.22,30.75,31.2,32.03,32.51,32.12,39.68,35.62,33.21,32.03,40.58,44.6,38.01,38.69,39.39,38.55,50.91,94.68
52048,97.24,96.37,32.81,29.33,30.58,30.58,32.22,30.75,31.02,32.03,32.51,32.12,39.83,35.62,33.21,31.93,40.58,44.24,38.01,38.83,39.39,38.55,50.44,93.05
52068,93.05,96.37,31.29,29.33,30.58,30.58,32.22,30.75,30.93,32.03,32.51,32.12,39.83,35.62,33.11,31.93,40.58,44.24,38.01,38.83,39.25,38.55,50.91,93.05
52087,97.24,96.37,30.84,29.33,30.58,30.58,32.22,30.75,31.2,32.03,32.51,32.12,39.83,35.62,33.11,31.93,40.58,44.24,38.14,38.83,39.25,38.41,50.67,93.05
52107,97.24,95.52,30.84,29.33,30.49,30.58,32.22,30.75,30.93,32.03,32.51,32.12,39.68,35.62,33.11,31.93,40.58,44.24,38.14,38.83,39.25,38.55,49.97,93.05
52126,95.52,95.52,30.84,29.33,30.58,30.58,32.12,30.75,30.93,32.03,32.51,32.12,39.83,35.62,33.11,31.93,40.43,44.06,38.01,38.69,39.25,38.55,50.2,93.05
52146,95.52,95.52,31.02,29.33,30.58,30.58,32.12,30.75,31.02,32.03,32.51,32.12,39.83,35.62,33.11,31.93,40.43,44.42,38.01,38.83,39.39,38.41,50.44,93.05
52165,95.52,92.25,31.29,29.33,30.58,30.58,32.12,30.75,30.93,31.75,32.51,32.12,39.68,35.62,33.11,31.93,40.58,44.42,38.01,38.69,39.39,38.41,50.67,92.25
52185,93.05,94.68,31.29,29.33,30.58,30.49,32.12,30.75,31.02,31.75,32.51,32.12,46.73,35.62,33.11,31.93,40.58,44.24,38.01,38.83,39.39,38.55,50.67,93.86
52205,90.7,94.68,31.29,29.33,30.58,30.58,32.12,30.75,31.02,31.93,32.51,32.12,43,35.62,33.11,31.93,40.58,44.24,38.01,38.83,39.39,38.55,49.97,94.68
52224,88.47,93.05,31.38,29.33,30.58,30.49,32.12,30.75,30.93,31.93,32.51,32.12,39.83,35.62,33.11,31.93,40.58,44.24,38.01,38.83,39.39,38.55,50.67,93.05
52244,94.68,94.68,31.38,29.33,30.58,30.58,32.12,30.66,31.02,31.93,32.51,32.12,39.54,35.62,33.21,31.93,40.58,44.24,38.01,38.83,39.39,38.55,50.67,93.05
52263,94.68,93.86,31.29,29.33,30.58,30.58,32.12,30.66,31.02,31.93,32.51,32.12,39.68,35.62,33.11,31.93,40.58,44.42,38.01,38.83,39.39,38.41,51.4,93.86
52283,94.68,93.86,31.38,29.33,30.58,30.58,32.12,30.75,31.02,31.93,32.51,32.12,39.68,35.5,33.11,31.93,40.43,44.42,38.01,38.83,39.39,38.55,51.64,94.68
52302,94.68,94.68,31.38,29.33,30.58,30.58,32.12,30.75,31.02,31.93,32.51,32.12,39.83,35.62,33.11,31.93,40.58,44.24,38.01,38.83,39.39,38.55,51.15,81.77
52322,94.68,93.86,31.56,29.33,30.58,30.58,32.12,30.75,31.02,31.93,32.51,32.12,39.68,35.74,33.11,31.93,40.58,44.24,38.01,38.83,39.39,38.55,50.44,89.2
52343,94.68,94.68,39.83,29.33,30.58,30.58,32.12,30.66,31.02,31.93,32.51,32.12,39.83,35.74,33.11,31.93,40.43,44.24,38.01,38.69,39.39,38.41,51.15,72.93
52361,94.68,94.68,39.54,29.33,30.58,30.58,32.12,30.66,31.2,32.03,32.51,32.12,39.83,35.74,33.11,31.93,40.43,44.24,38.01,38.69,39.39,38.41,50.2,75.48
52382,94.68,93.86,31.38,29.33,30.58,30.58,32.03,30.66,31.02,31.93,32.51,32.12,39.83,35.74,33.11,31.93,40.58,44.24,38.01,38.69,39.39,38.41,49.97,79.36
52400,94.68,93.86,31.38,29.33,30.58,30.58,32.12,30.66,31.11,31.93,32.51,32.12,39.83,35.86,33.11,31.93,40.58,44.24,38.01,38.83,39.39,38.41,45.93,83.67
52421,95.52,94.68,31.38,29.33,30.58,30.58,32.12,30.66,31.11,31.93,32.51,32.12,39.83,35.74,33.11,31.93,40.58,44.24,37.87,38.83,39.39,38.41,44.79,87.75
52441,94.68,93.86,31.38,29.33,30.58,30.58,32.12,30.66,31.2,31.93,32.51,32.12,39.83,35.74,33.11,31.93,40.58,44.24,38.01,38.69,39.39,38.41,49.29,92.25
52459,95.52,94.68,31.38,29.33,30.58,30.58,32.12,30.75,31.2,31.93,32.51,32.12,39.83,35.86,33.11,31.93,40.43,44.24,38.01,38.83,39.39,38.41,49.97,93.05
52480,95.52,94.68,31.38,29.33,30.58,30.58,32.12,30.75,31.2,31.93,32.51,32.12,39.83,35.74,33.11,31.93,40.58,44.24,38.01,38.83,39.39,38.41,50.2,93.05
52498,95.52,94.68,31.38,29.33,30.58,30.58,32.12,30.75,31.11,31.93,32.51,32.12,42.83,35.74,33.11,31.93,40.58,44.24,38.01,38.83,39.39,38.41,49.97,93.86
52519,95.52,94.68,31.38,29.33,30.58,30.58,32.12,30.75,31.2,31.93,32.51,32.12,44.6,35.74,33.11,31.93,40.58,44.42,38.01,38.83,39.39,38.41,50.67,93.86
52537,94.68,94.68,31.38,29.33,30.58,30.58,32.12,30.66,31.2,31.93,32.51,32.12,44.79,35.74,33.11,31.93,40.58,44.24,38.01,38.83,39.39,38.55,50.67,94.68
52558,95.52,94.68,31.38,29.33,30.58,30.58,32.22,30.66,31.2,31.93,32.51,32.12,44.97,35.74,33.11,31.93,40.43,44.24,38.01,38.83,39.39,38.55,50.91,94.68
52578,95.52,94.68,31.29,29.33,30.58,30.49,32.22,30.66,31.11,31.93,32.51,32.12,45.16,35.74,33.11,31.93,40.58,44.24,38.01,38.69,39.39,38.41,49.74,93.86
52599,95.52,94.68,31.38,29.33,30.58,30.49,32.22,30.66,31.2,31.93,32.51,32.12,45.16,35.74,33.11,31.93,40.58,44.42,38.01,38.83,39.39,38.55,50.91,94.68
52617,96.37,94.68,31.38,29.33,30.58,30.58,32.12,30.66,31.2,31.93,32.51,32.12,44.97,35.74,33.11,31.93,40.58,44.24,38.01,38.69,39.39,38.55,50.44,93.86
52638,97.24,95.52,31.38,29.33,30.58,30.58,32.12,30.66,31.11,32.03,32.51,32.12,45.16,35.74,33.11,31.93,40.58,44.24,38.01,38.83,39.39,38.55,50.44,94.68
52656,95.52,95.52,31.29,29.33,30.58,30.58,32.12,30.66,31.02,31.93,32.51,32.12,44.97,35.62,33.11,31.93,40.58,44.24,38.01,38.83,39.39,38.41,49.51,93.05
52677,96.37,95.52,31.38,29.33,30.58,30.58,32.12,30.66,30.93,31.93,32.51,32.12,41.04,35.74,33.11,31.93,40.58,44.24,38.01,38.83,39.39,38.55,49.29,60.64
52697,92.25,94.68,31.38,29.33,30.58,30.58,32.03,30.66,30.93,31.93,32.51,32.12,39.83,35.74,33.11,31.93,40.58,44.24,38.01,38.83,39.25,38.55,49.97,65.81
52715,97.24,95.52,31.38,29.33,30.58,30.58,32.12,30.66,30.93,31.93,32.51,32.12,39.68,35.74,33.11,31.93,40.58,44.24,38.01,38.83,39.39,38.55,49.74,74.44
52736,92.25,96.37,37.74,29.33,30.58,30.58,32.81,30.66,30.93,31.93,32.51,32.12,39.68,35.74,33.21,31.93,40.58,44.24,38.01,38.83,39.39,38.55,49.97,56.51
52754,92.25,97.24,39.98,29.33,30.58,30.58,32.71,30.75,30.93,31.93,32.51,32.12,39.68,35.62,33.11,31.93,40.58,44.42,38.01,38.83,39.39,38.55,49.74,53.17
52775,92.25,97.24,32.22,29.33,30.58,30.49,32.81,30.75,30.93,31.93,32.41,32.12,39.68,35.5,33.11,31.93,40.58,44.24,38.01,38.83,39.25,38.55,49.29,55.64
52793,98.12,97.24,31.38,29.33,30.58,30.58,32.12,30.75,30.93,31.93,32.51,32.12,39.68,35.62,33.11,32.03,40.58,44.24,37.87,38.83,39.25,38.55,49.51,54.51
52814,99.02,98.12,31.38,29.33,30.58,30.58,32.81,30.75,30.93,31.75,32.51,32.12,39.83,35.62,33.21,31.93,40.58,44.6,38.01,38.69,39.39,38.55,49.29,56.22
52834,99.02,99.02,31.38,29.33,30.58,30.58,33.42,30.75,30.93,31.75,32.51,32.12,39.68,35.62,33.21,31.93,40.58,44.24,38.01,38.69,39.25,38.55,49.74,55.35
52853,99.94,99.02,31.38,29.33,30.58,30.58,33.11,30.75,30.93,31.93,32.51,32.12,39.68,35.62,33.21,31.93,40.58,44.24,38.01,38.83,39.39,38.41,49.74,53.97
52873,99.94,99.94,31.29,29.33,30.49,30.58,32.91,30.75,31.02,31.93,32.51,32.12,39.68,35.62,33.11,31.93,40.58,44.24,38.01,38.83,39.39,38.55,49.74,70.09
52892,100.87,99.02,31.38,29.33,30.58,30.58,32.81,30.75,31.11,31.93,32.51,32.12,39.68,35.62,33.11,32.03,40.58,44.24,38.01,38.83,39.39,38.55,49.29,94.68
52912,100.87,100.87,31.29,29.33,30.58,30.58,32.81,30.75,31.11,31.93,32.51,32.12,39.54,35.62,33.21,32.03,40.58,44.24,38.01,38.83,39.25,38.55,48.84,60.64
52933,101.83,100.87,31.29,29.33,30.58,30.58,42,30.75,31.2,31.93,32.41,32.12,39.54,35.62,33.21,32.03,40.43,44.24,38.01,38.69,39.25,38.55,50.2,94.68
52951,99.94,69.64,31.38,29.33,30.58,30.58,40.73,30.75,31.11,31.93,32.51,32.12,39.68,35.62,33.21,32.03,40.58,44.24,38.01,38.83,39.39,38.55,49.06,62.03
52971,100.87,100.87,31.38,29.33,30.58,30.58,35.39,30.75,31.11,31.93,32.51,32.12,39.68,35.62,33.21,32.03,40.58,44.24,38.01,38.83,39.39,38.55,49.97,73.43
52990,101.83,101.83,31.38,29.33,30.58,30.66,32.81,30.75,31.2,31.93,32.51,32.03,39.68,35.62,33.21,32.03,40.43,44.24,38.01,38.83,39.25,38.55,49.29,95.52
53010,101.83,101.83,31.38,29.33,30.58,30.58,32.81,30.75,31.11,31.93,32.51,32.12,39.68,35.62,33.21,32.03,40.58,44.24,38.01,38.83,39.25,38.55,49.06,60.3
53031,100.87,100.87,31.38,29.33,30.58,30.58,32.81,30.75,31.11,31.93,32.51,32.12,39.68,35.62,33.21,32.03,40.58,44.24,38.01,38.83,39.25,38.55,49.06,58.98
53049,100.87,100.87,31.38,29.33,30.58,30.58,32.81,30.75,30.84,31.93,32.51,32.03,39.68,35.62,33.21,32.03,40.58,44.24,38.01,38.83,39.25,38.55,49.06,59.63
53070,100.87,100.87,31.38,29.33,30.58,30.58,32.81,30.75,30.93,31.93,32.51,32.12,39.68,35.62,33.21,32.03,40.43,44.24,38.01,38.83,39.39,38.55,48.84,60.3
53090,101.83,100.87,43.7,29.33,30.58,30.58,32.81,30.75,31.11,31.93,32.41,32.12,39.68,35.62,33.21,32.03,40.58,44.24,38.01,38.83,39.39,38.55,49.06,58.34
53109,101.83,101.83,40.88,29.33,30.58,30.58,32.81,30.75,31.02,31.93,32.51,32.12,39.68,35.62,33.21,32.03,40.58,44.06,38.01,38.83,39.25,38.55,48.4,58.66
53129,100.87,101.83,39.98,29.33,30.58,30.58,32.81,30.75,31.11,31.93,32.51,32.03,39.68,35.62,33.21,32.03,40.43,44.06,38.01,38.83,39.25,38.55,49.29,59.31
53148,101.83,101.83,40.27,29.33,30.58,30.58,32.81,30.75,31.2,31.93,32.51,32.12,39.83,35.62,33.21,32.03,40.58,44.06,38.01,38.83,39.25,38.55,48.19,58.98
53168,100.87,101.83,39.11,29.33,30.58,30.58,49.29,30.75,31.02,31.93,32.51,32.12,39.68,35.62,33.21,31.93,40.58,44.24,38.01,38.83,39.39,38.55,49.06,58.66
53189,100.87,101.83,31.75,29.33,30.58,30.58,42.49,30.75,30.93,31.93,32.51,32.12,39.54,35.62,33.21,32.03,40.58,44.06,38.01,38.83,39.39,38.55,50.44,58.66
53207,100.87,101.83,31.47,29.33,30.58,30.58,42,30.75,31.11,31.93,32.41,32.03,39.68,35.62,33.21,32.03,40.43,44.06,38.01,38.83,39.25,38.55,49.74,59.96
53227,101.83,100.87,31.38,29.33,30.58,30.58,48.19,30.75,31.11,31.93,32.51,32.12,39.68,35.62,33.21,32.03,40.43,44.06,38.01,38.83,39.25,38.55,49.06,60.98
53246,101.83,101.83,31.38,29.33,30.58,30.58,46.13,30.75,31.11,31.93,32.41,32.12,39.68,35.62,33.21,32.03,40.43,44.06,38.01,38.83,39.25,38.55,48.84,61.33
53266,100.87,100.87,31.38,29.33,30.58,30.58,46.13,30.75,31.2,31.93,32.51,32.03,39.68,35.62,33.21,32.03,40.58,44.06,38.01,38.83,39.25,38.55,49.74,60.64
53285,101.83,100.87,31.38,29.33,30.58,30.58,44.97,30.75,31.11,31.93,32.51,32.12,39.68,35.5,33.21,32.03,40.43,44.06,38.01,38.69,39.39,38.55,49.74,60.98
53305,101.83,101.83,31.38,29.33,30.58,30.58,45.93,30.75,31.02,31.93,32.51,32.12,39.68,35.62,33.21,32.03,40.43,44.06,38.01,38.83,39.25,38.55,49.97,60.98
53326,101.83,101.83,31.38,29.33,30.58,30.58,32.91,30.75,31.11,31.93,32.51,32.12,39.68,35.62,33.21,32.03,40.43,44.06,38.01,38.83,39.39,38.55,49.51,62.39
53344,101.83,101.83,31.38,29.33,30.58,30.58,46.13,30.75,31.11,31.93,32.51,32.12,39.68,35.62,33.21,32.03,40.58,44.06,38.01,38.69,39.25,38.55,49.29,62.03
53365,99.02,101.83,31.38,29.33,30.58,30.58,32.81,30.75,31.11,31.93,32.41,32.12,39.68,35.62,33.21,32.03,40.43,44.06,38.01,38.83,39.25,38.55,49.51,61.33
53383,53.97,99.02,31.38,29.33,30.58,30.49,32.81,30.75,31.11,31.93,32.41,32.12,39.68,35.62,33.21,32.03,40.43,44.06,38.01,38.83,39.39,38.55,49.29,62.03
53404,59.63,99.02,31.38,29.33,30.58,30.58,32.91,30.75,30.93,31.93,32.41,32.12,39.68,35.62,33.21,32.03,40.43,43.88,38.01,38.69,39.39,38.41,49.51,62.39
53422,97.24,100.87,31.38,29.33,30.58,30.58,32.91,30.75,31.11,31.93,32.41,32.12,39.68,35.62,33.21,32.03,40.43,44.06,38.01,38.69,39.25,38.55,49.51,62.75
53442,100.87,100.87,31.38,29.33,30.58,30.58,32.91,30.75,31.11,31.93,32.51,32.12,39.68,35.62,33.21,32.03,40.58,44.06,38.01,38.69,39.25,38.55,49.51,63.12
53463,98.12,101.83,31.38,29.33,30.58,30.58,33.11,30.75,31.11,31.93,32.51,32.03,39.68,35.62,33.21,32.03,40.58,44.06,38.01,38.69,39.39,38.55,55.07,63.87
53481,100.87,101.83,31.38,29.33,30.58,30.58,32.91,30.75,31.11,31.93,32.51,32.12,39.68,35.62,33.21,32.03,40.58,44.06,38.01,38.69,39.39,38.55,55.64,63.87
53502,100.87,101.83,31.38,29.33,30.58,30.58,32.91,30.75,31.11,31.93,32.51,32.12,39.68,35.5,33.21,32.03,40.43,44.06,38.01,38.69,39.39,38.55,55.64,64.63
53520,99.94,101.83,31.38,29.33,30.49,30.58,32.81,30.75,30.93,31.93,32.41,32.12,39.68,35.62,33.21,32.03,40.43,44.06,38.01,38.69,39.39,38.55,55.64,65.42
53541,101.83,101.83,31.38,29.33,30.58,30.49,32.81,30.75,30.93,31.93,32.41,32.12,39.68,35.62,33.21,32.03,40.58,44.06,37.87,38.69,39.25,38.55,55.64,65.81
53559,101.83,101.83,31.38,29.33,30.58,30.49,32.81,30.75,30.93,31.93,32.41,32.12,39.54,35.5,33.21,32.03,40.58,44.06,38.01,38.69,39.25,38.55,55.64,65.42
53580,101.83,101.83,31.38,29.33,30.58,30.58,32.81,30.75,30.84,31.93,32.51,32.12,39.83,35.62,33.21,32.03,40.58,44.06,38.01,38.69,39.39,38.55,55.64,65.42
53600,94.68,100.87,31.38,29.33,30.58,30.58,32.91,30.75,30.93,31.93,32.51,32.12,39.68,35.62,33.21,32.03,40.58,44.06,38.01,38.69,39.25,38.55,55.35,65.81
53619,93.05,101.83,31.38,29.33,30.58,30.58,32.81,30.75,31.02,31.93,32.41,32.12,39.68,35.62,33.21,31.93,40.43,44.06,38.01,38.69,39.25,38.55,55.64,66.63
53639,94.68,101.83,33.11,29.33,30.58,30.58,32.91,30.75,30.93,31.93,32.41,32.12,39.68,35.62,33.21,32.03,40.43,44.06,38.01,38.69,39.25,38.55,55.64,68.31
53658,94.68,100.87,41.67,29.33,30.58,30.58,32.91,30.75,30.93,31.93,32.41,32.12,39.68,35.62,33.21,32.03,40.58,44.06,38.14,38.69,39.25,38.55,55.64,67.88
53678,94.68,100.87,31.38,29.33,30.58,30.58,32.81,30.75,31.11,31.93,32.51,32.12,39.83,35.62,33.21,32.03,40.43,44.06,38.01,38.83,39.25,38.55,55.35,67.88
53696,94.68,100.87,31.38,29.33,30.58,30.58,32.81,30.75,31.2,31.93,32.51,32.12,39.83,35.62,33.11,32.03,40.43,44.06,38.01,38.83,39.25,38.55,55.64,66.22
53717,94.68,78.21,31.38,29.33,30.58,30.58,32.91,30.75,31.2,31.93,32.41,32.12,39.83,35.62,33.21,32.03,40.43,44.06,38.01,38.83,39.25,38.55,55.35,67.04
53737,96.37,100.87,31.38,29.33,30.58,30.58,32.51,30.75,31.2,31.93,32.51,32.12,39.83,35.62,33.11,32.03,40.58,44.06,38.01,38.83,39.39,38.55,55.64,67.04
53756,94.68,99.94,31.38,29.33,30.58,30.58,32.12,30.75,31.2,31.93,32.51,32.12,39.83,35.62,33.11,32.03,40.43,44.06,38.01,38.83,39.39,38.55,55.64,67.04
53776,100.87,100.87,31.38,29.33,30.58,30.58,32.22,30.75,31.2,32.03,32.51,32.12,39.83,35.62,33.11,32.03,40.58,44.6,38.01,38.83,39.39,38.55,55.64,65.81
53795,100.87,99.94,31.29,29.33,30.58,30.58,32.51,30.75,30.93,31.93,32.51,32.12,39.83,35.62,33.11,32.03,40.58,44.6,38.01,38.69,39.39,38.55,55.64,67.46
53815,100.87,99.94,31.38,29.33,30.58,30.58,32.12,30.75,31.11,32.03,32.51,32.12,39.83,35.5,33.21,31.93,40.43,44.24,38.01,38.83,39.39,38.55,55.64,65.42
53836,99.94,99.94,31.38,29.33,30.58,30.58,32.12,30.75,30.93,32.03,32.51,32.12,39.83,35.62,33.11,32.03,40.58,44.06,38.01,38.83,39.39,38.55,55.64,67.04
53854,99.94,99.94,38.27,29.33,30.58,30.58,32.12,30.75,30.93,32.03,32.51,32.12,39.83,35.62,33.11,32.03,40.58,44.24,38.01,38.69,39.39,38.55,55.64,68.31
53875,99.94,99.02,37.87,29.33,30.58,30.58,32.12,30.66,30.93,31.84,32.41,32.12,39.83,35.62,33.11,32.03,40.58,44.24,38.01,38.69,39.25,38.55,55.35,70.55
53893,99.02,99.94,31.29,29.33,30.58,30.58,32.12,30.66,31.02,31.84,32.51,32.12,39.98,35.62,33.11,32.03,40.43,44.24,38.01,38.69,39.39,38.55,55.64,71.48
53914,99.94,99.94,31.29,29.33,30.58,30.58,32.12,30.66,30.93,31.93,32.51,32.12,39.98,35.62,33.11,32.03,40.58,44.06,38.01,38.69,39.39,38.55,55.64,73.43
53932,99.02,99.94,31.29,29.33,30.58,30.58,32.12,30.75,30.93,32.03,32.51,32.12,39.83,35.62,33.11,32.03,40.58,44.06,38.01,38.69,39.39,38.55,55.64,77.1
53952,100.87,99.94,31.2,29.33,30.58,30.58,32.12,30.66,30.93,31.93,32.41,32.12,39.83,35.74,33.11,32.03,40.58,44.06,38.01,38.69,39.39,38.55,55.92,81.15
53973,100.87,100.87,31.29,29.33,30.58,30.58,32.12,30.66,30.93,31.93,32.51,32.12,39.83,35.74,33.11,32.03,40.43,44.06,38.01,38.69,39.39,38.41,55.64,94.68
53991,100.87,99.94,31.29,29.33,30.58,30.58,32.12,30.66,30.93,31.93,32.41,32.12,39.83,35.62,33.11,31.93,40.58,44.24,38.01,38.69,39.39,38.55,55.64,95.52
54012,100.87,100.87,31.29,29.33,30.58,30.58,32.12,30.75,30.93,31.93,32.41,32.12,39.83,35.62,33.11,32.03,40.43,44.24,38.01,38.69,39.39,38.55,55.92,95.52
54030,100.87,100.87,31.29,29.33,30.58,30.49,32.12,30.66,30.93,31.93,32.51,32.12,39.68,35.62,33.11,32.03,40.58,44.24,38.01,38.69,39.25,38.55,55.92,95.52
54051,101.83,100.87,31.29,29.33,30.58,30.49,32.12,30.66,30.93,31.93,32.51,32.12,39.68,35.62,33.11,32.03,40.58,44.24,38.01,38.69,39.39,38.55,55.64,96.37
54069,101.83,100.87,31.38,29.33,30.58,30.58,32.12,30.66,31.02,31.93,32.51,32.12,39.83,35.86,33.11,32.03,40.58,44.06,38.01,38.69,39.39,38.55,55.92,96.37
54090,100.87,100.87,30.75,29.33,30.58,30.58,32.12,30.66,30.93,31.93,32.51,32.12,39.83,35.86,33.11,32.03,40.58,44.24,38.01,38.69,39.39,38.55,55.92,95.52
54110,101.83,101.83,30.84,29.33,30.58,30.58,32.12,30.66,30.93,31.93,32.51,32.12,39.83,35.86,33.11,32.03,40.58,44.06,38.01,38.69,39.39,38.55,55.92,95.52
54129,101.83,100.87,31.2,29.33,30.66,30.58,32.12,30.66,31.02,31.93,32.51,32.12,39.83,35.86,33.11,32.03,40.58,44.06,38.01,38.69,39.39,38.55,55.92,95.52
54149,101.83,100.87,31.11,29.33,30.58,30.58,32.12,30.66,31.02,31.93,32.51,32.12,39.83,35.86,33.11,32.03,40.43,44.06,38.01,38.69,39.25,38.55,55.92,95.52
54167,101.83,100.87,30.75,29.33,30.58,30.49,32.12,30.66,31.02,31.93,32.41,32.12,39.83,35.86,33.11,32.03,40.58,44.24,38.01,38.69,39.25,38.55,55.92,96.37
54188,101.83,100.87,30.75,29.33,30.58,30.49,32.12,30.66,31.02,31.93,32.51,32.12,39.83,35.86,33.11,32.03,40.58,44.06,38.01,38.69,39.25,38.55,55.92,96.37
54206,101.83,100.87,30.75,29.33,30.66,30.49,32.12,30.66,31.02,31.93,32.51,32.12,39.83,35.86,33.11,32.03,40.43,44.24,38.01,38.69,39.39,38.55,55.92,95.52
54227,102.8,99.94,30.75,29.33,30.58,30.49,32.12,30.66,31.02,31.93,32.41,32.03,39.83,35.86,33.11,32.03,40.58,44.24,38.01,38.83,39.39,38.55,55.92,96.37
54247,101.83,100.87,30.75,29.33,30.58,30.49,32.12,30.66,31.02,31.93,32.51,32.12,39.83,35.86,33.11,32.03,40.58,44.24,38.01,38.83,39.25,38.55,55.92,95.52
54266,101.83,99.94,30.75,29.33,30.58,30.49,32.12,30.66,31.02,31.93,32.51,32.12,39.83,35.86,33.11,32.03,40.43,44.24,38.01,38.69,39.39,38.55,55.92,96.37
54286,100.87,100.87,30.75,29.33,30.58,30.49,32.12,30.66,31.02,31.93,32.51,32.12,39.83,35.86,33.11,32.03,40.58,44.24,38.01,38.69,39.39,38.55,55.92,95.52
54307,101.83,100.87,30.75,29.33,30.58,30.49,32.12,30.66,31.02,31.93,32.51,32.12,39.83,35.86,33.11,32.03,40.43,44.42,38.01,38.83,39.39,38.41,55.64,96.37
54325,101.83,100.87,30.75,29.33,30.58,30.49,32.12,30.66,31.02,31.93,32.51,32.12,39.68,35.86,33.11,32.03,40.27,44.42,37.87,38.83,39.39,38.55,55.92,96.37
54346,101.83,100.87,30.75,29.33,30.58,30.49,32.12,30.66,31.02,31.93,32.51,32.12,39.83,35.86,33.11,32.03,40.58,44.42,38.01,38.69,39.39,38.41,55.64,95.52
54366,100.87,100.87,30.75,29.33,30.58,30.49,32.22,30.66,31.02,31.93,32.51,32.12,39.83,35.74,33.11,32.03,40.58,44.42,38.01,38.69,39.25,38.41,55.64,95.52
54385,101.83,100.87,30.75,29.33,30.58,30.49,33.01,30.66,31.02,31.93,32.51,32.12,39.83,35.86,33.11,32.03,40.58,44.42,38.01,38.83,39.39,38.41,55.92,95.52
54405,101.83,100.87,30.75,29.33,30.58,30.49,32.91,30.66,31.02,31.93,32.41,32.03,39.83,35.86,33.11,32.03,40.58,44.42,38.01,38.69,39.39,38.55,55.92,96.37
54423,101.83,100.87,30.75,29.33,30.58,30.49,32.91,30.66,31.02,31.93,32.41,32.12,39.68,35.86,33.11,32.03,40.58,44.42,38.01,38.69,39.39,38.55,55.92,95.52
54444,101.83,100.87,30.75,29.33,30.58,30.49,33.01,30.66,31.02,31.93,32.51,32.12,39.83,35.74,33.11,32.03,40.58,44.24,38.01,38.83,39.39,38.55,55.92,94.68
54462,101.83,100.87,30.75,29.33,30.58,30.49,33.01,30.66,30.93,31.93,32.51,32.12,39.83,35.74,33.11,32.03,40.58,44.24,38.01,38.69,39.39,38.55,55.92,95.52
54483,101.83,100.87,30.75,29.33,30.58,30.49,32.91,30.66,30.93,31.93,32.51,32.12,39.83,35.74,33.01,32.03,40.58,44.24,38.01,38.69,39.25,38.55,55.92,95.52
54503,100.87,100.87,30.75,29.33,30.58,30.49,32.91,30.75,30.93,31.93,32.51,32.12,39.68,35.74,33.11,31.93,40.58,44.24,38.01,38.69,39.25,38.55,55.92,93.86
54522,101.83,100.87,30.75,29.33,30.58,30.49,33.01,30.75,30.93,31.93,32.41,32.12,39.83,35.74,33.11,32.03,40.58,44.24,38.01,38.69,39.39,38.41,55.92,94.68
54542,101.83,99.94,30.75,29.33,30.58,30.4,32.81,30.66,30.93,31.93,32.51,32.12,39.83,35.62,33.21,32.03,40.58,44.24,38.01,38.69,39.39,38.55,55.64,93.86
54561,95.52,99.02,31.38,29.33,30.58,30.49,32.81,30.75,30.93,31.75,32.51,32.12,39.83,35.62,33.11,32.03,40.58,44.24,38.01,38.83,39.25,38.55,55.64,89.95
54581,94.68,99.94,30.84,29.33,30.58,30.49,32.71,30.75,30.93,31.75,32.51,32.12,39.83,35.62,33.11,32.03,40.58,44.24,38.01,38.83,39.39,38.55,55.92,87.75
54600,95.52,100.87,30.75,29.33,30.58,30.49,32.71,30.75,30.93,31.93,32.51,32.12,39.83,35.62,33.21,32.03,40.58,44.24,38.01,38.69,39.25,38.55,55.64,88.47
54620,97.24,101.83,30.84,29.33,30.58,30.49,32.71,30.75,30.93,31.93,32.51,32.12,39.83,35.62,33.21,32.03,40.58,44.24,38.01,38.83,39.39,38.55,55.64,88.47
54641,101.83,101.83,30.84,29.33,30.58,30.49,32.71,30.75,31.11,31.93,32.51,32.12,39.83,35.62,33.11,32.03,40.43,44.24,38.01,38.83,39.39,38.55,55.64,89.95
54659,101.83,101.83,30.84,29.33,30.58,30.49,32.81,30.75,31.2,31.93,32.41,32.12,39.83,35.62,33.21,32.03,40.58,44.24,38.01,38.83,39.39,38.55,55.64,91.47
54679,101.83,101.83,30.75,29.33,30.58,30.49,32.81,30.75,31.11,31.93,32.41,32.12,39.83,35.62,33.11,32.03,40.43,44.24,38.01,38.83,39.39,38.55,55.64,89.2
54698,101.83,101.83,30.84,29.33,30.58,30.49,32.81,30.75,31.11,31.84,32.51,32.12,39.68,35.62,33.21,32.03,40.58,44.06,38.01,38.83,39.39,38.55,55.64,88.47
54718,101.83,101.83,31.38,29.33,30.58,30.49,32.81,30.75,30.93,31.84,32.51,32.03,39.83,35.62,33.21,32.03,40.58,44.06,38.01,38.83,39.25,38.55,55.64,90.7
54737,101.83,102.8,31.38,29.33,30.58,30.49,32.81,30.75,30.84,31.84,32.41,32.12,39.68,35.62,33.21,32.03,40.58,44.06,38.01,38.83,39.39,38.55,55.64,91.47
54757,101.83,102.8,31.38,29.33,30.58,30.49,32.81,30.75,31.2,31.84,32.51,32.12,39.83,35.62,33.21,32.03,40.43,44.06,38.01,38.69,39.39,38.55,55.64,96.37
54778,101.83,101.83,33.62,29.33,30.58,30.49,32.81,30.75,31.11,31.84,32.51,32.12,39.83,35.62,33.21,32.03,40.43,44.06,38.01,38.83,39.39,38.55,55.64,96.37
54796,102.8,102.8,39.25,29.33,30.58,30.49,32.81,30.75,31.2,31.84,32.41,32.12,39.68,35.62,33.21,32.03,40.43,44.06,38.01,38.83,39.39,38.55,55.64,96.37
54817,101.83,102.8,31.38,29.33,30.58,30.49,32.81,30.75,31.11,31.84,32.51,32.12,39.68,35.62,33.21,32.03,40.58,44.06,38.01,38.83,39.39,38.55,55.64,95.52
54835,48.4,100.87,40.12,29.33,30.58,30.49,32.81,30.75,31.2,31.84,32.51,32.12,39.68,35.62,33.21,32.03,40.43,44.06,38.01,38.69,39.39,38.55,55.64,95.52
54856,39.25,100.87,40.43,29.33,30.58,30.49,32.81,30.75,31.2,31.84,32.51,32.12,39.68,35.62,33.21,32.03,40.43,44.06,38.01,38.69,39.25,38.69,55.64,95.52
54874,70.55,101.83,39.25,29.33,30.58,30.49,32.81,30.75,31.2,31.84,32.51,32.12,39.68,35.62,33.21,32.03,40.58,44.06,38.01,38.69,39.39,38.55,55.64,96.37
54895,100.87,74.44,38.55,29.33,30.58,30.49,32.81,30.75,30.93,31.84,32.41,32.12,39.68,35.62,33.21,32.03,40.43,44.06,38.01,38.69,39.39,38.55,55.35,96.37
54915,101.83,99.02,39.11,29.33,30.58,30.49,32.81,30.75,31.02,31.84,32.51,32.12,40.73,35.74,33.21,32.03,40.43,44.06,38.01,38.69,39.25,38.69,55.35,95.52
54935,100.87,101.83,39.98,29.33,30.58,30.49,32.81,30.75,30.93,31.84,32.51,32.12,39.83,35.62,33.21,32.03,40.43,44.06,38.01,38.69,39.25,38.55,55.35,96.37
54954,101.83,102.8,39.68,29.33,30.58,30.49,32.81,30.75,30.93,31.84,32.41,32.12,39.68,35.62,33.21,32.03,40.43,44.06,38.01,38.69,39.39,38.55,55.64,95.52
54974,101.83,101.83,39.98,29.33,30.58,30.49,32.71,30.75,31.2,31.84,32.51,32.12,39.83,35.62,33.21,32.03,40.43,44.06,38.01,38.83,39.39,38.69,55.64,95.52
54993,102.8,101.83,39.83,29.33,30.58,30.49,32.71,30.75,31.2,31.84,32.41,32.12,39.68,35.62,33.21,32.03,40.43,44.06,38.01,38.69,39.39,38.55,55.64,96.37
55013,101.83,102.8,39.39,29.33,30.58,30.49,32.81,30.75,31.2,31.84,32.41,32.12,39.68,35.62,33.21,32.03,40.43,44.06,38.01,38.69,39.25,38.55,55.35,96.37
55034,101.83,101.83,39.54,29.33,30.58,30.4,32.81,30.75,31.2,31.84,32.41,32.12,39.83,35.62,33.21,31.93,40.58,44.06,38.01,38.69,39.25,38.55,55.64,96.37
55052,101.83,102.8,39.39,29.33,30.58,30.49,32.81,30.75,31.2,31.84,32.51,32.12,39.68,35.62,33.21,32.03,40.43,44.06,38.01,38.69,39.39,38.69,55.64,96.37
55073,101.83,102.8,39.98,29.33,30.58,30.49,50.44,30.75,31.2,31.84,32.51,32.12,39.68,35.5,33.21,32.03,40.43,44.06,38.01,38.83,39.25,38.55,55.64,96.37
55091,101.83,102.8,39.54,29.33,30.58,30.49,46.52,30.75,31.11,31.84,32.41,32.12,39.68,35.62,33.21,32.03,40.58,44.06,38.01,38.69,39.39,38.55,55.64,96.37
55112,100.87,102.8,37.35,29.33,30.58,30.49,52.14,30.75,31.2,31.84,32.51,32.12,39.68,35.5,33.21,32.03,40.43,44.06,38.01,38.83,39.39,38.41,55.64,96.37
55132,101.83,102.8,41.04,29.33,30.58,30.49,51.15,30.75,31.02,31.84,32.41,32.12,39.83,35.5,33.21,32.03,40.58,44.06,38.14,38.83,39.39,38.55,55.64,95.52
55151,101.83,102.8,40.73,29.33,30.58,30.49,32.81,30.75,31.02,31.84,32.51,32.12,39.83,35.62,33.21,32.03,40.43,44.06,38.01,38.83,39.25,38.41,55.64,96.37
55171,101.83,102.8,40.73,29.33,30.58,30.49,32.81,30.75,31.02,31.84,32.51,32.12,39.54,35.62,33.11,32.03,40.43,43.88,38.01,38.69,39.25,38.55,55.64,97.24
55189,101.83,101.83,40.12,29.33,30.58,30.4,34.48,30.75,31.11,31.84,32.51,32.12,39.68,35.62,33.21,32.03,40.27,44.06,38.01,38.83,39.25,38.55,55.64,95.52
55210,100.87,101.83,39.83,29.33,30.58,30.4,39.39,30.75,31.02,31.84,32.41,32.12,39.68,35.62,33.21,32.03,40.43,44.06,38.01,38.83,39.39,38.55,55.64,95.52
55228,95.52,101.83,40.43,29.33,30.58,30.49,32.81,30.75,30.93,31.84,32.51,32.12,39.83,35.62,33.21,32.03,40.43,44.06,38.01,38.69,39.25,38.41,55.64,95.52
55249,101.83,101.83,31.38,29.33,30.58,30.49,32.91,30.75,31.02,31.84,32.51,32.12,39.83,35.62,33.21,32.03,40.43,44.06,38.01,38.69,39.25,38.55,55.64,95.52
55269,94.68,100.87,31.38,29.33,30.49,30.49,32.91,30.75,30.93,31.84,32.51,32.12,39.83,35.62,33.21,32.03,40.43,44.06,38.01,38.69,39.25,38.55,55.35,96.37
55288,94.68,99.94,31.38,29.33,30.58,30.49,32.81,30.75,31.02,31.93,32.51,32.12,39.83,35.62,33.21,32.03,40.43,44.06,38.01,38.83,39.25,38.55,55.64,96.37
55308,94.68,100.87,31.47,29.33,30.58,30.49,32.81,30.75,31.02,31.93,32.41,32.12,39.83,35.62,33.21,32.03,40.43,44.06,38.01,38.69,39.39,38.55,55.64,95.52
55327,94.68,100.87,31.65,29.33,30.58,30.4,32.81,30.75,30.93,31.84,32.51,32.03,39.68,35.62,33.21,32.03,40.43,44.06,38.01,38.83,39.39,38.41,55.64,95.52
55347,94.68,99.94,31.56,29.33,30.58,30.4,32.81,30.75,30.93,31.84,32.51,32.12,39.68,35.62,33.11,32.03,40.58,44.06,38.01,38.69,39.39,38.55,55.64,95.52
55366,94.68,99.94,31.75,29.33,30.58,30.49,32.91,30.75,30.93,31.84,32.51,32.12,39.83,35.62,33.21,31.93,40.43,44.06,38.01,38.69,39.25,38.55,55.64,95.52
55386,95.52,100.87,31.75,29.33,30.58,30.49,32.91,30.75,30.93,31.84,32.51,32.12,39.83,35.62,33.11,32.03,40.58,44.06,38.01,38.83,39.39,38.55,55.64,96.37
55407,95.52,100.87,39.54,29.33,30.58,30.49,32.81,30.75,31.11,31.93,32.51,32.12,39.83,35.62,33.21,32.03,40.43,44.06,38.01,38.69,39.39,38.55,55.64,95.52
55425,97.24,100.87,40.12,29.33,30.58,30.49,32.81,30.75,30.93,31.84,32.51,32.12,39.83,35.62,33.11,32.03,40.43,44.06,38.01,38.69,39.25,38.41,55.64,96.37
55445,96.37,100.87,39.68,29.33,30.58,30.49,32.81,30.75,30.93,31.93,32.51,32.12,39.83,35.5,33.21,32.03,40.58,44.06,38.01,38.69,39.39,38.55,55.64,96.37
55464,100.87,100.87,39.98,29.33,30.58,30.49,32.91,30.75,31.2,31.84,32.51,32.12,39.83,35.62,33.11,32.03,40.58,44.06,38.01,38.69,39.39,38.55,55.64,96.37
55484,96.37,100.87,40.58,29.33,30.58,30.49,35.27,30.75,31.2,31.93,32.51,32.12,39.68,35.62,33.21,32.03,40.43,44.06,38.01,38.69,39.39,38.55,55.64,96.37
55505,97.24,100.87,40.27,29.33,30.58,30.49,49.06,30.75,30.93,31.93,32.51,32.12,39.68,35.62,33.21,32.03,40.43,44.06,38.01,38.69,39.25,38.55,55.64,95.52
55523,99.94,100.87,39.98,29.33,30.58,30.49,32.91,30.75,30.93,31.84,32.51,32.03,39.68,35.5,33.11,31.93,40.58,44.24,38.01,38.83,39.25,38.55,55.64,96.37
55544,101.83,100.87,39.98,29.33,30.58,30.49,32.41,30.75,30.93,31.93,32.51,32.12,39.83,35.62,33.21,32.03,40.43,44.06,38.14,38.83,39.39,38.55,55.64,94.68
55562,101.83,99.94,40.12,29.33,30.58,30.49,34.27,30.75,31.02,31.84,32.51,32.12,39.83,35.62,33.21,31.93,40.43,44.06,38.01,38.83,39.25,38.55,55.64,95.52
55583,100.87,99.94,38.69,29.33,30.58,30.49,32.91,30.75,30.93,31.93,32.41,32.12,40.12,35.62,33.21,31.93,40.58,44.24,38.01,38.83,39.25,38.55,55.64,95.52
55601,95.52,99.02,31.38,29.33,30.58,30.58,32.91,30.75,30.93,31.84,32.51,32.12,39.83,35.62,33.21,31.93,40.43,44.06,38.14,38.69,39.39,38.41,55.64,95.52
55622,95.52,99.02,31.38,29.33,30.58,30.58,32.22,30.75,31.2,31.93,32.51,32.12,39.83,35.62,33.11,31.93,40.43,44.24,38.14,38.83,39.25,38.55,55.64,95.52
55642,94.68,99.02,31.38,29.33,30.58,30.49,32.32,30.75,31.2,31.93,32.51,32.12,39.83,35.62,33.21,31.93,40.58,44.06,38.14,38.69,39.39,38.55,55.64,94.68
55660,94.68,98.12,37.22,29.33,30.58,30.49,32.12,30.75,31.2,31.93,32.51,32.12,43,35.62,33.11,31.93,40.58,44.06,38.14,38.83,39.25,38.55,55.64,93.86
55681,95.52,98.12,38.41,29.33,30.58,30.58,32.12,30.75,31.2,31.93,32.51,32.12,39.83,35.62,33.11,31.93,40.58,44.24,38.01,38.83,39.39,38.55,55.64,93.86
55699,93.86,98.12,39.25,29.33,30.58,30.58,32.12,30.75,31.2,31.93,32.51,32.12,39.83,35.62,33.21,31.93,40.43,44.24,38.14,38.83,39.39,38.55,55.64,94.68
55720,95.52,98.12,39.11,29.33,30.58,30.58,32.12,30.75,30.93,31.93,32.51,32.12,39.68,35.62,33.21,31.93,40.58,45.16,38.01,38.83,39.39,38.55,55.64,93.86
55738,94.68,99.02,41.04,29.33,30.58,30.58,32.12,30.75,30.93,31.93,32.51,32.12,39.68,35.62,33.21,31.93,40.43,44.24,38.01,38.83,39.39,38.55,55.92,93.86
55759,98.12,99.02,31.38,29.33,30.58,30.58,32.12,30.75,31.02,31.75,32.51,32.03,39.83,35.62,33.21,31.93,40.58,44.24,38.14,38.69,39.39,38.55,55.92,95.52
55779,98.12,99.02,31.38,29.33,30.58,30.58,32.12,30.75,31.02,31.75,32.51,32.12,39.83,35.62,33.11,31.93,40.58,44.24,38.01,38.69,39.39,38.55,55.92,95.52
55798,98.12,98.12,31.38,29.33,30.58,30.58,32.12,30.75,30.93,31.75,32.51,32.12,39.83,35.62,33.11,31.93,40.58,44.24,38.01,38.83,39.25,38.55,55.64,94.68
55818,99.94,98.12,31.29,29.33,30.58,30.58,32.12,30.75,31.02,31.75,32.51,32.12,39.83,35.62,33.11,31.93,40.58,44.24,38.14,38.83,39.39,38.55,55.92,95.52
55837,99.94,96.37,31.38,29.33,30.58,30.58,32.12,30.75,31.02,32.03,32.51,32.12,39.83,35.62,33.11,31.93,40.58,44.24,38.01,38.83,39.39,38.55,55.92,95.52
55857,99.02,97.24,31.38,29.33,30.58,30.58,32.12,30.75,31.02,31.84,32.51,32.12,39.83,35.62,33.11,31.93,40.58,44.24,38.01,38.83,39.39,38.55,55.92,95.52
55875,99.02,99.02,31.38,29.33,30.58,30.58,32.12,30.66,31.02,31.93,32.51,32.03,39.83,35.62,33.11,31.93,40.43,44.24,38.01,38.83,39.25,38.55,55.92,95.52
55896,99.02,99.02,31.38,29.33,30.58,30.58,32.12,30.75,30.93,31.93,32.51,32.12,39.83,35.62,33.11,31.93,40.58,44.24,38.01,38.83,39.25,38.55,55.64,95.52
55916,99.94,99.02,31.38,29.33,30.58,30.58,32.12,30.66,31.02,31.93,32.41,32.12,39.83,35.62,33.11,31.93,40.58,44.24,38.01,38.83,39.39,38.55,55.92,95.52
55935,99.94,99.02,31.29,29.33,30.58,30.58,32.12,30.66,31.02,31.93,32.51,32.12,39.83,35.62,33.11,31.93,40.43,44.24,38.01,38.83,39.39,38.55,55.92,94.68
55955,99.94,99.02,35.74,29.33,30.58,30.58,32.03,30.66,31.02,31.93,32.51,32.12,39.83,35.74,33.11,31.93,40.58,44.24,38.01,38.69,39.39,38.55,55.92,94.68
55974,100.87,99.02,31.29,29.25,30.58,30.58,32.12,30.66,31.02,31.93,32.41,32.12,39.83,35.74,33.11,31.93,40.58,44.24,38.01,38.83,39.39,38.55,55.92,94.68
55994,100.87,99.94,31.38,29.33,30.58,30.58,32.12,30.66,31.02,31.93,32.51,32.12,39.83,35.74,33.11,31.93,40.43,44.24,38.01,38.83,39.25,38.41,55.92,94.68
56015,100.87,99.94,31.38,29.33,30.58,30.58,32.12,30.66,31.02,31.93,32.51,32.12,39.83,35.74,33.11,31.93,40.58,44.24,38.01,38.83,39.39,38.41,55.92,93.86
56033,101.83,99.94,31.38,29.33,30.58,30.58,32.12,30.66,31.02,31.93,32.51,32.12,39.83,35.74,33.11,32.03,40.58,44.24,38.01,38.83,39.39,38.41,55.92,93.05
56054,99.94,99.02,31.38,29.33,30.58,30.58,32.12,30.66,31.02,32.03,32.51,32.12,39.83,35.74,33.11,31.93,40.58,44.24,38.01,38.83,39.39,38.41,55.92,93.86
56072,101.83,99.94,31.38,29.33,30.58,30.58,32.12,30.75,31.02,31.93,32.41,32.12,39.83,35.74,33.11,31.93,40.43,44.24,38.01,38.83,39.39,38.55,55.92,93.05
56093,101.83,99.02,31.29,29.33,30.58,30.58,32.12,30.75,31.02,31.93,32.51,32.12,39.83,35.74,33.11,31.93,40.58,44.24,38.01,38.83,39.25,38.41,55.92,93.05
56111,101.83,99.94,31.38,29.33,30.58,30.58,32.12,30.66,31.02,31.93,32.51,32.12,39.83,35.62,33.11,32.03,40.58,44.24,38.01,38.83,39.39,38.55,55.92,90.7
56131,101.83,99.94,31.38,29.33,30.58,30.58,32.12,30.75,31.02,31.93,32.51,32.12,39.83,35.74,33.11,31.93,40.58,44.24,38.01,38.83,39.39,38.55,55.92,85.66
56152,100.87,99.02,31.38,29.33,30.58,30.58,32.12,30.66,30.93,31.93,32.51,32.12,39.83,35.74,33.11,32.03,40.58,44.24,38.01,38.83,39.39,38.41,55.92,84.32
56170,99.94,99.02,31.29,29.33,30.58,30.58,32.12,30.66,31.02,31.93,32.51,32.12,39.83,35.62,33.11,31.93,40.58,44.24,38.01,38.69,39.39,38.55,55.92,84.32
56191,99.94,99.02,31.29,29.33,30.58,30.58,32.12,30.75,31.02,31.93,32.51,32.12,39.83,35.62,33.11,32.03,40.58,44.24,38.01,38.83,39.39,38.41,55.92,84.99
56209,99.94,99.02,31.38,29.33,30.58,30.58,32.81,30.66,30.93,31.93,32.51,32.12,39.83,35.62,33.11,31.93,40.58,44.6,37.87,38.69,39.39,38.55,55.92,83.03
56230,99.94,98.12,31.29,29.33,30.58,30.58,32.81,30.75,31.02,31.93,32.51,32.12,39.83,35.62,33.11,31.93,40.58,44.79,38.01,38.83,39.39,38.55,55.64,81.77
56248,99.94,99.02,31.29,29.33,30.58,30.58,32.81,30.75,30.93,31.93,32.51,32.12,39.83,35.62,33.11,31.93,40.58,44.79,38.01,38.83,39.39,38.55,55.64,80.55
56269,99.02,98.12,31.29,29.33,30.58,30.49,32.81,30.66,31.02,31.93,32.51,32.12,39.68,35.62,33.11,31.93,40.58,44.79,38.01,38.83,39.39,38.55,55.92,79.36
56289,100.87,99.02,31.38,29.33,30.58,30.49,32.81,30.75,31.02,31.93,32.41,32.12,39.83,35.62,33.11,31.93,40.58,44.79,38.01,38.69,39.39,38.55,55.92,78.21
56308,99.02,98.12,31.38,29.33,30.58,30.49,32.81,30.75,31.02,31.93,32.51,32.12,39.83,35.62,33.11,31.93,40.58,44.79,38.01,38.83,39.39,38.55,55.92,79.36
56328,99.94,97.24,31.29,29.33,30.58,30.49,32.81,30.75,30.93,31.93,32.41,32.12,39.83,35.62,33.21,31.93,40.58,44.79,38.01,38.83,39.39,38.55,55.92,79.36
56347,99.94,99.02,30.84,29.33,30.58,30.49,32.12,30.66,30.93,31.93,32.51,32.12,39.83,35.62,33.11,32.03,40.58,44.24,38.01,38.83,39.39,38.55,55.92,79.95
56367,99.94,97.24,30.84,29.33,30.58,30.49,32.81,30.66,30.93,31.93,32.41,32.12,39.83,35.62,33.21,31.93,40.58,44.24,38.01,38.83,39.39,38.55,55.92,81.15
56387,100.87,98.12,30.84,29.33,30.58,30.49,32.81,30.66,30.93,31.93,32.51,32.12,39.83,35.62,33.21,32.03,40.58,44.24,38.01,38.83,39.39,38.41,55.92,92.25
56406,99.94,99.02,30.84,29.33,30.58,30.49,32.81,30.75,30.93,31.75,32.41,32.12,39.68,35.5,33.21,31.93,40.58,44.42,38.01,38.83,39.39,38.55,55.92,83.67
56426,99.94,99.02,30.84,29.33,30.58,30.49,32.12,30.75,30.93,31.75,32.41,32.12,39.83,35.62,33.21,31.93,40.58,44.24,38.01,38.83,39.39,38.55,55.64,91.47
56445,99.94,99.02,30.93,29.33,30.58,30.49,32.81,30.75,31.11,31.75,32.51,32.12,39.83,35.62,33.21,32.03,40.58,44.24,38.01,38.69,39.39,38.41,55.92,94.68
56465,99.94,99.02,30.84,29.33,30.58,30.49,32.81,30.75,30.93,31.93,32.51,32.12,40.88,35.62,33.21,32.03,40.58,44.24,38.01,38.69,39.39,38.55,55.35,93.86
56484,95.52,97.24,31.02,29.33,30.58,30.49,32.81,30.75,31.02,31.93,32.51,32.12,40.43,35.62,33.21,32.03,40.58,44.24,38.01,38.83,39.39,38.55,55.92,78.78
56504,99.94,98.12,31.29,29.33,30.58,30.49,32.71,30.75,30.93,31.93,32.41,32.12,41.67,35.5,33.21,32.03,40.43,44.24,38.01,38.83,39.39,38.55,55.64,79.36
56525,99.94,98.12,31.38,29.33,30.58,30.49,32.71,30.75,31.2,31.93,32.51,32.12,42.33,35.62,33.21,31.93,40.58,44.24,38.01,38.83,39.39,38.55,55.92,84.32
56543,100.87,94.68,41.67,29.25,30.58,30.49,32.81,30.75,30.93,31.93,32.51,32.03,43.7,35.62,33.21,31.93,40.58,44.24,38.01,38.83,39.39,38.69,55.64,78.21
56564,95.52,98.12,40.88,29.33,30.58,30.49,32.81,30.75,30.93,31.84,32.51,32.12,39.68,35.62,33.21,31.93,40.58,44.06,38.01,38.83,39.25,38.55,55.64,79.36
56582,94.68,99.02,40.88,29.33,30.58,30.49,32.81,30.75,30.93,31.84,32.41,32.12,39.83,35.62,33.21,32.03,40.58,44.24,38.01,38.83,39.25,38.55,55.64,79.95
56603,94.68,99.02,31.29,29.33,30.58,30.49,32.81,30.75,31.2,31.84,32.41,32.12,39.83,35.62,33.21,32.03,40.58,44.24,38.01,38.69,39.39,38.69,55.64,94.68
56621,95.52,99.94,31.29,29.33,30.58,30.49,32.81,30.75,30.84,31.84,32.51,32.12,39.83,35.62,33.21,32.03,40.58,44.24,38.01,38.83,39.39,38.55,55.64,79.95
56641,94.68,99.94,31.38,29.33,30.58,30.49,32.71,30.75,31.11,31.93,32.41,32.12,39.68,35.62,33.21,32.03,40.58,44.24,38.01,38.83,39.39,38.55,55.64,80.55
56662,95.52,99.94,41.04,29.25,30.58,30.4,32.71,30.75,31.11,31.84,32.51,32.12,39.54,35.62,33.21,32.03,40.58,44.24,38.01,38.83,39.25,38.55,55.64,81.15
56680,94.68,99.94,41.67,29.33,30.58,30.49,32.81,30.75,31.11,31.84,32.41,32.12,39.83,35.62,33.21,32.03,40.58,44.24,38.01,38.83,39.39,38.69,55.64,80.55
56701,94.68,99.94,41.35,29.33,30.58,30.49,32.81,30.75,31.02,31.84,32.51,32.12,39.68,35.62,33.21,32.03,40.43,44.24,38.01,38.83,39.39,38.55,55.64,94.68
56719,94.68,100.87,41.67,29.33,30.58,30.49,32.81,30.75,30.93,31.84,32.51,32.12,39.68,35.62,33.21,32.03,40.58,44.06,38.01,38.83,39.39,38.55,55.64,95.52
56740,94.68,99.94,40.88,29.33,30.58,30.49,32.81,30.75,31.2,31.84,32.51,32.12,39.83,35.62,33.21,32.03,40.58,44.24,38.01,38.83,39.39,38.55,55.64,96.37
56760,96.37,99.94,40.88,29.33,30.58,30.49,32.81,30.75,31.11,31.84,32.51,32.12,39.83,35.62,33.21,32.03,40.58,44.24,38.01,38.83,39.39,38.55,55.64,96.37
56779,100.87,99.94,41.51,29.33,30.58,30.49,32.81,30.75,31.11,31.93,32.41,32.12,39.68,35.62,33.21,32.03,40.58,44.06,38.01,38.83,39.11,38.55,55.64,95.52
56799,99.02,55.07,37.87,29.33,30.58,30.49,32.81,30.75,31.2,31.84,32.41,32.03,39.83,35.62,33.21,32.03,40.58,44.24,38.01,38.69,39.39,38.55,55.64,95.52
56818,96.37,99.02,38.83,29.33,30.58,30.4,32.81,30.75,31.2,31.93,32.51,32.12,42,35.62,33.21,32.03,40.58,44.24,38.01,38.83,39.39,38.55,55.64,95.52
56838,97.24,99.02,31.29,29.33,30.58,30.49,32.81,30.75,31.2,31.84,32.51,32.12,42.16,35.62,33.21,32.03,40.43,44.24,38.01,38.69,39.39,38.55,55.64,95.52
56856,98.12,97.24,30.84,29.33,30.58,30.4,32.81,30.75,31.11,31.84,32.51,32.12,39.83,35.62,33.21,32.03,40.43,44.06,38.01,38.69,39.25,38.55,50.91,82.39
56877,98.12,97.24,31.38,29.33,30.58,30.4,32.71,30.75,31.2,31.84,32.41,32.12,42,35.62,33.21,32.03,40.58,44.24,38.01,38.83,39.39,38.69,50.91,83.67
56897,98.12,98.12,31.38,29.33,30.58,30.4,47.76,30.75,31.2,31.84,32.51,32.12,39.68,35.62,33.21,32.03,40.58,44.24,38.01,38.83,39.25,38.55,51.89,84.99
56916,99.02,98.12,30.84,29.33,30.58,30.4,49.06,30.75,30.93,31.84,32.41,32.12,41.35,35.62,33.21,32.03,40.58,44.24,38.01,38.69,39.25,38.55,51.4,83.67
56936,99.02,99.02,30.84,29.33,30.58,30.4,48.4,30.75,30.93,31.93,32.41,32.12,46.13,35.5,33.21,31.93,40.43,44.24,38.01,38.83,39.25,38.55,51.4,84.32
56955,98.12,97.24,30.84,29.33,30.58,30.49,32.71,30.75,31.02,31.93,32.51,32.12,46.13,35.62,33.21,32.03,40.58,44.24,38.01,38.83,39.25,38.55,52.4,84.32
56975,99.02,97.24,40.58,29.33,30.58,30.4,44.97,30.75,31.2,31.84,32.51,32.12,46.13,35.62,33.21,31.93,40.43,44.24,38.01,38.83,39.39,38.55,52.91,84.32
56994,99.02,97.24,40.12,29.33,30.58,30.4,47.97,30.75,31.11,31.93,32.51,32.12,45.54,35.62,33.21,32.03,40.58,44.24,38.01,38.83,39.25,38.55,53.97,84.32
57014,98.12,97.24,40.27,29.33,30.58,30.49,49.06,30.75,31.2,31.93,32.51,32.12,45.35,35.62,33.21,32.03,40.43,44.24,38.01,38.83,39.25,38.55,55.07,87.04
57035,99.02,97.24,41.2,29.33,30.58,30.49,38.55,30.75,30.93,31.84,32.51,32.12,46.13,35.62,33.21,32.03,40.58,44.24,38.01,38.83,39.25,38.55,55.64,84.99
57053,98.12,96.37,41.84,29.33,30.58,30.4,48.84,30.75,30.93,31.84,32.41,32.12,43,35.62,33.21,32.03,40.58,44.24,38.01,38.83,39.25,38.55,55.64,86.35
57074,98.12,97.24,41.35,29.33,30.58,30.49,41.04,30.75,30.93,31.93,32.51,32.12,39.83,35.62,33.21,32.03,40.43,44.24,38.01,38.69,39.25,38.55,55.64,89.2
57092,97.24,97.24,39.83,29.33,30.58,30.4,45.74,30.75,30.93,31.93,32.51,32.12,39.83,35.62,33.21,31.93,40.43,44.24,38.01,38.83,39.39,38.55,55.64,89.95
57112,92.25,96.37,32.61,29.33,30.58,30.4,42.66,30.75,31.2,31.93,32.41,32.12,39.83,35.62,33.21,32.03,40.43,44.24,38.01,38.69,39.25,38.55,55.64,89.2
57133,92.25,97.24,40.27,29.33,30.58,30.49,42.83,30.75,31.2,31.93,32.41,32.12,39.83,35.62,33.21,32.03,40.27,44.24,38.01,38.83,39.39,38.55,55.64,93.05
57151,99.02,97.24,41.35,29.33,30.58,30.49,51.89,30.75,30.93,31.93,32.41,32.12,39.83,35.62,33.21,31.93,40.58,44.24,38.01,38.69,39.25,38.55,55.64,93.05
57172,99.02,97.24,41.35,29.33,30.58,30.49,41.51,30.75,30.93,31.93,32.51,32.12,46.13,35.62,33.21,31.93,40.58,44.24,38.01,38.69,39.25,38.55,55.64,93.86
57190,99.02,96.37,41.2,29.33,30.58,30.49,32.81,30.75,30.93,31.93,32.51,32.12,46.13,35.62,33.21,32.03,40.43,44.24,38.01,38.83,39.25,38.55,55.64,94.68
57211,99.02,96.37,39.98,29.33,30.58,30.49,34.82,30.75,30.93,31.93,32.51,32.12,46.13,35.5,33.21,32.03,40.43,44.79,38.01,38.83,39.39,38.55,55.64,94.68
57229,97.24,96.37,31.29,29.33,30.58,30.4,33.01,30.75,31.2,31.93,32.51,32.12,46.13,35.62,33.21,32.03,40.58,44.24,38.01,38.83,39.39,38.55,55.64,94.68
57250,98.12,95.52,31.29,29.33,30.58,30.49,32.81,30.75,31.11,31.93,32.41,32.12,46.13,35.62,33.21,31.93,40.58,44.24,38.01,38.83,39.25,38.41,55.64,94.68
57270,97.24,96.37,31.29,29.33,30.58,30.4,32.81,30.75,30.93,31.93,32.51,32.12,46.32,35.62,33.21,31.93,40.43,44.24,38.14,38.83,39.39,38.55,55.64,94.68
57289,97.24,96.37,31.29,29.33,30.58,30.49,32.81,30.75,31.02,31.93,32.41,32.12,46.13,35.62,33.21,31.93,40.58,44.24,38.01,38.69,39.25,38.55,55.64,93.86
57309,97.24,96.37,30.84,29.33,30.58,30.49,32.32,30.75,31.2,31.93,32.51,32.12,46.13,35.62,33.21,31.93,40.58,44.42,38.01,38.83,39.25,38.55,55.64,94.68
57328,98.12,96.37,30.84,29.33,30.58,30.49,32.12,30.75,31.2,31.93,32.41,32.12,46.13,35.62,33.21,32.03,40.58,44.42,38.01,38.69,39.39,38.55,55.64,94.68
57348,97.24,96.37,30.84,29.33,30.58,30.49,32.22,30.75,31.2,31.93,32.51,32.12,46.13,35.62,33.11,31.93,40.58,44.42,38.01,38.69,39.39,38.55,55.64,94.68
57366,97.24,95.52,30.84,29.33,30.58,30.49,32.32,30.75,31.29,31.93,32.41,32.12,46.13,35.62,33.21,31.93,40.43,44.79,38.01,38.69,39.25,38.55,55.64,94.68
57387,98.12,97.24,30.84,29.33,30.58,30.49,32.12,30.75,30.93,31.93,32.51,32.12,46.13,35.62,33.21,32.03,40.58,44.42,38.01,38.83,39.39,38.55,55.64,94.68
57407,98.12,97.24,30.84,29.33,30.58,30.49,32.41,30.75,31.11,31.93,32.51,32.12,46.13,35.62,33.11,31.93,40.58,44.24,38.01,38.83,39.25,38.55,55.64,94.68
57426,98.12,97.24,30.84,29.33,30.58,30.49,32.12,30.75,30.93,31.93,32.41,32.12,46.13,35.62,33.11,31.93,40.58,44.24,38.01,38.69,39.25,38.55,55.64,94.68
57446,98.12,97.24,30.84,29.33,30.58,30.49,32.12,30.75,30.93,31.93,32.51,32.12,45.93,35.62,33.11,31.93,40.58,44.24,38.01,38.69,39.25,38.55,55.64,94.68
57465,98.12,97.24,30.84,29.33,30.58,30.49,32.12,30.75,30.93,31.93,32.51,32.12,45.74,35.5,33.11,31.93,40.43,44.24,38.01,38.69,39.25,38.55,55.64,95.52
57485,98.12,96.37,30.84,29.33,30.58,30.49,32.12,30.75,30.93,31.93,32.51,32.12,45.16,35.62,33.11,31.93,40.58,44.24,37.87,38.69,39.25,38.55,55.92,94.68
57506,93.86,97.24,30.75,29.33,30.58,30.49,32.12,30.66,30.93,31.93,32.41,32.12,43.17,35.62,33.11,31.93,40.58,44.24,38.01,38.83,39.25,38.55,55.64,95.52
57524,93.86,97.24,30.84,29.33,30.58,30.49,32.12,30.75,30.93,32.03,32.51,32.12,43.52,35.62,33.11,31.93,40.58,44.24,38.01,38.69,39.39,38.55,55.92,95.52
57545,92.25,97.24,30.75,29.33,30.58,30.49,32.12,30.75,31.02,31.75,32.51,32.12,39.98,35.62,33.11,31.93,40.58,44.24,38.01,38.69,39.39,38.55,55.92,95.52
57563,92.25,97.24,30.84,29.33,30.58,30.49,32.12,30.75,31.02,31.75,32.41,32.12,39.83,35.62,33.11,31.93,40.58,44.24,38.01,38.69,39.25,38.55,55.92,89.95
57584,91.47,96.37,30.75,29.33,30.58,30.49,32.12,30.75,31.02,31.84,32.51,32.12,39.83,35.62,33.11,31.93,40.58,44.24,38.01,38.69,39.25,38.41,55.92,90.7
57602,92.25,97.24,30.84,29.33,30.58,30.49,32.12,30.75,31.02,31.84,32.51,32.12,39.83,35.62,33.11,31.93,40.43,44.24,38.01,38.69,39.39,38.55,55.92,83.03
57622,93.86,97.24,30.84,29.33,30.58,30.49,32.12,30.66,31.02,31.93,32.51,32.12,39.83,35.62,33.11,31.93,40.58,44.24,38.01,38.69,39.25,38.55,55.92,89.95
57643,98.12,97.24,30.84,29.33,30.58,30.49,32.12,30.66,31.02,31.93,32.41,32.12,39.98,35.62,33.11,31.93,40.43,44.06,38.01,38.69,39.39,38.55,55.92,83.03
57661,98.12,97.24,30.84,29.33,30.58,30.49,32.12,30.66,31.02,31.93,32.51,32.12,39.68,35.62,33.11,31.93,40.58,44.24,38.01,38.69,39.39,38.55,55.92,83.67
57682,97.24,97.24,30.84,29.33,30.58,30.49,32.12,30.66,31.02,31.93,32.51,32.12,39.83,35.62,33.11,31.93,40.43,44.24,38.01,38.69,39.39,38.41,55.92,89.95
57700,94.68,97.24,30.84,29.33,30.58,30.49,32.12,30.66,31.02,31.93,32.51,32.12,39.83,35.62,33.11,31.93,40.58,44.24,38.01,38.69,39.39,38.55,55.92,95.52
57721,98.12,97.24,30.84,29.33,30.58,30.49,32.12,30.66,31.02,31.93,32.51,32.12,39.83,35.62,33.11,31.93,40.43,44.24,38.01,38.69,39.39,38.55,55.92,87.04
57739,98.12,97.24,30.84,29.33,30.58,30.49,32.12,30.66,31.02,31.93,32.51,32.12,39.83,35.62,33.11,31.93,40.58,44.24,38.01,38.69,39.25,38.41,55.64,85.66
57760,97.24,97.24,30.93,29.33,30.58,30.49,32.12,30.66,31.02,31.93,32.41,32.12,39.68,35.62,33.11,31.93,40.58,44.24,38.01,38.69,39.39,38.55,55.64,87.04
57780,98.12,97.24,30.93,29.33,30.58,30.49,32.12,30.66,31.02,31.93,32.41,32.12,39.83,35.62,33.11,31.93,40.58,44.24,37.87,38.69,39.39,38.55,55.92,84.99
57799,98.12,97.24,30.93,29.33,30.58,30.49,32.12,30.66,31.02,31.93,32.51,32.12,39.83,35.62,33.11,31.93,40.58,44.24,38.01,38.83,39.39,38.55,55.92,83.67
57819,98.12,97.24,30.93,29.33,30.58,30.49,32.12,30.66,31.02,31.93,32.51,32.12,39.83,35.62,33.11,31.93,40.58,44.42,38.01,38.83,39.39,38.41,55.92,83.03
57837,98.12,97.24,30.93,29.33,30.58,30.49,32.12,30.66,31.02,31.93,32.51,32.12,39.83,35.62,33.11,31.93,40.58,44.24,37.87,38.83,39.25,38.41,55.92,83.03
57858,98.12,97.24,30.93,29.33,30.58,30.49,32.12,30.66,31.02,31.93,32.41,32.12,39.83,35.62,33.11,31.93,40.58,44.24,37.87,38.83,39.39,38.41,55.92,83.03
57876,99.02,97.24,30.93,29.33,30.58,30.49,32.12,30.66,31.02,31.93,32.51,32.12,39.83,35.62,33.11,32.03,40.58,44.24,38.01,38.69,39.25,38.55,55.92,83.67
57897,98.12,97.24,30.93,29.33,30.58,30.49,32.12,30.66,31.02,31.93,32.51,32.12,39.68,35.62,33.11,31.93,40.58,44.24,38.01,38.69,39.39,38.55,55.92,84.32
57917,98.12,97.24,30.93,29.33,30.58,30.49,32.12,30.66,31.02,31.93,32.51,32.03,39.83,35.62,33.11,31.93,40.58,44.24,38.01,38.69,39.39,38.41,55.92,85.66
57936,99.02,97.24,30.93,29.33,30.58,30.49,32.12,30.66,31.02,32.03,32.51,32.12,39.83,35.62,33.11,31.93,40.43,44.24,38.01,38.83,39.39,38.55,55.92,86.35
57956,98.12,97.24,30.93,29.33,30.58,30.49,32.12,30.66,31.11,32.03,32.51,32.12,39.83,35.62,33.11,32.03,40.58,44.24,38.01,38.83,39.39,38.55,55.92,84.99
57975,98.12,97.24,30.93,29.33,30.58,30.49,32.03,30.66,31.02,31.93,32.41,32.12,40.43,35.62,33.11,32.03,40.58,44.42,38.01,38.69,39.25,38.41,55.64,84.32
57995,98.12,97.24,30.93,29.33,30.58,30.49,32.12,30.66,31.02,31.93,32.51,32.12,40.27,35.62,33.11,31.93,40.58,44.42,38.01,38.83,39.25,38.41,55.92,84.32
58014,98.12,97.24,30.93,29.33,30.58,30.49,32.03,30.66,31.02,31.93,32.51,32.12,39.83,35.62,33.11,31.93,40.58,44.42,38.01,38.69,39.25,38.55,55.64,85.66
58034,98.12,97.24,30.93,29.33,30.58,30.49,32.03,30.66,31.11,31.93,32.51,32.12,39.83,35.62,33.11,31.93,40.58,44.42,37.87,38.69,39.39,38.41,55.92,88.47
58055,99.02,97.24,30.93,29.33,30.58,30.49,32.12,30.66,31.02,31.93,32.51,32.12,39.83,35.62,33.11,31.93,40.43,44.42,38.01,38.83,39.39,38.55,55.92,87.75
58073,98.12,97.24,30.93,29.33,30.58,30.49,32.03,30.75,31.02,31.93,32.51,32.12,39.83,35.62,33.21,31.93,40.58,44.42,38.01,38.83,39.39,38.55,55.92,86.35
58093,97.24,96.37,31.2,29.33,30.58,30.49,32.03,30.75,30.93,32.03,32.51,32.12,39.83,35.62,33.21,31.93,40.58,44.42,38.01,38.69,39.39,38.55,55.92,86.35
58112,97.24,96.37,31.02,29.33,30.58,30.49,32.12,30.66,30.93,31.93,32.51,32.12,39.83,35.62,33.11,31.93,40.43,44.42,38.01,38.83,39.39,38.55,55.92,86.35
58132,97.24,96.37,30.93,29.33,30.58,30.49,32.12,30.75,30.93,31.93,32.51,32.12,39.83,35.62,33.21,31.84,40.58,44.42,38.01,38.83,39.39,38.55,55.64,86.35
58153,97.24,96.37,30.93,29.33,30.58,30.49,32.03,30.66,30.93,31.93,32.51,32.03,39.83,35.62,33.11,31.93,40.58,44.42,38.01,38.69,39.25,38.55,55.92,85.66
58171,96.37,96.37,30.93,29.33,30.58,30.49,32.03,30.66,30.93,31.93,32.51,32.12,39.68,35.62,33.21,31.93,40.58,44.42,38.01,38.69,39.25,38.55,55.92,86.35
58192,97.24,96.37,30.84,29.33,30.58,30.49,32.03,30.75,30.93,31.93,32.51,32.12,39.83,35.62,33.11,31.93,40.58,44.42,38.01,38.83,39.25,38.55,55.92,86.35
58210,97.24,96.37,30.93,29.33,30.58,30.49,32.03,30.66,30.93,31.93,32.51,32.12,39.83,35.62,33.11,31.93,40.58,44.42,38.01,38.69,39.39,38.55,55.92,87.04
58231,91.47,96.37,31.29,29.25,30.58,30.49,32.03,30.66,30.93,31.93,32.51,32.12,39.68,35.62,33.21,31.93,40.58,44.42,38.01,38.83,39.39,38.55,55.64,85.66
58249,91.47,96.37,31.38,29.33,30.58,30.49,32.81,30.66,30.93,31.93,32.51,32.12,39.68,35.62,33.21,31.93,40.58,44.42,38.01,38.83,39.39,38.41,55.92,86.35
58270,93.05,97.24,30.84,29.33,30.58,30.49,32.81,30.66,31.02,32.03,32.51,32.12,39.83,35.62,33.21,31.93,40.58,44.42,37.87,38.69,39.25,38.41,55.92,86.35
58290,94.68,97.24,30.93,29.33,30.58,30.49,32.22,30.66,31.02,31.75,32.51,32.12,39.68,35.62,33.21,31.93,40.58,44.42,37.87,38.83,39.39,38.55,55.92,94.68
58309,94.68,98.12,31.02,29.33,30.58,30.49,32.12,30.66,30.93,31.75,32.51,32.12,39.83,35.62,33.21,31.93,40.58,44.42,38.01,38.83,39.25,38.55,55.92,94.68
58329,93.86,98.12,31.11,29.33,30.58,30.49,32.22,30.66,30.93,31.75,32.51,32.12,39.68,35.62,33.21,31.93,40.58,44.42,37.87,38.69,39.39,38.55,55.64,87.75
58347,99.02,98.12,31.29,29.33,30.58,30.49,32.71,30.75,31.02,31.75,32.51,32.12,39.68,35.62,33.11,31.93,40.43,44.24,38.01,38.83,39.25,38.55,55.92,89.2
58368,99.94,98.12,31.38,29.33,30.58,30.49,32.71,30.66,30.93,31.84,32.51,32.12,39.83,35.62,33.21,31.93,40.43,44.24,38.01,38.83,39.39,38.55,55.64,89.2
58386,99.02,99.02,31.38,29.33,30.58,30.49,32.81,30.75,31.11,31.93,32.51,32.12,39.68,35.62,33.21,32.03,40.58,44.42,38.01,38.69,39.25,38.55,55.92,90.7
58407,99.94,97.24,31.29,29.33,30.58,30.49,32.71,30.75,30.93,31.93,32.51,32.12,39.83,35.62,33.21,31.93,40.58,44.42,38.01,38.69,39.25,38.55,55.64,91.47
58427,95.52,99.02,31.29,29.33,30.58,30.49,32.71,30.75,30.93,31.93,32.51,32.12,39.68,35.62,33.21,32.03,40.58,44.6,38.01,38.83,39.25,38.55,55.64,92.25
58446,95.52,99.02,31.38,29.33,30.58,30.49,32.81,30.75,30.93,31.93,32.41,32.12,39.68,35.62,33.21,32.03,40.43,44.42,38.01,38.83,39.39,38.55,55.64,89.95
58466,94.68,98.12,31.38,29.33,30.58,30.49,32.81,30.75,31.11,31.93,32.41,32.12,39.68,35.62,33.21,32.03,40.58,44.42,38.01,38.83,39.25,38.69,55.35,90.7
58485,95.52,100.87,30.84,29.33,30.58,30.49,32.81,30.75,31.02,31.84,32.51,32.12,39.68,35.62,33.21,32.03,40.58,44.24,38.01,38.83,39.39,38.55,55.64,90.7
58505,95.52,100.87,30.84,29.33,30.58,30.49,32.81,30.75,30.93,31.84,32.51,32.12,39.68,35.62,33.21,32.03,40.58,44.24,38.01,38.83,39.25,38.69,55.64,92.25
58526,95.52,101.83,31.29,29.33,30.58,30.49,32.81,30.75,30.93,31.84,32.51,32.12,39.68,35.62,33.21,32.03,40.58,44.24,38.01,38.83,39.25,38.55,55.64,95.52
58544,100.87,101.83,30.84,29.33,30.49,30.49,32.71,30.75,31.02,31.93,32.51,32.03,39.68,35.62,33.21,32.03,40.43,44.24,38.01,38.83,39.39,38.55,55.35,95.52
58565,51.89,99.02,30.84,29.33,30.58,30.49,32.71,30.75,30.84,31.84,32.51,32.03,39.68,35.62,33.21,32.03,40.58,44.24,38.01,38.69,39.25,38.69,55.35,94.68
58583,54.79,99.94,31.29,29.33,30.58,30.49,32.71,30.75,30.93,31.84,32.41,32.12,39.68,35.5,33.21,32.03,40.43,44.24,38.01,38.69,39.25,38.69,55.64,94.68
58603,47.76,79.95,31.38,29.33,30.58,30.49,32.81,30.75,30.84,31.84,32.41,32.12,39.68,35.62,33.21,32.03,40.43,44.06,38.01,38.69,39.25,38.69,55.64,94.68
58622,46.32,99.94,33.52,29.33,30.58,30.58,32.81,30.75,30.84,31.84,32.51,32.12,39.68,35.5,33.21,32.03,40.43,44.06,38.01,38.69,39.39,38.69,55.35,95.52
58642,84.32,100.87,31.38,29.33,30.58,30.49,32.81,30.75,30.84,31.84,32.51,32.12,39.68,35.62,33.31,32.03,40.43,44.06,38.01,38.69,39.25,38.69,55.35,93.05
58663,54.24,99.94,31.38,29.33,30.58,30.58,32.71,30.75,30.93,31.84,32.41,32.12,39.68,35.62,33.31,32.03,40.43,44.06,38.01,38.69,39.11,38.69,55.35,56.81
58681,43.7,99.02,31.38,29.33,30.58,30.58,32.81,30.75,30.93,31.84,32.51,32.12,39.68,35.5,33.31,32.03,40.43,44.06,38.01,38.69,39.25,38.69,55.35,73.93
58702,63.12,100.87,31.38,29.33,30.58,30.58,32.81,30.75,30.84,31.84,32.51,32.12,39.68,35.62,33.31,32.12,40.43,43.88,38.01,38.69,39.25,38.69,55.35,60.64
58720,37.61,99.02,31.38,29.33,30.58,30.58,32.81,30.75,30.93,31.84,32.41,32.12,39.83,35.62,33.21,32.03,40.27,44.06,38.01,38.69,39.25,38.69,55.35,94.68
58741,37.87,99.94,31.38,29.33,30.58,30.49,32.81,30.75,30.84,31.84,32.51,32.03,39.83,35.62,33.31,32.03,40.43,44.06,38.01,38.83,39.25,38.69,55.35,93.86
58759,38.14,99.02,31.38,29.25,30.58,30.49,32.81,30.75,30.84,31.84,32.41,32.12,39.83,35.5,33.21,32.03,40.43,44.06,38.01,38.69,39.39,38.69,55.35,95.52
58780,38.55,99.94,31.29,29.33,30.58,30.49,32.81,30.75,30.93,31.84,32.41,32.12,39.83,35.5,33.31,32.12,40.43,44.06,38.01,38.69,39.11,38.55,55.07,95.52
58800,49.06,99.94,31.29,29.33,30.58,30.49,32.81,30.75,30.84,31.84,32.41,32.12,39.83,35.62,33.31,32.12,40.43,44.06,38.01,38.83,39.25,38.69,55.35,95.52
58818,37.74,99.02,31.29,29.33,30.58,30.49,32.71,30.75,30.93,31.84,32.51,32.12,39.83,35.5,33.21,32.03,40.43,44.06,37.87,38.69,39.25,38.69,55.35,94.68
58839,37.35,99.02,31.29,29.33,30.58,30.49,32.71,30.84,30.93,31.84,32.41,32.12,39.83,35.62,33.21,32.03,40.43,44.06,38.01,38.69,39.25,38.55,55.35,95.52
58857,55.64,99.02,31.29,29.33,30.58,30.49,32.91,30.75,30.93,31.47,32.41,32.12,39.83,35.5,33.21,32.03,40.43,44.06,38.01,38.69,39.25,38.69,55.35,96.37
58878,57.11,99.94,31.29,29.25,30.58,30.49,32.91,30.75,30.93,31.56,32.41,32.12,39.68,35.5,33.31,32.12,40.43,44.06,38.01,38.69,39.25,38.55,55.35,95.52
58898,37.48,99.02,31.29,29.33,30.49,30.49,32.91,30.75,30.84,31.56,32.41,32.12,39.68,35.62,33.21,32.03,40.27,44.06,38.01,38.83,39.25,38.55,55.35,95.52
58917,37.61,98.12,31.29,29.25,30.49,30.4,33.01,30.75,30.84,31.47,32.41,32.12,39.68,35.5,33.21,32.03,40.43,44.06,38.01,38.83,39.39,38.55,55.35,95.52
58937,38.41,99.94,35.62,29.33,30.49,30.49,32.91,30.75,30.93,31.47,32.41,32.12,39.68,35.62,33.31,32.03,40.43,44.06,38.01,38.83,39.25,38.69,55.35,95.52
58956,41.67,99.02,31.29,29.33,30.58,30.49,32.91,30.75,30.93,31.47,32.41,32.12,39.68,35.5,33.21,32.03,40.43,44.06,38.01,38.83,39.39,38.55,55.35,96.37
58976,38.14,99.02,40.58,29.33,30.58,30.49,32.91,30.75,30.84,31.47,32.41,32.12,39.68,35.5,33.21,32.03,40.43,44.06,38.01,38.69,39.39,38.55,55.35,96.37
58995,87.04,99.94,31.29,29.33,30.58,30.49,32.81,30.75,31.11,31.56,32.41,32.12,39.83,35.5,33.21,32.03,40.43,44.06,37.87,38.69,39.25,38.55,55.07,95.52
59015,37.87,98.12,31.29,29.25,30.58,30.4,32.81,30.75,30.93,31.56,32.41,32.12,39.83,35.62,33.21,32.03,40.43,43.88,38.01,38.83,39.25,38.55,55.35,94.68
59036,62.03,99.02,31.29,29.33,30.58,30.49,32.81,30.75,31.2,31.56,32.41,32.12,39.83,35.5,33.21,32.03,40.43,44.06,38.01,38.83,39.25,38.55,55.07,94.68
59054,40.12,96.37,31.29,29.33,30.58,30.49,32.91,30.75,31.2,31.56,32.41,32.12,39.83,35.5,33.21,32.03,40.27,44.06,38.01,38.83,39.25,38.55,55.07,96.37
59074,95.52,99.02,31.56,29.33,30.58,30.49,32.81,30.75,31.11,31.56,32.41,32.12,39.83,35.5,33.21,32.03,40.43,44.24,38.01,38.69,39.25,38.55,55.07,96.37
59093,94.68,99.02,31.29,29.33,30.58,30.49,32.81,30.75,30.84,31.56,32.51,32.12,39.83,35.62,33.21,32.03,40.43,44.06,38.01,38.69,39.39,38.55,49.29,96.37
59113,87.04,98.12,31.29,29.33,30.58,30.49,32.91,30.75,31.02,31.56,32.41,32.12,39.83,35.62,33.21,32.03,40.43,44.06,38.01,38.69,39.25,38.55,55.35,96.37
59132,94.68,98.12,30.75,29.33,30.58,30.49,32.81,30.75,30.93,31.56,32.41,32.12,39.83,35.5,33.21,32.03,40.43,44.06,38.01,38.69,39.25,38.55,55.35,96.37
59152,93.86,98.12,30.75,29.33,30.58,30.49,32.81,30.75,31.02,31.56,32.41,32.12,39.83,35.5,33.11,32.03,40.43,44.06,38.01,38.69,39.25,38.55,55.35,96.37
59173,93.86,97.24,30.75,29.33,30.58,30.49,32.91,30.75,30.84,31.56,32.51,32.12,39.83,35.5,33.21,32.03,40.43,44.24,38.01,38.69,39.25,38.55,55.64,96.37
59191,92.25,97.24,30.75,29.33,30.58,30.49,32.91,30.75,31.2,31.56,32.41,32.12,39.83,35.5,33.11,31.93,40.43,44.24,38.01,38.69,39.39,38.55,55.64,94.68
59212,98.12,97.24,31.29,29.33,30.58,30.49,32.91,30.75,31.2,31.47,32.41,32.12,39.68,35.5,33.11,32.03,40.43,44.24,38.01,38.69,39.39,38.55,55.35,96.37
59230,99.02,97.24,31.29,29.33,30.58,30.49,32.22,30.75,31.2,31.56,32.41,32.12,39.83,35.62,33.21,32.03,40.43,44.79,38.01,38.69,39.25,38.55,55.64,95.52
59251,99.94,98.12,31.29,29.33,30.49,30.49,32.51,30.75,31.02,31.65,32.41,32.12,39.83,35.62,33.11,32.03,40.43,44.79,38.01,38.69,39.25,38.55,55.35,96.37
59271,99.02,98.12,31.29,29.33,30.58,30.49,32.12,30.75,30.93,31.65,32.41,32.12,39.83,35.62,33.11,32.03,40.43,44.79,38.01,38.69,39.25,38.55,55.64,96.37
59290,99.94,98.12,31.29,29.33,30.58,30.49,32.41,30.75,30.93,31.65,32.41,32.12,39.83,35.5,33.11,32.03,40.58,44.24,38.01,38.69,39.25,38.55,55.64,95.52
59310,99.02,97.24,31.29,29.25,30.58,30.49,32.71,30.75,30.93,31.75,32.41,32.12,39.83,35.5,33.11,32.03,40.43,44.24,38.01,38.69,39.39,38.55,55.35,95.52
59328,99.94,97.24,31.29,29.33,30.58,30.49,32.12,30.75,31.02,31.84,32.41,32.12,39.83,35.62,33.11,32.03,40.43,44.24,38.01,38.69,39.25,38.55,55.64,95.52
59349,99.02,97.24,30.84,29.33,30.58,30.49,32.12,30.75,30.93,31.75,32.41,32.12,39.68,35.62,33.11,32.03,40.58,44.24,38.01,38.69,39.39,38.55,55.64,95.52
59367,93.86,96.37,30.93,29.33,30.58,30.49,32.12,30.66,30.93,31.75,32.51,32.12,39.68,35.62,33.11,31.93,40.58,44.24,38.01,38.69,39.39,38.55,55.64,96.37
59388,92.25,52.65,30.93,29.33,30.58,30.49,32.12,30.75,31.02,31.75,32.41,32.12,39.83,35.62,33.11,31.93,40.58,44.24,38.01,38.69,39.39,38.55,55.64,95.52
59408,94.68,98.12,30.93,29.33,30.58,30.49,32.03,30.66,31.02,31.75,32.41,32.12,39.68,35.5,33.11,31.93,40.43,44.24,38.01,38.83,39.25,38.55,55.64,95.52
59427,95.52,97.24,31.11,29.33,30.58,30.49,32.03,30.66,31.02,31.75,32.51,32.12,39.83,35.62,33.11,31.93,40.58,44.24,38.01,38.69,39.39,38.55,55.64,95.52
59447,95.52,97.24,30.93,29.33,30.58,30.4,32.12,30.75,30.93,31.75,32.51,32.12,39.83,35.62,33.11,31.93,40.58,44.24,38.01,38.83,39.25,38.55,55.64,67.46
59466,99.94,97.24,30.93,29.33,30.58,30.49,32.03,30.75,31.02,31.75,32.51,32.12,39.83,35.5,33.11,31.84,40.58,44.24,38.01,38.83,39.39,38.55,55.64,49.74
59486,98.12,97.24,30.93,29.33,30.58,30.49,32.12,30.75,31.02,31.75,32.51,32.12,39.83,35.62,33.11,31.93,40.58,44.24,38.14,38.83,39.39,38.55,55.92,72.44
59505,99.02,96.37,30.93,29.33,30.58,30.49,32.12,30.66,31.02,31.93,32.51,32.12,39.83,35.62,33.11,31.93,40.58,44.24,38.01,38.83,39.25,38.55,55.64,94.68
59525,99.02,97.24,30.93,29.33,30.58,30.49,32.12,30.66,30.93,31.93,32.51,32.12,39.83,35.62,33.11,31.84,40.58,44.24,38.01,38.83,39.39,38.55,55.92,91.47
59546,93.05,98.12,30.93,29.33,30.58,30.49,32.12,30.66,31.02,31.93,32.51,32.12,39.83,35.62,33.11,31.93,40.58,44.42,38.01,38.83,39.39,38.55,55.92,94.68
59564,93.05,98.12,30.93,29.33,30.58,30.49,32.12,30.75,31.02,31.93,32.51,32.12,39.68,35.5,33.11,31.93,40.58,44.24,38.01,38.83,39.39,38.55,55.92,95.52
59584,93.86,98.12,30.93,29.33,30.58,30.49,32.12,30.75,31.02,31.93,32.51,32.12,39.83,35.62,33.11,31.93,40.58,44.42,38.01,38.83,39.39,38.41,55.92,94.68
59603,99.94,98.12,30.93,29.33,30.58,30.49,32.03,30.66,31.02,31.93,32.51,32.12,39.68,35.62,33.11,31.93,40.58,44.42,38.01,38.83,39.39,38.55,55.92,95.52
59623,99.94,99.02,30.93,29.33,30.58,30.49,32.03,30.66,30.93,31.93,32.51,32.12,39.83,35.5,33.11,31.93,40.58,44.42,38.01,38.83,39.39,38.41,55.92,95.52
59642,100.87,99.02,30.93,29.33,30.58,30.49,32.12,30.66,30.93,31.93,32.51,32.12,39.83,35.62,33.11,31.93,40.58,44.24,38.01,38.83,39.39,38.41,55.92,95.52
59662,100.87,99.02,30.93,29.33,30.58,30.49,32.12,30.66,31.11,31.93,32.51,32.12,39.83,35.62,33.01,31.93,40.43,44.42,37.87,38.83,39.39,38.55,55.64,56.22
59683,99.02,92.25,30.93,29.33,30.58,30.49,32.12,30.66,31.11,31.93,32.51,32.12,39.68,35.62,33.11,31.93,40.58,44.42,38.01,38.69,39.39,38.55,55.92,91.47
59701,99.94,99.94,30.93,29.33,30.58,30.49,32.03,30.75,31.11,31.93,32.51,32.12,39.98,35.62,33.11,31.93,40.58,44.24,38.01,38.83,39.39,38.55,55.92,95.52
59722,100.87,99.94,30.93,29.33,30.58,30.49,32.03,30.66,31.11,31.93,32.51,32.12,39.98,35.62,33.11,31.93,40.58,44.42,38.01,38.83,39.39,38.41,55.92,95.52
59740,100.87,99.94,31.56,29.33,30.58,30.49,32.03,30.66,31.02,31.93,32.51,32.12,39.98,35.62,33.11,31.93,40.58,44.42,38.01,38.83,39.39,38.41,55.92,95.52
59761,100.87,99.94,31.47,29.33,30.58,30.49,32.12,30.66,31.02,31.93,32.51,32.12,39.98,35.62,33.11,31.93,40.58,44.42,38.01,38.83,39.39,38.55,55.92,94.68
59781,100.87,99.94,31.47,29.33,30.58,30.49,32.12,30.66,31.02,31.93,32.51,32.12,39.83,35.62,33.11,31.93,40.58,44.24,38.01,38.83,39.39,38.41,55.92,94.68
59799,100.87,99.94,31.47,29.33,30.58,30.49,32.12,30.66,31.02,31.93,32.51,32.12,39.98,35.62,33.11,31.93,40.58,44.42,38.01,38.83,39.39,38.41,55.92,95.52
59820,100.87,99.94,31.47,29.33,30.58,30.49,32.12,30.66,31.02,31.93,32.51,32.12,39.98,35.62,33.11,31.93,40.58,44.42,38.01,38.83,39.39,38.41,55.92,95.52
59838,101.83,99.94,30.93,29.33,30.58,30.49,32.12,30.66,31.02,31.93,32.51,32.12,39.98,35.62,33.11,31.93,40.58,44.42,38.01,38.83,39.39,38.55,55.92,95.52
59859,100.87,99.94,30.93,29.33,30.58,30.49,32.12,30.66,31.11,31.93,32.51,32.12,39.98,35.62,33.11,31.93,40.58,44.42,38.01,38.83,39.39,38.55,55.92,95.52
59877,100.87,99.94,30.93,29.33,30.58,30.49,32.12,30.66,31.11,31.93,32.51,32.12,39.83,35.62,33.11,31.93,40.58,44.42,38.01,38.83,39.39,38.55,55.92,95.52
59898,100.87,99.02,30.93,29.33,30.58,30.49,32.12,30.66,31.11,31.93,32.51,32.12,39.83,35.62,33.11,31.93,40.58,44.42,38.01,38.83,39.39,38.41,55.92,95.52
59918,101.83,99.02,30.93,29.33,30.58,30.49,32.12,30.66,31.02,31.93,32.51,32.12,39.98,35.62,33.11,31.93,40.58,44.42,38.01,38.83,39.39,38.55,55.92,95.52
59937,100.87,99.94,30.93,29.33,30.58,30.49,32.12,30.66,31.11,31.93,32.51,32.12,39.83,35.62,33.11,31.93,40.58,44.42,38.01,38.83,39.39,38.55,55.92,95.52
59957,100.87,99.94,30.93,29.33,30.58,30.4,32.12,30.66,31.11,31.93,32.51,32.12,39.83,35.62,33.11,31.93,40.43,44.42,38.01,38.83,39.39,38.55,55.92,95.52
59976,101.83,99.94,30.93,29.33,30.58,30.49,32.12,30.66,31.11,31.93,32.51,32.12,39.98,35.62,33.11,31.93,40.58,44.42,38.01,38.83,39.39,38.55,55.64,95.52
59996,100.87,99.94,30.84,29.33,30.58,30.49,32.12,30.66,31.11,31.93,32.51,32.12,39.98,35.62,33.11,31.93,40.58,44.6,38.01,38.83,39.39,38.41,55.92,95.52
60015,96.37,99.94,30.93,29.33,30.58,30.4,32.12,30.66,31.11,31.93,32.51,32.12,39.83,35.62,33.11,31.93,40.58,44.42,38.01,38.83,39.39,38.55,55.64,95.52
60035,97.24,99.94,30.93,29.33,30.58,30.49,32.12,30.66,31.11,31.93,32.51,32.12,39.83,35.62,33.11,31.93,40.58,44.42,38.01,38.83,39.39,38.55,55.92,96.37
60055,100.87,99.94,31.02,29.33,30.58,30.49,32.12,30.66,31.11,31.93,32.51,32.12,39.83,35.62,33.11,31.93,40.58,44.42,38.01,38.83,39.39,38.55,55.92,96.37
60074,100.87,99.94,30.93,29.33,30.58,30.4,32.12,30.66,31.11,31.93,32.51,32.12,39.83,35.62,33.11,31.93,40.58,44.42,38.01,38.83,39.39,38.55,55.64,95.52
60094,95.52,99.94,31.02,29.33,30.58,30.49,32.12,30.66,30.93,31.93,32.41,32.12,39.83,35.62,33.11,31.93,40.58,44.42,38.01,38.83,39.39,38.55,55.92,96.37
60113,96.37,100.87,30.93,29.33,30.58,30.49,32.12,30.66,30.93,31.93,32.41,32.12,39.83,35.62,33.11,31.93,40.58,44.42,38.01,38.83,39.25,38.55,55.64,95.52
60133,97.24,101.83,30.93,29.33,30.58,30.4,32.12,30.66,30.93,31.93,32.51,32.12,39.83,35.62,33.11,31.93,40.58,44.42,38.01,38.83,39.39,38.55,55.64,95.52
60154,97.24,101.83,30.93,29.33,30.58,30.49,32.12,30.75,30.93,31.93,32.51,32.12,39.83,35.62,33.11,31.93,40.58,44.24,38.01,38.83,39.25,38.55,55.64,95.52
60172,101.83,99.02,30.93,29.33,30.58,30.49,32.12,30.75,30.93,31.93,32.51,32.12,39.83,35.62,33.11,31.93,40.43,44.42,38.01,38.83,39.39,38.55,55.64,96.37
60193,101.83,102.8,31.47,29.33,30.58,30.49,32.32,30.75,30.93,31.93,32.51,32.12,39.83,35.5,33.11,32.03,40.58,44.42,38.01,38.83,39.39,38.55,55.64,94.68
60211,96.37,102.8,31.47,29.33,30.58,30.49,32.81,30.75,30.93,31.93,32.41,32.12,39.83,35.5,33.11,31.93,40.58,44.42,38.01,38.83,39.39,38.55,55.64,94.68
60232,100.87,102.8,31.56,29.33,30.58,30.49,32.03,30.75,30.84,31.93,32.51,32.12,39.83,35.62,33.11,32.03,40.58,44.24,38.01,38.83,39.39,38.55,55.64,94.68
60250,100.87,102.8,45.54,29.33,30.58,30.49,32.12,30.75,30.84,31.93,32.51,32.12,39.83,35.62,33.21,32.03,40.58,44.24,38.01,38.83,39.39,38.55,55.64,94.68
60271,100.87,102.8,31.47,29.33,30.58,30.49,32.12,30.75,30.93,31.75,32.51,32.12,39.68,35.62,33.21,32.03,40.43,44.24,38.01,38.83,39.39,38.55,55.92,94.68
60291,100.87,102.8,31.47,29.33,30.58,30.49,32.12,30.75,30.93,31.75,32.51,32.12,39.68,35.62,33.11,31.93,40.58,44.24,38.01,38.83,39.39,38.55,55.64,93.05
60309,102.8,102.8,31.47,29.33,30.58,30.49,32.12,30.66,30.93,31.75,32.51,32.12,39.83,35.62,33.11,32.03,40.58,44.24,38.01,38.83,39.39,38.55,55.64,93.05
60330,101.83,102.8,31.47,29.33,30.58,30.49,32.81,30.75,30.93,31.75,32.51,32.12,39.83,35.5,33.21,31.93,40.58,44.24,38.01,38.83,39.25,38.55,55.64,93.05
60348,102.8,101.83,31.47,29.33,30.58,30.49,32.81,30.75,30.93,31.75,32.51,32.12,39.83,35.62,33.11,32.03,40.58,44.24,38.01,38.83,39.39,38.55,55.64,93.05
60369,102.8,101.83,31.47,29.33,30.58,30.49,32.81,30.75,31.2,31.75,32.51,32.12,39.83,35.62,33.21,32.03,40.43,44.24,38.01,38.83,39.25,38.55,55.64,93.86
60387,102.8,102.8,31.47,29.33,30.58,30.49,32.71,30.75,30.93,31.75,32.51,32.12,39.68,35.62,33.21,32.03,40.43,44.24,38.01,38.83,39.39,38.55,55.64,94.68
60408,102.8,103.78,31.47,29.33,30.58,30.49,32.32,30.75,30.93,31.75,32.51,32.12,39.68,35.5,33.11,32.03,40.43,44.24,38.01,38.69,39.25,38.55,55.64,94.68
60428,102.8,103.78,31.47,29.33,30.58,30.49,32.81,30.75,31.11,31.75,32.51,32.12,39.68,35.62,33.11,32.03,40.43,44.24,38.01,38.83,39.39,38.55,55.64,94.68
60447,102.8,102.8,31.38,29.33,30.58,30.49,32.71,30.75,31.11,31.75,32.41,32.12,39.68,35.5,33.21,32.03,40.58,44.24,38.01,38.83,39.39,38.55,55.64,94.68
60467,102.8,103.78,31.47,29.33,30.58,30.49,38.55,30.75,31.2,31.84,32.51,32.12,39.68,35.62,33.21,32.03,40.58,44.24,38.01,38.83,39.39,38.55,55.35,96.37
60486,102.8,103.78,31.65,29.33,30.58,30.58,51.64,30.75,31.11,31.93,32.51,32.12,39.83,35.5,33.21,32.03,40.43,44.24,38.01,38.83,39.25,38.55,48.19,95.52
60506,101.83,102.8,32.22,29.33,30.58,30.58,32.81,30.75,31.11,31.84,32.51,32.12,39.83,35.62,33.21,32.03,40.58,44.06,38.01,38.83,39.39,38.55,49.29,94.68
60527,40.58,100.87,31.56,29.33,30.58,30.58,32.81,30.75,31.11,31.84,32.51,32.12,39.83,35.62,33.21,32.03,40.58,44.06,38.01,38.83,39.25,38.55,47.76,94.68
60545,43.52,100.87,31.47,29.33,30.58,30.49,32.81,30.75,31.11,31.84,32.51,32.12,39.83,35.62,33.21,32.03,40.43,44.06,38.01,38.69,39.39,38.55,50.44,94.68
60565,98.12,102.8,31.47,29.33,30.58,30.49,32.81,30.75,31.11,31.84,32.51,32.12,39.83,35.62,33.21,32.03,40.58,44.24,38.01,38.69,39.39,38.55,48.4,95.52
60584,73.43,99.02,31.38,29.33,30.58,30.49,32.81,30.75,31.11,31.93,32.51,32.12,39.83,35.5,33.21,32.03,40.43,44.24,38.01,38.69,39.39,38.55,48.4,95.52
60604,59.63,100.87,31.38,29.33,30.58,30.49,32.71,30.75,31.11,31.93,32.51,32.12,39.83,35.62,33.21,32.03,40.58,44.24,38.01,38.69,39.39,38.55,49.29,95.52
60623,63.49,101.83,31.47,29.33,30.58,30.49,32.81,30.75,31.11,31.93,32.41,32.03,39.83,35.5,33.21,32.03,40.43,44.06,38.01,38.69,39.39,38.55,55.35,96.37
60643,99.94,101.83,31.47,29.33,30.58,30.49,32.81,30.75,31.11,31.93,32.51,32.12,39.83,35.5,33.21,32.03,40.27,44.06,38.01,38.69,39.39,38.55,55.35,96.37
60664,99.94,102.8,47.55,29.33,30.58,30.49,32.81,30.75,31.11,31.93,32.51,32.12,39.83,35.62,33.21,32.03,40.58,44.06,38.01,38.69,39.39,38.69,55.64,95.52
60682,73.93,80.55,46.13,29.33,30.58,30.49,32.81,30.75,30.93,31.93,32.51,32.12,39.83,35.62,33.21,32.03,40.43,44.06,38.01,38.69,39.25,38.55,55.35,95.52
60703,45.35,100.87,43.17,29.33,30.58,30.49,32.81,30.75,31.11,31.93,32.51,32.12,39.83,35.62,33.21,32.03,40.43,44.06,38.01,38.69,39.25,38.55,55.35,95.52
60721,52.65,100.87,39.98,29.33,30.58,30.49,32.71,30.66,31.11,31.93,32.51,32.12,39.83,35.62,33.21,32.03,40.58,44.06,38.01,38.69,39.25,38.55,55.64,96.37
60742,99.94,102.8,33.94,29.33,30.58,30.49,32.71,30.75,31.11,31.93,32.51,32.12,39.83,35.62,33.21,32.03,40.58,44.06,38.01,38.69,39.39,38.55,55.35,96.37
60760,100.87,103.78,48.19,29.33,30.58,30.49,32.81,30.75,31.11,31.93,32.51,32.12,39.83,35.62,33.21,32.03,40.43,44.06,38.01,38.69,39.39,38.55,55.64,96.37
60780,100.87,103.78,32.61,29.33,30.58,30.49,32.81,30.75,31.11,31.93,32.51,32.12,39.83,35.5,33.21,32.03,40.43,44.06,38.01,38.69,39.25,38.55,55.64,96.37
60801,101.83,103.78,32.61,29.33,30.58,30.49,32.81,30.75,31.2,31.93,32.51,32.12,39.83,35.62,33.21,32.03,40.58,44.06,38.01,38.69,39.39,38.55,55.64,96.37
60819,102.8,103.78,32.91,29.33,30.58,30.4,32.81,30.75,31.11,31.93,32.51,32.12,39.83,35.5,33.21,32.03,40.58,44.06,38.01,38.69,39.39,38.55,55.64,96.37
60840,102.8,103.78,34.82,29.33,30.58,30.49,32.71,30.75,31.11,31.93,32.51,32.12,39.83,35.62,33.21,32.03,40.43,44.06,38.01,38.83,39.25,38.55,55.64,96.37
60858,102.8,103.78,35.16,29.33,30.58,30.49,32.81,30.75,31.2,31.93,32.41,32.12,39.83,35.62,33.21,32.03,40.43,44.24,38.01,38.69,39.39,38.55,55.64,96.37
60879,103.78,102.8,35.27,29.33,30.58,30.49,32.81,30.75,31.2,31.93,32.51,32.12,39.83,35.62,33.21,32.03,40.43,44.24,38.01,38.69,39.39,38.55,55.64,96.37
60899,102.8,103.78,35.27,29.33,30.58,30.49,32.81,30.75,31.11,31.93,32.51,32.12,39.83,35.62,33.21,32.03,40.43,44.06,38.01,38.83,39.25,38.55,55.64,96.37
60918,102.8,103.78,36.46,29.33,30.58,30.49,32.81,30.75,31.11,31.93,32.51,32.12,39.83,35.62,33.21,32.03,40.58,44.24,38.01,38.69,39.25,38.55,55.64,95.52
60938,101.83,102.8,31.47,29.33,30.58,30.49,32.81,30.75,31.2,31.93,32.51,32.03,39.83,35.62,33.21,32.03,40.43,44.06,38.01,38.83,39.25,38.55,55.64,96.37
60957,101.83,102.8,31.38,29.33,30.58,30.49,32.81,30.66,31.2,31.93,32.51,32.12,46.52,35.5,33.21,32.03,40.58,44.24,38.01,38.69,39.39,38.41,55.64,96.37
60977,95.52,102.8,39.68,29.33,30.58,30.49,32.81,30.75,31.2,31.93,32.51,32.12,46.52,35.62,33.21,32.03,40.27,44.24,38.01,38.83,39.25,38.55,55.64,96.37
60995,95.52,102.8,31.38,29.33,30.58,30.49,32.81,30.75,31.2,32.03,32.51,32.12,46.52,35.62,33.21,32.03,40.58,44.24,38.01,38.69,39.39,38.55,55.64,96.37
61016,96.37,102.8,31.38,29.33,30.58,30.49,32.81,30.75,31.2,32.03,32.51,32.03,46.52,35.62,33.11,32.03,39.98,44.24,38.01,38.69,39.25,38.55,55.64,96.37
61036,96.37,102.8,31.47,29.33,30.58,30.49,32.81,30.75,31.2,31.93,32.51,32.12,46.52,35.62,33.21,32.03,40.58,44.24,38.01,38.69,39.39,38.55,55.64,96.37
61055,95.52,102.8,31.38,29.33,30.58,30.49,32.81,30.75,31.2,32.03,32.51,32.12,46.32,35.5,33.21,32.03,40.43,44.24,38.01,38.69,39.39,38.55,55.64,95.52
61075,94.68,90.7,31.47,29.33,30.58,30.49,32.12,30.75,31.2,32.03,32.51,32.12,46.52,35.5,33.11,31.93,40.58,44.24,38.01,38.83,39.39,38.55,55.64,95.52
61094,94.68,57.41,31.47,29.33,30.58,30.49,32.81,30.75,31.2,31.93,32.51,32.12,46.52,35.62,33.21,32.03,40.43,44.24,38.01,38.69,39.25,38.55,55.64,96.37
61114,96.37,101.83,31.84,29.33,30.58,30.49,32.81,30.75,31.2,31.93,32.51,32.03,46.52,35.5,33.11,32.03,40.43,44.24,38.01,38.83,39.39,38.55,55.35,95.52
61133,96.37,99.94,32.12,29.33,30.58,30.49,32.81,30.75,31.2,31.93,32.51,32.12,46.52,35.62,33.11,31.93,40.58,44.06,38.14,38.83,39.25,38.55,55.64,96.37
61153,96.37,100.87,36.22,29.33,30.58,30.49,32.81,30.75,31.2,32.03,32.41,32.12,46.52,35.62,33.11,31.93,40.58,44.24,38.14,38.83,39.39,38.55,55.64,95.52
61174,95.52,100.87,40.43,29.33,30.58,30.49,32.81,30.75,31.29,32.03,32.51,32.12,46.52,35.5,33.21,32.03,40.58,44.24,38.14,38.83,39.39,38.55,55.64,96.37
61192,96.37,99.94,41.04,29.33,30.58,30.49,32.81,30.75,31.2,32.03,32.51,32.12,46.52,35.62,33.21,31.93,40.58,44.24,38.14,38.83,39.39,38.55,55.64,95.52
61213,100.87,99.02,42.16,29.33,30.58,30.49,32.12,30.66,30.93,32.03,32.51,32.12,46.52,35.62,33.11,31.93,40.58,44.24,38.01,38.83,39.39,38.55,44.6,95.52
61231,99.94,99.02,31.38,29.33,30.58,30.49,32.81,30.75,31.2,32.03,32.51,32.12,46.32,35.62,33.21,32.03,40.58,44.24,38.14,38.83,39.25,38.55,52.14,95.52
61251,99.94,99.02,31.38,29.33,30.58,30.58,32.12,30.75,31.11,32.03,32.51,32.12,46.32,35.5,33.11,32.03,40.58,44.24,38.14,38.83,39.39,38.55,55.35,95.52
61272,99.94,98.12,31.38,29.33,30.58,30.49,32.12,30.75,30.93,32.03,32.41,32.12,46.13,35.62,33.11,31.93,40.58,44.24,38.14,38.83,39.25,38.55,45.54,95.52
61290,98.12,98.12,31.38,29.33,30.58,30.49,32.12,30.75,30.93,31.84,32.51,32.03,45.35,35.62,33.11,32.03,40.58,44.24,38.14,38.83,39.25,38.55,55.64,95.52
61311,99.02,80.55,31.38,29.33,30.58,30.49,32.12,30.66,30.93,31.84,32.51,32.12,45.54,35.62,33.11,32.03,40.43,44.24,38.14,38.69,39.39,38.55,55.92,96.37
61329,98.12,96.37,31.38,29.33,30.58,30.49,32.12,30.75,30.93,31.84,32.51,32.12,45.35,35.5,33.11,32.03,40.43,44.24,38.01,38.83,39.39,38.55,55.64,95.52
61350,94.68,98.12,31.38,29.33,30.58,30.49,32.03,30.66,30.93,31.84,32.51,32.03,40.27,35.5,33.11,31.93,40.58,44.06,38.01,38.83,39.25,38.55,55.92,95.52
61368,97.24,97.24,31.38,29.33,30.58,30.49,32.12,30.75,31.02,31.84,32.51,32.12,39.83,35.5,33.11,31.93,40.43,44.24,38.01,38.83,39.39,38.55,55.92,95.52
61389,92.25,97.24,31.38,29.33,30.58,30.49,32.03,30.66,31.02,31.84,32.51,32.12,39.83,35.5,33.11,32.03,40.43,44.06,38.01,38.83,39.39,38.55,55.92,95.52
61409,97.24,97.24,31.38,29.33,30.58,30.49,32.03,30.66,31.02,31.84,32.51,32.12,39.83,35.5,33.11,31.93,40.58,44.24,38.14,38.83,39.25,38.55,55.64,95.52
61428,93.05,97.24,31.38,29.33,30.58,30.49,32.03,30.75,31.02,31.84,32.51,32.12,39.83,35.62,33.11,31.93,40.58,44.24,38.01,38.83,39.39,38.55,55.92,96.37
61448,98.12,97.24,31.38,29.33,30.58,30.49,32.03,30.66,31.02,31.84,32.51,32.12,39.83,35.62,33.11,31.93,40.58,44.24,38.01,38.83,39.25,38.55,55.64,95.52
61467,92.25,97.24,31.38,29.33,30.58,30.49,32.03,30.66,31.11,31.84,32.41,32.12,39.68,35.5,33.11,31.93,40.58,44.24,38.01,38.83,39.39,38.55,55.92,95.52
61487,91.47,96.37,31.47,29.33,30.58,30.49,32.03,30.75,31.02,31.84,32.51,32.12,39.83,35.5,33.11,31.93,40.58,44.24,38.01,38.69,39.25,38.41,55.92,95.52
61505,97.24,92.25,31.47,29.33,30.58,30.49,32.03,30.66,31.02,31.84,32.51,32.12,39.83,35.62,33.11,31.93,40.43,44.24,38.01,38.69,39.25,38.55,55.92,95.52
61526,97.24,95.52,31.38,29.33,30.58,30.49,32.03,30.66,31.11,31.84,32.51,32.12,39.83,35.62,33.11,31.93,40.58,44.24,38.01,38.83,39.25,38.41,55.92,95.52
61546,96.37,96.37,31.38,29.33,30.58,30.49,32.03,30.75,31.02,31.84,32.51,32.12,39.83,35.62,33.11,31.93,40.58,44.24,38.01,38.83,39.39,38.55,55.64,96.37
61565,97.24,96.37,31.38,29.33,30.58,30.49,32.03,30.66,31.11,31.75,32.51,32.12,39.83,35.62,33.11,31.93,40.58,44.24,38.01,38.83,39.25,38.55,55.92,95.52
61585,96.37,95.52,31.38,29.33,30.58,30.49,32.03,30.66,31.02,31.84,32.51,32.12,39.83,35.5,33.11,31.93,40.27,44.24,38.14,38.83,39.39,38.55,55.92,95.52
61604,96.37,96.37,31.47,29.33,30.58,30.49,32.03,30.75,31.02,31.75,32.51,32.12,39.83,35.62,33.11,31.93,40.43,44.24,38.01,38.83,39.39,38.55,55.92,95.52
61624,97.24,96.37,31.47,29.33,30.58,30.49,32.12,30.66,31.02,31.84,32.51,32.12,39.83,35.62,33.11,31.93,40.58,44.24,38.14,38.83,39.39,38.55,55.92,95.52
61645,97.24,96.37,31.47,29.33,30.58,30.49,32.12,30.66,31.02,31.84,32.51,32.12,39.68,35.62,33.11,31.93,40.58,44.06,38.01,38.83,39.39,38.55,55.92,95.52
61663,97.24,96.37,31.47,29.33,30.58,30.49,32.03,30.66,31.02,31.84,32.51,32.12,39.83,35.62,33.11,31.93,40.58,44.24,38.14,38.83,39.39,38.41,55.92,96.37
61684,97.24,96.37,31.47,29.33,30.58,30.49,32.03,30.75,31.02,31.84,32.51,32.12,39.83,35.62,33.11,31.93,40.43,44.24,38.01,38.83,39.39,38.55,55.92,95.52
61702,98.12,97.24,31.47,29.33,30.58,30.49,32.12,30.66,31.02,31.84,32.51,32.12,39.83,35.5,33.11,31.93,40.58,44.24,38.01,38.69,39.25,38.41,55.92,95.52
61723,98.12,97.24,31.47,29.33,30.58,30.49,32.12,30.66,31.02,31.84,32.51,32.12,39.83,35.62,33.21,31.93,40.58,44.24,38.01,38.83,39.39,38.55,55.92,95.52
61741,99.02,97.24,31.47,29.33,30.58,30.49,32.12,30.75,31.02,31.93,32.51,32.12,39.83,35.62,33.11,31.93,40.58,44.24,38.14,38.83,39.39,38.55,55.92,95.52
61761,99.02,97.24,31.47,29.33,30.58,30.49,32.12,30.75,31.02,31.93,32.51,32.12,39.68,35.62,33.11,31.93,40.58,44.24,38.01,38.83,39.39,38.41,55.92,95.52
61782,99.02,97.24,31.47,29.33,30.58,30.49,32.12,30.66,31.02,31.93,32.51,32.12,39.83,35.5,33.21,31.93,40.58,44.24,38.01,38.83,39.25,38.55,55.92,95.52
61800,99.02,97.24,31.47,29.33,30.58,30.49,32.03,30.75,31.02,31.93,32.51,32.12,39.83,35.62,33.21,31.93,40.58,44.24,38.14,38.69,39.39,38.41,55.92,94.68
61821,99.02,97.24,31.47,29.33,30.58,30.49,32.12,30.66,31.02,31.93,32.51,32.12,39.83,35.62,33.11,31.93,40.58,44.24,38.01,38.83,39.39,38.55,55.92,96.37
61839,99.02,97.24,31.47,29.33,30.58,30.49,32.12,30.66,31.02,32.03,32.51,32.12,39.83,35.62,33.21,31.93,40.58,44.24,38.01,38.83,39.39,38.55,55.92,96.37
61860,99.02,97.24,31.47,29.33,30.58,30.49,32.12,30.66,31.02,31.93,32.51,32.12,39.83,35.62,33.11,31.93,40.43,44.24,38.01,38.83,39.25,38.55,55.92,95.52
61878,99.02,97.24,31.47,29.33,30.58,30.49,32.12,30.75,31.02,32.03,32.51,32.12,39.98,35.62,33.21,31.93,40.58,44.24,38.01,38.83,39.39,38.55,55.92,95.52
61899,95.52,97.24,31.47,29.33,30.58,30.49,32.03,30.75,31.02,32.03,32.51,32.12,39.83,35.5,33.11,31.93,40.58,44.24,38.14,38.83,39.25,38.55,55.92,95.52
61919,97.24,97.24,31.47,29.33,30.58,30.49,32.12,30.75,31.02,32.03,32.51,32.12,39.83,35.5,33.11,31.93,40.58,44.24,38.01,38.83,39.25,38.41,55.64,95.52
61938,94.68,97.24,31.47,29.33,30.58,30.49,32.03,30.75,31.02,31.93,32.51,32.12,39.83,35.62,33.11,31.93,40.58,44.24,38.01,38.83,39.25,38.55,55.92,96.37
61958,99.02,98.12,31.47,29.25,30.58,30.49,32.03,30.75,31.02,31.84,32.51,32.12,39.83,35.5,33.11,31.93,40.58,44.24,38.01,38.83,39.25,38.55,56.22,96.37
61976,97.24,98.12,31.47,29.33,30.58,30.49,32.03,30.75,31.02,31.84,32.51,32.12,39.83,35.62,33.11,31.93,40.43,44.24,38.01,38.83,39.39,38.55,55.92,95.52
61997,93.05,97.24,31.47,29.33,30.58,30.49,32.03,30.75,30.93,31.84,32.51,32.12,39.83,35.62,33.21,31.93,40.58,44.6,38.01,38.83,39.39,38.55,55.92,95.52
62017,97.24,97.24,31.47,29.33,30.58,30.49,32.03,30.75,31.02,31.93,32.51,32.12,39.98,35.5,33.21,31.93,40.58,44.42,38.01,38.83,39.39,38.55,55.92,95.52
62036,93.05,97.24,31.47,29.25,30.58,30.49,32.03,30.75,31.02,32.03,32.51,32.12,39.83,35.5,33.21,31.93,40.58,44.24,38.01,38.83,39.39,38.55,55.92,95.52
62056,93.05,97.24,31.47,29.33,30.58,30.49,32.03,30.75,30.93,32.03,32.51,32.12,39.83,35.5,33.21,31.93,40.58,44.79,38.01,38.69,39.39,38.55,55.64,95.52
62075,93.05,97.24,31.47,29.33,30.58,30.49,32.81,30.75,31.11,31.93,32.51,32.12,39.83,35.5,33.11,31.93,40.58,44.79,38.01,38.83,39.39,38.41,55.92,95.52
62095,93.05,98.12,31.47,29.33,30.58,30.49,32.81,30.75,30.93,31.93,32.51,32.12,39.83,35.5,33.21,31.93,40.58,44.24,38.01,38.83,39.39,38.55,55.92,95.52
62114,93.86,98.12,31.47,29.33,30.58,30.49,32.12,30.75,30.93,31.93,32.41,32.12,39.83,35.62,33.11,31.93,40.58,44.24,38.01,38.83,39.39,38.55,55.64,94.68
62134,93.86,77.65,31.47,29.33,30.58,30.49,32.71,30.75,30.93,31.93,32.51,32.12,39.83,35.5,33.21,31.93,40.58,44.24,38.01,38.83,39.25,38.55,55.35,93.86
62155,93.86,98.12,31.38,29.33,30.58,30.49,32.81,30.75,31.2,31.93,32.51,32.12,39.83,35.5,33.21,31.93,40.58,44.24,38.14,38.69,39.25,38.55,55.64,95.52
62173,93.86,97.24,31.47,29.33,30.58,30.49,32.71,30.75,31.2,31.93,32.51,32.12,39.83,35.62,33.21,31.93,40.58,44.42,38.14,38.83,39.25,38.69,55.64,95.52
62194,95.52,96.37,31.47,29.33,30.58,30.49,32.71,30.75,31.02,31.93,32.51,32.12,39.83,35.62,33.21,32.03,40.58,44.42,38.01,38.83,39.39,38.55,55.64,95.52
62212,96.37,100.87,31.47,29.33,30.58,30.49,32.71,30.75,31.2,31.93,32.51,32.12,39.83,35.5,33.21,32.03,40.58,44.24,38.01,38.83,39.25,38.55,55.64,96.37
62232,99.94,100.87,31.47,29.33,30.58,30.49,32.71,30.75,30.93,31.93,32.51,32.12,39.83,35.5,33.21,32.03,40.43,44.24,38.01,38.83,39.25,38.55,55.64,96.37
62251,99.94,99.94,31.47,29.33,30.58,30.49,32.71,30.75,30.93,31.93,32.51,32.12,39.83,35.5,33.21,32.03,40.58,44.24,38.01,38.83,39.25,38.55,55.64,95.52
62271,99.94,100.87,31.47,29.33,30.58,30.49,32.71,30.75,30.93,31.93,32.51,32.12,39.83,35.62,33.21,32.03,40.43,44.24,38.01,38.83,39.25,38.55,55.64,96.37
62292,96.37,100.87,31.47,29.33,30.58,30.49,32.71,30.75,30.93,31.93,32.51,32.12,39.83,35.5,33.21,32.03,40.58,44.24,38.01,38.83,39.39,38.55,55.64,96.37
62310,96.37,100.87,31.47,29.33,30.58,30.4,32.71,30.75,30.93,31.93,32.51,32.12,39.68,35.5,33.21,31.93,40.43,44.06,38.01,38.83,39.39,38.55,55.64,95.52
62331,96.37,100.87,31.47,29.33,30.58,30.4,32.71,30.75,30.93,31.93,32.51,32.12,39.83,35.62,33.21,32.03,40.58,44.24,38.01,38.83,39.25,38.55,55.64,96.37
62349,95.52,67.88,31.47,29.33,30.58,30.4,32.71,30.75,30.93,31.93,32.51,32.12,39.68,35.39,33.11,31.93,40.58,44.24,37.87,38.69,39.39,38.55,55.07,95.52
62370,96.37,100.87,43,29.33,30.58,30.4,32.71,30.75,30.93,31.84,32.51,32.12,39.83,35.62,33.21,32.03,40.27,44.06,38.01,38.83,39.25,38.55,55.64,96.37
62390,97.24,100.87,43.7,29.33,30.58,30.4,32.71,30.75,30.93,31.84,32.51,32.12,39.83,35.5,33.21,32.03,40.43,44.06,38.01,38.83,39.25,38.55,55.64,96.37
62409,97.24,101.83,43.88,29.33,30.58,30.4,32.81,30.75,30.93,31.93,32.51,32.12,39.83,35.5,33.21,32.03,40.43,44.06,38.01,38.69,39.39,38.55,55.64,95.52
62429,97.24,99.02,43.88,29.33,30.58,30.4,32.71,30.75,31.11,31.93,32.51,32.12,39.83,35.5,33.21,32.03,40.43,44.06,38.01,38.83,39.25,38.55,55.64,95.52
62448,100.87,100.87,44.06,29.33,30.58,30.4,32.71,30.75,31.2,31.93,32.51,32.12,39.83,35.62,33.21,32.03,40.58,44.06,38.01,38.83,39.25,38.55,55.64,93.86
62468,99.94,90.7,44.06,29.33,30.58,30.4,32.81,30.75,31.2,31.93,32.41,32.12,39.83,35.62,33.21,32.03,40.58,44.24,38.01,38.69,39.25,38.55,55.64,94.68
62486,99.94,101.83,43.88,29.33,30.58,30.4,32.71,30.75,31.02,31.93,32.51,32.12,39.83,35.62,33.11,32.03,40.58,44.06,38.01,38.83,39.39,38.55,55.64,93.86
62507,99.94,101.83,43.7,29.33,30.58,30.4,32.81,30.75,31.2,31.93,32.51,32.12,39.83,35.62,33.21,31.93,40.58,44.06,38.01,38.69,39.25,38.55,55.64,93.86
62527,99.94,101.83,43.35,29.33,30.58,30.4,32.81,30.75,31.2,31.84,32.41,32.12,39.83,35.5,33.21,32.03,40.43,44.06,38.01,38.83,39.39,38.55,55.64,93.86
62546,99.02,101.83,42.49,29.33,30.58,30.4,32.81,30.75,30.93,31.93,32.51,32.12,39.83,35.62,33.21,31.93,40.43,44.06,38.01,38.83,39.39,38.55,55.64,93.86
62566,100.87,101.83,41.67,29.33,30.58,30.4,32.71,30.75,31.2,31.93,32.51,32.12,39.83,35.5,33.11,32.03,40.58,44.06,38.01,38.69,39.25,38.41,55.64,94.68
62585,100.87,101.83,32.41,29.33,30.58,30.32,32.71,30.75,31.11,31.93,32.51,32.12,39.83,35.62,33.21,32.03,40.43,44.06,38.01,38.83,39.39,38.55,55.35,94.68
62605,99.94,101.83,31.29,29.33,30.58,30.32,32.71,30.75,31.2,31.93,32.51,32.12,39.83,35.5,33.21,32.03,40.58,44.06,38.01,38.83,39.39,38.55,55.35,95.52
62624,99.94,101.83,31.38,29.33,30.58,30.32,32.71,30.75,31.2,31.93,32.51,32.03,39.68,35.5,33.21,32.03,40.43,44.06,38.01,38.69,39.39,38.55,55.64,95.52
62644,99.94,101.83,31.29,29.33,30.58,30.32,32.71,30.75,31.2,31.93,32.51,32.12,39.83,35.5,33.21,32.03,40.43,44.06,38.01,38.83,39.25,38.55,55.35,96.37
62665,99.94,100.87,31.29,29.33,30.58,30.32,32.71,30.75,31.2,31.93,32.51,32.12,41.67,35.5,33.21,32.03,40.58,44.06,38.01,38.83,39.25,38.55,55.64,95.52
62683,99.02,101.83,31.38,29.33,30.58,30.32,32.71,30.75,31.2,31.93,32.51,32.12,41.04,35.62,33.21,32.03,40.27,44.06,38.01,38.83,39.39,38.55,55.35,95.52
62704,98.12,101.83,31.38,29.33,30.58,30.4,45.16,30.75,31.2,31.93,32.51,32.12,39.83,35.62,33.21,32.03,40.58,44.06,38.01,38.83,39.25,38.55,55.35,95.52
62722,99.94,101.83,31.38,29.33,30.58,30.4,32.71,30.75,31.2,31.93,32.51,32.12,39.83,35.62,33.21,32.03,40.58,44.06,38.01,38.69,39.25,38.55,55.64,96.37
62742,98.12,101.83,31.38,29.33,30.58,30.32,32.71,30.75,31.2,31.93,32.51,32.12,39.83,35.5,33.21,32.03,40.43,44.06,38.01,38.83,39.39,38.55,55.35,96.37
62763,96.37,101.83,31.38,29.33,30.58,30.32,32.71,30.75,31.2,31.93,32.51,32.12,39.83,35.62,33.21,32.03,40.43,44.06,38.01,38.83,39.25,38.55,55.64,96.37
62781,96.37,100.87,31.38,29.33,30.58,30.32,32.81,30.75,31.2,31.93,32.51,32.12,40.73,35.5,33.21,31.93,40.58,44.06,38.01,38.69,39.39,38.55,55.64,96.37
62802,96.37,100.87,31.47,29.33,30.58,30.4,32.71,30.75,31.2,31.93,32.51,32.12,39.83,35.62,33.21,31.93,40.58,44.06,38.01,38.83,39.39,38.55,55.35,96.37
62820,101.83,101.83,31.47,29.33,30.58,30.4,32.81,30.75,31.2,31.93,32.51,32.12,41.67,35.62,33.21,32.03,40.43,44.06,38.01,38.83,39.39,38.69,55.64,96.37
62841,100.87,100.87,31.38,29.33,30.58,30.4,32.81,30.75,31.2,31.93,32.51,32.12,41.67,35.5,33.21,32.03,40.58,44.06,38.01,38.83,39.25,38.55,55.35,96.37
62859,100.87,99.94,31.38,29.33,30.58,30.4,32.71,30.75,31.2,31.93,32.51,32.12,40.27,35.62,33.21,32.03,40.43,44.06,38.14,38.83,39.39,38.55,55.64,96.37
62880,100.87,99.94,31.38,29.33,30.58,30.4,32.81,30.75,31.2,31.93,32.51,32.12,40.27,35.5,33.11,32.03,40.58,44.06,38.01,38.83,39.39,38.55,55.64,96.37
62900,100.87,99.94,31.65,29.33,30.58,30.4,32.81,30.75,31.2,31.93,32.51,32.12,41.67,35.62,33.21,32.03,40.43,44.06,38.01,38.83,39.39,38.55,55.64,96.37
62921,100.87,99.02,34.71,29.33,30.58,30.4,32.03,30.75,31.2,31.93,32.51,32.12,42,35.5,33.21,31.93,40.58,44.24,38.01,38.83,39.25,38.55,55.64,96.37
62939,99.94,98.12,31.38,29.33,30.58,30.4,32.81,30.75,31.2,31.93,32.51,32.12,42.83,35.62,33.11,31.93,40.43,44.24,38.01,38.69,39.25,38.55,55.64,96.37
62960,99.02,98.12,31.29,29.33,30.58,30.4,32.03,30.75,31.11,31.93,32.51,32.12,41.04,35.5,33.21,31.93,40.58,44.24,38.01,38.69,39.25,38.55,55.64,95.52
62978,97.24,97.24,31.93,29.33,30.58,30.4,32.03,30.75,30.93,31.93,32.51,32.12,39.83,35.5,33.21,31.93,40.43,44.24,38.01,38.83,39.25,38.55,55.64,95.52
62998,98.12,97.24,32.51,29.33,30.58,30.4,32.03,30.75,30.93,31.93,32.51,32.12,39.83,35.5,33.11,31.93,40.58,44.24,38.01,38.83,39.25,38.55,55.64,96.37
63019,98.12,97.24,34.82,29.33,30.58,30.4,32.03,30.75,30.93,32.03,32.51,32.12,41.2,35.5,33.11,31.93,40.58,44.42,38.14,38.83,39.25,38.55,55.64,96.37
63037,93.86,97.24,40.12,29.33,30.58,30.4,32.03,30.75,30.93,32.03,32.51,32.12,39.83,35.5,33.21,31.93,40.27,44.6,38.01,38.83,39.25,38.55,55.64,95.52
63058,93.05,96.37,40.73,29.33,30.58,30.4,32.03,30.75,31.02,32.03,32.51,32.12,39.83,35.5,33.21,31.93,40.58,44.42,38.14,38.69,39.25,38.55,55.64,95.52
63076,93.05,96.37,40.27,29.33,30.58,30.4,32.12,30.75,31.02,32.03,32.51,32.12,39.83,35.5,33.11,31.93,40.58,44.24,38.01,38.83,39.25,38.55,55.07,94.68
63097,91.47,96.37,40.73,29.33,30.58,30.4,32.12,30.75,31.2,32.03,32.51,32.12,39.83,35.5,33.11,31.93,40.58,44.24,38.01,38.69,39.25,38.55,50.44,95.52
63115,91.47,96.37,40.58,29.33,30.58,30.4,32.03,30.75,31.02,32.03,32.51,32.12,46.52,35.5,33.11,31.93,40.43,44.24,38.01,38.83,39.39,38.55,46.13,94.68
63136,93.05,96.37,31.38,29.33,30.58,30.49,32.12,30.75,31.02,32.03,32.51,32.12,45.93,35.5,33.11,31.93,40.58,44.24,38.01,38.83,39.39,38.55,55.64,72.93
63156,97.24,96.37,31.38,29.33,30.58,30.49,32.03,30.75,31.02,32.03,32.51,32.12,45.93,35.5,33.11,31.93,40.43,44.24,38.14,38.83,39.25,38.55,55.64,59.96
63175,96.37,96.37,31.38,29.33,30.58,30.4,32.12,30.75,31.02,31.84,32.51,32.12,45.93,35.5,33.11,31.93,40.58,44.24,38.01,38.83,39.39,38.41,48.62,59.63
63195,96.37,96.37,31.38,29.33,30.58,30.49,32.12,30.75,31.02,31.84,32.51,32.12,45.93,35.62,33.11,31.93,40.43,44.42,38.01,38.83,39.39,38.55,44.6,93.86
63216,98.12,97.24,31.38,29.33,30.58,30.49,32.12,30.66,31.02,31.75,32.51,32.12,45.74,35.62,33.11,31.93,40.58,44.42,38.01,38.83,39.39,38.41,44.6,95.52
63234,98.12,97.24,30.84,29.33,30.58,30.49,32.12,30.66,31.02,31.75,32.51,32.12,39.83,35.62,33.11,31.93,40.58,44.24,38.14,38.83,39.39,38.55,44.6,95.52
63254,98.12,97.24,31.29,29.33,30.58,30.49,36.46,30.66,31.02,31.93,32.51,32.12,39.68,35.62,33.11,31.93,40.58,44.24,38.01,38.83,39.39,38.55,44.6,94.68
63275,99.02,98.12,31.56,29.33,30.58,30.49,32.12,30.66,31.02,31.93,32.51,32.12,39.83,35.62,33.11,31.93,40.58,44.24,38.01,38.83,39.25,38.55,44.79,95.52
63295,99.02,98.12,31.38,29.33,30.58,30.49,32.12,30.66,31.02,31.93,32.51,32.12,39.83,35.62,33.11,31.93,40.58,44.24,38.01,38.83,39.39,38.41,44.79,95.52
63314,93.05,98.12,31.47,29.33,30.58,30.4,32.12,30.66,30.93,31.93,32.51,32.12,39.83,35.5,33.11,31.93,40.58,44.24,38.01,38.83,39.39,38.55,44.79,95.52
63334,93.05,97.24,31.38,29.33,30.58,30.49,32.03,30.66,31.02,31.93,32.51,32.12,39.83,35.62,33.11,31.93,40.58,44.24,38.01,38.83,39.39,38.41,44.79,95.52
63353,93.05,97.24,30.93,29.33,30.58,30.49,32.12,30.66,31.02,31.93,32.51,32.12,39.83,35.5,33.11,31.93,40.58,44.24,38.01,38.83,39.39,38.55,44.79,95.52
63373,99.02,97.24,30.93,29.33,30.58,30.49,32.12,30.66,30.93,32.03,32.51,32.12,39.83,35.62,33.11,31.93,40.58,44.24,38.01,38.83,39.39,38.55,44.79,95.52
63392,99.02,97.24,30.93,29.33,30.58,30.49,32.51,30.66,31.02,31.93,32.51,32.12,39.83,35.62,33.01,31.93,40.58,44.24,38.01,38.83,39.25,38.41,44.79,92.25
63412,98.12,97.24,30.93,29.33,30.58,30.49,32.12,30.66,31.11,31.93,32.51,32.12,39.83,35.62,33.11,31.93,40.58,44.24,38.01,38.83,39.39,38.41,44.79,58.34
63433,97.24,96.37,30.93,29.33,30.58,30.49,32.12,30.66,31.11,31.93,32.51,32.12,39.83,35.62,33.11,31.93,40.43,44.24,38.01,38.83,39.39,38.41,44.97,87.04
63451,97.24,96.37,31.02,29.33,30.58,30.4,32.03,30.66,31.2,31.93,32.51,32.12,39.98,35.5,33.11,31.93,40.58,44.24,37.87,38.83,39.39,38.55,55.35,95.52
63472,99.02,97.24,31.29,29.33,30.58,30.4,32.12,30.66,31.2,31.93,32.51,32.12,39.83,35.62,33.11,31.93,40.58,44.24,38.01,38.83,39.25,38.55,55.64,94.68
63490,99.02,96.37,30.93,29.33,30.58,30.4,32.03,30.66,31.11,31.93,32.51,32.12,39.83,35.62,33.11,31.93,40.58,44.42,38.01,38.83,39.39,38.41,55.64,69.64
63510,98.12,97.24,30.93,29.33,30.58,30.4,32.12,30.66,31.11,31.93,32.51,32.12,39.83,35.62,33.01,31.93,40.58,44.24,38.01,38.83,39.39,38.41,55.92,95.52
63531,99.02,97.24,30.93,29.33,30.58,30.49,32.12,30.66,31.11,31.93,32.51,32.12,39.83,35.62,33.11,31.93,40.58,44.24,38.01,38.83,39.25,38.41,55.92,95.52
63549,99.94,97.24,30.93,29.33,30.58,30.49,32.12,30.66,31.11,31.93,32.51,32.12,39.83,35.62,33.11,31.93,40.58,44.6,38.01,38.83,39.39,38.41,55.92,95.52
63570,99.94,97.24,30.93,29.33,30.58,30.49,32.12,30.66,31.11,31.93,32.51,32.12,39.83,35.74,33.11,31.93,40.58,44.24,38.01,38.83,39.39,38.41,55.92,95.52
63588,99.94,97.24,30.93,29.33,30.58,30.4,32.03,30.66,31.11,31.93,32.51,32.12,39.83,35.74,33.01,31.93,40.58,44.24,38.01,38.83,39.25,38.55,55.92,95.52
