Time_ms,Sensor 1,Sensor 2,Sensor 3,Sensor 4,Sensor 5,Sensor 6,Sensor 7,Sensor 8,Sensor 9,Sensor 10,Sensor 11,Sensor 12,Sensor 13,Sensor 14,Sensor 15,Sensor 16,Sensor 17,Sensor 18,Sensor 19,Sensor 20,Sensor 21,Sensor 22,Sensor 23,Sensor 24
41128,96.37,99.02,33.73,29.49,30.23,30.4,32.61,30.93,31.38,31.47,32.32,31.93,39.25,34.59,32.61,31.29,40.12,45.16,38.83,38.69,40.12,38.41,43.17,90.7
56527,98.12,102.8,31.29,29.41,30.4,30.66,65.42,30.93,31.11,31.84,32.41,32.12,39.11,34.59,32.81,31.75,40.12,46.32,38.41,38.41,39.83,38.69,43.35,86.35
56547,97.24,102.8,31.29,29.41,30.4,30.66,65.02,31.02,31.02,31.84,32.32,32.12,39.11,34.71,32.91,31.75,40.12,46.52,38.27,38.55,39.83,38.69,43.35,70.09
56566,97.24,102.8,31.29,29.41,30.4,30.66,65.02,30.93,31.02,31.84,32.32,32.12,39.25,34.71,32.91,31.75,40.12,46.32,38.27,38.55,39.83,38.69,43.35,72.44
56586,97.24,101.83,31.29,29.41,30.4,30.66,65.02,31.02,31.11,31.84,32.32,32.12,39.25,34.59,32.91,31.75,40.12,46.32,38.41,38.55,39.83,38.69,43.35,73.93
56605,97.24,102.8,31.29,29.41,30.4,30.66,65.02,31.02,31.11,31.84,32.32,32.12,39.25,34.71,32.81,31.65,40.12,46.32,38.41,38.55,39.83,38.69,43.35,74.95
56625,97.24,102.8,31.29,29.41,30.4,30.66,65.02,31.02,31.02,31.84,32.32,32.12,39.25,34.71,32.81,31.65,40.12,46.52,38.41,38.55,39.83,38.69,43.35,77.65
56646,97.24,102.8,31.29,29.41,30.4,30.66,64.63,31.02,31.11,31.84,32.32,32.12,39.25,34.71,32.91,31.65,40.12,46.32,38.41,38.55,39.83,38.69,43.35,90.7
56666,97.24,102.8,31.29,29.41,30.4,30.66,65.02,31.02,31.02,31.84,32.32,32.12,39.25,34.71,32.91,31.75,40.12,46.52,38.41,38.55,39.83,38.69,43.35,81.15
56684,97.24,102.8,31.29,29.41,30.4,30.66,64.63,31.02,31.02,31.84,32.32,32.12,39.25,34.71,32.91,31.75,40.12,46.52,38.41,38.55,39.83,38.69,43.35,81.77
56705,97.24,102.8,31.29,29.41,30.49,30.58,55.64,31.02,31.02,31.84,32.32,32.03,39.25,34.71,32.81,31.75,40.12,46.52,38.41,38.55,39.83,38.69,43.35,90.7
56723,97.24,101.83,31.29,29.41,30.4,30.66,38.41,31.02,31.02,31.84,32.32,32.03,39.25,34.71,32.91,31.75,40.12,46.52,38.41,38.55,39.83,38.69,43.35,90.7
56744,97.24,101.83,31.29,29.41,30.4,30.66,39.25,31.02,31.11,31.84,32.32,32.12,39.25,34.71,32.91,31.75,40.12,46.52,38.41,38.55,39.83,38.69,43.35,89.95
56762,97.24,101.83,31.29,29.41,30.49,30.66,46.13,31.02,31.11,31.84,32.32,32.03,39.11,34.71,32.91,31.75,40.12,46.52,38.41,38.55,39.83,38.55,43.35,90.7
56783,96.37,101.83,31.29,29.41,30.4,30.58,45.93,31.02,31.11,31.84,32.32,32.12,39.11,34.71,32.91,31.75,40.12,46.52,38.41,38.55,39.83,38.69,43.35,90.7
56803,97.24,100.87,31.29,29.41,30.4,30.66,44.06,31.02,31.11,31.84,32.41,32.12,39.11,34.71,32.91,31.75,39.98,46.52,38.41,38.55,39.83,38.69,43.35,90.7
56822,97.24,101.83,31.29,29.41,30.4,30.58,45.74,31.02,31.11,31.84,32.32,32.03,39.11,34.71,32.81,31.75,39.98,46.52,38.27,38.55,39.83,38.69,43.35,89.95
56842,97.24,101.83,31.29,29.41,30.4,30.58,44.79,30.93,31.11,31.84,32.32,32.12,39.11,34.71,32.91,31.75,39.98,46.52,38.41,38.55,39.83,38.69,43.35,90.7
56861,97.24,101.83,31.29,29.41,30.4,30.58,49.29,31.02,31.11,31.84,32.32,32.12,39.11,34.71,32.81,31.65,40.12,46.52,38.41,38.55,39.83,38.69,43.35,90.7
56881,97.24,101.83,31.29,29.41,30.4,30.58,46.73,31.02,31.11,31.84,32.32,32.03,39.11,34.71,32.81,31.75,40.12,46.52,38.41,38.55,39.83,38.69,43.35,90.7
56902,97.24,101.83,31.29,29.33,30.4,30.58,50.44,31.02,31.02,31.84,32.32,32.03,39.11,34.71,32.91,31.75,40.12,46.52,38.41,38.55,39.83,38.69,43.35,89.95
56920,97.24,101.83,31.29,29.41,30.4,30.58,48.84,31.02,31.11,31.84,32.32,32.12,39.11,34.71,32.81,31.75,40.12,46.52,38.41,38.55,39.83,38.69,43.35,90.7
56940,97.24,101.83,31.29,29.41,30.4,30.58,49.74,31.02,31.11,31.84,32.32,32.12,39.25,34.71,32.91,31.65,40.12,46.52,38.41,38.55,39.83,38.69,43.35,89.2
56959,97.24,101.83,31.29,29.41,30.4,30.58,50.91,31.02,31.02,31.84,32.32,32.03,39.25,34.71,32.91,31.75,40.12,46.32,38.41,38.55,39.83,38.69,43.17,89.2
56979,96.37,101.83,31.29,29.41,30.4,30.58,51.4,31.02,31.02,31.84,32.41,32.12,39.25,34.71,32.81,31.75,40.12,46.52,38.41,38.55,39.83,38.69,43.35,89.95
56998,97.24,101.83,31.29,29.41,30.4,30.58,50.44,30.93,31.11,31.84,32.32,32.12,39.25,34.71,32.91,31.75,40.12,46.52,38.41,38.55,39.83,38.69,43.35,89.95
57018,96.37,101.83,31.29,29.41,30.4,30.58,49.51,31.02,31.11,31.84,32.32,32.12,39.25,34.71,32.91,31.65,40.12,46.52,38.41,38.55,39.83,38.69,43.35,89.2
57039,97.24,100.87,31.29,29.41,30.4,30.58,51.64,31.02,31.11,31.84,32.32,32.03,39.11,34.71,32.91,31.75,39.98,46.52,38.41,38.55,39.83,38.69,43.35,89.95
57057,97.24,101.83,31.29,29.41,30.4,30.58,51.15,31.02,31.11,31.84,32.41,32.03,39.11,34.71,32.91,31.75,40.12,46.52,38.41,38.55,39.98,38.69,43.35,89.95
57078,97.24,101.83,31.29,29.41,30.4,30.58,50.91,31.02,31.11,31.84,32.32,32.03,39.11,34.71,32.81,31.75,40.12,46.52,38.41,38.55,39.83,38.69,43.35,89.95
57096,97.24,100.87,31.29,29.41,30.4,30.58,53.43,31.02,31.11,31.84,32.32,32.12,39.11,34.71,32.81,31.75,40.12,46.52,38.41,38.55,39.83,38.69,43.35,89.2
57117,97.24,101.83,31.29,29.41,30.4,30.58,52.91,31.02,31.11,31.84,32.32,32.03,39.11,34.71,32.91,31.75,40.12,46.52,38.41,38.55,39.83,38.69,43.35,90.7
57135,97.24,101.83,31.29,29.41,30.4,30.58,50.2,31.02,31.11,31.84,32.41,32.12,39.11,34.71,32.81,31.75,40.12,46.52,38.41,38.41,39.83,38.69,43.35,89.95
57155,96.37,101.83,31.29,29.41,30.4,30.58,49.97,31.02,31.11,31.84,32.32,32.12,39.11,34.59,32.91,31.65,40.12,46.32,38.27,38.55,39.83,38.69,43.35,90.7
57176,96.37,101.83,31.29,29.41,30.49,30.58,51.15,31.02,31.11,31.84,32.32,32.03,39.11,34.71,32.81,31.65,40.12,46.52,38.41,38.55,39.83,38.69,43.35,89.95
57194,97.24,101.83,31.29,29.41,30.4,30.58,49.97,31.02,31.11,31.84,32.41,32.12,39.11,34.71,32.91,31.75,40.12,46.52,38.41,38.55,39.83,38.69,43.35,89.95
57215,96.37,101.83,31.29,29.41,30.4,30.58,50.91,31.02,31.11,33.21,32.32,32.12,39.11,34.71,32.81,31.65,39.98,46.52,38.41,38.55,39.83,38.69,43.17,90.7
57233,97.24,101.83,31.29,29.41,30.4,30.58,49.51,31.02,31.2,31.93,32.32,32.12,38.97,34.71,32.91,31.75,39.98,46.52,38.41,38.55,39.83,38.69,43.35,90.7
57254,96.37,101.83,31.29,29.41,30.4,30.58,49.51,31.02,31.2,31.84,32.32,32.12,39.11,34.71,32.81,31.65,40.12,46.52,38.41,38.55,39.83,38.69,43.35,90.7
57274,96.37,100.87,31.29,29.41,30.4,30.58,48.4,31.02,31.2,31.84,32.32,32.12,39.11,34.71,32.81,31.75,40.12,46.52,38.41,38.55,39.83,38.69,43.35,90.7
57293,96.37,100.87,31.29,29.41,30.4,30.58,49.97,30.93,31.2,31.84,32.41,32.12,39.11,34.71,32.91,31.65,40.12,46.52,38.41,38.55,39.98,38.69,43.35,90.7
57313,94.68,100.87,31.29,29.41,30.4,30.58,50.2,31.02,31.11,31.84,32.32,32.12,39.11,34.71,32.81,31.75,40.12,46.52,38.41,38.55,39.83,38.69,43.35,90.7
57332,94.68,100.87,31.29,29.41,30.4,30.58,49.74,31.02,31.11,31.84,32.32,32.12,39.11,34.71,32.91,31.75,40.12,46.52,38.41,38.55,39.83,38.69,43.35,90.7
57352,94.68,101.83,31.29,29.41,30.4,30.58,49.74,31.02,31.11,31.84,32.32,32.12,39.11,34.59,32.91,31.75,39.98,46.32,38.41,38.55,39.83,38.69,43.17,90.7
57371,94.68,101.83,31.29,29.41,30.4,30.58,49.29,31.02,31.11,31.84,32.32,32.12,39.25,34.71,32.81,31.75,40.12,46.52,38.27,38.55,39.83,38.69,43.35,90.7
57391,94.68,101.83,31.29,29.41,30.4,30.58,48.4,31.02,31.29,31.84,32.32,32.12,39.25,34.71,32.81,31.75,40.12,46.52,38.41,38.55,39.83,38.69,43.35,90.7
57411,95.52,101.83,31.29,29.41,30.4,30.58,49.06,30.93,31.38,31.84,32.32,32.12,39.25,34.71,32.81,31.65,40.12,46.52,38.41,38.55,39.83,38.55,43.35,90.7
57430,94.68,101.83,31.29,29.41,30.4,30.58,50.2,30.93,31.11,31.84,32.32,32.12,39.25,34.59,32.91,31.75,40.12,46.52,38.41,38.55,39.83,38.55,43.35,90.7
57450,101.83,101.83,31.29,29.41,30.4,30.58,51.89,31.02,31.11,37.35,32.41,32.12,39.25,34.71,32.91,31.75,39.98,46.52,38.41,38.55,39.83,38.69,43.35,90.7
57469,100.87,101.83,31.29,29.41,30.4,30.58,50.67,30.93,31.11,31.84,32.41,32.03,39.25,34.71,32.91,31.75,40.12,46.52,38.41,38.55,39.83,38.69,43.35,89.95
57489,101.83,101.83,31.29,29.41,30.4,30.58,51.15,31.02,31.11,31.84,32.32,32.12,39.39,34.71,32.81,31.75,40.12,46.52,38.41,38.55,39.83,38.69,43.35,90.7
57508,101.83,101.83,31.29,29.41,30.4,30.58,51.4,31.02,31.02,31.84,32.32,32.12,39.39,34.71,32.91,31.75,40.12,46.52,38.41,38.55,39.98,38.69,43.35,91.47
57528,101.83,101.83,31.29,29.41,30.4,30.58,50.44,31.02,31.11,31.84,32.32,32.12,39.39,34.71,32.81,31.75,40.12,46.52,38.41,38.55,39.83,38.69,43.35,90.7
57549,101.83,102.8,31.29,29.41,30.4,30.58,51.15,31.02,31.11,31.84,32.32,32.12,39.25,34.71,32.81,31.75,40.12,46.52,38.41,38.55,39.83,38.69,43.35,89.95
57567,100.87,101.83,31.29,29.41,30.4,30.58,51.4,31.02,31.11,31.84,32.32,32.12,39.25,34.59,32.81,31.75,40.12,46.32,38.41,38.55,39.83,38.69,43.35,90.7
57588,100.87,101.83,31.29,29.41,30.4,30.58,52.65,30.93,31.11,31.84,32.32,32.12,39.25,34.71,32.91,31.75,40.12,46.52,38.41,38.55,39.83,38.69,43.35,91.47
57606,100.87,101.83,31.29,29.41,30.4,30.58,51.64,31.02,31.11,31.84,32.32,32.12,39.25,34.71,32.91,31.75,39.98,46.32,38.41,38.41,39.83,38.69,43.35,91.47
57627,101.83,101.83,31.29,29.41,30.4,30.58,51.4,31.02,31.11,31.84,32.41,32.12,39.25,34.71,32.81,31.75,39.98,46.52,38.41,38.55,39.68,38.69,43.35,91.47
57647,101.83,101.83,31.29,29.41,30.4,30.58,54.24,31.02,31.02,31.84,32.32,32.12,39.25,34.71,32.91,31.75,40.12,46.52,38.27,38.55,39.83,38.69,43.35,90.7
57665,101.83,101.83,31.29,29.41,30.4,30.58,54.79,31.02,31.11,31.84,32.32,32.12,39.25,34.71,32.81,31.75,40.12,46.52,38.41,38.55,39.83,38.69,43.17,90.7
57686,101.83,101.83,31.29,29.41,30.4,30.58,52.14,31.02,31.11,31.84,32.32,32.12,39.25,34.71,32.91,31.75,40.12,46.52,38.41,38.55,39.83,38.69,43.35,89.95
57704,101.83,101.83,31.29,29.41,30.4,30.58,52.4,31.02,31.11,31.84,32.32,32.12,39.25,34.71,32.91,31.75,40.12,46.52,38.41,38.55,39.83,38.69,43.35,91.47
57725,102.8,101.83,31.29,29.41,30.4,30.66,51.89,31.02,31.11,31.84,32.32,32.12,39.25,34.71,32.91,31.75,40.12,46.52,38.41,38.55,39.83,38.69,43.35,91.47
57743,102.8,101.83,31.38,29.41,30.4,30.66,51.64,31.02,31.11,31.84,32.32,32.03,39.25,34.71,32.91,31.75,40.12,46.32,38.41,38.55,39.83,38.69,43.35,91.47
57764,102.8,102.8,31.38,29.41,30.4,30.66,53.17,31.02,31.11,31.84,32.32,32.03,39.25,34.71,32.91,31.75,40.12,46.52,38.41,38.55,39.83,38.69,43.35,90.7
57784,102.8,102.8,31.29,29.41,30.4,30.58,51.64,31.02,31.11,31.84,32.32,32.12,39.25,34.71,32.91,31.65,40.12,46.52,38.41,38.55,39.83,38.69,43.35,90.7
57805,101.83,102.8,31.29,29.41,30.4,30.58,51.64,31.02,31.11,31.84,32.32,32.12,39.39,34.59,32.91,31.75,40.12,46.32,38.41,38.55,39.83,38.69,43.17,91.47
57823,102.8,102.8,31.29,29.41,30.4,30.66,51.89,31.02,31.11,31.84,32.32,32.12,39.11,34.59,32.81,31.75,39.98,46.52,38.41,38.55,39.83,38.69,43.35,91.47
57844,102.8,101.83,31.29,29.41,30.49,30.66,51.15,31.02,31.11,31.84,32.32,32.12,39.11,34.71,32.91,31.75,40.12,46.32,38.41,38.55,39.83,38.55,43.35,91.47
57862,101.83,101.83,31.29,29.41,30.4,30.66,51.64,31.02,31.11,31.84,32.41,32.12,39.25,34.71,32.91,31.75,40.12,46.52,38.41,38.41,39.98,38.69,43.35,91.47
57883,102.8,102.8,31.29,29.41,30.49,30.66,51.4,31.02,31.11,31.84,32.32,32.12,39.25,34.59,32.91,31.75,40.12,46.52,38.41,38.55,39.83,38.69,43.35,91.47
57903,102.8,102.8,31.29,29.41,30.4,30.66,52.14,31.02,31.11,31.84,32.32,32.12,39.25,34.71,32.81,31.75,40.12,46.52,38.41,38.55,39.83,38.69,43.35,91.47
57921,102.8,102.8,31.29,29.41,30.4,30.66,51.64,31.02,31.11,31.84,32.32,32.03,39.25,34.71,32.91,31.75,40.12,46.52,38.41,38.55,39.83,38.69,43.35,91.47
57942,102.8,102.8,31.29,29.41,30.4,30.66,51.64,31.02,31.02,31.84,32.32,32.12,39.25,34.71,32.91,31.75,40.12,46.52,38.41,38.55,39.83,38.69,43.35,91.47
57960,102.8,102.8,31.29,29.41,30.4,30.66,51.64,31.02,31.11,31.84,32.32,32.03,39.25,34.71,32.91,31.75,40.12,46.52,38.41,38.55,39.83,38.69,43.35,90.7
57981,102.8,102.8,31.29,29.41,30.4,30.66,52.14,31.02,31.11,31.84,32.32,32.03,39.25,34.71,32.81,31.75,40.12,46.52,38.41,38.55,39.83,38.69,43.35,91.47
57999,102.8,102.8,31.29,29.41,30.4,30.66,52.14,31.02,31.11,31.84,32.32,32.12,39.25,34.71,32.81,31.75,40.12,46.52,38.41,38.55,39.83,38.69,43.35,91.47
58020,102.8,102.8,31.29,29.41,30.4,30.58,52.65,31.02,31.11,31.84,32.32,32.12,39.25,34.71,32.81,31.65,40.12,46.52,38.41,38.55,39.83,38.69,43.35,91.47
58040,102.8,102.8,31.2,29.41,30.4,30.66,52.91,31.02,31.02,31.84,32.41,32.12,39.25,34.71,32.81,31.75,39.83,46.32,38.41,38.55,39.83,38.69,43.35,90.7
58059,95.52,101.83,31.29,29.41,30.4,30.66,51.89,31.02,31.11,31.84,32.32,32.12,39.25,34.71,32.81,31.75,39.98,46.52,38.41,38.55,39.83,38.69,43.35,91.47
58079,96.37,102.8,31.29,29.41,30.4,30.66,52.14,31.02,31.02,31.84,32.41,32.12,39.39,34.71,32.81,31.75,40.12,46.52,38.41,38.55,39.83,38.69,43.35,90.7
58098,95.52,101.83,31.29,29.41,30.4,30.66,52.4,31.02,31.02,31.84,32.32,32.03,39.25,34.71,32.81,31.75,40.12,46.52,38.41,38.55,39.83,38.69,43.35,90.7
58118,95.52,101.83,31.29,29.41,30.4,30.58,51.89,31.02,31.02,31.84,32.32,32.12,39.25,34.59,32.91,31.75,40.12,46.52,38.41,38.55,39.83,38.55,43.35,90.7
58139,95.52,101.83,31.29,29.41,30.4,30.58,51.15,31.02,31.11,31.84,32.32,32.03,39.25,34.71,32.81,31.75,40.12,46.32,38.41,38.55,39.83,38.69,43.35,90.7
58159,95.52,101.83,31.29,29.41,30.4,30.66,50.91,31.02,31.02,31.84,32.32,32.12,39.39,34.71,32.91,31.75,40.12,46.52,38.41,38.55,39.83,38.69,43.35,90.7
58177,95.52,101.83,31.29,29.41,30.49,30.58,51.89,31.02,31.11,31.84,32.32,32.12,39.11,34.71,32.91,31.75,40.12,46.52,38.41,38.55,39.83,38.69,43.35,90.7
58198,95.52,101.83,31.29,29.41,30.4,30.58,52.65,31.02,31.02,31.84,32.41,32.03,39.25,34.71,32.91,31.75,40.12,46.52,38.41,38.55,39.83,38.69,43.35,90.7
58216,95.52,101.83,31.29,29.41,30.4,30.58,52.4,30.93,31.11,31.84,32.32,32.03,39.25,34.71,32.81,31.75,40.12,46.52,38.41,38.55,39.83,38.69,43.35,90.7
58237,95.52,101.83,31.29,29.41,30.49,30.58,52.91,31.02,31.02,31.84,32.32,32.12,39.11,34.71,32.81,31.75,40.12,46.52,38.27,38.55,39.83,38.69,43.35,90.7
58255,95.52,101.83,31.29,29.41,30.4,30.58,52.4,31.02,31.02,31.84,32.32,32.03,39.25,34.71,32.81,31.75,40.12,46.32,38.41,38.55,39.83,38.69,43.35,90.7
58276,95.52,101.83,31.29,29.41,30.4,30.58,50.91,31.02,31.02,31.84,32.32,32.12,39.25,34.71,32.91,31.75,40.12,46.52,38.41,38.55,39.83,38.69,43.35,90.7
58296,94.68,101.83,31.29,29.41,30.4,30.58,53.17,31.02,31.02,31.84,32.32,32.12,39.25,34.59,32.81,31.75,40.12,46.32,38.41,38.55,39.83,38.69,43.35,91.47
58315,102.8,101.83,31.29,29.41,30.4,30.58,49.97,31.02,31.02,31.84,32.32,32.12,39.25,34.59,32.91,31.75,40.12,46.32,38.41,38.41,39.83,38.69,43.35,90.7
58335,101.83,101.83,31.29,29.41,30.4,30.58,49.97,31.02,31.02,31.84,32.32,32.12,39.25,34.71,32.81,31.75,40.12,46.52,38.41,38.55,39.83,38.69,43.35,91.47
58354,101.83,101.83,31.29,29.41,30.4,30.58,49.97,31.02,31.02,31.84,32.32,32.12,39.25,34.71,32.81,31.75,40.12,46.52,38.41,38.55,39.83,38.69,43.35,91.47
58374,102.8,101.83,31.29,29.41,30.4,30.58,46.73,31.02,31.02,31.84,32.32,32.03,39.25,34.71,32.91,31.75,40.12,46.32,38.41,38.55,39.83,38.69,43.35,91.47
58392,102.8,101.83,31.29,29.41,30.4,30.58,44.79,31.02,31.02,31.84,32.32,32.12,39.39,34.71,32.91,31.75,40.12,46.52,38.41,38.55,39.83,38.69,43.35,91.47
58413,102.8,101.83,31.29,29.41,30.4,30.58,42.66,31.02,31.02,31.84,32.41,32.12,39.39,34.71,32.91,31.75,40.12,46.32,38.41,38.55,39.83,38.69,43.35,91.47
58433,102.8,101.83,31.29,29.41,30.4,30.58,44.97,31.02,31.02,31.84,32.32,32.12,39.25,34.71,32.81,31.75,40.12,46.52,38.41,38.55,39.83,38.69,43.35,91.47
58452,102.8,101.83,31.29,29.41,30.4,30.58,36.71,31.02,31.02,31.84,32.32,32.03,39.25,34.71,32.91,31.75,40.12,46.32,38.41,38.55,39.83,38.69,43.35,91.47
58472,102.8,101.83,31.29,29.41,30.49,30.58,33.52,31.02,31.02,31.84,32.32,32.03,39.39,34.59,32.81,31.75,40.12,46.32,38.41,38.55,39.83,38.55,43.35,90.7
58491,102.8,101.83,31.29,29.41,30.4,30.58,32.91,31.02,31.02,31.84,32.32,32.12,39.39,34.71,32.91,31.75,40.12,46.32,38.41,38.55,39.83,38.69,43.35,91.47
58511,101.83,101.83,31.29,29.41,30.4,30.58,65.42,31.02,31.02,31.84,32.32,32.12,39.25,34.71,32.91,31.75,40.12,46.32,38.41,38.55,39.83,38.69,43.35,90.7
58532,101.83,100.87,31.38,29.41,30.49,30.58,36.34,31.02,31.02,31.84,32.32,32.12,39.25,34.71,32.91,31.75,40.12,46.32,38.41,38.55,39.83,38.69,43.35,91.47
58550,100.87,100.87,31.38,29.41,30.4,30.58,48.4,31.02,31.02,31.84,32.32,32.12,39.25,34.71,32.91,31.75,40.12,46.32,38.41,38.55,39.83,38.69,43.35,91.47
58571,102.8,101.83,31.29,29.41,30.4,30.58,57.11,31.02,31.02,31.84,32.32,32.03,39.25,34.71,32.91,31.75,40.12,46.32,38.41,38.41,39.83,38.55,43.35,91.47
58589,102.8,101.83,31.29,29.41,30.4,30.58,57.11,31.02,31.02,31.84,32.41,32.12,39.25,34.71,32.91,31.75,40.12,46.32,38.41,38.55,39.83,38.69,43.35,91.47
58610,102.8,101.83,31.29,29.41,30.4,30.58,59.96,31.02,31.02,31.84,32.32,32.12,39.39,34.59,32.91,31.75,40.12,46.32,38.41,38.55,39.83,38.55,43.35,91.47
58628,102.8,102.8,31.2,29.41,30.4,30.58,59.31,31.02,31.02,31.84,32.32,32.12,39.39,34.71,32.91,31.75,40.12,46.32,38.41,38.55,39.83,38.69,43.35,91.47
58648,102.8,101.83,31.29,29.41,30.49,30.58,59.63,31.02,31.02,31.84,32.41,32.03,39.39,34.71,32.91,31.75,40.12,46.32,38.41,38.55,39.83,38.69,43.35,91.47
58669,102.8,101.83,31.29,29.41,30.4,30.58,59.96,31.02,31.02,31.84,32.32,32.12,39.39,34.71,32.91,31.75,40.12,46.32,38.41,38.55,39.83,38.69,43.35,91.47
58687,102.8,101.83,31.29,29.41,30.49,30.66,60.3,31.02,31.02,31.84,32.32,32.03,39.39,34.71,32.91,31.75,40.12,46.32,38.27,38.55,39.98,38.69,43.35,91.47
58708,102.8,101.83,31.29,29.41,30.49,30.58,60.3,31.02,31.11,31.84,32.32,32.12,39.39,34.71,32.81,31.75,40.12,46.52,38.41,38.55,39.83,38.69,43.35,91.47
58726,102.8,101.83,31.29,29.41,30.49,30.58,60.3,31.02,31.02,31.84,32.32,32.12,39.39,34.71,32.91,31.75,40.12,46.52,38.41,38.55,39.83,38.69,43.35,91.47
58747,102.8,101.83,31.29,29.41,30.4,30.58,60.3,31.02,31.11,31.84,32.32,32.12,39.39,34.71,32.91,31.75,40.12,46.32,38.41,38.55,39.83,38.55,43.35,91.47
58765,102.8,101.83,31.29,29.41,30.4,30.58,59.96,31.02,31.11,31.84,32.32,32.03,39.39,34.71,32.81,31.75,40.12,46.52,38.27,38.55,39.83,38.69,43.35,91.47
58786,102.8,101.83,31.2,29.41,30.4,30.58,60.3,31.02,31.11,31.84,32.32,32.12,39.39,34.71,32.91,31.75,40.12,46.32,38.41,38.55,39.83,38.69,43.35,91.47
58806,102.8,102.8,31.29,29.41,30.4,30.58,60.3,31.02,31.11,31.84,32.41,32.12,39.25,34.71,32.91,31.75,40.12,46.32,38.27,38.55,39.83,38.69,43.35,91.47
58825,102.8,101.83,31.29,29.41,30.4,30.58,60.64,31.02,31.02,31.84,32.32,32.12,39.39,34.71,32.91,31.75,40.12,46.52,38.41,38.55,39.68,38.55,43.35,92.25
58845,102.8,102.8,31.29,29.41,30.4,30.58,60.64,31.02,31.02,31.84,32.32,32.12,39.25,34.71,32.81,31.75,40.12,46.52,38.41,38.55,39.83,38.69,43.35,91.47
58864,102.8,101.83,31.29,29.41,30.4,30.58,60.64,31.02,31.02,31.84,32.32,32.12,39.25,34.71,32.81,31.75,40.12,46.32,38.41,38.55,39.83,38.69,43.35,91.47
58884,101.83,101.83,31.29,29.41,30.4,30.58,60.64,31.02,31.11,31.84,32.32,32.12,39.25,34.71,32.81,31.65,40.12,46.32,38.41,38.55,39.98,38.69,43.35,91.47
58902,102.8,101.83,31.29,29.41,30.4,30.58,60.64,31.02,31.11,31.84,32.32,32.03,39.25,34.71,32.91,31.75,40.12,46.32,38.41,38.55,39.83,38.69,43.35,89.95
58923,101.83,101.83,31.29,29.41,30.4,30.58,60.64,31.02,31.11,31.84,32.32,32.12,39.25,34.71,32.81,31.75,40.12,46.32,38.41,38.55,39.83,38.55,43.35,91.47
58943,102.8,101.83,31.29,29.41,30.49,30.58,60.3,31.02,31.02,31.84,32.32,32.03,39.25,34.71,32.91,31.75,40.12,46.32,38.41,38.55,39.83,38.69,43.35,91.47
58962,102.8,101.83,31.29,29.41,30.4,30.58,60.64,31.02,31.02,31.84,32.32,32.03,39.25,34.71,32.91,31.75,40.12,46.32,38.41,38.55,39.83,38.69,43.35,91.47
58982,102.8,101.83,31.47,29.41,30.49,30.58,60.64,31.02,31.02,31.84,32.32,32.12,39.25,34.71,32.91,31.75,40.12,46.13,38.41,38.55,39.83,38.69,43.35,91.47
59001,102.8,101.83,32.03,29.41,30.4,30.58,60.3,31.02,31.11,31.84,32.32,32.12,39.11,34.71,32.91,31.75,40.12,46.52,38.41,38.55,39.83,38.69,43.35,91.47
59021,102.8,101.83,31.29,29.41,30.4,30.58,60.64,31.02,31.02,31.84,32.32,32.12,39.11,34.71,32.91,31.75,39.98,46.52,38.41,38.55,39.83,38.69,43.35,91.47
59042,102.8,101.83,31.29,29.41,30.4,30.58,60.64,31.02,31.11,31.84,32.32,32.12,39.11,34.71,32.81,31.75,40.12,46.52,38.41,38.55,39.83,38.69,43.35,91.47
59060,102.8,101.83,31.29,29.41,30.4,30.58,60.3,31.02,31.11,31.84,32.32,32.12,38.97,34.71,32.91,31.75,40.12,46.52,38.41,38.55,39.83,38.69,43.35,91.47
59081,103.78,101.83,31.29,29.41,30.4,30.58,60.3,31.02,31.11,31.84,32.32,32.12,39.11,34.71,32.81,31.75,40.12,46.32,38.41,38.55,39.83,38.69,43.35,91.47
59099,102.8,101.83,31.29,29.41,30.4,30.58,60.3,31.02,31.11,31.84,32.32,32.03,39.11,34.71,32.91,31.75,40.12,46.32,38.41,38.55,39.83,38.69,43.35,91.47
59120,102.8,101.83,31.29,29.41,30.4,30.58,60.3,31.02,31.11,31.84,32.32,32.12,39.25,34.59,32.81,31.75,40.12,46.32,38.41,38.55,39.83,38.69,43.35,91.47
59140,102.8,101.83,31.29,29.41,30.4,30.58,60.64,31.02,31.11,31.84,32.32,32.12,39.25,34.71,32.81,31.75,40.12,46.32,38.41,38.55,39.83,38.69,43.35,90.7
59160,103.78,102.8,31.29,29.41,30.4,30.58,60.3,31.02,31.11,31.84,32.32,32.12,39.25,34.71,32.81,31.75,39.68,46.32,38.41,38.55,39.83,38.69,43.35,91.47
59179,103.78,101.83,31.29,29.41,30.4,30.58,60.3,31.02,31.11,31.84,32.32,32.12,39.25,34.71,32.81,31.65,40.12,46.52,38.41,38.55,39.83,38.69,43.35,91.47
59199,103.78,102.8,31.29,29.41,30.4,30.58,60.3,31.02,31.11,31.84,32.32,32.12,39.11,34.71,32.91,31.75,40.12,46.32,38.41,38.55,39.83,38.69,43.35,91.47
59218,103.78,101.83,31.29,29.41,30.49,30.58,60.64,31.02,31.11,31.84,32.32,32.12,39.11,34.71,32.81,31.75,39.98,46.52,38.41,38.69,39.83,38.69,43.35,91.47
59238,102.8,101.83,31.29,29.41,30.4,30.58,60.98,31.02,31.11,31.84,32.32,32.12,39.25,34.71,32.81,31.75,40.12,46.52,38.27,38.55,39.83,38.69,43.35,91.47
59257,102.8,101.83,31.29,29.41,30.4,30.58,60.64,31.02,31.11,31.84,32.32,32.12,39.25,34.71,32.81,31.65,39.98,46.32,38.41,38.55,39.83,38.69,43.35,91.47
59277,103.78,101.83,31.29,29.41,30.4,30.58,60.64,31.02,31.11,31.84,32.32,32.12,39.25,34.71,32.81,31.75,39.83,46.52,38.41,38.55,39.83,38.69,43.35,91.47
59298,102.8,101.83,31.29,29.41,30.4,30.58,60.64,31.02,31.11,31.84,32.32,32.12,39.25,34.71,32.81,31.75,40.12,46.32,38.41,38.55,39.83,38.69,43.17,91.47
59316,102.8,101.83,31.29,29.41,30.4,30.58,60.98,31.02,31.11,31.84,32.32,32.03,39.25,34.71,32.81,31.75,39.68,46.52,38.41,38.55,39.83,38.69,43.35,91.47
59337,102.8,101.83,31.29,29.41,30.4,30.58,61.68,31.02,31.11,31.84,32.32,32.12,39.25,34.59,32.81,31.75,40.12,46.52,38.41,38.55,39.83,38.69,43.35,91.47
59355,104.79,101.83,31.2,29.41,30.4,30.49,61.68,31.02,31.11,31.84,32.32,32.12,40.43,34.71,32.81,31.75,40.12,46.32,38.41,38.55,39.83,38.69,43.35,91.47
59376,104.79,101.83,31.2,29.41,30.4,30.58,61.33,31.02,31.11,31.84,32.32,32.12,44.97,34.71,32.91,31.75,40.12,46.52,38.41,38.55,39.83,38.69,43.35,91.47
59394,105.82,100.87,31.2,29.41,30.4,30.49,61.33,31.02,31.11,31.84,32.32,32.12,39.25,34.71,32.81,31.75,40.12,46.52,38.41,38.55,39.83,38.69,43.35,91.47
59414,104.79,100.87,31.29,29.41,30.4,30.58,61.68,31.02,31.11,31.84,32.32,32.03,39.25,34.71,32.81,31.75,40.12,46.32,38.41,38.55,39.83,38.69,43.35,91.47
59435,105.82,100.87,31.29,29.41,30.4,30.58,61.68,31.02,31.11,31.84,32.32,32.12,39.25,34.71,32.81,31.75,40.12,46.52,38.41,38.55,39.83,38.69,43.35,91.47
59453,105.82,100.87,31.29,29.41,30.4,30.58,61.68,31.02,31.11,31.93,32.32,32.12,39.25,34.71,32.81,31.65,40.12,46.32,38.41,38.55,39.83,38.69,43.35,91.47
59474,105.82,100.87,31.29,29.41,30.49,30.58,61.68,31.02,31.11,31.84,32.32,32.12,39.25,34.71,32.81,31.75,40.12,46.32,38.27,38.55,39.83,38.69,43.35,91.47
59492,105.82,100.87,31.29,29.41,30.49,30.58,61.68,31.02,31.11,31.84,32.32,32.12,39.11,34.82,32.81,31.75,40.12,46.52,38.41,38.55,39.83,38.69,43.35,91.47
59513,106.87,100.87,31.29,29.41,30.49,30.58,61.68,31.02,31.11,31.84,32.32,32.03,39.11,34.82,32.81,31.75,40.12,46.32,38.41,38.55,39.83,38.69,43.35,91.47
59531,105.82,100.87,31.29,29.41,30.4,30.58,62.03,31.02,31.11,31.84,32.32,32.12,39.25,34.71,32.81,31.65,40.12,46.32,38.41,38.55,39.83,38.69,43.35,91.47
59552,105.82,100.87,31.29,29.41,30.4,30.58,62.03,31.02,31.11,31.84,32.32,32.03,39.25,34.71,32.81,31.65,40.12,46.32,38.27,38.55,39.83,38.69,43.35,90.7
59572,106.87,100.87,31.29,29.41,30.4,30.58,62.03,31.02,31.11,31.84,32.32,32.12,39.11,34.82,32.81,31.65,40.12,46.52,38.41,38.55,39.83,38.69,43.35,91.47
59591,106.87,100.87,31.29,29.41,30.4,30.58,62.03,31.02,31.02,31.84,32.32,32.12,39.11,34.82,32.81,31.75,39.98,46.52,38.41,38.55,39.83,38.69,43.17,91.47
59611,106.87,100.87,31.29,29.41,30.4,30.58,62.03,31.02,31.11,31.84,32.32,32.12,39.11,34.71,32.81,31.65,40.12,46.32,38.41,38.55,39.83,38.69,43.35,90.7
59629,106.87,100.87,31.29,29.41,30.4,30.58,62.03,31.02,31.02,31.84,32.32,32.12,39.11,34.82,32.81,31.75,40.12,46.52,38.41,38.55,39.68,38.69,43.17,91.47
59650,106.87,100.87,31.29,29.41,30.4,30.58,62.03,31.02,31.02,31.84,32.32,32.03,39.25,34.82,32.81,31.75,40.12,46.32,38.41,38.55,39.83,38.69,43.35,91.47
59668,106.87,100.87,31.29,29.41,30.4,30.58,62.39,31.02,31.11,31.84,32.32,32.12,39.11,34.71,32.81,31.75,40.12,46.52,38.41,38.55,39.83,38.69,43.35,90.7
59691,106.87,100.87,31.29,29.41,30.4,30.49,61.68,31.02,31.02,31.84,32.32,32.12,39.25,34.71,32.81,31.75,40.12,46.32,38.41,38.55,39.83,38.69,43.35,91.47
59709,106.87,100.87,31.29,29.41,30.4,30.49,61.68,31.02,31.11,31.84,32.32,32.12,39.25,34.71,32.81,31.75,40.12,46.32,38.41,38.55,39.83,38.69,43.35,91.47
59730,106.87,100.87,31.29,29.41,30.4,30.58,62.03,31.02,31.02,31.84,32.32,32.12,39.11,34.71,32.81,31.75,39.98,46.52,38.41,38.55,39.83,38.69,43.35,87.75
59748,106.87,100.87,31.29,29.41,30.4,30.58,62.03,31.02,31.11,31.84,32.32,32.12,39.25,34.71,32.81,31.65,40.12,46.52,38.41,38.55,39.83,38.69,43.35,90.7
59769,106.87,100.87,31.29,29.41,30.4,30.58,62.03,31.02,31.02,31.84,32.32,32.03,39.25,34.82,32.81,31.75,40.12,46.32,38.41,38.55,39.83,38.69,43.35,90.7
59787,105.82,100.87,31.29,29.41,30.4,30.58,61.68,31.02,31.02,31.84,32.41,32.12,39.25,34.71,32.81,31.75,40.12,46.52,38.41,38.41,39.83,38.69,43.35,89.95
59808,106.87,99.94,31.29,29.41,30.4,30.58,56.51,31.02,31.02,31.84,32.32,32.03,39.25,34.82,32.81,31.65,40.12,46.52,38.41,38.55,39.83,38.69,43.35,91.47
59828,105.82,100.87,31.29,29.41,30.49,30.58,43.17,31.02,31.11,31.84,32.32,32.12,39.25,34.82,32.91,31.75,40.12,46.32,38.41,38.55,39.83,38.69,43.35,91.47
59847,105.82,100.87,31.29,29.41,30.4,30.58,50.2,31.02,31.11,31.93,32.32,32.12,39.25,34.82,32.81,31.75,40.12,46.52,38.41,38.55,39.83,38.69,43.35,91.47
59867,105.82,100.87,31.29,29.41,30.4,30.58,51.4,31.02,31.11,31.84,32.41,32.03,39.25,34.82,32.91,31.75,40.12,46.32,38.41,38.55,39.83,38.69,43.35,91.47
59885,106.87,101.83,31.29,29.41,30.4,30.58,52.91,31.02,31.11,31.84,32.32,32.03,39.25,34.82,32.81,31.65,40.12,46.52,38.41,38.55,39.83,38.69,43.35,91.47
59906,106.87,101.83,31.29,29.41,30.4,30.58,52.4,31.02,31.11,31.84,32.32,32.03,39.25,34.71,32.81,31.65,39.98,46.32,38.41,38.55,39.83,38.69,43.35,91.47
59924,106.87,101.83,31.29,29.41,30.4,30.58,53.7,31.02,31.11,31.84,32.41,32.12,39.11,34.82,32.81,31.65,40.12,46.52,38.41,38.55,39.83,38.69,43.35,91.47
59945,106.87,101.83,31.29,29.41,30.4,30.58,59.63,31.02,31.02,31.84,32.32,32.12,39.25,34.82,32.81,31.75,40.12,46.52,38.41,38.55,39.83,38.69,43.35,91.47
59965,106.87,101.83,31.29,29.41,30.4,30.58,53.97,31.02,31.11,31.84,32.32,32.12,39.11,34.82,32.81,31.75,40.12,46.32,38.41,38.55,39.83,38.69,43.35,90.7
59984,106.87,101.83,31.29,29.41,30.4,30.58,54.51,31.02,31.11,31.84,32.32,32.12,39.25,34.82,32.81,31.75,40.12,46.32,38.41,38.55,39.83,38.69,43.35,91.47
60004,106.87,101.83,31.29,29.41,30.4,30.58,55.07,31.02,31.11,31.84,32.32,32.12,39.11,34.82,32.81,31.75,40.12,46.32,38.41,38.55,39.83,38.69,43.17,91.47
60023,106.87,102.8,31.29,29.41,30.4,30.58,60.64,31.02,31.11,31.84,32.32,32.12,39.11,34.82,32.81,31.75,40.12,46.32,38.41,38.55,39.83,38.69,43.35,91.47
60043,106.87,101.83,31.38,29.41,30.49,30.66,60.3,31.02,31.02,31.84,32.32,32.03,39.68,34.82,32.81,31.75,40.12,46.32,38.41,38.55,39.83,38.69,43.35,91.47
60064,106.87,102.8,31.29,29.41,30.4,30.66,60.3,31.02,31.11,31.84,32.32,32.12,39.11,34.82,32.81,31.75,40.12,46.32,38.41,38.55,39.83,38.69,43.35,90.7
60082,107.94,102.8,31.29,29.41,30.4,30.58,59.63,31.02,31.02,31.84,32.32,32.12,39.11,34.71,32.81,31.75,40.12,46.32,38.41,38.55,39.83,38.69,43.35,91.47
60103,107.94,102.8,31.29,29.41,30.4,30.58,59.31,31.02,31.11,31.84,32.32,32.12,39.11,34.82,32.81,31.75,40.12,46.52,38.41,38.55,39.83,38.69,43.17,91.47
60121,107.94,102.8,31.29,29.41,30.4,30.66,59.63,31.02,31.11,31.84,32.32,32.03,39.11,34.82,32.91,31.75,40.12,46.52,38.41,38.55,39.83,38.69,43.35,90.7
60141,106.87,102.8,31.29,29.41,30.4,30.66,59.96,31.02,31.11,31.84,32.32,32.12,39.25,34.82,32.81,31.75,40.12,46.52,38.41,38.55,39.83,38.69,43.35,90.7
60160,106.87,101.83,31.29,29.41,30.4,30.66,51.89,31.02,31.11,31.84,32.32,32.12,39.11,34.82,32.81,31.75,40.12,46.52,38.41,38.55,39.83,38.69,43.35,90.7
60180,106.87,101.83,31.29,29.41,30.4,30.66,52.14,31.02,31.11,31.84,32.32,32.12,39.25,34.82,32.81,31.75,40.12,46.52,38.41,38.55,39.83,38.69,43.17,90.7
60201,106.87,102.8,31.29,29.41,30.4,30.66,47.34,31.02,31.11,31.84,32.41,32.12,39.11,34.82,32.81,31.75,40.12,46.32,38.41,38.55,39.83,38.69,43.35,90.7
60219,105.82,102.8,31.29,29.41,30.4,30.66,46.32,31.02,31.11,31.84,32.32,32.12,39.11,34.82,32.91,31.65,40.12,46.52,38.41,38.55,39.83,38.69,43.35,89.95
60240,106.87,101.83,36.34,29.41,30.4,30.66,42.66,31.02,31.11,31.84,32.41,32.12,39.11,34.82,32.81,31.75,40.12,46.52,38.41,38.55,39.83,38.69,43.35,89.2
60258,106.87,102.8,31.38,29.41,30.49,30.66,45.35,31.02,31.11,31.84,32.32,32.12,39.11,34.82,32.91,31.75,40.12,46.52,38.41,38.55,39.98,38.69,43.35,89.95
60279,107.94,102.8,31.29,29.41,30.4,30.66,42.16,31.02,31.11,31.84,32.32,32.12,39.11,34.82,32.91,31.75,40.12,46.52,38.41,38.55,39.83,38.69,43.35,90.7
60297,107.94,102.8,31.29,29.41,30.4,30.66,47.55,31.02,31.11,31.84,32.32,32.12,39.11,34.82,32.91,31.75,40.12,46.52,38.41,38.55,39.83,38.69,43.35,89.95
60318,107.94,102.8,31.38,29.41,30.4,30.66,47.76,31.02,31.11,31.84,32.32,32.12,39.11,34.82,32.81,31.75,40.12,46.32,38.41,38.55,39.98,38.69,43.35,90.7
60338,107.94,102.8,31.29,29.41,30.4,30.66,44.42,31.02,31.11,31.84,32.41,32.12,39.11,34.82,32.91,31.75,40.12,46.52,38.41,38.55,39.83,38.69,43.35,90.7
60357,106.87,102.8,31.29,29.41,30.4,30.66,48.19,31.02,31.11,31.84,32.32,32.12,39.11,34.82,32.81,31.75,40.12,46.52,38.41,38.55,39.83,38.69,43.35,90.7
60377,107.94,102.8,31.29,29.41,30.4,30.66,45.35,31.02,31.11,31.84,32.32,32.12,39.11,34.82,32.91,31.75,40.12,46.32,38.41,38.55,39.83,38.69,43.35,90.7
60395,107.94,102.8,31.29,29.41,30.4,30.66,49.06,31.02,31.11,31.93,32.32,32.12,39.11,34.82,32.91,31.75,40.12,46.52,38.41,38.55,39.83,38.69,43.35,90.7
60416,107.94,102.8,31.29,29.41,30.4,30.66,45.35,31.02,31.02,31.93,32.32,32.03,39.11,34.71,32.91,31.75,40.12,46.52,38.41,38.55,39.83,38.69,43.35,90.7
60436,106.87,102.8,31.29,29.41,30.49,30.66,47.55,31.02,31.11,31.93,32.41,32.12,39.11,34.82,32.91,31.75,40.12,46.52,38.41,38.55,39.83,38.55,43.35,90.7
60455,106.87,102.8,31.29,29.41,30.4,30.66,47.55,31.02,31.11,31.93,32.32,32.12,39.11,34.82,32.91,31.75,40.12,46.52,38.41,38.55,39.98,38.69,43.35,90.7
60475,107.94,102.8,31.29,29.41,30.4,30.66,46.73,31.02,31.11,31.93,32.32,32.12,39.11,34.82,32.81,31.75,40.12,46.73,38.41,38.55,39.83,38.69,43.35,90.7
60494,106.87,102.8,31.29,29.41,30.4,30.66,47.34,31.02,31.11,31.93,32.32,32.12,39.11,34.82,32.91,31.75,40.12,46.73,38.41,38.55,39.83,38.69,43.35,90.7
60514,107.94,102.8,31.29,29.41,30.4,30.66,47.55,31.02,31.11,31.84,32.41,32.12,39.11,34.82,32.91,31.65,40.12,46.73,38.41,38.55,39.83,38.69,43.35,90.7
60533,107.94,102.8,31.29,29.41,30.4,30.66,48.84,31.02,31.11,31.93,32.32,32.12,39.11,34.82,32.91,31.75,40.12,46.93,38.41,38.41,39.98,38.69,43.35,90.7
60553,107.94,102.8,31.29,29.41,30.4,30.58,49.74,31.02,31.02,31.93,32.32,32.12,39.11,34.82,32.91,31.75,40.12,46.93,38.41,38.55,39.83,38.69,43.35,90.7
60574,107.94,102.8,31.29,29.41,30.4,30.66,47.34,31.02,31.11,31.93,32.32,32.12,39.11,34.82,32.91,31.75,39.98,46.93,38.41,38.55,39.98,38.69,43.17,90.7
60592,107.94,102.8,31.29,29.41,30.4,30.66,48.62,31.02,31.02,31.93,32.32,32.12,38.97,34.71,32.91,31.75,40.12,46.93,38.41,38.55,39.83,38.55,43.35,90.7
60613,106.87,102.8,31.29,29.41,30.4,30.66,48.62,31.02,31.11,31.93,32.32,32.03,39.11,34.82,32.91,31.65,40.12,46.93,38.41,38.55,39.83,38.69,43.35,89.95
60631,106.87,102.8,31.29,29.41,30.4,30.66,47.76,31.02,31.11,31.93,32.32,32.12,39.25,34.82,32.91,31.75,40.12,46.73,38.41,38.55,39.98,38.69,43.35,90.7
60651,107.94,102.8,31.29,29.41,30.49,30.66,47.55,31.02,31.11,31.93,32.32,32.03,39.11,34.82,32.91,31.75,39.98,46.93,38.41,38.55,39.98,38.69,43.35,90.7
60670,107.94,102.8,31.29,29.41,30.4,30.66,47.34,31.02,31.11,31.93,32.32,32.12,38.97,34.82,32.91,31.75,40.12,46.93,38.41,38.55,39.83,38.69,43.35,90.7
60690,106.87,102.8,31.29,29.41,30.4,30.66,48.84,31.02,31.11,31.93,32.32,32.12,39.11,34.82,32.81,31.75,40.12,46.93,38.41,38.55,39.83,38.69,43.35,90.7
60711,107.94,102.8,31.29,29.41,30.4,30.66,46.93,31.02,31.11,31.84,32.32,32.12,39.25,34.82,32.91,31.75,40.12,46.93,38.41,38.55,39.83,38.69,43.35,90.7
60729,107.94,102.8,31.38,29.41,30.4,30.58,49.51,31.02,31.02,31.84,32.32,32.12,39.25,34.82,32.91,31.75,40.12,46.93,38.41,38.55,39.83,38.69,43.35,91.47
60750,106.87,101.83,31.29,29.41,30.4,30.66,48.19,31.02,31.11,31.84,32.32,32.12,39.25,34.82,32.91,31.65,40.12,46.73,38.41,38.55,39.83,38.69,43.35,91.47
60768,106.87,101.83,31.29,29.41,30.4,30.58,47.97,31.02,31.11,31.84,32.32,32.12,39.25,34.82,32.81,31.75,39.98,46.73,38.41,38.55,39.98,38.69,43.35,91.47
60789,106.87,101.83,31.29,29.41,30.4,30.66,49.51,31.02,31.11,31.84,32.32,32.12,39.25,34.82,32.81,31.75,40.12,47.34,38.41,38.55,39.83,38.69,43.17,90.7
60809,106.87,101.83,31.38,29.41,30.4,30.66,50.44,31.02,31.11,31.84,32.32,32.12,39.25,34.82,32.81,31.75,40.12,47.13,38.41,38.55,39.83,38.83,43.35,91.47
60828,107.94,101.83,31.29,29.41,30.4,30.58,48.19,31.02,31.11,31.84,32.32,32.12,39.25,34.82,32.91,31.65,40.12,47.34,38.41,38.55,39.98,38.69,43.35,90.7
60848,106.87,101.83,31.29,29.41,30.4,30.58,49.74,31.02,31.11,31.84,32.32,32.12,51.64,34.82,32.81,31.75,40.12,47.34,38.41,38.55,39.83,38.69,43.35,91.47
60866,105.82,101.83,31.29,29.41,30.4,30.58,49.06,31.02,31.11,31.84,32.32,32.12,45.54,34.82,32.81,31.65,40.12,47.55,38.41,38.55,39.83,38.69,43.35,89.95
60887,105.82,100.87,31.29,29.33,30.4,30.66,49.74,31.02,31.11,31.84,32.32,32.12,55.35,34.71,32.81,31.65,40.12,47.55,38.41,38.55,39.83,38.69,43.35,90.7
60905,106.87,101.83,31.29,29.41,30.4,30.58,49.06,31.02,31.11,31.84,32.32,32.12,49.74,34.82,32.91,31.65,40.12,47.34,38.41,38.55,39.83,38.69,43.35,91.47
60926,106.87,101.83,31.29,29.41,30.4,30.58,48.19,31.02,31.11,31.84,32.32,32.12,62.03,34.71,32.91,31.75,40.12,47.13,38.41,38.55,39.83,38.69,43.35,91.47
60946,106.87,101.83,31.29,29.41,30.4,30.58,48.19,31.02,31.11,31.84,32.32,32.12,39.25,34.82,32.81,31.75,39.98,46.93,38.41,38.41,39.83,38.69,43.35,91.47
60965,106.87,101.83,31.29,29.41,30.49,30.58,49.51,31.02,31.02,31.84,32.32,32.03,39.25,34.71,32.91,31.75,40.12,46.52,38.41,38.55,39.83,38.69,43.35,91.47
60985,105.82,100.87,31.29,29.41,30.4,30.58,49.51,31.02,31.11,31.84,32.41,32.03,39.25,34.71,32.81,31.65,39.98,46.52,38.41,38.55,39.83,38.69,43.35,90.7
61004,106.87,101.83,31.29,29.41,30.49,30.58,49.51,31.02,31.11,31.84,32.32,32.12,39.25,34.82,32.91,31.65,40.12,46.52,38.41,38.55,39.98,38.69,43.17,91.47
61024,106.87,100.87,31.29,29.41,30.4,30.58,50.2,31.02,31.11,31.84,32.32,32.12,39.25,34.82,32.91,31.65,40.12,46.52,38.41,38.55,39.83,38.69,43.35,90.7
61045,106.87,101.83,31.29,29.41,30.4,30.58,51.4,31.02,31.11,31.84,32.32,32.12,39.25,34.82,32.91,31.75,40.12,46.52,38.41,38.55,39.83,38.69,43.35,90.7
61063,106.87,99.94,31.29,29.41,30.4,30.58,49.97,31.02,31.11,31.84,32.32,32.12,39.25,34.71,32.91,31.75,39.98,46.32,38.41,38.55,39.83,38.69,43.17,91.47
61084,106.87,100.87,31.29,29.41,30.4,30.58,51.15,31.02,31.11,31.84,32.32,32.12,39.25,34.82,32.81,31.65,39.98,46.52,38.41,38.55,39.83,38.69,43.35,90.7
61102,105.82,100.87,31.29,29.41,30.4,30.58,50.44,31.02,31.11,31.84,32.32,32.12,67.46,34.82,32.91,31.75,40.12,46.52,38.41,38.55,39.83,38.69,43.35,91.47
61122,106.87,100.87,31.29,29.41,30.4,30.58,49.97,31.02,31.11,31.84,32.32,32.12,52.4,34.71,32.91,31.75,40.12,46.52,38.41,38.55,39.83,38.69,43.35,91.47
61141,106.87,101.83,31.29,29.41,30.49,30.58,50.91,31.02,31.11,31.84,32.32,32.12,54.24,34.82,32.91,31.75,40.12,46.52,38.27,38.55,39.83,38.55,43.35,91.47
61161,107.94,101.83,31.29,29.41,30.4,30.58,51.15,31.02,31.11,31.84,32.32,32.12,68.31,34.82,32.81,31.65,40.12,46.32,38.41,38.55,39.83,38.69,43.35,91.47
61182,106.87,100.87,31.29,29.41,30.4,30.58,52.4,31.02,31.11,31.84,32.32,32.12,53.97,34.71,32.81,31.65,40.12,46.52,38.27,38.55,39.83,38.69,43.35,91.47
61200,106.87,100.87,31.29,29.41,30.4,30.58,50.67,31.02,31.11,31.84,32.41,32.12,39.25,34.71,32.81,31.65,40.12,46.52,38.41,38.55,39.83,38.69,43.35,90.7
61221,106.87,100.87,31.29,29.41,30.4,30.58,50.2,31.02,31.11,31.84,32.41,32.12,39.39,34.82,32.81,31.75,40.12,46.52,38.41,38.55,39.83,38.69,43.35,91.47
61239,106.87,100.87,31.29,29.41,30.4,30.58,50.67,31.02,31.11,31.84,32.32,32.12,39.25,34.82,32.81,31.75,40.12,46.52,38.41,38.55,39.83,38.69,43.35,91.47
61260,106.87,100.87,31.29,29.41,30.4,30.58,51.15,31.02,31.11,31.84,32.32,32.12,39.11,34.82,32.81,31.75,40.12,46.52,38.41,38.55,39.98,38.69,43.35,91.47
61278,106.87,100.87,31.29,29.41,30.4,30.58,49.97,31.02,31.11,31.84,32.32,32.12,39.25,34.82,32.91,31.75,40.12,46.52,38.41,38.55,39.83,38.69,43.35,91.47
61299,107.94,100.87,31.29,29.41,30.4,30.58,51.15,31.02,31.11,31.84,32.32,32.12,39.25,34.82,32.91,31.75,40.12,46.32,38.41,38.55,39.98,38.55,43.35,91.47
61319,106.87,100.87,31.29,29.41,30.4,30.58,49.29,31.02,31.02,31.84,32.32,32.12,39.25,34.82,32.81,31.65,40.12,46.52,38.41,38.55,39.83,38.69,43.35,91.47
61338,106.87,100.87,31.29,29.41,30.4,30.58,50.67,31.02,31.11,31.84,32.32,32.12,39.39,34.82,32.81,31.65,40.12,46.52,38.41,38.55,39.83,38.69,43.35,91.47
61358,106.87,100.87,31.29,29.41,30.4,30.58,50.2,31.02,31.11,31.84,32.32,32.12,39.39,34.82,32.91,31.75,40.12,46.52,38.41,38.55,39.98,38.55,43.35,90.7
61376,106.87,100.87,31.29,29.41,30.4,30.58,49.51,31.02,31.11,31.84,32.32,32.12,39.39,34.82,32.91,31.75,40.12,46.52,38.41,38.55,39.83,38.69,43.35,91.47
61397,106.87,100.87,31.29,29.41,30.49,30.58,51.15,31.02,31.11,31.84,32.32,32.12,39.25,34.71,32.81,31.65,40.12,46.52,38.41,38.55,39.98,38.69,43.35,91.47
61415,106.87,100.87,31.29,29.41,30.4,30.58,50.67,31.02,31.11,31.84,32.32,32.12,39.25,34.82,32.91,31.65,40.12,46.52,38.41,38.55,39.83,38.69,43.35,91.47
61436,106.87,100.87,31.29,29.41,30.4,30.58,51.64,31.02,31.11,31.84,32.32,32.12,39.25,34.82,32.91,31.65,40.12,46.52,38.41,38.55,39.83,38.69,43.35,90.7
61456,106.87,100.87,31.29,29.41,30.4,30.58,51.4,31.02,31.11,31.93,32.32,32.12,39.25,34.82,32.91,31.65,40.12,46.52,38.41,38.55,39.83,38.69,43.35,91.47
61475,106.87,100.87,31.29,29.41,30.4,30.58,50.44,31.02,31.11,31.84,32.32,32.12,39.25,34.82,32.81,31.65,39.83,46.52,38.27,38.55,39.83,38.55,43.35,91.47
61495,106.87,100.87,31.29,29.41,30.4,30.58,52.14,31.02,31.11,31.84,32.32,32.12,39.25,34.82,32.91,31.65,40.12,46.52,38.41,38.55,39.83,38.69,43.35,91.47
61514,106.87,100.87,31.29,29.41,30.4,30.58,51.15,31.02,31.11,31.84,32.32,32.12,39.25,34.82,32.91,31.65,40.12,46.52,38.41,38.55,39.83,38.69,43.17,90.7
61534,106.87,100.87,31.29,29.41,30.4,30.58,52.91,31.02,31.11,31.84,32.32,32.12,39.25,34.82,32.81,31.65,40.12,46.52,38.41,38.55,39.83,38.69,43.35,90.7
61555,105.82,99.94,31.29,29.41,30.4,30.58,51.15,31.02,31.11,31.84,32.32,32.03,39.25,34.82,32.81,31.65,40.12,46.52,38.27,38.55,39.83,38.69,43.35,91.47
61573,106.87,100.87,31.29,29.41,30.4,30.58,52.65,31.02,31.11,31.84,32.32,32.12,39.25,34.82,32.81,31.65,40.12,46.52,38.41,38.55,39.83,38.69,43.35,91.47
61594,106.87,100.87,31.29,29.41,30.4,30.58,52.65,31.02,31.11,31.84,32.32,32.12,39.25,34.82,32.81,31.65,40.12,46.52,38.41,38.55,39.83,38.69,43.35,91.47
61612,107.94,100.87,31.29,29.41,30.4,30.58,60.98,31.02,31.11,31.84,32.32,32.12,39.25,34.71,32.81,31.75,40.12,46.52,38.27,38.55,39.83,38.69,43.35,90.7
61632,106.87,100.87,31.29,29.41,30.4,30.58,53.97,31.02,31.11,31.84,32.32,32.12,39.25,34.82,32.91,31.75,40.12,46.52,38.41,38.55,39.68,38.69,43.35,91.47
61651,106.87,100.87,31.29,29.41,30.4,30.58,51.4,31.02,31.11,31.84,32.32,32.12,39.25,34.82,32.81,31.65,40.12,46.52,38.41,38.55,39.83,38.69,43.35,90.7
61671,106.87,100.87,31.29,29.41,30.4,30.58,51.64,31.02,31.11,31.84,32.32,32.12,39.25,34.93,32.91,31.65,40.12,46.52,38.41,38.55,39.83,38.69,43.35,90.7
61692,106.87,100.87,31.29,29.41,30.4,30.58,51.64,31.02,31.11,31.84,32.41,32.12,39.25,34.82,32.81,31.65,40.12,46.52,38.41,38.55,39.83,38.69,43.35,89.95
61710,106.87,100.87,31.29,29.41,30.4,30.58,51.15,31.02,31.11,31.84,32.32,32.12,39.25,34.93,32.81,31.65,39.98,46.52,38.27,38.55,39.83,38.69,43.35,90.7
61731,106.87,100.87,31.29,29.41,30.4,30.58,53.17,31.02,31.11,31.84,32.32,32.03,39.25,34.93,32.81,31.65,40.12,46.52,38.41,38.55,39.83,38.69,43.35,90.7
61749,106.87,100.87,31.29,29.41,30.4,30.58,49.97,31.02,31.11,31.84,32.32,32.12,39.25,34.93,32.81,31.75,40.12,46.52,38.41,38.55,39.83,38.69,43.35,91.47
61770,105.82,99.94,31.29,29.41,30.4,30.58,52.91,31.02,31.11,31.84,32.32,32.03,39.25,34.93,32.81,31.65,40.12,46.52,38.41,38.55,39.83,38.69,43.35,91.47
61788,106.87,100.87,31.29,29.41,30.49,30.58,51.64,31.02,31.11,31.84,32.32,32.03,39.25,34.93,32.81,31.75,40.12,46.52,38.41,38.55,39.83,38.69,43.35,91.47
61809,106.87,100.87,31.29,29.41,30.4,30.58,52.65,31.02,31.11,31.84,32.32,32.03,39.11,34.93,32.91,31.65,40.12,46.52,38.41,38.55,39.83,38.69,43.35,90.7
61829,107.94,100.87,31.29,29.41,30.4,30.58,52.4,31.02,31.11,31.84,32.32,32.12,39.11,34.82,32.81,31.65,40.12,46.52,38.41,38.55,39.83,38.69,43.35,91.47
61847,106.87,100.87,31.29,29.41,30.49,30.58,53.43,31.02,31.11,31.84,32.32,32.03,39.11,34.93,32.81,31.65,40.12,46.52,38.41,38.55,39.83,38.69,43.35,91.47
61868,106.87,101.83,31.29,29.41,30.4,30.58,53.17,31.02,31.11,31.84,32.32,32.12,39.11,34.93,32.81,31.75,40.12,46.52,38.41,38.55,39.83,38.69,43.35,90.7
61886,107.94,101.83,31.29,29.41,30.4,30.58,49.74,31.02,31.11,31.84,32.32,32.12,39.11,34.82,32.91,31.65,40.12,46.52,38.41,38.55,39.83,38.69,43.17,91.47
61907,106.87,101.83,31.29,29.41,30.4,30.58,50.91,31.02,31.11,31.84,32.32,32.12,39.11,34.82,32.91,31.65,40.27,46.32,38.41,38.55,39.83,38.69,43.35,91.47
61927,107.94,101.83,31.29,29.41,30.4,30.58,51.64,31.02,31.11,31.84,32.32,32.12,39.11,34.82,32.91,31.65,40.12,46.52,38.41,38.55,39.98,38.69,43.35,91.47
61946,107.94,101.83,31.29,29.41,30.4,30.58,49.74,31.02,31.11,31.84,32.32,32.12,39.11,34.82,32.91,31.65,40.12,46.52,38.41,38.55,39.83,38.69,43.35,90.7
61966,107.94,101.83,31.29,29.41,30.4,30.66,50.2,31.02,31.11,31.84,32.32,32.12,39.11,34.82,32.81,31.65,39.98,46.52,38.41,38.55,39.83,38.69,43.35,90.7
61987,106.87,101.83,31.29,29.41,30.4,30.58,50.67,31.02,31.11,31.84,32.32,32.12,39.11,34.82,32.91,31.75,40.12,46.52,38.41,38.55,39.83,38.69,43.35,91.47
62005,107.94,101.83,31.38,29.41,30.4,30.66,47.97,31.02,31.11,31.84,32.32,32.12,39.11,34.82,32.91,31.65,40.12,46.52,38.41,38.55,39.83,38.69,43.35,91.47
62026,107.94,101.83,31.29,29.41,30.4,30.66,48.84,31.02,31.11,31.84,32.32,32.12,39.11,34.82,32.91,31.75,40.12,46.52,38.41,38.55,39.83,38.69,43.35,91.47
62044,107.94,101.83,31.29,29.41,30.4,30.66,51.15,31.02,31.11,31.84,32.32,32.12,39.11,34.82,32.91,31.75,40.12,46.52,38.41,38.55,39.98,38.69,43.35,91.47
62065,107.94,101.83,31.29,29.41,30.4,30.58,52.14,31.02,31.11,31.84,32.32,32.12,39.11,34.82,32.91,31.65,40.12,46.52,38.41,38.55,39.83,38.55,43.35,90.7
62085,107.94,101.83,31.29,29.41,30.4,30.66,50.2,31.02,31.11,31.84,32.32,32.12,39.11,34.82,32.91,31.65,40.12,46.52,38.41,38.55,39.98,38.69,43.35,90.7
62103,107.94,101.83,31.29,29.41,30.4,30.58,48.19,31.02,31.11,31.84,32.32,32.12,39.11,34.82,32.91,31.65,40.12,46.32,38.41,38.55,39.83,38.69,43.35,91.47
62124,107.94,102.8,31.29,29.41,30.4,30.66,49.74,31.02,31.11,31.84,32.32,32.12,39.11,34.82,32.91,31.75,40.12,46.52,38.41,38.55,39.98,38.69,43.35,90.7
62142,107.94,102.8,31.29,29.41,30.4,30.58,49.06,31.02,31.11,31.84,32.41,32.12,39.11,34.82,32.91,31.75,40.12,46.52,38.41,38.55,39.98,38.69,43.35,91.47
62163,107.94,102.8,31.29,29.41,30.4,30.58,49.06,31.02,31.11,31.84,32.32,32.12,39.11,34.82,32.91,31.75,39.98,46.52,38.41,38.55,39.83,38.69,43.35,91.47
62183,106.87,101.83,31.29,29.41,30.4,30.58,49.06,31.02,31.11,31.84,32.32,32.12,38.97,34.82,32.91,31.75,40.12,46.52,38.41,38.55,39.83,38.69,43.35,90.7
62202,107.94,102.8,31.29,29.41,30.4,30.58,49.51,31.02,31.11,31.84,32.32,32.12,39.11,34.82,32.81,31.75,40.12,46.52,38.41,38.55,39.98,38.69,43.17,91.47
62222,107.94,102.8,31.29,29.41,30.4,30.58,48.19,31.02,31.11,31.84,32.32,32.12,39.11,34.82,32.91,31.65,40.12,46.73,38.41,38.55,39.98,38.69,43.35,90.7
62241,107.94,102.8,31.38,29.41,30.4,30.58,34.82,31.02,31.11,31.84,32.32,32.12,39.11,34.82,32.91,31.75,40.12,46.93,38.41,38.55,39.83,38.69,43.35,91.47
62261,107.94,102.8,31.38,29.41,30.4,30.58,34.82,31.02,31.11,31.84,32.32,32.12,39.11,34.82,32.81,31.75,40.12,47.34,38.41,38.55,39.83,38.69,43.35,91.47
62280,107.94,102.8,31.38,29.41,30.4,30.58,33.84,31.02,31.11,31.84,32.32,32.12,39.11,34.71,32.91,31.75,40.12,46.52,38.41,38.55,39.98,38.69,43.35,90.7
62302,107.94,102.8,31.38,29.41,30.4,30.58,39.11,31.02,31.11,31.84,32.32,32.12,39.11,34.82,32.91,31.75,40.12,46.52,38.41,38.55,39.83,38.69,43.35,90.7
62321,109.03,102.8,31.29,29.41,30.4,30.58,39.98,31.02,31.11,31.84,32.32,32.12,39.25,34.82,32.81,31.65,39.98,46.52,38.27,38.55,39.98,38.69,43.35,90.7
62341,107.94,102.8,31.29,29.41,30.4,30.58,43.35,31.02,31.11,31.65,32.32,32.12,39.11,34.71,32.91,31.65,40.12,46.32,38.41,38.55,39.83,38.69,43.35,91.47
62362,107.94,102.8,31.29,29.41,30.4,30.58,44.6,31.02,31.02,31.65,32.32,32.12,39.11,34.93,32.81,31.75,40.12,46.52,38.41,38.55,39.83,38.69,43.35,89.2
62380,107.94,100.87,31.29,29.41,30.4,30.58,50.2,31.02,31.11,31.65,32.32,32.12,39.25,34.93,32.91,31.75,40.12,46.52,38.41,38.55,39.83,38.69,43.35,91.47
62400,107.94,98.12,35.04,29.41,30.4,30.58,48.4,31.02,31.02,31.65,32.32,32.12,39.11,34.93,32.91,31.75,40.12,46.52,38.41,38.55,39.83,38.69,43.35,90.7
62419,107.94,101.83,31.38,29.41,30.49,30.58,48.84,31.02,31.11,31.65,32.32,32.03,39.11,34.93,32.91,31.75,40.12,46.52,38.41,38.55,39.83,38.69,43.35,91.47
62439,107.94,101.83,31.29,29.41,30.49,30.58,50.67,31.02,31.11,31.65,32.32,32.12,39.11,35.04,32.81,31.75,40.12,46.52,38.41,38.55,39.83,38.69,43.35,91.47
62460,107.94,100.87,31.29,29.41,30.4,30.58,48.84,31.02,31.02,31.65,32.32,32.12,39.11,34.93,32.81,31.75,39.68,46.52,38.41,38.55,39.83,38.69,43.35,91.47
62478,107.94,100.87,31.29,29.41,30.4,30.58,48.62,31.02,31.02,31.65,32.32,32.12,39.11,34.93,32.81,31.75,40.12,46.52,38.41,38.55,39.98,38.69,43.35,90.7
62499,107.94,100.87,31.29,29.41,30.4,30.58,47.55,31.02,31.11,31.65,32.32,32.12,39.11,34.93,32.91,31.65,40.12,46.52,38.41,38.55,39.83,38.69,43.35,90.7
62517,107.94,101.83,31.2,29.41,30.4,30.58,47.13,31.02,31.11,31.65,32.32,32.12,39.11,34.93,32.91,31.75,40.12,46.52,38.41,38.55,39.83,38.69,43.35,90.7
62538,107.94,101.83,31.2,29.41,30.49,30.58,48.62,31.02,31.11,31.65,32.32,32.12,39.11,34.93,32.91,31.75,40.12,46.52,38.41,38.55,39.83,38.69,43.35,90.7
62556,106.87,101.83,31.2,29.41,30.49,30.58,49.97,30.93,31.02,31.65,32.32,32.12,38.97,34.93,32.91,31.75,40.12,46.52,38.41,38.55,39.83,38.69,43.35,90.7
62577,106.87,101.83,31.29,29.41,30.49,30.58,38.01,30.93,31.11,31.65,32.41,32.12,38.97,34.93,32.91,31.75,40.12,46.32,38.41,38.55,39.83,38.69,43.35,89.95
62597,105.82,101.83,31.29,29.41,30.49,30.58,33.11,30.93,31.11,31.56,32.32,32.12,38.97,34.93,32.91,31.75,40.12,46.32,38.41,38.55,39.83,38.69,43.35,89.95
62615,38.83,99.02,31.29,29.41,30.49,30.49,37.35,30.93,31.11,31.56,32.32,32.12,38.97,34.93,32.81,31.75,40.12,46.32,38.41,38.55,39.83,38.69,43.35,90.7
62636,97.24,101.83,31.29,29.33,30.49,30.49,33.11,30.93,31.02,31.56,32.32,32.12,38.97,34.93,32.91,31.75,40.12,46.32,38.41,38.55,39.83,38.69,43.35,89.95
62654,104.79,101.83,31.29,29.41,30.49,30.58,32.91,30.93,31.02,31.47,32.32,32.12,39.11,34.93,32.91,31.75,39.98,46.32,38.41,38.55,39.83,38.69,43.35,90.7
62675,103.78,101.83,31.29,29.41,30.49,30.49,32.91,30.93,31.02,31.47,32.32,32.03,39.11,34.93,32.91,31.75,40.12,46.52,38.27,38.55,39.83,38.69,43.35,90.7
62693,104.79,101.83,31.29,29.41,30.49,30.49,32.91,30.93,30.93,31.47,32.32,32.12,39.25,34.93,32.81,31.75,40.12,46.52,38.41,38.55,39.83,38.69,43.35,90.7
62714,102.8,102.8,31.29,29.41,30.49,30.58,33.01,30.84,30.93,31.47,32.32,32.12,39.25,34.93,32.91,31.75,40.12,46.32,38.41,38.55,39.83,38.69,43.35,90.7
62734,101.83,101.83,31.29,29.41,30.49,30.58,51.4,30.93,31.02,31.47,32.32,32.12,39.25,35.04,32.91,31.75,39.98,46.32,38.41,38.55,39.98,38.69,43.35,90.7
62753,101.83,101.83,31.47,29.41,30.49,30.58,33.11,30.84,30.93,31.47,32.32,32.12,39.25,34.93,32.91,31.75,40.12,46.52,38.27,38.55,39.83,38.55,43.35,90.7
62773,100.87,101.83,31.29,29.41,30.49,30.58,33.11,30.84,30.93,31.47,32.32,32.12,39.25,34.93,32.81,31.75,39.83,46.52,38.27,38.55,39.83,38.69,43.35,90.7
62792,101.83,101.83,31.29,29.41,30.49,30.58,46.93,30.93,30.93,31.47,32.32,32.12,39.11,34.93,32.91,31.75,40.12,46.52,38.27,38.55,39.83,38.69,43.35,89.95
62812,45.35,98.12,31.29,29.41,30.49,30.58,33.01,30.84,31.02,31.38,32.32,32.12,39.25,34.93,32.91,31.75,40.12,46.52,38.27,38.41,39.83,38.55,43.35,89.95
62833,96.37,100.87,31.29,29.41,30.49,30.58,44.6,30.84,30.93,31.38,32.32,32.12,39.25,35.04,32.91,31.75,40.12,46.52,38.27,38.55,39.83,38.55,43.17,90.7
62851,98.12,101.83,31.29,29.41,30.49,30.58,47.34,30.93,31.02,31.38,32.32,32.12,39.25,34.93,33.01,31.75,39.98,46.32,38.27,38.55,39.83,38.55,43.35,90.7
62871,99.02,101.83,31.29,29.41,30.49,30.58,49.29,30.93,31.02,31.38,32.32,32.12,39.25,34.93,33.01,31.75,40.12,46.52,38.27,38.55,39.83,38.55,43.35,90.7
62890,91.47,100.87,31.29,29.41,30.49,30.58,50.67,30.93,31.02,31.38,32.32,32.12,39.25,35.04,33.01,31.75,40.12,46.32,38.27,38.55,39.83,38.55,43.35,89.95
62910,93.86,100.87,31.29,29.41,30.49,30.58,33.52,30.93,31.02,31.47,32.32,32.12,39.11,34.93,32.91,31.75,40.12,46.52,38.41,38.55,39.83,38.55,43.35,90.7
62929,100.87,100.87,31.29,29.41,30.49,30.66,33.01,30.84,31.02,31.38,32.32,32.12,39.25,35.04,32.91,31.75,39.98,46.52,38.41,38.55,39.83,38.55,43.35,90.7
62949,100.87,99.94,31.29,29.41,30.49,30.66,32.51,30.84,31.2,31.38,32.32,32.03,39.25,35.04,33.01,31.75,40.12,46.52,38.41,38.55,39.83,38.55,43.35,90.7
62970,100.87,99.94,31.29,29.41,30.49,30.58,32.61,30.93,31.02,31.47,32.32,32.12,39.25,35.16,33.01,31.75,40.12,46.93,38.27,38.55,39.83,38.55,43.35,90.7
62988,100.87,99.02,31.29,29.41,30.49,30.58,32.71,30.84,31.02,31.47,32.32,32.12,39.25,35.16,33.01,31.75,40.12,46.93,38.41,38.55,39.83,38.55,43.35,87.75
63009,100.87,99.02,31.29,29.41,30.49,30.58,33.21,30.93,31.02,31.38,32.32,32.12,39.11,35.04,33.01,31.75,40.12,46.93,38.41,38.55,39.83,38.55,43.35,89.2
63027,100.87,97.24,31.29,29.41,30.49,30.58,32.91,30.84,31.02,31.38,32.32,32.12,39.11,34.93,32.91,31.75,40.12,46.93,38.41,38.55,39.83,38.55,43.35,89.2
63048,99.02,96.37,31.29,29.41,30.49,30.58,32.91,30.93,31.11,31.47,32.32,32.03,39.11,34.93,32.91,31.75,40.12,46.52,38.41,38.55,39.98,38.55,43.17,89.2
63066,98.12,93.86,31.29,29.41,30.49,30.58,33.21,30.84,31.11,31.47,32.32,32.12,39.11,35.04,33.01,31.75,40.12,46.93,38.41,38.55,39.83,38.55,43.35,87.75
63087,95.52,61.68,31.29,29.41,30.49,30.58,33.01,30.93,31.2,31.47,32.32,32.12,38.97,35.04,33.01,31.65,40.12,46.52,38.41,38.55,39.98,38.55,43.35,88.47
63107,99.02,94.68,31.29,29.41,30.4,30.58,32.91,30.93,31.2,31.47,32.32,32.12,41.35,34.93,33.01,31.65,40.12,46.32,38.41,38.55,39.98,38.55,43.35,89.2
63125,99.02,93.86,31.29,29.41,30.49,30.58,49.06,30.93,31.02,31.47,32.32,32.03,41.67,34.82,33.01,31.65,40.12,46.32,38.41,38.55,39.83,38.69,43.35,88.47
63146,98.12,93.05,31.29,29.41,30.4,30.58,48.4,30.84,31.02,31.47,32.32,32.03,43,34.93,32.91,31.65,40.12,46.52,38.41,38.55,39.98,38.55,43.35,88.47
63164,97.24,91.47,31.29,29.41,30.49,30.58,33.01,30.93,31.02,31.47,32.32,32.12,44.06,34.93,32.91,31.56,40.12,46.32,38.41,38.55,39.83,38.55,43.35,88.47
63185,98.12,92.25,31.29,29.33,30.49,30.58,46.13,30.93,31.02,31.47,32.32,32.03,43.35,34.82,32.91,31.65,40.12,46.73,38.41,38.69,39.83,38.55,43.52,87.75
63205,98.12,92.25,31.38,29.33,30.49,30.58,33.01,30.93,31.02,31.47,32.32,32.03,43.7,34.93,32.91,31.56,40.12,46.52,38.41,38.55,39.98,38.55,43.35,87.75
63224,97.24,92.25,31.38,29.41,30.49,30.58,33.01,30.93,30.93,31.47,32.32,32.12,46.93,34.93,32.91,31.56,40.12,46.32,38.41,38.69,39.98,38.55,43.35,87.75
63244,96.37,93.05,31.38,29.41,30.49,30.58,33.01,30.93,31.02,31.47,32.32,32.12,42.33,34.82,33.01,31.56,40.12,46.13,38.41,38.55,39.98,38.55,43.35,87.75
63263,97.24,92.25,31.38,29.33,30.49,30.58,33.01,30.93,31.02,31.56,32.32,32.03,42.83,34.82,33.01,31.56,40.12,46.32,38.41,38.55,39.98,38.55,43.35,88.47
63283,95.52,92.25,31.29,29.41,30.49,30.58,42.16,30.93,31.11,31.65,32.32,32.12,42.83,34.93,32.91,31.56,40.27,46.32,38.41,38.69,39.98,38.55,43.52,88.47
63302,95.52,91.47,31.38,29.41,30.49,30.58,36.96,30.93,31.11,31.65,32.32,32.03,42.33,34.93,33.01,31.56,40.27,46.32,38.41,38.69,39.83,38.55,43.52,88.47
63322,95.52,92.25,31.38,29.41,30.49,30.58,32.91,30.93,31.11,31.75,32.41,32.03,42.66,34.93,32.91,31.47,40.12,46.32,38.27,38.69,39.83,38.55,43.52,88.47
63343,94.68,91.47,31.38,29.41,30.4,30.58,45.93,30.93,31.11,31.75,32.32,32.03,42.66,34.82,33.01,31.56,40.27,46.32,38.41,38.69,39.98,38.55,43.52,87.75
63361,94.68,92.25,31.38,29.33,30.4,30.58,32.22,30.93,31.11,31.65,32.32,32.03,42.66,34.82,32.91,31.56,40.12,46.32,38.41,38.69,39.98,38.55,43.52,88.47
63381,95.52,92.25,31.38,29.41,30.49,30.58,32.41,30.93,31.02,31.65,32.32,32.03,42.66,34.82,32.91,31.56,40.12,46.32,38.41,38.69,39.98,38.55,43.52,88.47
63400,96.37,92.25,31.38,29.33,30.49,30.58,40.27,30.93,31.02,31.75,32.32,32.03,42,34.82,32.91,31.56,40.12,46.32,38.41,38.69,39.83,38.55,43.52,87.75
63420,95.52,93.05,31.38,29.41,30.49,30.58,53.17,30.93,31.02,31.65,32.41,32.03,39.68,34.82,32.91,31.56,40.27,46.32,38.41,38.69,39.98,38.41,43.35,88.47
63439,97.24,93.86,31.38,29.41,30.49,30.58,32.91,30.93,31.02,31.65,32.32,32.03,41.67,34.93,32.91,31.56,40.12,46.32,38.27,38.69,39.83,38.55,43.52,88.47
63459,98.12,93.05,31.38,29.41,30.49,30.58,32.91,30.93,31.02,31.65,32.32,32.12,40.27,35.04,32.91,31.56,40.27,46.32,38.41,38.55,39.83,38.55,43.52,88.47
63480,98.12,93.86,31.38,29.41,30.49,30.58,47.34,30.93,31.02,31.65,32.32,32.03,42.16,35.04,32.91,31.56,40.27,46.32,38.41,38.69,39.83,38.55,43.52,89.2
63498,98.12,94.68,31.38,29.41,30.49,30.58,33.01,30.93,31.02,31.65,32.32,32.03,47.97,35.04,32.91,31.56,40.27,46.32,38.41,38.69,39.98,38.69,43.52,88.47
63519,99.02,94.68,31.38,29.33,30.49,30.58,43.7,30.93,31.02,31.65,32.32,32.12,42.33,35.04,32.91,31.56,40.12,46.32,38.41,38.69,39.98,38.55,43.35,89.2
63537,99.94,95.52,31.29,29.41,30.49,30.66,32.91,30.93,31.02,31.65,32.32,32.03,42.49,35.04,32.91,31.56,40.27,46.32,38.41,38.69,39.98,38.55,43.52,89.95
63558,99.94,93.86,31.38,29.41,30.49,30.66,33.01,30.93,31.02,31.65,32.32,32.03,47.13,35.04,32.91,31.56,40.12,46.32,38.27,38.69,39.98,38.55,43.52,89.2
63578,100.87,97.24,31.38,29.41,30.49,30.66,33.11,31.02,31.11,31.65,32.41,32.03,42.66,35.04,32.91,31.56,40.12,46.32,38.41,38.69,39.98,38.55,43.52,89.95
63596,100.87,94.68,31.38,29.41,30.49,30.66,33.94,30.93,31.11,31.75,32.32,32.12,39.25,35.04,32.91,31.56,40.12,46.32,38.27,38.69,39.83,38.55,43.52,89.95
63617,100.87,97.24,31.38,29.41,30.49,30.66,32.91,31.02,31.02,31.75,32.41,32.12,42.33,35.04,32.91,31.56,40.12,46.32,38.41,38.55,39.98,38.55,43.52,89.2
63635,101.83,97.24,31.38,29.41,30.49,30.66,35.62,31.02,31.02,31.75,32.41,32.12,42.33,35.04,32.91,31.56,40.27,46.32,38.41,38.69,39.98,38.55,43.35,89.95
63656,101.83,98.12,31.38,29.41,30.49,30.66,33.01,30.93,31.02,31.75,32.32,32.03,39.11,35.04,32.91,31.56,40.27,46.32,38.41,38.69,39.98,38.69,43.35,89.95
63674,101.83,98.12,31.38,29.41,30.49,30.58,39.39,30.93,31.02,31.65,32.32,32.03,40.58,35.04,32.91,31.65,40.27,46.52,38.41,38.55,39.98,38.55,43.52,89.2
63695,101.83,98.12,31.29,29.41,30.49,30.58,44.6,30.93,31.02,31.75,32.41,32.03,39.11,35.04,32.91,31.56,40.27,46.32,38.41,38.69,39.83,38.55,43.35,89.95
63715,101.83,98.12,31.38,29.41,30.49,30.58,44.42,30.93,31.02,31.75,32.32,32.12,39.11,34.82,32.91,31.65,40.12,46.32,38.41,38.69,39.83,38.69,43.52,89.95
63734,101.83,98.12,31.38,29.41,30.49,30.58,45.35,30.93,31.02,31.65,32.41,32.12,39.11,34.82,32.91,31.65,40.12,46.32,38.41,38.69,39.98,38.69,43.35,89.95
63754,101.83,99.02,31.29,29.41,30.49,30.58,44.97,30.93,31.02,31.65,32.32,32.03,41.2,34.82,32.81,31.65,40.12,46.32,38.41,38.69,39.83,38.55,43.35,89.95
63773,101.83,99.02,31.2,29.41,30.49,30.58,45.54,30.93,31.02,31.65,32.32,32.03,43.88,34.93,32.81,31.65,40.12,46.32,38.41,38.55,39.83,38.55,43.35,89.95
63793,102.8,99.02,31.29,29.41,30.49,30.58,44.06,30.93,31.02,31.65,32.32,32.03,42.83,34.82,32.81,31.65,40.27,46.32,38.41,38.55,39.83,38.69,43.52,87.75
63811,106.87,99.94,31.29,29.41,30.49,30.58,45.74,30.93,31.02,31.65,32.32,32.12,40.73,34.82,32.81,31.65,40.12,46.32,38.41,38.69,39.83,38.69,43.35,89.95
63832,106.87,100.87,31.38,29.33,30.49,30.58,46.93,30.93,31.02,31.65,32.32,32.03,40.88,34.82,32.81,31.65,40.12,46.32,38.41,38.69,39.83,38.69,43.35,90.7
63852,105.82,100.87,31.29,29.41,30.49,30.58,45.74,30.93,31.02,31.65,32.32,32.12,41.67,34.82,32.81,31.65,40.12,46.32,38.41,38.69,39.83,38.69,43.35,90.7
63871,107.94,100.87,31.29,29.41,30.49,30.58,32.22,30.93,31.02,31.65,32.32,32.03,42,34.82,32.71,31.65,40.12,46.32,38.41,38.69,39.98,38.69,43.35,90.7
63891,106.87,100.87,31.38,29.41,30.49,30.66,32.22,31.02,31.02,31.75,32.32,32.03,41.51,34.93,32.81,31.65,40.12,46.32,38.41,38.69,39.83,38.69,43.35,90.7
63910,105.82,100.87,31.38,29.41,30.49,30.66,32.22,30.93,31.02,31.75,32.32,32.03,41.51,34.93,32.81,31.65,40.12,46.32,38.41,38.55,39.83,38.69,43.52,90.7
63930,107.94,101.83,31.38,29.41,30.4,30.66,32.32,31.02,31.29,31.75,32.32,32.03,41.51,34.82,32.81,31.65,40.12,46.32,38.41,38.55,39.83,38.69,43.35,89.95
63951,107.94,102.8,31.38,29.41,30.4,30.66,32.71,31.02,31.02,31.75,32.41,32.03,41.51,34.82,32.81,31.65,40.27,46.32,38.41,38.55,39.98,38.69,43.52,89.95
63969,107.94,102.8,31.38,29.41,30.4,30.66,32.41,31.02,31.02,31.75,32.32,32.12,41.51,34.93,32.81,31.65,40.12,46.32,38.41,38.69,39.83,38.69,43.35,89.95
63990,107.94,102.8,31.38,29.41,30.4,30.66,32.32,31.02,31.02,31.75,32.32,32.12,41.51,34.82,32.81,31.65,40.12,46.32,38.41,38.55,39.83,38.69,43.52,89.95
64008,107.94,102.8,31.38,29.41,30.4,30.66,32.41,31.02,31.02,31.75,32.32,32.03,41.35,34.71,32.81,31.65,40.12,46.32,38.27,38.55,39.83,38.69,43.52,90.7
64029,107.94,101.83,30.84,29.41,30.4,30.66,32.32,31.02,31.02,31.65,32.32,32.03,41.51,34.82,32.81,31.65,40.12,46.32,38.41,38.69,39.83,38.69,43.35,89.95
64047,104.79,102.8,31.29,29.41,30.4,30.66,32.81,31.02,31.02,31.65,32.32,32.03,41.35,34.82,32.81,31.75,40.12,46.32,38.41,38.55,39.98,38.69,43.35,90.7
64067,104.79,101.83,31.29,29.41,30.4,30.58,32.81,31.02,31.02,31.65,32.32,32.12,41.35,34.82,32.81,31.75,40.12,46.32,38.41,38.55,39.83,38.69,43.35,89.95
64088,105.82,101.83,31.2,29.41,30.4,30.58,35.98,31.02,31.11,31.65,32.32,32.12,41.35,34.82,32.81,31.75,39.98,46.32,38.41,38.55,39.83,38.69,43.35,90.7
64106,103.78,101.83,31.2,29.41,30.4,30.58,32.71,31.11,31.11,31.65,32.41,32.12,51.89,34.82,32.81,31.84,40.12,46.32,38.41,38.55,39.98,38.69,43.35,89.95
64127,104.79,101.83,31.2,29.41,30.4,30.58,41.51,31.02,31.11,31.65,32.32,32.03,41.51,34.82,32.81,31.84,40.12,46.73,38.41,38.55,39.83,38.69,43.35,90.7
64145,104.79,102.8,31.2,29.41,30.4,30.58,32.81,31.02,31.29,31.84,32.32,32.12,42.83,34.93,32.81,31.75,40.12,46.73,38.27,38.55,39.83,38.69,43.35,89.2
64166,103.78,102.8,31.2,29.41,30.49,30.58,32.81,31.02,31.29,31.65,32.32,32.12,41.51,35.04,32.81,31.75,40.12,46.73,38.41,38.55,39.83,38.69,43.35,90.7
64184,102.8,89.95,31.29,29.41,30.4,30.58,32.71,31.02,31.29,31.75,32.32,32.03,41.35,34.82,32.81,31.84,40.12,46.32,38.41,38.55,39.83,38.69,43.17,90.7
64205,102.8,100.87,31.2,29.41,30.49,30.58,32.71,31.02,31.29,31.75,32.32,32.12,56.22,34.93,32.81,31.84,40.12,46.32,38.41,38.55,39.98,38.69,43.35,90.7
64225,38.55,100.87,31.29,29.41,30.4,30.58,32.81,31.02,31.11,31.56,32.32,32.12,69.19,34.93,32.81,31.84,40.12,45.93,38.41,38.55,39.83,38.69,43.35,89.95
64244,42.16,100.87,31.29,29.41,30.49,30.58,32.91,31.02,31.11,31.47,32.41,32.03,64.25,34.93,32.81,31.84,40.12,46.32,38.41,38.55,39.98,38.69,43.17,89.2
64264,38.55,98.12,31.29,29.41,30.49,30.66,32.81,31.02,31.02,31.47,32.32,32.12,65.42,34.93,32.91,31.84,40.12,46.32,38.41,38.55,39.83,38.55,43.35,89.95
64283,41.51,70.09,31.29,29.33,30.49,30.58,51.15,31.02,31.11,31.38,32.32,32.12,63.87,34.93,32.91,31.84,40.12,46.13,38.27,38.55,39.83,38.69,43.35,89.95
64303,50.67,97.24,31.29,29.41,30.49,30.58,63.12,31.02,31.29,31.38,32.32,32.12,65.02,35.04,32.91,31.84,40.12,46.13,38.41,38.55,39.83,38.69,43.17,89.95
64323,65.02,99.94,31.29,29.41,30.49,30.58,33.62,31.02,31.47,31.38,32.32,32.12,41.67,35.04,32.91,31.93,39.98,46.32,38.27,38.55,39.83,38.69,43.17,89.95
64342,38.41,62.03,31.2,29.41,30.49,30.58,32.81,30.93,31.02,31.38,32.32,32.12,41.51,34.93,32.91,31.93,40.12,46.32,38.41,38.55,39.83,38.69,43.35,89.95
64362,38.97,99.94,31.2,29.41,30.49,30.58,33.01,31.02,31.02,31.38,32.32,32.12,41.35,35.04,32.81,31.93,40.12,46.32,38.41,38.55,39.83,38.69,43.17,89.95
64381,42.49,99.94,31.2,29.41,30.49,30.58,32.81,30.93,31.11,31.38,32.32,32.12,52.14,34.82,32.91,31.93,40.12,46.32,38.41,38.55,39.83,38.69,43.17,89.95
64401,51.4,99.94,31.2,29.41,30.49,30.58,32.81,30.93,31.02,31.38,32.32,32.03,38.97,34.82,32.91,31.93,40.12,46.32,38.41,38.41,39.83,38.55,43.17,89.95
64420,39.98,99.94,31.2,29.41,30.49,30.58,33.01,30.93,31.02,31.38,32.32,32.12,39.11,34.71,32.81,31.93,40.12,46.32,38.27,38.55,39.83,38.55,43.17,90.7
64440,90.7,99.94,31.2,29.41,30.49,30.58,32.81,30.93,31.02,31.38,32.41,32.12,38.97,34.71,32.91,31.93,39.98,46.32,38.41,38.55,39.83,38.69,43.17,89.2
64461,39.68,99.02,31.11,29.41,30.49,30.58,32.91,30.93,31.02,31.38,32.32,32.12,39.39,34.82,32.91,31.93,40.12,46.32,38.27,38.41,39.83,38.55,43.17,89.95
64479,61.68,99.94,31.11,29.41,30.49,30.58,35.39,30.93,30.93,31.29,32.32,32.12,39.54,34.82,32.81,31.93,40.12,46.32,38.27,38.55,39.83,38.55,43.17,89.95
64500,67.04,99.02,31.11,29.41,30.49,30.58,39.83,30.93,30.93,31.47,32.32,32.12,39.39,34.82,32.91,31.93,40.12,46.32,38.27,38.55,39.83,38.55,43.17,89.95
64518,56.22,99.94,31.11,29.41,30.49,30.58,32.91,30.93,30.93,31.47,32.32,32.12,39.54,34.82,32.81,31.93,39.98,46.32,38.27,38.55,39.83,38.69,43.17,90.7
64539,101.83,101.83,31.11,29.41,30.49,30.58,47.34,30.93,30.93,31.47,32.32,32.12,39.25,34.71,32.81,31.93,39.98,46.13,38.41,38.55,39.98,38.69,43.17,89.95
64557,99.94,101.83,31.11,29.41,30.49,30.58,47.76,30.93,30.93,31.38,32.32,32.12,39.54,34.82,32.81,31.93,39.98,46.32,38.27,38.55,39.83,38.55,43.17,89.95
64577,100.87,101.83,31.11,29.41,30.49,30.58,43,30.93,31.02,31.47,32.32,32.12,39.39,34.82,32.81,31.93,39.98,46.32,38.27,38.55,39.83,38.69,43.17,89.2
64598,100.87,101.83,31.11,29.41,30.49,30.58,32.91,30.93,31.02,31.47,32.32,32.12,39.39,34.82,32.81,31.93,40.12,46.32,38.41,38.41,39.98,38.55,43.17,90.7
64616,100.87,101.83,31.11,29.41,30.49,30.49,32.91,30.93,31.02,31.47,32.32,32.12,39.39,34.71,32.81,31.93,40.12,46.13,38.41,38.41,39.83,38.55,43.17,81.15
64637,99.94,101.83,31.11,29.41,30.49,30.58,32.91,30.93,31.02,31.38,32.32,32.03,39.39,34.82,32.81,31.93,40.12,45.93,38.27,38.55,39.83,38.55,43.17,89.2
64655,101.83,101.83,31.11,29.33,30.49,30.58,32.91,30.93,31.11,31.38,32.32,32.12,39.39,34.71,32.81,31.93,40.12,45.93,38.27,38.55,39.83,38.55,43.17,89.95
64676,86.35,100.87,31.2,29.33,30.49,30.58,32.91,30.93,31.02,31.38,32.32,32.12,39.39,34.71,32.81,31.93,40.12,45.93,38.41,38.41,39.83,38.69,43.17,90.7
64696,100.87,100.87,31.2,29.41,30.49,30.58,33.01,30.93,31.02,31.38,32.32,32.12,39.25,34.82,32.81,31.93,40.12,46.13,38.41,38.55,39.83,38.55,43.17,89.95
64715,40.88,98.12,31.29,29.41,30.49,30.49,32.91,30.93,30.93,31.38,32.32,32.12,39.39,34.82,32.81,31.93,39.98,46.13,38.41,38.55,39.83,38.55,43.17,89.95
64735,41.2,98.12,31.29,29.33,30.49,30.58,32.91,30.93,30.93,31.38,32.32,32.12,39.39,34.82,32.81,31.93,40.12,47.13,38.41,38.41,39.83,38.69,43.17,89.2
64754,42.49,84.99,31.29,29.33,30.49,30.49,32.91,30.93,30.93,31.38,32.32,32.12,39.39,34.82,32.81,31.93,40.12,47.34,38.41,38.41,39.83,38.55,43.17,89.95
64774,48.62,87.04,31.29,29.33,30.49,30.49,33.01,30.93,30.93,31.38,32.32,32.12,39.39,34.82,32.81,31.84,39.98,46.73,38.41,38.41,39.83,38.55,43.17,89.95
64792,68.75,99.02,31.29,29.33,30.49,30.58,33.01,30.93,30.93,31.38,32.32,32.12,39.39,34.82,32.81,31.84,40.12,46.73,38.41,38.55,39.83,38.69,43.17,90.7
64813,100.87,99.94,31.29,29.33,30.49,30.58,33.21,30.93,30.93,31.38,32.32,32.12,39.39,34.71,32.81,31.84,40.12,46.73,38.41,38.55,39.83,38.55,43.17,89.95
64833,101.83,100.87,31.29,29.33,30.4,30.58,33.01,30.93,31.02,31.38,32.32,32.12,39.54,34.82,32.81,31.84,39.83,46.13,38.41,38.41,39.83,38.41,43.35,83.67
64852,100.87,100.87,31.29,29.41,30.49,30.58,32.32,30.93,31.02,31.47,32.32,32.12,68.31,34.82,32.81,31.84,40.12,45.93,38.41,38.55,39.83,38.55,43.35,90.7
64872,99.94,99.94,31.38,29.33,30.49,30.66,32.32,30.93,31.02,31.56,32.32,32.12,65.02,34.82,32.81,31.75,39.98,46.32,38.27,38.55,39.83,38.55,43.35,90.7
64891,100.87,99.94,31.38,29.33,30.49,30.66,32.32,31.02,31.02,31.56,32.32,32.12,67.04,34.82,32.91,31.75,40.12,46.52,38.41,38.55,39.83,38.55,43.35,91.47
64911,100.87,99.94,31.38,29.41,30.49,30.58,34.37,30.93,31.02,31.56,32.32,32.12,65.81,34.82,32.91,31.75,40.12,46.52,38.41,38.55,39.83,38.41,43.35,89.95
64930,100.87,99.94,31.29,29.41,30.49,30.66,34.37,30.93,31.02,31.47,32.41,32.12,65.42,34.82,32.81,31.75,39.98,46.52,38.41,38.55,39.83,38.55,43.17,91.47
64950,100.87,100.87,31.38,29.33,30.49,30.58,34.37,30.93,31.02,31.47,32.41,32.12,65.42,34.82,32.81,31.75,39.98,46.52,38.41,38.55,39.83,38.55,43.35,90.7
64971,100.87,99.02,31.38,29.33,30.49,30.66,34.37,30.93,31.02,31.47,32.32,32.12,75.48,34.82,32.81,31.75,40.12,46.52,38.41,38.55,39.83,38.55,43.35,91.47
64989,100.87,99.94,31.38,29.33,30.49,30.58,63.12,30.93,30.93,31.47,32.41,32.12,76.01,34.82,32.81,31.75,40.12,46.52,38.41,38.55,39.83,38.55,43.35,91.47
65010,100.87,99.94,31.38,29.33,30.49,30.58,63.12,30.93,30.93,31.47,32.41,32.12,76.01,34.82,32.81,31.75,40.12,46.13,38.41,38.55,39.83,38.55,43.17,92.25
65028,100.87,99.94,31.38,29.41,30.49,30.58,63.49,30.93,30.93,31.47,32.41,32.12,76.01,34.82,32.91,31.75,40.12,46.32,38.41,38.55,39.83,38.55,43.35,86.35
65048,100.87,99.94,31.47,29.33,30.49,30.58,63.12,30.93,31.02,31.47,32.32,32.12,76.01,34.82,32.81,31.75,40.12,46.13,38.41,38.55,39.83,38.41,43.35,91.47
65069,100.87,99.94,31.38,29.33,30.49,30.66,63.12,30.93,31.02,31.47,32.32,32.12,76.01,34.82,32.81,31.75,40.12,46.13,38.41,38.55,39.83,38.55,43.35,92.25
65087,100.87,99.94,31.47,29.33,30.49,30.66,62.75,30.93,31.02,31.47,32.41,32.12,76.01,34.82,32.81,31.75,40.12,46.13,38.41,38.55,39.83,38.55,43.35,91.47
65108,100.87,99.94,31.47,29.33,30.49,30.58,62.75,30.93,30.93,31.47,32.32,32.12,76.01,34.82,32.81,31.75,40.12,46.13,38.41,38.55,39.83,38.41,43.35,92.25
65126,100.87,99.94,31.38,29.33,30.49,30.58,63.12,30.93,30.93,31.47,32.32,32.12,66.22,34.71,32.91,31.75,40.12,46.13,38.41,38.55,39.83,38.69,43.35,91.47
65147,100.87,99.94,31.38,29.33,30.49,30.66,63.12,30.93,30.93,31.47,32.41,32.12,65.81,34.82,32.91,31.75,40.12,46.13,38.41,38.55,39.83,38.55,43.35,91.47
65165,99.94,99.02,31.38,29.41,30.49,30.66,34.48,30.93,31.02,31.47,32.32,32.12,65.42,34.71,32.81,31.75,40.12,46.13,38.41,38.55,39.83,38.55,43.35,91.47
65186,100.87,99.02,31.38,29.41,30.49,30.66,34.37,30.93,31.02,31.47,32.32,32.12,71.48,34.71,32.81,31.75,40.12,46.13,38.41,38.55,39.83,38.55,43.35,91.47
65206,100.87,99.94,31.38,29.41,30.49,30.66,34.37,30.93,31.02,31.47,32.32,32.12,65.42,34.71,32.81,31.75,40.12,46.13,38.41,38.55,39.83,38.41,43.35,91.47
65225,100.87,99.94,31.38,29.33,30.49,30.66,34.27,30.93,31.02,31.56,32.32,32.12,65.81,34.71,32.81,31.75,40.12,46.13,38.41,38.55,39.83,38.55,43.35,91.47
65245,100.87,100.87,31.38,29.33,30.49,30.58,34.37,30.93,31.02,31.56,32.41,32.12,75.48,34.82,32.81,31.75,40.12,46.13,38.41,38.55,39.83,38.55,43.35,83.67
65264,101.83,100.87,31.38,29.33,30.49,30.66,34.37,30.93,31.02,31.47,32.32,32.12,75.48,34.82,32.71,31.75,40.12,46.13,38.41,38.41,39.83,38.55,43.35,92.25
65284,101.83,100.87,31.38,29.41,30.4,30.58,34.82,30.93,31.02,31.47,32.41,32.12,76.01,34.71,32.81,31.75,39.98,46.13,38.41,38.55,39.83,38.55,43.35,92.25
65302,101.83,100.87,31.38,29.33,30.49,30.58,34.93,30.93,31.02,31.47,32.32,32.12,75.48,34.71,32.71,31.75,40.12,46.13,38.41,38.55,39.98,38.69,43.35,91.47
65323,100.87,99.94,31.38,29.33,30.49,30.58,35.04,30.93,31.02,31.47,32.41,32.12,65.81,34.82,32.81,31.75,40.12,46.13,38.41,38.55,39.83,38.55,43.35,92.25
65343,100.87,99.94,31.38,29.33,30.49,30.58,35.04,30.93,30.93,31.47,32.32,32.12,65.42,34.71,32.81,31.75,40.12,45.93,38.41,38.55,39.83,38.55,43.35,91.47
65362,99.94,99.94,31.38,29.33,30.49,30.58,35.39,30.93,31.02,31.47,32.32,32.12,71.48,34.82,32.81,31.75,39.98,46.13,38.41,38.55,39.83,38.55,43.35,92.25
65382,100.87,99.94,31.29,29.41,30.49,30.58,37.35,30.93,31.02,31.47,32.32,32.12,65.42,34.71,32.81,31.75,39.98,46.32,38.41,38.55,39.83,38.55,43.35,92.25
65401,99.94,100.87,31.38,29.41,30.49,30.58,61.33,30.93,31.02,31.47,32.32,32.12,65.42,34.82,32.81,31.75,40.27,46.32,38.41,38.55,39.98,38.55,43.35,92.25
65421,101.83,100.87,31.38,29.41,30.49,30.58,61.68,30.93,31.02,31.47,32.32,32.12,67.46,34.71,32.81,31.75,40.12,46.13,38.41,38.55,39.83,38.69,43.35,92.25
65442,101.83,100.87,31.29,29.41,30.49,30.58,62.75,30.93,31.02,31.47,32.32,32.12,67.88,34.71,32.81,31.84,40.12,46.13,38.41,38.55,39.83,38.69,43.35,92.25
65460,102.8,100.87,31.29,29.33,30.49,30.58,63.12,30.93,30.93,31.47,32.32,32.12,75.48,34.82,32.81,31.75,40.12,46.13,38.41,38.55,39.98,38.55,43.35,84.99
65481,102.8,101.83,31.29,29.41,30.49,30.58,63.87,30.93,31.02,31.47,32.32,32.12,65.81,34.71,32.71,31.75,40.12,46.32,38.41,38.55,39.83,38.55,43.35,92.25
65499,102.8,101.83,31.29,29.41,30.49,30.58,63.87,30.93,31.02,31.47,32.32,32.12,71.48,34.71,32.81,31.84,40.12,46.52,38.41,38.55,39.98,38.69,43.35,91.47
65520,102.8,101.83,31.29,29.33,30.49,30.58,64.25,30.93,31.02,31.47,32.32,32.12,74.95,34.71,32.81,31.84,39.98,46.73,38.41,38.55,39.83,38.69,43.35,92.25
2,101.83,101.83,31.29,29.41,30.49,30.58,62.75,30.93,31.02,31.47,32.32,32.12,74.44,34.71,32.81,31.75,40.12,46.73,38.41,38.55,39.83,38.69,43.35,91.47
22,103.78,101.83,31.38,29.33,30.49,30.58,32.91,30.93,31.02,31.47,32.32,32.12,74.44,34.71,32.81,31.84,39.98,46.52,38.41,38.55,39.83,38.69,43.35,90.7
43,98.12,101.83,31.29,29.41,30.49,30.58,44.6,31.02,31.02,31.47,32.32,32.12,74.44,34.71,32.81,31.84,40.12,46.52,38.41,38.55,39.83,38.69,43.35,91.47
61,95.52,101.83,31.38,29.33,30.49,30.58,46.93,31.02,31.02,31.47,32.32,32.12,74.44,34.82,32.81,31.84,40.12,46.52,38.41,38.55,39.83,38.69,43.17,90.7
82,97.24,101.83,31.29,29.33,30.49,30.58,44.79,31.02,31.11,31.47,32.32,32.03,74.44,34.82,32.81,31.75,40.12,46.52,38.27,38.55,39.83,38.69,43.35,90.7
100,41.84,99.94,31.29,29.33,30.49,30.66,47.97,31.02,31.11,31.47,32.32,32.12,74.44,34.82,32.81,31.75,40.12,46.52,38.41,38.55,39.83,38.69,43.35,85.66
121,93.86,99.94,31.29,29.41,30.49,30.66,49.97,31.02,31.11,31.47,32.32,32.12,72.44,34.82,32.81,31.84,40.12,46.13,38.41,38.55,39.98,38.69,43.35,83.67
139,60.98,57.72,31.29,29.41,30.4,30.58,51.89,31.02,31.11,31.47,32.32,32.12,39.39,34.82,32.81,31.84,40.12,46.13,38.27,38.55,39.83,38.69,43.35,84.32
160,63.87,99.02,31.2,29.41,30.49,30.58,39.54,31.02,31.11,31.47,32.32,32.12,39.39,34.82,32.81,31.84,40.12,46.13,38.41,38.55,39.83,38.69,43.35,89.95
178,42.66,99.02,31.2,29.41,30.49,30.58,32.81,31.02,31.29,31.47,32.32,32.12,39.25,34.71,32.81,31.84,39.98,46.13,38.41,38.55,39.83,38.69,43.35,89.95
199,43,99.02,31.11,29.41,30.49,30.58,38.97,31.02,31.11,31.38,32.32,32.12,39.39,34.71,32.81,31.84,39.98,46.13,38.41,38.41,39.83,38.69,43.35,89.2
217,50.44,99.02,31.2,29.41,30.49,30.58,44.79,31.02,31.11,31.38,32.32,32.12,39.54,34.71,32.91,31.84,39.98,46.13,38.27,38.55,39.98,38.69,43.35,90.7
237,48.19,99.02,31.11,29.41,30.49,30.58,36.22,31.11,31.11,31.38,32.32,32.12,39.68,34.71,33.01,31.84,39.98,46.13,38.41,38.55,39.83,38.69,43.17,89.95
256,53.43,99.94,31.11,29.41,30.49,30.58,32.81,31.02,31.11,31.38,32.41,32.12,40.73,34.82,33.01,31.93,39.98,45.93,38.41,38.55,39.98,38.69,43.35,90.7
276,60.98,99.94,31.11,29.33,30.49,30.58,32.91,31.02,31.11,31.47,32.32,32.12,44.79,34.82,33.01,31.93,39.98,46.13,38.41,38.55,39.83,38.69,43.35,81.77
295,46.52,99.02,31.11,29.41,30.49,30.58,32.81,31.02,31.02,31.38,32.32,32.12,44.06,34.71,33.01,31.93,39.98,46.13,38.41,38.55,39.83,38.69,43.35,90.7
315,101.83,96.37,31.11,29.41,30.49,30.58,32.81,31.02,31.02,31.38,32.32,32.12,39.98,34.82,33.01,31.93,40.12,46.13,38.41,38.41,39.98,38.69,43.35,81.15
336,100.87,100.87,31.11,29.41,30.49,30.58,32.81,31.02,31.02,31.47,32.41,32.12,39.83,34.71,33.01,31.93,39.98,46.13,38.41,38.55,39.83,38.69,43.35,90.7
354,99.02,100.87,31.11,29.41,30.49,30.58,32.81,31.02,31.93,31.38,32.32,32.12,44.06,34.71,33.01,31.93,39.98,46.13,38.41,38.55,39.83,38.55,43.35,89.95
375,42.33,99.02,31.11,29.41,30.49,30.58,33.31,31.02,31.47,31.38,32.32,32.12,38.83,34.82,33.01,32.03,39.98,46.32,38.27,38.55,39.98,38.55,43.35,89.2
393,42.49,98.12,31.11,29.41,30.49,30.58,33.01,31.02,31.02,31.29,32.41,32.12,38.83,34.82,33.01,32.03,39.98,46.13,38.27,38.55,39.83,38.55,43.35,89.95
414,95.52,101.83,31.11,29.41,30.49,30.58,37.48,31.02,31.02,31.38,32.32,32.12,38.83,34.82,32.91,32.03,39.98,46.13,38.41,38.55,39.83,38.55,43.35,90.7
432,97.24,101.83,31.11,29.41,30.49,30.58,32.81,30.93,31.02,31.38,32.32,32.12,38.97,34.71,33.01,31.93,39.98,46.13,38.41,38.41,39.83,38.55,43.35,89.95
453,37.74,99.02,31.11,29.41,30.49,30.49,33.01,30.93,30.93,31.38,32.32,32.03,38.97,34.82,33.01,32.03,39.98,46.13,38.27,38.55,39.98,38.55,43.35,89.95
471,37.61,98.12,31.11,29.41,30.49,30.58,33.11,30.93,30.93,31.38,32.32,32.12,38.97,34.82,33.01,31.93,39.98,46.32,38.27,38.55,39.83,38.55,43.17,89.95
491,37.61,99.02,31.11,29.41,30.49,30.58,33.11,30.93,31.02,31.38,32.32,32.12,38.97,34.71,33.01,31.93,39.98,46.32,38.27,38.55,39.98,38.55,43.17,89.95
510,37.61,98.12,38.01,29.41,30.49,30.49,33.21,30.93,31.02,31.38,32.32,32.12,38.97,34.82,32.91,31.93,39.98,46.32,38.41,38.55,39.98,38.55,43.35,89.95
530,56.81,99.94,38.83,29.41,30.49,30.58,33.21,30.93,30.93,31.38,32.32,32.12,38.97,34.82,33.01,31.93,39.98,46.32,38.27,38.55,39.83,38.55,43.35,89.95
549,65.42,99.02,41.04,29.33,30.49,30.58,33.11,30.93,31.02,31.38,32.32,32.12,38.97,34.71,32.91,31.93,39.98,46.32,38.41,38.41,39.83,38.55,43.35,89.95
569,67.04,99.94,39.39,29.41,30.49,30.58,33.21,30.93,31.02,31.38,32.32,32.12,38.97,34.71,33.01,32.03,40.12,46.32,38.41,38.55,39.98,38.55,43.35,90.7
590,83.67,100.87,31.2,29.41,30.49,30.58,33.21,30.93,30.93,31.38,32.32,32.12,38.97,34.82,33.01,31.93,40.12,46.13,38.41,38.41,39.83,38.55,43.35,90.7
608,83.67,100.87,31.2,29.41,30.49,30.49,33.21,30.93,31.02,31.38,32.41,32.12,39.25,34.82,32.91,31.93,39.98,46.52,38.41,38.55,39.83,38.55,43.35,90.7
629,91.47,100.87,31.29,29.41,30.49,30.49,33.11,30.93,31.02,31.38,32.32,32.12,38.97,34.71,33.01,31.93,40.12,46.52,38.27,38.55,39.83,38.55,43.35,90.7
647,90.7,100.87,31.29,29.41,30.49,30.49,47.76,30.93,31.02,31.38,32.41,32.12,38.97,34.82,32.91,31.84,39.98,46.73,38.41,38.55,39.98,38.55,43.35,89.95
668,47.34,99.02,31.29,29.33,30.49,30.49,45.54,30.93,31.02,31.38,32.32,32.12,38.83,34.82,32.91,31.93,39.98,46.93,38.41,38.55,39.83,38.55,43.35,91.47
686,98.12,83.67,31.2,29.41,30.49,30.49,64.25,30.93,31.02,31.38,32.41,32.12,38.97,34.71,32.91,31.93,39.98,47.55,38.41,38.55,39.83,38.69,43.17,89.2
706,54.24,62.03,31.29,29.41,30.49,30.49,59.31,30.93,30.93,31.38,32.32,32.12,38.97,34.71,32.91,31.93,39.98,47.13,38.41,38.55,39.83,38.55,43.35,89.95
725,38.27,78.78,31.29,29.41,30.49,30.49,33.01,30.93,30.93,31.38,32.32,32.12,38.97,34.71,32.91,31.93,40.12,46.73,38.41,38.41,39.83,38.69,43.35,90.7
745,98.12,91.47,31.38,29.41,30.49,30.49,32.91,31.02,30.93,31.38,32.32,32.12,38.97,34.71,32.91,31.84,40.12,46.13,38.41,38.41,39.98,38.69,43.35,89.95
764,98.12,78.21,31.38,29.33,30.49,30.49,32.91,30.93,31.02,31.38,32.32,32.12,38.83,34.82,32.91,31.84,40.12,46.13,38.41,38.55,39.83,38.69,43.17,89.95
784,99.02,96.37,31.38,29.33,30.49,30.49,32.91,30.93,31.02,31.38,32.32,32.12,39.11,34.71,33.01,31.84,40.12,45.93,38.41,38.55,39.83,38.69,43.35,90.7
805,99.94,99.02,31.47,29.41,30.49,30.49,44.79,30.93,31.02,31.38,32.32,32.12,38.97,34.71,32.91,31.84,40.12,46.13,38.41,38.55,39.83,38.69,43.35,90.7
823,99.94,99.02,31.38,29.33,30.49,30.49,33.01,30.93,31.02,31.38,32.41,32.12,39.25,34.71,32.91,31.84,40.12,46.13,38.41,38.55,39.83,38.69,43.17,90.7
844,99.94,99.02,31.38,29.33,30.49,30.58,48.62,30.93,30.93,31.38,32.32,32.12,38.97,34.71,32.91,31.84,40.12,46.13,38.41,38.41,39.83,38.55,43.17,88.47
862,93.86,98.12,31.47,29.41,30.49,30.58,33.01,30.93,31.02,31.47,32.41,32.12,39.11,34.71,32.91,31.84,39.98,46.73,38.41,38.55,39.83,38.55,43.17,90.7
883,99.94,98.12,31.38,29.33,30.49,30.58,32.91,30.93,31.02,31.47,32.41,32.12,39.25,34.71,32.91,31.84,39.98,46.13,38.41,38.55,39.83,38.55,43.17,90.7
901,99.02,98.12,31.38,29.41,30.49,30.58,32.32,30.93,31.02,31.56,32.32,32.12,46.13,34.71,32.91,31.84,40.12,46.13,38.41,38.55,39.98,38.55,43.17,91.47
922,97.24,96.37,31.38,29.33,30.49,30.58,32.32,30.93,31.02,31.65,32.32,32.12,43,34.71,32.91,31.84,39.98,46.32,38.41,38.55,39.98,38.55,43.35,89.95
940,99.02,95.52,31.38,29.33,30.49,30.58,44.79,30.93,31.11,31.56,32.32,32.12,39.25,34.71,33.01,31.75,40.12,46.13,38.41,38.55,39.83,38.55,43.35,90.7
960,95.52,93.86,31.38,29.33,30.49,30.58,44.79,30.93,31.02,31.56,32.32,32.12,38.97,34.71,33.01,31.75,40.12,46.13,38.41,38.41,39.83,38.55,43.17,90.7
979,93.86,93.05,31.38,29.33,30.49,30.58,45.35,30.93,31.02,31.47,32.41,32.12,39.11,34.71,32.91,31.75,40.12,46.13,38.41,38.55,39.83,38.55,43.35,90.7
999,93.05,92.25,31.38,29.41,30.49,30.58,45.16,30.93,31.02,31.47,32.41,32.12,39.11,34.71,32.91,31.75,39.98,46.13,38.41,38.55,39.83,38.69,43.17,90.7
1018,92.25,92.25,31.38,29.33,30.49,30.49,46.73,30.93,31.02,31.47,32.32,32.12,39.11,34.71,33.01,31.84,39.98,46.13,38.41,38.55,39.83,38.55,43.17,90.7
1038,92.25,92.25,31.29,29.33,30.49,30.58,44.97,30.93,31.02,31.47,32.32,32.12,39.25,34.71,32.91,31.84,40.12,46.13,38.41,38.41,39.83,38.55,43.35,90.7
1059,92.25,92.25,31.29,29.33,30.49,30.58,47.97,30.93,31.02,31.47,32.32,32.12,39.54,34.71,32.91,31.75,39.98,46.13,38.41,38.55,39.98,38.55,43.17,90.7
1077,92.25,92.25,31.38,29.33,30.49,30.58,47.97,30.93,31.02,31.56,32.41,32.12,39.54,34.71,32.91,31.84,40.12,46.32,38.41,38.41,39.83,38.55,43.17,89.95
1098,92.25,93.05,31.38,29.33,30.49,30.58,32.91,30.93,31.29,31.47,32.41,32.12,39.11,34.71,32.91,31.75,40.12,46.13,38.41,38.55,39.83,38.55,43.17,90.7
1118,93.05,93.05,31.38,29.41,30.49,30.58,62.39,30.93,31.2,31.47,32.32,32.12,39.11,34.71,33.01,31.75,39.98,46.13,38.41,38.55,39.83,38.55,43.35,90.7
1137,93.05,92.25,31.38,29.41,30.49,30.58,36.22,30.93,31.2,31.56,32.32,32.12,39.25,34.71,33.01,31.75,40.12,46.13,38.41,38.41,39.83,38.41,43.35,90.7
1157,93.05,93.05,31.38,29.41,30.49,30.58,32.91,30.93,31.02,31.56,32.41,32.12,39.11,34.71,33.01,31.75,40.12,46.13,38.41,38.55,39.83,38.55,43.35,89.2
1175,93.86,93.86,31.38,29.41,30.4,30.66,32.22,30.93,31.11,31.56,32.41,32.12,39.54,34.71,33.01,31.75,40.12,46.13,38.41,38.55,39.98,38.69,43.17,85.66
1196,94.68,94.68,31.38,29.41,30.4,30.66,32.22,31.02,31.11,31.56,32.32,32.12,39.83,34.71,33.01,31.75,39.83,46.32,38.41,38.55,39.83,38.69,43.17,87.75
1214,95.52,94.68,31.47,29.41,30.4,30.66,32.22,30.93,31.11,31.47,32.32,32.12,39.11,34.71,32.91,31.75,40.12,46.32,38.41,38.55,39.83,38.55,43.35,87.04
1235,95.52,94.68,31.38,29.33,30.4,30.66,32.22,30.93,31.11,31.56,32.32,32.12,39.54,34.71,33.01,31.75,40.12,46.32,38.41,38.55,39.98,38.55,43.35,81.15
1255,95.52,95.52,31.38,29.41,30.49,30.66,32.22,30.93,31.11,31.56,32.41,32.12,39.11,34.71,33.01,31.75,39.98,46.32,38.41,38.55,39.98,38.55,43.35,90.7
1274,96.37,95.52,31.38,29.33,30.49,30.66,32.22,30.93,31.11,31.56,32.41,32.12,39.39,34.71,33.01,31.75,40.12,46.13,38.41,38.55,39.83,38.55,43.35,90.7
1294,96.37,95.52,31.38,29.41,30.49,30.66,32.22,30.93,31.11,31.65,32.32,32.12,39.39,34.71,32.91,31.75,40.12,46.32,38.41,38.55,39.83,38.55,43.35,82.39
1313,96.37,96.37,37.61,29.41,30.49,30.58,32.81,30.93,31.11,31.65,32.32,32.12,39.68,34.71,33.01,31.75,40.12,46.32,38.41,38.55,39.98,38.69,43.35,81.15
1333,95.52,94.68,31.38,29.41,30.49,30.66,32.81,31.02,31.11,31.56,32.32,32.12,39.68,34.71,33.01,31.75,40.12,46.32,38.41,38.55,39.98,38.55,43.35,81.77
1352,97.24,96.37,31.38,29.41,30.49,30.66,32.81,31.02,31.02,31.65,32.32,32.12,39.98,34.71,33.01,31.75,40.12,46.32,38.41,38.55,39.98,38.69,43.35,81.15
1372,97.24,97.24,31.38,29.41,30.49,30.66,32.91,31.02,31.02,31.56,32.41,32.12,40.58,34.71,33.01,31.75,40.12,46.32,38.41,38.55,39.98,38.55,43.35,81.77
1391,98.12,98.12,31.38,29.41,30.49,30.66,38.27,30.93,31.02,31.65,32.41,32.12,41.35,34.71,33.01,31.75,40.12,46.32,38.41,38.55,39.98,38.55,43.35,81.77
1411,98.12,98.12,31.38,29.41,30.49,30.66,32.91,30.93,31.02,31.65,32.41,32.12,41.04,34.71,33.01,31.75,40.12,46.32,38.41,38.55,39.83,38.55,43.35,90.7
1431,99.94,98.12,31.38,29.41,30.49,30.66,32.81,31.02,31.02,31.56,32.32,32.12,42.49,34.71,33.01,31.75,40.12,46.32,38.41,38.55,39.98,38.55,43.35,91.47
1450,99.94,99.94,31.38,29.41,30.49,30.66,47.97,30.93,31.02,31.65,32.32,32.12,41.84,34.71,33.01,31.75,40.12,46.32,38.41,38.55,39.83,38.69,43.35,91.47
1470,94.68,99.94,31.38,29.41,30.49,30.66,38.83,31.02,31.02,31.65,32.32,32.12,41.04,34.71,33.11,31.75,40.12,46.32,38.41,38.55,39.83,38.69,43.35,90.7
1489,94.68,99.94,31.38,29.41,30.49,30.66,32.81,31.02,31.02,31.47,32.32,32.12,41.84,34.71,33.11,31.84,39.98,46.32,38.41,38.55,39.83,38.69,43.17,90.7
1509,94.68,100.87,31.29,29.41,30.49,30.66,42.33,31.02,31.02,31.47,32.32,32.12,41.84,34.71,33.11,31.84,39.98,46.13,38.27,38.55,39.83,38.69,43.35,91.47
1528,94.68,100.87,31.29,29.41,30.49,30.66,48.84,31.02,31.11,31.47,32.32,32.12,42.49,34.71,33.11,31.84,40.12,46.32,38.41,38.55,39.83,38.69,43.35,91.47
1548,94.68,99.94,31.29,29.41,30.49,30.66,47.76,31.02,31.11,31.38,32.32,32.12,43.7,34.71,33.01,31.84,40.12,46.32,38.41,38.55,39.83,38.69,43.35,91.47
1569,95.52,100.87,31.38,29.41,30.4,30.66,48.62,31.02,31.11,31.38,32.41,32.12,42.83,34.71,33.01,31.84,40.12,46.32,38.41,38.55,39.98,38.69,43.35,90.7
1589,96.37,100.87,31.29,29.41,30.49,30.66,51.64,31.02,31.11,31.47,32.32,32.12,45.93,34.71,33.11,31.75,40.12,46.32,38.41,38.55,39.83,38.69,43.35,90.7
1608,95.52,100.87,31.29,29.41,30.49,30.66,49.74,31.02,31.11,31.47,32.32,32.12,42.16,34.71,33.01,31.84,39.98,46.32,38.27,38.55,39.83,38.55,43.35,91.47
1628,96.37,101.83,31.29,29.41,30.49,30.66,38.27,31.11,31.2,31.56,32.32,32.12,42,34.71,33.01,31.84,40.12,46.32,38.41,38.55,39.83,38.69,43.35,91.47
1647,101.83,101.83,31.29,29.41,30.49,30.66,32.81,31.02,31.2,31.47,32.41,32.12,42.33,34.71,33.11,31.84,40.12,46.52,38.27,38.41,39.83,38.69,43.35,91.47
1667,100.87,101.83,31.29,29.41,30.49,30.66,37.74,31.02,31.29,31.56,32.41,32.12,42.66,34.71,33.01,31.84,40.12,46.52,38.41,38.55,39.83,38.55,43.17,90.7
1685,101.83,100.87,31.29,29.41,30.4,30.66,41.84,31.11,31.29,31.47,32.41,32.12,42.49,34.71,33.01,31.84,40.12,46.32,38.41,38.55,39.83,38.69,43.17,91.47
1706,101.83,101.83,31.29,29.41,30.49,30.66,33.21,31.11,31.75,31.47,32.32,32.12,42.33,34.71,33.01,31.84,40.12,46.32,38.27,38.55,39.98,38.69,43.17,90.7
1724,95.52,101.83,31.29,29.41,30.49,30.66,62.39,31.02,31.29,31.47,32.32,32.12,42.16,34.71,33.01,31.84,40.12,46.32,38.41,38.41,39.98,38.69,43.17,90.7
1745,99.94,101.83,31.2,29.41,30.49,30.66,49.29,31.11,31.29,31.56,32.41,32.12,42.33,34.71,33.01,31.84,40.12,46.32,38.41,38.55,39.83,38.69,43.17,90.7
1765,99.94,100.87,31.2,29.41,30.4,30.66,48.84,31.11,31.38,31.47,32.32,32.12,42.33,34.82,33.01,31.84,40.12,46.32,38.41,38.55,39.83,38.69,43.35,90.7
1784,100.87,99.02,31.2,29.41,30.49,30.66,49.06,31.11,31.38,31.56,32.32,32.12,42,34.71,33.01,31.84,40.12,46.52,38.41,38.55,39.83,38.69,43.35,91.47
1804,101.83,101.83,31.2,29.33,30.49,30.66,44.42,31.11,32.03,31.56,32.41,32.12,42.16,34.71,33.01,31.84,40.12,46.32,38.41,38.55,39.83,38.69,43.35,90.7
1823,100.87,101.83,31.2,29.33,30.49,30.58,32.91,31.11,31.75,31.56,32.32,32.12,42,34.71,33.11,31.84,40.12,46.32,38.41,38.55,39.83,38.69,43.17,90.7
1843,39.98,98.12,31.2,29.41,30.49,30.58,32.81,31.11,31.93,31.47,32.32,32.12,42.16,34.71,33.01,31.84,40.12,46.32,38.41,38.55,39.98,38.69,43.17,90.7
1862,90.7,98.12,31.11,29.41,30.4,30.58,32.71,31.02,31.93,31.38,32.32,32.12,41.67,34.71,33.01,31.93,40.12,46.32,38.41,38.55,39.98,38.55,43.35,90.7
1882,99.94,99.94,31.11,29.41,30.49,30.58,32.71,31.11,31.65,31.38,32.32,32.12,42,34.71,33.01,31.93,40.12,46.93,38.41,38.55,39.98,38.69,43.35,90.7
1900,99.94,81.77,31.11,29.33,30.49,30.58,32.81,31.11,31.65,31.38,32.32,32.12,41.84,34.82,33.01,31.93,40.12,46.52,38.27,38.41,39.83,38.69,43.17,89.95
1921,100.87,83.03,31.11,29.41,30.49,30.58,32.81,31.11,31.29,31.38,32.32,32.12,42.49,34.82,33.01,31.93,40.12,46.52,38.27,38.41,39.83,38.55,43.35,90.7
1941,100.87,101.83,31.11,29.41,30.49,30.58,32.91,31.11,31.29,31.38,32.32,32.12,41.84,34.82,33.01,31.93,39.98,46.52,38.27,38.41,39.83,38.69,43.17,90.7
1960,87.04,99.94,31.11,29.41,30.49,30.58,32.81,31.02,31.29,31.38,32.41,32.12,43.35,34.82,33.01,31.93,39.98,46.32,38.27,38.55,39.83,38.69,43.17,90.7
1980,99.94,90.7,31.11,29.41,30.49,30.58,40.58,31.02,31.29,31.47,32.32,32.12,41.51,34.82,33.01,31.93,40.12,46.32,38.41,38.41,39.98,38.69,43.17,91.47
1999,100.87,100.87,31.11,29.41,30.49,30.58,32.81,31.02,31.38,31.38,32.41,32.12,42.83,34.71,33.01,31.93,40.12,46.32,38.41,38.41,39.83,38.69,43.17,91.47
2019,100.87,101.83,31.11,29.41,30.49,30.58,32.91,31.02,31.38,31.38,32.32,32.12,43.35,34.71,33.01,31.93,40.12,46.32,38.27,38.41,39.83,38.69,43.17,90.7
2038,100.87,101.83,40.73,29.41,30.49,30.49,32.81,30.93,31.38,31.38,32.32,32.12,42.16,34.71,33.01,31.93,39.98,46.32,38.41,38.55,39.98,38.55,43.17,90.7
2058,99.94,101.83,40.27,29.41,30.49,30.58,32.81,30.93,31.2,31.38,32.41,32.12,43.52,34.82,33.01,31.93,40.12,46.52,38.41,38.55,39.83,38.69,43.17,90.7
2077,99.02,100.87,31.11,29.41,30.49,30.58,32.91,31.02,31.11,31.38,32.32,32.12,42,34.82,33.01,31.93,39.98,46.52,38.27,38.55,39.83,38.55,43.17,90.7
2097,99.02,100.87,31.11,29.33,30.49,30.58,33.11,30.93,31.2,31.38,32.32,32.12,42.16,34.82,33.01,31.93,39.98,46.52,38.27,38.55,39.83,38.69,43.17,91.47
2115,99.02,100.87,31.11,29.41,30.49,30.58,32.91,30.93,31.02,31.38,32.32,32.12,41.35,34.82,33.01,31.93,39.98,46.52,38.27,38.55,39.98,38.55,43.17,91.47
2136,100.87,101.83,31.11,29.41,30.49,30.58,44.79,30.93,31.02,31.38,32.32,32.12,42.66,34.82,33.01,31.93,40.12,46.52,38.27,38.55,39.98,38.69,43.17,91.47
2156,99.94,101.83,31.11,29.41,30.49,30.58,37.35,30.93,31.02,31.38,32.41,32.12,41.04,34.82,33.01,31.93,39.98,46.52,38.41,38.55,39.83,38.55,43.17,90.7
2175,94.68,100.87,31.11,29.41,30.49,30.58,32.91,30.93,30.93,31.38,32.32,32.12,42.16,34.71,33.01,31.93,39.98,46.32,38.27,38.55,39.98,38.55,43.17,91.47
2195,93.86,100.87,31.11,29.41,30.49,30.49,32.91,30.93,31.02,31.38,32.32,32.12,42.49,34.82,33.01,31.93,39.98,46.32,38.41,38.55,39.98,38.69,43.17,90.7
2214,75.48,83.67,31.11,29.41,30.49,30.49,43.17,30.93,30.93,31.38,32.32,32.12,41.2,34.71,33.01,31.93,40.12,46.32,38.41,38.41,39.83,38.69,43.17,89.95
2234,43.88,98.12,31.11,29.41,30.49,30.49,46.32,31.02,31.02,31.38,32.32,32.12,39.25,34.82,33.01,31.93,40.12,46.32,38.41,38.55,39.98,38.55,43.17,90.7
2253,64.63,101.83,31.11,29.41,30.49,30.58,43.17,31.02,31.02,31.38,32.32,32.12,38.97,34.71,32.91,31.93,39.98,46.52,38.27,38.55,39.98,38.55,43.17,90.7
2273,67.88,100.87,31.11,29.41,30.49,30.58,63.12,31.02,31.11,31.38,32.32,32.12,39.11,34.71,33.01,31.93,39.98,46.52,38.41,38.55,39.83,38.69,43.17,90.7
2294,49.06,99.94,31.11,29.41,30.49,30.58,39.25,31.02,31.11,31.38,32.32,32.12,38.97,34.82,32.91,31.93,39.98,46.52,38.27,38.55,39.83,38.69,43.17,89.95
2312,41.04,99.02,31.2,29.33,30.49,30.58,32.91,31.02,31.02,31.38,32.32,32.12,38.97,34.82,32.91,31.84,40.12,46.32,38.41,38.55,39.98,38.69,43.35,91.47
2333,99.94,100.87,31.2,29.41,30.49,30.58,32.91,30.93,31.02,31.38,32.32,32.12,38.83,34.71,32.91,31.93,39.98,46.32,38.41,38.55,39.83,38.69,43.35,90.7
2351,100.87,99.02,31.2,29.33,30.49,30.49,32.91,31.02,31.02,31.38,32.32,32.12,38.97,34.71,32.91,31.93,40.12,46.32,38.41,38.55,39.98,38.69,43.35,90.7
2371,99.94,98.12,31.29,29.33,30.49,30.58,32.91,31.02,31.2,31.38,32.41,32.12,39.11,34.82,32.91,31.84,39.98,46.32,38.41,38.55,39.98,38.55,43.35,91.47
2390,99.02,97.24,31.2,29.41,30.49,30.49,32.91,31.02,31.38,31.47,32.32,32.12,38.97,34.82,32.91,31.93,40.12,46.32,38.27,38.55,39.83,38.69,43.35,91.47
2410,99.02,97.24,31.29,29.33,30.49,30.49,32.91,31.02,31.11,31.38,32.32,32.12,39.11,34.71,32.91,31.93,40.12,46.52,38.41,38.55,39.83,38.69,43.35,90.7
2429,99.02,96.37,31.29,29.41,30.49,30.58,32.91,31.02,31.2,31.47,32.32,32.12,38.97,34.71,32.91,31.84,40.12,46.32,38.41,38.55,39.98,38.69,43.17,91.47
2449,99.02,98.12,31.29,29.41,30.49,30.49,32.91,31.02,31.47,31.38,32.32,32.12,38.97,34.82,32.91,31.93,40.12,46.52,38.41,38.55,39.98,38.69,43.35,91.47
2470,99.02,98.12,31.29,29.41,30.49,30.58,32.91,31.02,31.11,31.38,32.32,32.12,38.97,34.82,32.91,31.93,39.98,46.32,38.41,38.41,39.83,38.55,43.17,91.47
2488,99.02,98.12,31.29,29.33,30.49,30.58,32.91,31.02,31.11,31.47,32.32,32.12,39.25,34.71,32.91,31.84,40.12,46.52,38.41,38.41,39.98,38.69,43.17,90.7
2509,98.12,97.24,31.29,29.41,30.49,30.58,32.91,31.02,31.29,31.47,32.41,32.12,39.11,34.82,33.01,31.93,40.12,46.32,38.41,38.55,39.98,38.69,43.35,90.7
2527,97.24,96.37,31.29,29.41,30.49,30.58,32.91,31.02,31.2,31.47,32.32,32.12,38.97,34.71,33.01,31.93,40.12,46.32,38.41,38.41,39.83,38.69,43.17,90.7
2548,96.37,94.68,31.29,29.41,30.49,30.49,33.01,31.02,31.2,31.47,32.32,32.12,39.11,34.82,33.01,31.93,40.12,46.52,38.27,38.55,39.83,38.69,43.35,90.7
2566,96.37,94.68,31.38,29.33,30.49,30.58,32.91,31.02,31.11,31.47,32.41,32.12,39.11,34.82,33.01,32.03,40.12,46.32,38.41,38.55,39.98,38.69,43.17,90.7
2587,88.47,94.68,31.2,29.41,30.4,30.49,33.01,31.02,31.29,31.38,32.41,32.12,39.11,34.71,33.11,32.12,40.12,46.32,38.41,38.55,39.83,38.55,43.17,90.7
2605,89.2,94.68,31.29,29.33,30.4,30.49,33.01,31.02,31.2,31.38,32.32,32.12,63.87,34.82,33.11,32.22,40.12,46.32,38.41,38.55,39.83,38.69,43.17,91.47
2625,89.95,95.52,31.2,29.33,30.4,30.49,33.01,31.02,31.11,31.38,32.41,32.12,63.49,34.82,33.11,32.22,40.12,46.32,38.41,38.55,39.83,38.55,43.17,91.47
2646,91.47,96.37,31.2,29.41,30.49,30.49,32.91,31.02,31.2,31.29,32.41,32.12,63.87,34.82,33.11,32.12,40.12,46.32,38.41,38.41,39.83,38.55,43.17,91.47
2664,92.25,97.24,31.2,29.33,30.49,30.58,43.52,31.02,31.29,31.38,32.41,32.12,63.49,34.82,33.01,32.12,40.12,46.32,38.41,38.41,39.83,38.69,43.17,91.47
2685,92.25,98.12,31.29,29.33,30.49,30.58,41.84,31.02,31.2,31.38,32.41,32.12,63.87,34.82,33.11,32.03,40.12,46.32,38.41,38.41,39.83,38.55,43.17,91.47
2703,91.47,97.24,31.29,29.41,30.49,30.58,42.16,31.02,31.11,31.38,32.41,32.12,58.34,34.82,33.11,32.22,40.12,46.32,38.41,38.41,39.98,38.41,43.35,91.47
2724,90.7,96.37,31.29,29.33,30.49,30.49,41.84,31.02,31.2,31.38,32.32,32.12,39.54,34.82,33.11,32.12,40.12,46.32,38.41,38.55,39.83,38.55,43.17,91.47
2742,90.7,96.37,31.29,29.33,30.49,30.49,43.35,31.02,31.11,31.38,32.32,32.12,39.11,34.71,33.01,32.12,40.12,46.32,38.41,38.41,39.83,38.55,43,91.47
2763,89.95,95.52,31.2,29.33,30.49,30.49,44.6,31.02,31.2,31.38,32.41,32.12,38.97,34.71,33.11,32.12,39.98,46.32,38.41,38.41,39.83,38.69,43.17,91.47
2781,96.37,95.52,31.2,29.33,30.49,30.49,41.67,31.02,31.29,31.38,32.41,32.12,39.11,34.71,33.11,32.12,40.12,46.32,38.41,38.41,39.83,38.55,43.17,91.47
2802,97.24,95.52,31.2,29.33,30.49,30.49,45.93,31.02,31.29,31.38,32.41,32.12,39.11,34.71,33.11,32.12,40.12,46.32,38.41,38.41,39.83,38.55,43.17,91.47
2822,97.24,96.37,31.2,29.33,30.49,30.49,42.16,31.02,31.38,31.38,32.41,32.12,39.39,34.82,33.11,32.12,40.12,46.32,38.41,38.41,39.83,38.69,43.17,91.47
2840,98.12,96.37,31.2,29.33,30.49,30.49,34.82,31.02,31.29,31.38,32.41,32.12,39.39,34.71,33.11,32.12,40.12,46.32,38.41,38.41,39.83,38.55,43.17,91.47
2861,98.12,97.24,31.2,29.33,30.49,30.49,33.01,31.11,31.2,31.38,32.41,32.12,39.54,34.82,33.11,32.12,40.12,46.32,38.41,38.55,39.83,38.55,43.17,90.7
2879,99.02,98.12,31.2,29.33,30.49,30.49,33.01,31.02,31.2,31.38,32.41,32.12,39.54,34.71,33.11,32.12,40.12,46.32,38.41,38.41,39.83,38.55,43.17,91.47
2900,99.02,98.12,31.29,29.33,30.49,30.49,32.91,31.02,31.2,31.38,32.41,32.12,39.39,34.82,33.11,32.12,40.12,46.32,38.41,38.55,39.83,38.55,43.17,90.7
2918,99.94,99.02,31.29,29.33,30.49,30.49,32.81,31.11,31.11,31.38,32.41,32.12,39.54,34.71,33.11,32.12,40.12,46.32,38.41,38.41,39.83,38.55,43.17,91.47
2939,99.94,99.02,31.29,29.33,30.49,30.49,32.81,31.02,31.29,31.38,32.41,32.12,39.68,34.82,33.11,32.12,40.27,46.32,38.41,38.41,39.83,38.69,43.17,90.7
2957,99.94,99.94,31.29,29.33,30.49,30.49,32.91,31.11,31.11,31.38,32.41,32.12,39.39,34.82,33.11,32.12,39.98,46.32,38.41,38.55,39.83,38.69,43.17,91.47
2978,100.87,99.02,31.29,29.33,30.49,30.49,32.91,31.11,31.11,31.38,32.41,32.12,39.54,34.82,33.11,32.12,40.12,46.32,38.41,38.41,39.83,38.69,43.17,91.47
2998,100.87,100.87,31.2,29.33,30.49,30.49,50.2,31.11,31.38,31.47,32.41,32.12,39.68,34.82,33.11,32.12,39.98,46.32,38.41,38.55,39.83,38.69,43.17,91.47
3017,99.94,99.94,31.29,29.33,30.49,30.58,41.67,31.11,31.75,31.47,32.41,32.12,39.68,34.82,33.11,32.12,39.98,46.32,38.41,38.55,39.83,38.69,43.17,90.7
3037,94.68,100.87,31.29,29.33,30.49,30.58,40.12,31.11,31.84,31.47,32.41,32.12,39.54,34.82,33.11,32.12,40.12,46.32,38.41,38.41,39.83,38.69,43.17,90.7
3058,94.68,100.87,31.29,29.33,30.49,30.58,34.82,31.11,31.75,31.47,32.41,32.12,39.54,34.82,33.11,32.12,40.12,46.32,38.41,38.55,39.83,38.69,43.17,90.7
3076,93.05,101.83,31.29,29.33,30.49,30.58,34.16,31.11,31.93,31.47,32.41,32.12,39.68,34.82,33.11,32.12,40.12,46.32,38.41,38.55,39.83,38.69,43.17,89.95
3096,65.42,99.94,31.38,29.33,30.49,30.58,34.82,31.2,31.47,31.47,32.41,32.12,40.73,34.82,33.11,32.12,40.27,46.32,38.41,38.41,39.83,38.69,43.17,90.7
3115,46.32,99.94,31.29,29.33,30.49,30.58,33.01,31.2,31.47,31.47,32.41,32.12,40.88,34.82,33.11,32.12,40.12,46.32,38.41,38.55,39.98,38.83,43.17,89.2
3135,42,99.02,36.59,29.33,30.49,30.58,32.91,31.2,31.38,31.47,32.41,32.12,40.27,34.82,33.21,32.12,40.12,46.32,38.41,38.55,39.83,38.69,43.17,89.95
3154,41.2,99.02,31.38,29.33,30.49,30.49,32.91,31.2,31.65,31.47,32.41,32.12,40.73,34.82,33.21,32.12,40.12,46.32,38.41,38.55,39.83,38.69,43.17,89.95
3174,41.67,99.94,31.29,29.33,30.49,30.58,33.01,31.2,31.93,31.47,32.41,32.12,40.27,34.71,33.11,32.12,40.12,46.32,38.41,38.55,39.98,38.69,43.17,89.95
3195,43.7,99.94,31.29,29.33,30.49,30.58,33.01,31.2,32.22,31.47,32.41,32.12,39.98,34.71,33.11,32.12,40.12,46.32,38.41,38.41,39.98,38.69,43,89.95
3213,46.52,99.02,31.29,29.33,30.4,30.58,40.73,31.2,32.22,31.47,32.41,32.12,41.35,34.82,33.11,32.12,40.12,46.32,38.41,38.41,39.83,38.69,43.17,90.7
3234,43.88,99.94,49.97,29.33,30.49,30.58,43.88,31.2,32.22,31.47,32.41,32.12,42.49,34.71,33.11,32.12,40.12,46.32,38.41,38.55,39.83,38.69,43.17,89.95
3252,44.24,98.12,31.2,29.33,30.49,30.58,43.52,31.2,31.47,31.47,32.41,32.12,40.88,34.82,33.11,32.22,39.98,46.32,38.27,38.55,39.83,38.69,43.17,90.7
3273,63.49,100.87,31.2,29.33,30.49,30.58,32.81,31.2,31.47,31.38,32.32,32.12,40.73,34.82,33.11,32.22,40.12,46.32,38.41,38.55,39.98,38.69,43,89.95
3291,49.51,99.02,31.2,29.33,30.49,30.58,32.91,31.2,31.47,31.47,32.41,32.12,40.58,34.82,33.11,32.12,40.12,46.13,38.41,38.55,39.83,38.69,43.17,89.95
3312,87.75,101.83,31.2,29.33,30.49,30.58,47.13,31.2,31.47,31.47,32.41,32.12,39.39,34.82,33.11,32.22,39.98,46.52,38.41,38.55,39.83,38.69,43.17,89.95
3330,89.2,99.94,31.11,29.33,30.49,30.49,64.25,31.11,31.47,31.47,32.41,32.12,39.39,34.82,33.11,32.22,40.12,46.52,38.41,38.55,39.83,38.69,43.17,90.7
3350,96.37,68.31,31.11,29.33,30.49,30.49,51.4,31.11,31.47,31.47,32.41,32.12,39.39,34.82,33.11,32.22,40.12,46.13,38.41,38.55,39.98,38.69,43.17,91.47
3371,98.12,102.8,31.11,29.33,30.49,30.58,52.91,31.2,31.47,31.47,32.41,32.12,39.54,34.82,33.11,32.22,39.98,46.13,38.41,38.41,39.98,38.55,43,90.7
3389,99.02,102.8,31.11,29.33,30.49,30.58,62.75,31.11,31.47,31.47,32.41,32.12,39.25,34.82,33.11,32.22,40.12,46.32,38.41,38.55,39.83,38.69,43.17,89.95
3410,101.83,102.8,31.11,29.33,30.49,30.58,62.75,31.2,31.47,31.47,32.41,32.12,39.39,34.82,33.11,32.22,40.12,46.52,38.41,38.55,39.98,38.69,43.17,89.95
3428,45.16,99.94,31.11,29.33,30.49,30.58,39.39,31.2,31.47,31.47,32.32,32.12,39.25,34.82,33.11,32.22,39.98,46.52,38.27,38.41,39.98,38.69,43.17,89.95
3449,43.17,99.94,31.11,29.33,30.49,30.58,44.6,31.11,31.47,31.47,32.41,32.12,39.11,34.82,33.11,32.22,40.12,46.32,38.41,38.55,39.98,38.69,43.17,90.7
3467,49.51,99.94,31.11,29.33,30.4,30.49,32.91,31.11,31.38,31.47,32.41,32.12,38.97,34.82,33.11,32.22,40.12,46.32,38.41,38.27,39.98,38.69,43.17,90.7
3488,96.37,102.8,31.11,29.33,30.49,30.49,40.27,31.02,31.38,31.38,32.41,32.12,38.83,34.82,33.01,32.22,40.12,46.32,38.27,38.55,39.98,38.69,43.17,90.7
3506,100.87,102.8,31.11,29.33,30.49,30.49,32.91,31.11,31.2,31.38,32.41,32.12,38.97,34.82,33.11,32.22,40.12,46.32,38.41,38.55,39.98,38.55,43.17,89.95
3527,45.74,99.94,31.11,29.33,30.49,30.49,56.51,31.11,31.38,31.38,32.41,32.12,39.54,34.71,33.11,32.22,40.12,46.32,38.41,38.55,39.98,38.69,43,89.95
3547,45.16,99.94,31.11,29.33,30.49,30.49,32.81,31.11,31.29,31.38,32.41,32.12,39.54,34.82,33.01,32.22,40.12,46.32,38.41,38.41,39.83,38.69,43.17,89.95
3565,43.35,99.94,31.11,29.33,30.49,30.58,32.91,31.11,31.2,31.47,32.41,32.12,39.68,34.82,33.01,32.22,40.12,46.32,38.27,38.55,39.83,38.69,43.17,89.95
3586,43,99.94,31.11,29.33,30.49,30.49,47.55,31.11,31.38,31.47,32.41,32.12,39.68,34.82,33.01,32.22,40.12,46.32,38.41,38.41,39.98,38.69,43.17,89.95
3604,42.66,99.94,31.11,29.33,30.49,30.49,38.14,31.11,31.38,31.47,32.41,32.12,39.68,34.82,33.01,32.22,40.12,46.32,38.27,38.55,39.83,38.55,43.17,89.2
3625,43,99.94,31.11,29.41,30.49,30.49,32.91,31.02,31.29,31.47,32.41,32.12,39.68,34.82,33.01,32.22,40.12,46.32,38.27,38.41,39.98,38.69,43.17,90.7
3643,43.7,100.87,31.11,29.33,30.49,30.49,65.02,31.11,31.29,31.47,32.41,32.12,39.68,34.82,33.01,32.22,40.12,46.32,38.41,38.55,39.98,38.69,43.17,89.95
3664,42.16,100.87,31.11,29.33,30.49,30.49,65.02,31.02,31.38,31.56,32.32,32.12,39.68,34.71,33.01,32.22,39.83,46.32,38.27,38.55,39.83,38.55,43.17,89.95
3682,41.2,100.87,31.11,29.33,30.49,30.49,65.42,31.11,31.11,31.56,32.41,32.12,39.68,34.82,33.01,32.22,40.12,46.52,38.41,38.41,39.98,38.69,43.17,89.95
3703,64.25,99.94,31.11,29.33,30.49,30.49,65.02,31.11,31.2,31.56,32.41,32.12,39.83,34.71,33.01,32.22,40.12,46.52,38.41,38.55,39.83,38.69,43.17,90.7
3723,38.97,99.94,31.11,29.33,30.49,30.49,65.02,31.02,31.11,31.56,32.41,32.12,39.83,34.82,33.01,32.12,40.12,46.52,38.41,38.41,39.83,38.69,43.17,90.7
3742,38.41,99.94,31.2,29.33,30.49,30.49,65.02,31.02,31.2,31.47,32.41,32.12,39.68,34.82,33.01,32.12,40.12,46.13,38.41,38.41,39.98,38.69,43.17,90.7
3762,97.24,101.83,31.29,29.33,30.49,30.49,45.35,31.02,31.11,31.47,32.41,32.12,39.83,34.82,33.01,32.12,40.12,46.13,38.27,38.41,39.83,38.55,43.17,90.7
3781,97.24,101.83,31.29,29.33,30.4,30.49,32.91,31.02,31.02,31.47,32.41,32.12,39.68,34.82,33.01,32.12,39.98,47.55,38.41,38.55,39.98,38.69,43.17,91.47
3801,96.37,101.83,31.38,29.33,30.49,30.49,32.91,31.02,31.11,31.47,32.41,32.12,39.83,34.82,33.11,32.12,39.83,47.34,38.41,38.41,39.98,38.69,43.17,91.47
3819,97.24,101.83,31.38,29.33,30.49,30.49,32.91,31.11,31.02,31.47,32.41,32.12,39.83,34.82,33.01,32.12,39.98,47.34,38.41,38.41,39.83,38.69,43.17,90.7
3840,96.37,101.83,31.38,29.33,30.49,30.58,32.91,31.02,31.11,31.47,32.41,32.12,39.83,34.82,33.11,32.12,40.12,47.76,38.41,38.41,39.98,38.69,43.17,90.7
3860,96.37,101.83,31.38,29.33,30.49,30.58,32.81,31.11,31.2,31.47,32.41,32.12,39.98,34.71,33.01,32.12,40.12,47.34,38.41,38.41,39.98,38.69,43.17,90.7
3879,96.37,99.94,31.38,29.33,30.49,30.58,36.96,31.11,31.47,31.47,32.41,32.12,39.83,34.71,33.01,32.12,39.98,47.34,38.41,38.41,39.83,38.69,43.17,91.47
3899,99.94,100.87,31.38,29.33,30.49,30.49,51.64,31.11,31.38,31.47,32.41,32.12,39.83,34.82,33.01,32.12,40.12,47.34,38.41,38.41,39.83,38.55,43,90.7
3918,99.94,100.87,31.38,29.33,30.4,30.49,62.39,31.11,31.47,31.47,32.41,32.12,39.98,34.82,33.11,32.12,40.12,46.32,38.41,38.55,39.98,38.55,43.17,91.47
3938,100.87,99.94,31.47,29.33,30.49,30.49,63.49,31.11,31.47,31.47,32.41,32.12,39.83,34.71,33.01,32.03,40.12,46.32,38.41,38.55,39.98,38.69,43,91.47
3957,99.94,99.02,31.38,29.33,30.49,30.49,63.87,31.11,31.38,31.47,32.41,32.12,39.83,34.71,33.01,32.12,39.98,46.13,38.41,38.41,39.83,38.69,43.17,90.7
3977,99.02,98.12,31.38,29.33,30.49,30.49,52.4,31.02,31.2,31.47,32.41,32.12,40.58,34.82,33.11,32.12,40.12,46.32,38.41,38.55,39.83,38.69,43,90.7
3996,99.02,97.24,31.38,29.33,30.4,30.49,53.17,31.02,31.29,31.47,32.41,32.12,39.83,34.71,33.01,32.03,40.12,46.32,38.41,38.41,39.83,38.69,43.17,91.47
4016,98.12,97.24,31.38,29.33,30.49,30.49,52.65,31.02,31.2,31.47,32.41,32.12,39.83,34.82,33.01,32.03,40.12,46.13,38.41,38.55,39.98,38.55,43.17,90.7
4037,99.02,98.12,31.38,29.33,30.4,30.49,54.24,31.02,31.29,31.47,32.41,32.12,39.98,34.82,33.01,32.03,40.12,46.32,38.41,38.41,39.83,38.55,43.17,90.7
4055,98.12,97.24,31.38,29.33,30.49,30.58,51.64,31.02,31.29,31.47,32.41,32.03,39.83,34.82,33.01,32.03,40.12,46.32,38.41,38.55,39.83,38.55,43.17,90.7
4075,99.02,98.12,31.38,29.33,30.49,30.58,60.3,31.02,31.11,31.47,32.41,32.12,39.83,34.82,33.01,32.03,40.12,46.13,38.41,38.41,39.83,38.55,43.17,90.7
4094,99.02,98.12,31.38,29.33,30.49,30.49,62.39,31.02,31.11,31.47,32.32,32.12,41.2,34.82,33.11,32.03,40.12,46.13,38.41,38.55,39.83,38.55,43.17,91.47
4114,99.02,97.24,31.38,29.33,30.49,30.58,62.75,31.02,31.29,31.47,32.32,32.12,40.12,34.82,33.01,31.93,40.12,46.32,38.41,38.55,39.83,38.55,43.17,90.7
4133,99.02,97.24,31.38,29.33,30.49,30.49,62.75,31.02,31.29,31.47,32.41,32.12,40.27,34.82,33.11,32.03,40.27,46.32,38.41,38.55,39.98,38.69,43.35,91.47
4153,99.02,97.24,31.38,29.33,30.49,30.49,63.12,30.93,31.29,31.47,32.41,32.12,40.73,34.71,33.01,32.03,40.12,46.52,38.41,38.55,39.83,38.55,43.17,91.47
4172,101.83,97.24,31.38,29.33,30.49,30.49,63.12,31.02,31.29,31.47,32.41,32.12,40.43,34.71,33.01,32.03,40.12,46.32,38.41,38.41,39.98,38.55,43.17,91.47
4192,102.8,96.37,31.38,29.33,30.49,30.49,63.12,31.02,31.29,31.47,32.41,32.12,40.27,34.71,33.01,32.03,40.12,46.32,38.41,38.55,39.98,38.55,43.17,90.7
4213,102.8,97.24,31.29,29.33,30.49,30.49,63.12,31.02,31.29,31.47,32.41,32.12,40.43,34.71,33.01,32.03,40.12,46.32,38.41,38.55,39.98,38.55,43.17,91.47
4231,103.78,97.24,31.29,29.33,30.49,30.49,63.12,31.02,31.29,31.47,32.41,32.12,40.58,34.71,33.01,32.03,40.12,46.32,38.41,38.55,39.83,38.55,43.17,91.47
4252,103.78,98.12,41.04,29.33,30.49,30.49,62.75,31.02,31.29,31.47,32.41,32.12,40.43,34.71,33.01,32.03,40.12,46.32,38.41,38.41,39.83,38.69,43.17,91.47
4270,104.79,98.12,38.14,29.33,30.49,30.58,63.12,31.02,31.29,31.47,32.41,32.12,40.43,34.82,33.01,32.03,40.12,46.32,38.41,38.41,39.83,38.69,43.17,91.47
4290,104.79,99.02,31.29,29.33,30.49,30.49,63.12,31.02,31.29,31.47,32.41,32.12,40.43,34.71,33.01,32.03,40.12,46.32,38.41,38.55,39.83,38.69,43.17,91.47
4309,104.79,99.02,31.29,29.33,30.49,30.49,37.09,31.02,31.29,31.56,32.41,32.12,40.58,34.82,33.01,32.03,40.12,46.32,38.27,38.55,39.83,38.55,43.17,90.7
4329,104.79,99.02,31.29,29.33,30.49,30.49,33.11,31.02,31.2,31.56,32.41,32.12,40.73,34.71,33.01,32.03,40.12,46.32,38.41,38.55,39.83,38.69,43.17,90.7
4348,104.79,99.94,31.29,29.33,30.49,30.49,47.34,31.02,31.29,31.56,32.41,32.12,40.58,34.71,33.11,32.03,40.12,46.32,38.41,38.55,39.98,38.55,43.17,90.7
4368,104.79,99.94,31.29,29.33,30.49,30.49,43.35,31.02,31.38,31.56,32.41,32.12,41.04,34.71,33.11,32.03,39.83,46.13,38.41,38.55,39.98,38.69,43.17,90.7
4389,105.82,100.87,31.29,29.33,30.49,30.58,32.91,31.02,31.47,31.65,32.41,32.12,40.88,34.71,33.11,32.03,39.98,46.13,38.41,38.55,39.83,38.69,43.17,90.7
4407,105.82,100.87,31.38,29.33,30.49,30.58,32.81,31.11,31.2,31.65,32.41,32.12,41.04,34.71,33.11,32.03,40.12,46.13,38.41,38.41,39.83,38.69,43,90.7
4428,104.79,100.87,31.29,29.33,30.49,30.58,32.81,31.11,31.38,31.84,32.41,32.12,41.35,34.71,33.11,32.03,40.12,46.13,38.41,38.55,39.98,38.69,43.17,89.95
4446,41.04,99.02,31.29,29.33,30.49,30.58,32.71,31.11,31.75,31.84,32.41,32.12,40.58,34.71,33.11,32.03,40.12,46.32,38.41,38.55,39.83,38.69,43.17,89.95
4467,38.41,99.02,31.29,29.33,30.4,30.58,32.71,31.11,31.47,31.84,32.41,32.12,40.43,34.71,33.11,32.03,40.12,46.13,38.41,38.55,39.98,38.69,43.17,89.95
4485,66.63,99.02,31.29,29.33,30.4,30.58,32.81,31.11,31.47,31.75,32.41,32.12,40.73,34.71,33.11,32.03,40.12,46.13,38.41,38.55,39.98,38.69,43.17,89.95
4506,38.41,99.02,31.29,29.33,30.4,30.58,32.71,31.2,31.47,31.84,32.41,32.12,41.04,34.71,33.11,32.03,40.12,46.13,38.41,38.55,39.98,38.69,43.17,89.2
4524,38.14,99.02,31.29,29.33,30.4,30.49,32.81,31.2,31.47,31.84,32.41,32.12,40.73,34.71,33.11,32.03,40.12,46.32,38.41,38.55,39.83,38.69,43.17,89.95
4544,38.97,99.02,31.2,29.33,30.4,30.49,32.71,31.2,31.47,31.84,32.41,32.12,40.88,34.71,33.11,32.03,39.98,46.13,38.41,38.55,39.98,38.69,43.17,88.47
4565,38.41,48.62,31.2,29.33,30.4,30.49,32.71,31.2,31.47,31.84,32.41,32.12,40.88,34.71,33.11,32.03,40.12,46.32,38.41,38.41,39.83,38.69,43,90.7
4583,100.87,98.12,31.2,29.33,30.4,30.49,32.81,31.2,31.47,31.84,32.41,32.12,40.73,34.71,33.11,32.03,40.12,46.32,38.41,38.55,39.83,38.69,43,89.95
4604,39.25,99.02,31.2,29.33,30.4,30.49,32.81,31.2,31.47,31.84,32.41,32.12,40.73,34.71,33.11,32.12,40.12,46.32,38.41,38.55,39.83,38.69,43.17,89.2
4622,41.2,99.02,31.11,29.33,30.4,30.49,32.71,31.2,31.47,31.84,32.41,32.12,41.04,34.71,33.11,32.12,40.12,46.32,38.41,38.55,39.83,38.69,43.17,89.95
4643,38.69,99.02,31.11,29.41,30.4,30.49,45.16,31.2,31.47,31.84,32.41,32.12,40.88,34.71,33.11,32.12,40.12,46.32,38.41,38.55,39.98,38.69,43.17,89.95
4661,39.83,99.02,31.11,29.33,30.4,30.49,42.66,31.2,31.56,31.84,32.41,32.12,40.73,34.71,33.11,32.12,40.12,46.32,38.27,38.55,39.98,38.69,43.17,89.95
4682,38.97,99.02,31.11,29.33,30.4,30.49,37.61,31.29,31.56,31.84,32.41,32.12,41.2,34.71,33.11,32.22,39.98,46.32,38.41,38.41,39.98,38.69,43.17,89.95
4700,38.69,99.02,31.11,29.41,30.4,30.49,37.61,31.29,31.56,31.84,32.41,32.12,41.2,34.82,33.11,32.12,40.12,46.32,38.41,38.55,39.98,38.69,43,89.95
4721,38.69,99.02,31.11,29.33,30.4,30.49,32.71,31.29,31.56,31.93,32.32,32.03,41.84,34.71,33.11,32.22,40.12,46.32,38.27,38.55,39.98,38.69,43.17,89.2
4741,38.55,98.12,31.11,29.33,30.4,30.49,32.91,31.29,31.56,31.84,32.32,32.12,40.88,34.82,33.11,32.12,40.12,46.52,38.41,38.41,39.83,38.69,43.17,89.95
4759,38.41,99.02,31.11,29.33,30.4,30.49,32.71,31.29,31.56,31.84,32.32,32.03,40.58,34.82,33.11,32.22,40.12,46.52,38.41,38.41,39.98,38.69,43.17,89.2
4780,39.83,99.02,31.11,29.33,30.4,30.49,32.91,31.2,31.56,31.84,32.32,32.12,41.2,34.71,33.11,32.12,39.98,46.32,38.41,38.41,39.98,38.69,43,89.95
4798,81.15,65.81,31.11,29.33,30.4,30.49,32.81,31.29,31.56,31.84,32.41,32.12,40.88,34.82,33.11,32.22,40.12,46.32,38.41,38.55,39.98,38.69,43.17,90.7
4819,97.24,101.83,31.11,29.33,30.4,30.58,42.66,31.2,31.56,31.84,32.41,32.12,40.88,34.71,33.11,32.22,40.12,46.32,38.41,38.55,39.98,38.69,43,90.7
4839,89.95,53.43,31.11,29.33,30.4,30.49,32.81,31.2,31.47,31.65,32.32,32.12,41.35,34.71,33.01,32.22,40.12,46.52,38.41,38.55,39.98,38.69,43.17,90.7
4858,93.86,56.22,31.11,29.33,30.4,30.49,32.81,31.2,31.56,31.65,32.41,32.12,41.84,34.82,33.11,32.22,40.12,46.52,38.41,38.55,39.98,38.69,43.17,89.95
4878,49.29,99.02,31.11,29.41,30.4,30.49,46.52,31.2,31.56,31.65,32.41,32.12,41.35,34.71,33.11,32.22,40.12,46.52,38.41,38.55,39.98,38.69,43,89.95
4897,37.48,98.12,31.11,29.33,30.4,30.58,44.24,31.2,31.47,31.56,32.32,32.12,41.67,34.71,33.11,32.22,40.12,46.52,38.27,38.55,39.98,38.69,43.17,90.7
4917,37.48,98.12,31.11,29.33,30.4,30.58,47.76,31.2,31.56,31.56,32.41,32.12,40.73,34.71,33.11,32.22,40.12,46.32,38.41,38.55,39.98,38.69,43,89.95
4938,37.35,99.02,31.11,29.33,30.49,30.58,51.89,31.2,31.56,31.56,32.41,32.12,41.67,34.71,33.11,32.22,39.98,46.52,38.27,38.55,39.83,38.69,43,90.7
4956,37.48,99.02,31.11,29.33,30.4,30.58,55.35,31.2,31.56,31.56,32.32,32.12,41.04,34.82,33.11,32.22,40.12,46.32,38.41,38.41,39.98,38.69,43.17,89.95
4977,37.35,98.12,31.11,29.33,30.4,30.49,55.92,31.2,31.47,31.56,32.32,32.12,41.35,34.71,33.11,32.22,40.12,46.32,38.41,38.41,39.98,38.69,43,90.7
4995,37.48,98.12,31.11,29.33,30.49,30.49,48.19,31.2,31.56,31.56,32.41,32.12,40.88,34.71,33.11,32.12,39.98,46.52,38.41,38.55,39.98,38.69,43.17,89.95
5015,37.48,99.94,31.11,29.33,30.49,30.49,61.68,31.2,31.47,31.47,32.41,32.12,41.2,34.71,33.01,32.22,40.12,46.52,38.27,38.41,39.98,38.69,43.17,90.7
5034,37.35,99.02,31.11,29.33,30.49,30.49,62.03,31.2,31.47,31.47,32.41,32.12,41.04,34.71,33.01,32.12,40.12,46.52,38.41,38.41,39.98,38.69,43.17,90.7
5054,37.35,99.02,31.11,29.33,30.4,30.49,61.68,31.2,31.47,31.47,32.41,32.12,40.88,34.71,33.01,32.22,40.12,46.52,38.41,38.41,39.98,38.69,43.17,90.7
5073,37.35,98.12,31.2,29.33,30.49,30.49,62.03,31.2,31.56,31.47,32.41,32.12,41.2,34.71,33.01,32.22,40.12,46.52,38.41,38.41,39.98,38.69,43,89.95
5093,37.35,99.02,31.2,29.33,30.4,30.49,61.68,31.2,31.47,31.47,32.41,32.12,41.51,34.71,33.01,32.22,40.12,46.32,38.41,38.55,39.98,38.69,43.17,90.7
5114,37.35,99.02,31.2,29.33,30.4,30.49,32.81,31.2,31.47,31.47,32.41,32.12,40.88,34.71,33.11,32.12,40.12,45.74,38.41,38.55,39.98,38.69,43.17,90.7
5132,37.35,99.02,31.2,29.33,30.4,30.58,32.91,31.2,31.47,31.47,32.32,32.12,40.88,34.82,33.11,32.22,40.12,45.93,38.41,38.41,39.98,38.69,43.17,90.7
5153,37.35,93.86,31.2,29.33,30.4,30.58,32.91,31.11,31.47,31.47,32.32,32.12,40.88,34.71,33.11,32.12,40.12,46.32,38.41,38.41,39.83,38.69,43,90.7
5171,37.61,99.02,31.29,29.33,30.4,30.58,32.81,31.11,31.38,31.47,32.41,32.12,41.04,34.71,33.11,32.22,40.12,45.93,38.41,38.41,39.98,38.69,43.17,89.95
5192,39.11,99.94,31.29,29.33,30.4,30.58,32.81,31.11,31.38,31.38,32.41,32.12,41.67,34.71,33.11,32.22,40.12,45.93,38.41,38.41,39.98,38.69,43,90.7
5210,39.68,99.02,31.29,29.33,30.4,30.58,32.81,31.11,31.38,31.47,32.41,32.12,41.35,34.71,33.11,32.12,40.12,45.93,38.41,38.41,39.98,38.69,43.17,91.47
5231,60.3,99.94,31.29,29.33,30.4,30.58,32.91,31.11,31.38,31.56,32.41,32.12,41.04,34.71,33.11,32.12,40.12,46.13,38.41,38.41,39.98,38.69,43.17,90.7
5249,46.73,99.94,31.38,29.33,30.49,30.58,32.81,31.11,31.38,31.56,32.41,32.12,41.04,34.71,33.11,32.12,40.12,45.74,38.27,38.41,39.98,38.69,43.17,90.7
5269,95.52,102.8,31.38,29.33,30.49,30.58,32.81,31.11,31.38,31.56,32.41,32.12,41.67,34.71,33.11,32.12,40.12,45.93,38.41,38.41,39.98,38.69,43.17,91.47
5290,97.24,101.83,31.38,29.33,30.4,30.58,43.35,31.11,31.38,31.47,32.41,32.12,42.33,34.71,33.11,32.12,40.12,45.93,38.27,38.55,39.98,38.69,43.17,90.7
5308,38.27,99.02,31.29,29.33,30.4,30.58,48.19,31.11,31.38,31.56,32.41,32.12,42,34.71,33.11,32.12,40.12,45.74,38.41,38.41,39.98,38.69,43,90.7
5329,37.74,99.94,31.29,29.33,30.49,30.58,49.29,31.11,31.38,31.56,32.41,32.12,41.84,34.71,33.11,32.12,39.98,45.74,38.41,38.41,39.98,38.69,43.17,90.7
5347,41.04,99.94,31.29,29.33,30.4,30.58,48.84,31.11,31.38,31.56,32.41,32.12,42.33,34.71,33.11,32.12,40.12,45.74,38.41,38.55,39.98,38.69,43.17,90.7
5368,48.19,99.94,31.29,29.33,30.4,30.66,32.81,31.11,31.38,31.56,32.41,32.12,41.51,34.71,33.11,32.12,40.12,45.74,38.41,38.41,39.98,38.69,43.17,89.95
5386,39.98,99.94,31.38,29.33,30.49,30.58,32.81,31.11,31.38,31.56,32.41,32.12,42.33,34.71,33.11,32.12,40.12,45.74,38.41,38.41,39.98,38.69,43.17,91.47
5407,59.63,100.87,31.38,29.33,30.49,30.66,32.81,31.11,31.38,31.56,32.32,32.12,43,34.71,33.11,32.03,40.12,45.74,38.41,38.41,39.98,38.69,43.17,90.7
5425,96.37,102.8,31.38,29.33,30.49,30.58,33.01,31.11,31.38,31.56,32.41,32.12,44.6,34.71,33.11,32.03,40.12,45.74,38.41,38.55,39.98,38.69,43.17,90.7
5446,97.24,101.83,31.29,29.33,30.4,30.58,33.01,31.11,31.38,31.56,32.41,32.12,51.64,34.71,33.11,32.03,40.12,45.54,38.41,38.41,39.98,38.69,43,91.47
5466,97.24,101.83,31.38,29.33,30.49,30.58,33.01,31.02,31.29,31.56,32.41,32.12,52.91,34.71,33.01,32.03,39.68,45.54,38.41,38.41,39.83,38.55,43.17,91.47
5487,97.24,101.83,31.38,29.33,30.49,30.58,33.01,31.02,31.29,31.47,32.41,32.12,52.65,34.71,33.11,32.03,40.12,45.35,38.41,38.55,39.98,38.55,43.17,91.47
5505,97.24,101.83,31.38,29.33,30.49,30.58,33.01,31.02,31.02,31.56,32.41,32.12,52.14,34.71,33.11,32.12,40.12,45.54,38.41,38.41,39.98,38.69,43.17,90.7
5525,97.24,100.87,31.29,29.33,30.4,30.58,33.01,31.02,31.02,31.47,32.41,32.12,53.17,34.71,33.11,32.12,40.12,45.54,38.41,38.55,39.98,38.69,43.17,91.47
5544,97.24,101.83,31.38,29.33,30.49,30.58,33.01,31.02,31.02,31.56,32.41,32.12,51.89,34.71,33.11,32.03,40.12,45.54,38.41,38.41,39.98,38.69,43.17,91.47
5564,99.02,100.87,31.38,29.41,30.49,30.58,32.91,31.02,31.11,31.56,32.41,32.12,50.91,34.71,33.11,32.03,40.12,45.54,38.41,38.55,39.83,38.69,43.17,91.47
5583,101.83,101.83,31.38,29.33,30.49,30.58,32.91,31.02,31.11,31.75,32.41,32.12,53.97,34.71,33.11,32.03,40.12,45.54,38.41,38.41,39.98,38.55,43.17,91.47
5603,101.83,101.83,31.38,29.33,30.49,30.58,33.01,31.02,31.02,31.75,32.41,32.12,49.29,34.71,33.11,32.03,39.98,45.54,38.41,38.55,39.83,38.69,43.17,91.47
5622,101.83,101.83,31.38,29.33,30.4,30.58,32.91,31.02,31.02,31.75,32.41,32.12,52.91,34.71,33.11,32.03,40.12,45.54,38.41,38.55,39.83,38.69,43.17,91.47
5642,101.83,101.83,31.38,29.33,30.49,30.58,32.12,31.02,31.02,31.75,32.41,32.12,52.65,34.71,33.11,32.03,40.12,45.54,38.41,38.41,39.98,38.69,43.17,91.47
5663,101.83,101.83,31.38,29.33,30.49,30.58,32.32,31.02,31.02,31.75,32.41,32.12,53.97,34.71,33.01,31.93,40.12,45.54,38.41,38.55,39.83,38.69,43,91.47
5681,101.83,101.83,31.38,29.33,30.49,30.58,32.81,31.02,31.11,31.75,32.41,32.12,53.7,34.71,33.11,32.03,39.98,45.54,38.27,38.41,39.98,38.55,43.17,90.7
5702,101.83,101.83,31.38,29.33,30.4,30.58,32.91,31.02,31.11,31.75,32.41,32.12,53.7,34.71,33.11,32.03,40.12,45.54,38.41,38.41,39.98,38.69,43.17,91.47
5720,101.83,101.83,31.38,29.33,30.4,30.58,32.91,31.02,31.02,34.48,32.32,32.12,53.7,34.71,33.11,32.03,40.12,45.54,38.41,38.41,39.98,38.69,43.17,90.7
5740,101.83,101.83,31.29,29.33,30.49,30.58,32.91,31.02,31.11,31.75,32.41,32.03,53.7,34.71,33.11,32.03,40.12,45.54,38.41,38.55,39.98,38.69,43.17,90.7
5759,101.83,101.83,31.38,29.33,30.4,30.58,32.81,31.02,31.02,31.75,32.41,32.12,55.07,34.71,33.11,32.03,40.12,45.54,38.41,38.55,39.98,38.69,43.17,81.15
5779,101.83,101.83,31.29,29.33,30.4,30.58,46.93,31.02,31.11,31.75,32.41,32.12,52.14,34.71,33.01,32.03,40.12,45.54,38.41,38.55,39.98,38.69,43.17,91.47
5800,101.83,101.83,31.38,29.33,30.4,30.58,52.14,31.11,31.38,31.75,32.41,32.12,53.43,34.71,33.11,32.03,40.12,45.54,38.41,38.55,39.98,38.69,43,91.47
5818,101.83,101.83,31.29,29.33,30.49,30.58,32.81,31.02,31.38,31.75,32.41,32.12,54.51,34.71,33.11,32.03,40.12,45.54,38.41,38.55,39.98,38.69,43.17,90.7
5839,101.83,101.83,31.29,29.33,30.4,30.58,32.81,31.11,31.38,31.75,32.41,32.12,51.89,34.71,33.11,32.03,39.98,45.54,38.41,38.41,39.83,38.69,43,90.7
5857,101.83,101.83,31.29,29.33,30.4,30.58,32.81,31.11,31.38,31.75,32.41,32.12,51.64,34.71,33.01,32.03,40.12,45.54,38.41,38.41,39.98,38.69,43.17,91.47
5878,101.83,101.83,31.2,29.33,30.4,30.58,32.71,31.11,31.38,31.75,32.41,32.12,49.97,34.71,33.11,32.12,40.12,45.54,38.41,38.55,39.98,38.69,43,91.47
5896,101.83,101.83,31.2,29.33,30.4,30.58,32.71,31.11,31.38,31.75,32.41,32.12,54.24,34.71,33.11,32.03,40.12,45.54,38.41,38.55,39.98,38.69,43.17,91.47
5917,101.83,100.87,31.2,29.33,30.4,30.58,32.71,31.11,31.38,31.75,32.41,32.12,50.67,34.71,33.11,32.03,40.12,45.74,38.41,38.55,39.98,38.69,43.17,91.47
5935,101.83,101.83,31.2,29.33,30.4,30.58,36.96,31.11,31.38,31.75,32.41,32.12,52.91,34.71,33.11,32.12,40.12,45.54,38.41,38.55,39.98,38.69,43.17,90.7
5955,97.24,100.87,31.11,29.33,30.49,30.58,37.87,31.11,31.38,31.75,32.41,32.12,52.91,34.71,33.11,32.12,40.12,45.54,38.41,38.55,39.98,38.69,43.17,90.7
5976,96.37,100.87,31.11,29.33,30.4,30.58,32.81,31.11,31.38,31.75,32.32,32.12,53.17,34.71,33.11,32.12,39.98,45.54,38.41,38.55,39.98,38.69,43.17,80.55
5994,44.97,99.94,31.11,29.33,30.4,30.49,32.81,31.11,31.38,31.75,32.41,32.12,52.91,34.71,33.11,32.12,39.98,45.54,38.41,38.41,39.98,38.69,43,83.03
6015,38.27,99.02,31.11,29.33,30.4,30.49,32.71,31.11,31.38,31.75,32.41,32.12,52.14,34.71,33.11,32.12,40.12,45.54,38.41,38.41,39.98,38.69,43.17,89.95
6033,38.01,99.02,31.11,29.33,30.49,30.58,32.81,31.11,31.38,31.75,32.41,32.12,51.4,34.71,33.11,32.12,39.98,45.35,38.41,38.41,39.98,38.69,43,89.95
6054,60.3,99.02,31.11,29.33,30.4,30.58,32.71,31.11,31.38,31.75,32.41,32.12,51.64,34.71,33.11,32.12,40.12,45.54,38.41,38.55,39.83,38.69,43.17,82.39
6072,68.31,99.94,31.11,29.33,30.4,30.58,58.66,31.11,31.38,31.75,32.41,32.12,51.64,34.71,33.11,32.12,40.12,46.13,38.41,38.55,39.98,38.69,43,81.77
6093,100.87,101.83,31.11,29.33,30.4,30.49,43.88,31.11,31.38,31.56,32.41,32.12,52.65,34.71,33.11,32.12,40.12,46.13,38.41,38.41,39.98,38.69,43,80.55
6111,38.14,99.02,31.11,29.33,30.49,30.58,32.71,31.11,31.38,31.56,32.41,32.12,49.51,34.71,33.11,32.22,40.12,46.13,38.41,38.55,39.98,38.69,43,89.95
6132,37.87,99.02,31.11,29.33,30.49,30.58,33.01,31.11,31.11,31.47,32.32,32.12,51.4,34.71,33.11,32.12,40.12,46.73,38.41,38.41,39.98,38.69,43,81.15
6152,38.27,99.02,31.11,29.33,30.4,30.58,32.81,31.11,31.11,31.47,32.41,32.12,52.14,34.71,33.11,32.12,40.12,46.32,38.41,38.55,39.98,38.69,43.17,89.2
6171,47.76,99.02,31.02,29.33,30.49,30.58,32.91,31.11,31.11,31.47,32.41,32.12,53.17,34.71,33.11,32.22,40.12,45.93,38.41,38.41,39.98,38.69,43,89.2
6191,38.41,99.02,31.11,29.33,30.49,30.49,35.16,31.02,31.02,31.47,32.41,32.12,51.89,34.71,33.11,32.22,40.12,45.93,38.41,38.55,39.83,38.69,43.17,89.95
6209,38.01,99.02,31.02,29.33,30.49,30.49,32.81,31.02,31.11,31.38,32.41,32.12,51.4,34.71,33.01,32.22,40.12,45.74,38.41,38.41,39.98,38.69,43.17,89.95
6230,46.73,99.02,31.11,29.33,30.49,30.58,32.81,31.02,31.11,31.47,32.41,32.12,51.4,34.71,33.11,32.22,40.12,45.74,38.41,38.41,39.98,38.69,43,89.95
6248,38.01,99.02,31.02,29.41,30.49,30.49,32.81,31.11,31.02,31.38,32.41,32.12,50.44,34.71,33.01,32.22,40.12,45.74,38.41,38.55,39.98,38.69,43,89.2
6269,37.87,99.02,31.11,29.41,30.49,30.58,32.81,31.02,31.02,31.47,32.41,32.12,46.52,34.71,33.01,32.12,40.12,45.74,38.27,38.55,39.98,38.69,43,89.95
6287,38.01,99.02,31.11,29.41,30.49,30.49,32.91,31.02,31.02,31.47,32.41,32.12,52.14,34.71,33.01,32.12,39.98,46.13,38.41,38.55,39.98,38.69,43.17,89.95
6308,38.01,99.02,31.11,29.41,30.49,30.49,32.81,31.02,31.02,31.38,32.32,32.12,49.06,34.71,33.01,32.12,40.12,45.93,38.27,38.55,39.98,38.69,43,81.77
6328,38.01,98.12,31.11,29.41,30.49,30.49,32.91,31.02,31.02,31.38,32.41,32.12,48.19,34.71,33.01,32.12,40.12,45.74,38.41,38.55,39.98,38.69,43.17,80.55
6347,37.87,99.02,31.11,29.41,30.49,30.49,32.91,31.02,31.02,31.47,32.41,32.12,52.65,34.71,33.11,32.12,40.12,45.74,38.41,38.55,39.98,38.69,43.17,80.55
6367,54.51,98.12,31.11,29.41,30.49,30.49,32.91,31.11,31.02,31.47,32.41,32.12,48.62,34.71,33.01,32.12,40.12,45.74,38.41,38.41,39.98,38.69,43.17,80.55
6386,38.41,99.02,31.11,29.33,30.49,30.49,33.01,31.11,31.02,31.47,32.32,32.12,53.43,34.71,33.11,32.12,40.12,45.74,38.41,38.41,39.83,38.69,43,89.2
6406,39.83,99.02,31.2,29.33,30.49,30.49,32.81,31.11,31.02,31.47,32.41,32.12,52.14,34.71,33.01,32.12,40.12,45.74,38.41,38.55,39.98,38.69,43,89.2
6424,38.14,98.12,31.2,29.33,30.49,30.58,33.62,31.11,31.02,31.38,32.41,32.12,52.65,34.71,33.11,32.03,40.12,45.74,38.41,38.55,39.98,38.69,43.17,86.35
6445,38.55,98.12,31.2,29.33,30.49,30.58,32.81,31.02,31.02,31.47,32.32,32.12,51.4,34.71,33.11,32.12,40.12,46.52,38.41,38.55,39.83,38.69,43,91.47
6463,100.87,100.87,31.2,29.33,30.49,30.58,32.81,31.02,31.02,31.75,32.41,32.12,52.65,34.71,33.01,32.03,40.12,45.74,38.41,38.55,39.98,38.69,43,81.15
6484,100.87,100.87,31.29,29.33,30.4,30.49,32.81,31.02,31.02,31.75,32.41,32.12,52.91,34.71,33.01,32.03,40.12,45.54,38.41,38.41,39.83,38.69,43,90.7
6504,99.94,100.87,31.29,29.33,30.4,30.58,51.64,31.11,31.02,31.75,32.32,32.12,51.64,34.71,33.01,32.03,40.12,45.54,38.41,38.55,39.98,38.69,43.17,90.7
6523,100.87,99.94,31.29,29.33,30.4,30.58,32.81,31.11,31.02,31.75,32.41,32.12,53.7,34.71,33.01,32.03,40.12,45.74,38.41,38.55,39.98,38.69,43,90.7
6543,85.66,99.02,31.29,29.33,30.49,30.58,32.81,31.02,31.02,31.75,32.41,32.12,54.79,34.71,33.01,32.03,40.12,46.32,38.41,38.55,39.83,38.55,43,90.7
6562,100.87,100.87,31.29,29.33,30.4,30.58,32.81,31.11,31.02,31.75,32.41,32.12,51.15,34.71,33.01,32.03,40.12,46.13,38.41,38.41,39.98,38.69,43,91.47
6582,99.94,99.94,31.29,29.33,30.4,30.58,32.81,31.11,31.02,31.84,32.32,32.12,53.97,34.71,33.01,31.93,40.12,46.52,38.41,38.41,39.98,38.69,43.17,90.7
6601,99.94,99.94,31.29,29.33,30.49,30.58,32.81,31.11,31.02,31.75,32.41,32.12,52.14,34.71,33.01,32.03,40.12,46.13,38.41,38.41,39.98,38.69,43.17,90.7
6621,100.87,99.02,31.29,29.33,30.49,30.58,33.62,31.11,31.02,31.75,32.41,32.12,54.24,34.71,33.11,31.93,40.12,45.93,38.41,38.41,39.98,38.69,43.17,90.7
6640,99.02,98.12,31.29,29.33,30.4,30.58,35.39,31.11,31.02,31.75,32.41,32.12,54.24,34.71,33.11,31.93,40.12,45.93,38.41,38.55,39.98,38.69,43.17,81.77
6660,99.94,98.12,31.29,29.33,30.4,30.49,32.81,31.02,31.11,31.84,32.32,32.12,54.79,34.71,33.01,31.93,40.12,45.74,38.41,38.55,39.98,38.69,43.17,90.7
6680,99.02,97.24,31.29,29.33,30.4,30.49,32.81,31.02,31.02,31.75,32.41,32.12,53.43,34.71,33.01,31.93,40.12,45.35,38.41,38.41,39.98,38.69,43.17,89.95
6699,97.24,96.37,31.29,29.33,30.4,30.49,32.81,31.02,31.02,31.75,32.41,32.12,53.7,34.71,32.91,31.93,40.12,45.35,38.27,38.41,39.98,38.69,43.17,90.7
6719,97.24,94.68,31.29,29.33,30.4,30.49,60.3,31.02,31.02,31.75,32.41,32.12,52.4,34.71,33.01,31.93,40.12,45.35,38.41,38.41,39.98,38.69,43.17,91.47
6738,97.24,95.52,31.29,29.33,30.49,30.49,58.34,31.02,31.02,31.75,32.41,32.12,50.91,34.71,33.01,31.93,40.12,45.35,38.27,38.41,39.98,38.69,43,90.7
6758,97.24,76.55,31.29,29.33,30.4,30.49,59.96,31.02,31.02,31.75,32.41,32.12,52.14,34.71,33.01,31.93,40.12,45.35,38.41,38.55,39.83,38.69,43.17,91.47
6777,98.12,95.52,31.29,29.33,30.4,30.49,59.63,31.02,31.02,31.84,32.41,32.12,50.91,34.71,33.01,31.93,40.12,45.35,38.41,38.41,39.98,38.69,43.17,91.47
6797,98.12,96.37,31.29,29.33,30.4,30.49,59.96,31.02,31.02,31.84,32.32,32.03,52.91,34.71,33.01,31.84,39.83,45.35,38.41,38.41,39.98,38.69,43.17,90.7
6816,98.12,97.24,31.29,29.33,30.49,30.58,59.63,31.02,31.02,31.84,32.41,32.03,52.91,34.71,33.01,31.93,40.12,45.16,38.41,38.41,39.98,38.69,43.17,89.95
6836,99.02,96.37,31.38,29.33,30.4,30.49,59.63,31.02,31.02,31.84,32.32,32.12,53.97,34.71,33.01,31.93,40.12,45.35,38.41,38.55,39.98,38.55,43.17,81.15
6857,99.02,97.24,31.38,29.33,30.4,30.49,59.63,31.02,31.02,31.84,32.32,32.12,51.64,34.71,33.01,31.93,40.12,45.35,38.41,38.41,39.98,38.55,43.17,90.7
6875,99.02,96.37,31.38,29.33,30.49,30.49,59.31,31.02,31.11,31.84,32.41,32.12,51.89,34.71,33.01,31.93,40.12,45.35,38.41,38.55,39.98,38.69,43.17,90.7
6896,98.12,96.37,31.29,29.33,30.4,30.49,59.31,31.02,31.11,31.84,32.32,32.03,53.97,34.71,33.01,31.93,39.98,45.35,38.41,38.55,39.83,38.69,43,90.7
6914,98.12,96.37,31.29,29.33,30.4,30.49,59.31,31.02,31.11,31.84,32.32,32.03,50.44,34.71,33.01,31.93,40.12,45.35,38.41,38.55,39.98,38.55,43.17,90.7
6934,98.12,96.37,31.2,29.33,30.49,30.49,59.31,31.02,31.11,31.84,32.32,32.12,51.89,34.71,32.91,31.93,40.12,45.35,38.41,38.55,39.98,38.69,43.17,90.7
6953,98.12,96.37,39.68,29.33,30.49,30.49,59.31,31.02,31.11,31.84,32.41,32.12,55.64,34.71,33.01,31.93,40.12,45.35,38.27,38.55,39.98,38.69,43.17,91.47
6973,99.02,97.24,39.98,29.33,30.4,30.49,59.63,31.02,31.11,31.84,32.41,32.12,53.43,34.71,33.01,31.93,40.12,45.35,38.41,38.55,39.83,38.69,43.17,91.47
6992,99.02,97.24,38.69,29.33,30.49,30.49,59.96,31.02,31.11,31.84,32.41,32.12,50.67,34.71,33.01,31.93,40.12,45.35,38.41,38.41,39.98,38.69,43,91.47
7012,99.02,97.24,31.38,29.33,30.49,30.49,39.25,31.02,31.11,31.84,32.41,32.12,51.4,34.71,33.01,31.84,40.12,45.35,38.41,38.55,39.98,38.69,43.17,90.7
7033,99.02,98.12,31.38,29.33,30.49,30.49,32.81,31.11,31.11,31.84,32.41,32.12,54.79,34.71,33.01,31.93,40.27,45.35,38.41,38.55,39.98,38.69,43.17,90.7
7051,99.94,98.12,31.75,29.33,30.4,30.49,32.81,31.11,31.11,31.84,32.41,32.12,53.17,34.71,33.01,31.93,40.12,45.35,38.41,38.55,39.98,38.69,43.17,90.7
7072,99.94,99.02,32.22,29.33,30.4,30.58,32.81,31.02,31.11,31.84,32.41,32.12,52.4,34.71,33.01,31.93,40.12,45.35,38.41,38.55,39.98,38.69,43.17,90.7
7090,100.87,99.02,31.38,29.33,30.4,30.49,32.81,31.11,31.38,31.38,32.41,32.03,53.17,34.71,33.01,31.93,40.12,45.35,38.41,38.55,39.98,38.55,43.17,90.7
7111,100.87,99.94,31.38,29.33,30.49,30.58,32.81,31.11,31.38,31.47,32.41,32.12,50.67,34.71,33.01,31.93,40.12,45.35,38.41,38.55,39.98,38.69,43.17,90.7
7129,100.87,99.94,31.38,29.33,30.4,30.49,32.71,31.11,31.38,31.47,32.41,32.12,52.65,34.71,33.11,31.93,40.12,45.35,38.41,38.41,39.98,38.69,43.17,89.95
7149,100.87,100.87,31.38,29.33,30.49,30.49,32.71,31.11,31.38,31.47,32.41,32.12,52.4,34.71,33.11,31.93,40.12,45.35,38.41,38.41,39.98,38.69,43.17,90.7
7168,100.87,100.87,31.38,29.33,30.4,30.49,32.71,31.2,31.38,31.47,32.41,32.12,53.17,34.71,33.11,31.93,40.12,45.35,38.41,38.55,39.98,38.69,43.17,90.7
7188,100.87,101.83,31.38,29.33,30.49,30.58,32.71,31.2,31.38,31.47,32.41,32.12,52.14,34.59,33.11,31.93,40.12,45.35,38.41,38.55,39.83,38.69,43.17,89.95
7209,101.83,101.83,31.38,29.33,30.49,30.49,32.71,31.2,31.47,31.47,32.41,32.12,51.64,34.71,33.11,31.93,40.12,45.35,38.41,38.41,39.98,38.69,43.17,90.7
7227,100.87,101.83,31.29,29.33,30.4,30.49,32.71,31.2,31.47,31.56,32.41,32.12,52.14,34.71,33.11,31.93,40.12,45.35,38.41,38.41,39.98,38.69,43.17,90.7
7248,101.83,101.83,31.29,29.33,30.49,30.58,32.71,31.2,31.47,31.47,32.41,32.12,52.14,34.71,33.11,32.03,40.12,45.35,38.41,38.41,39.83,38.69,43.17,90.7
7268,101.83,101.83,31.29,29.33,30.4,30.49,32.71,31.2,31.47,31.56,32.41,32.12,51.4,34.71,33.11,32.03,40.12,45.54,38.41,38.41,39.98,38.69,43.17,90.7
7287,101.83,101.83,31.2,29.33,30.4,30.49,32.71,31.2,31.47,31.56,32.41,32.12,51.64,34.71,33.01,32.03,39.98,45.54,38.41,38.41,39.98,38.69,43.17,89.95
7307,101.83,101.83,31.2,29.33,30.4,30.49,32.81,31.2,31.47,31.56,32.41,32.12,51.64,34.71,33.01,32.03,40.12,45.35,38.27,38.41,39.83,38.69,43.17,90.7
7326,102.8,102.8,31.2,29.33,30.4,30.49,61.33,31.2,31.47,31.56,32.41,32.12,50.67,34.71,33.01,32.03,40.12,45.35,38.41,38.41,39.98,38.69,43.17,90.7
7346,96.37,101.83,31.2,29.33,30.4,30.58,32.71,31.2,31.47,31.56,32.41,32.12,52.4,34.71,33.11,32.03,40.12,45.35,38.41,38.41,39.98,38.69,43.17,89.95
7367,96.37,101.83,31.2,29.33,30.4,30.49,32.71,31.2,31.47,31.56,32.41,32.12,48.19,34.71,33.01,32.03,40.12,45.54,38.41,38.55,39.98,38.69,43.17,89.95
7385,41.84,99.02,31.2,29.33,30.4,30.49,32.71,31.2,31.47,31.47,32.32,32.12,55.07,34.71,33.01,32.03,40.12,45.54,38.27,38.41,39.98,38.69,43.17,89.2
7405,73.93,100.87,31.11,29.33,30.49,30.49,32.71,31.2,31.38,31.56,32.41,32.12,51.4,34.71,33.01,32.03,40.12,45.35,38.27,38.41,39.98,38.69,43,89.95
7424,63.87,99.02,31.11,29.33,30.49,30.49,32.81,31.2,31.38,31.65,32.41,32.12,47.76,34.71,33.01,32.12,40.12,45.54,38.27,38.41,39.98,38.69,43.17,89.95
7444,41.84,99.94,31.11,29.33,30.49,30.49,33.01,31.11,31.38,31.75,32.41,32.12,47.97,34.71,33.01,32.12,40.12,45.54,38.27,38.55,39.83,38.69,43.17,89.95
7463,73.43,99.94,31.11,29.41,30.4,30.49,32.91,31.11,31.38,31.75,32.41,32.12,40.73,34.71,33.01,32.12,40.12,45.54,38.41,38.55,39.98,38.69,43,89.95
7483,38.97,99.02,31.11,29.33,30.49,30.49,32.81,31.11,31.38,31.56,32.41,32.12,41.04,34.71,33.01,32.12,40.12,45.54,38.41,38.41,39.98,38.69,43,89.95
7502,38.83,98.12,31.11,29.41,30.49,30.49,33.01,31.11,31.11,31.47,32.41,32.12,40.58,34.71,33.01,32.12,40.12,45.54,38.41,38.55,39.98,38.55,43.17,89.95
7522,38.41,99.02,31.11,29.33,30.49,30.49,32.81,31.11,31.11,31.47,32.41,32.12,40.27,34.71,33.01,32.12,40.12,45.54,38.41,38.41,39.98,38.55,43.17,89.2
7543,38.55,99.94,44.6,29.41,30.4,30.49,52.65,31.02,31.02,31.56,32.41,32.12,40.27,34.59,33.01,32.12,40.12,45.54,38.27,38.41,39.98,38.69,43.17,89.2
7561,38.41,99.02,42,29.33,30.49,30.49,32.71,31.02,31.02,31.47,32.41,32.12,40.27,34.71,33.01,32.12,40.12,72.93,38.27,38.41,39.98,38.69,43.17,90.7
7582,38.69,99.94,31.11,29.33,30.49,30.49,32.81,31.02,31.02,31.47,32.41,32.12,40.27,34.71,33.01,32.12,39.98,72.93,38.27,38.55,39.98,38.55,43.17,89.95
7600,39.11,99.94,31.11,29.33,30.49,30.49,32.81,31.02,31.02,31.47,32.41,32.12,40.27,34.71,33.01,32.12,39.98,47.13,38.27,38.55,39.83,38.69,43.17,89.95
7621,65.42,100.87,31.2,29.33,30.49,30.49,32.81,31.02,31.02,31.47,32.41,32.12,40.27,34.59,33.01,32.12,39.98,47.13,38.41,38.41,39.98,38.69,43.17,90.7
7639,63.49,99.94,31.11,29.41,30.4,30.4,32.81,31.02,31.02,31.47,32.41,32.12,40.43,34.71,33.01,32.03,40.12,73.43,38.27,38.41,39.98,38.69,43.17,89.95
7659,46.32,99.94,31.2,29.41,30.4,30.4,34.16,31.02,31.02,31.47,32.41,32.12,40.88,34.71,33.01,32.03,40.12,57.72,38.27,38.55,39.98,38.55,43.17,80.55
7678,101.83,101.83,31.11,29.33,30.49,30.49,48.4,31.02,31.02,31.47,32.41,32.12,40.88,34.71,32.91,32.03,40.27,47.34,38.27,38.41,39.98,38.69,43.17,83.03
7698,97.24,101.83,31.11,29.33,30.4,30.49,49.06,31.02,31.02,31.56,32.41,32.12,45.54,34.71,33.01,32.03,40.12,45.54,38.41,38.41,39.83,38.69,43.17,81.15
7719,45.16,99.94,31.2,29.33,30.49,30.49,32.91,31.11,31.02,31.75,32.41,32.12,44.06,34.71,33.01,32.03,40.12,45.35,38.41,38.55,39.98,38.69,43.17,89.95
7737,44.79,99.94,31.2,29.33,30.4,30.49,32.91,31.02,31.02,31.75,32.41,32.12,50.2,34.71,33.01,32.03,40.12,45.54,38.27,38.55,39.98,38.69,43.17,87.75
7758,38.41,99.02,31.2,29.33,30.4,30.49,32.91,31.02,31.02,31.75,32.32,32.12,49.29,34.71,33.01,32.03,40.12,45.93,38.41,38.55,39.98,38.69,43.17,89.2
7776,71.01,100.87,31.29,29.33,30.4,30.4,45.93,31.02,31.02,31.75,32.41,32.12,49.51,34.71,33.01,32.03,40.12,45.74,38.27,38.41,39.98,38.69,43,89.2
7797,46.32,99.02,31.29,29.33,30.4,30.49,32.91,31.02,31.02,31.75,32.41,32.12,47.97,34.71,33.01,32.03,40.12,45.93,38.41,38.55,39.98,38.69,43.17,89.95
7815,39.11,99.02,31.29,29.33,30.49,30.49,32.81,31.02,31.02,31.75,32.41,32.12,49.06,34.71,33.01,31.93,40.12,45.93,38.41,38.55,39.98,38.69,43.17,89.95
7836,64.63,99.94,31.29,29.33,30.4,30.49,44.79,31.02,31.02,31.75,32.41,32.12,49.29,34.71,33.01,32.03,40.12,45.93,38.41,38.41,39.98,38.69,43.17,89.95
7854,47.97,99.02,31.29,29.33,30.4,30.49,50.44,31.02,31.02,31.75,32.41,32.12,49.74,34.71,33.01,32.03,40.12,45.54,38.41,38.41,39.83,38.69,43.17,89.95
7874,101.83,101.83,31.29,29.33,30.4,30.49,32.81,31.02,31.02,31.75,32.32,32.12,50.91,34.71,33.01,31.93,40.12,45.54,38.41,38.41,39.98,38.55,43.17,90.7
7895,102.8,101.83,31.29,29.33,30.4,30.49,32.91,31.02,31.02,31.75,32.32,32.03,49.97,34.71,33.01,32.03,40.12,45.54,38.41,38.41,39.98,38.69,43.17,90.7
7913,101.83,99.94,31.29,29.33,30.4,30.49,32.81,31.02,31.02,31.75,32.41,32.03,50.44,34.71,33.01,32.03,40.12,46.73,38.41,38.55,39.98,38.69,43.17,90.7
7934,101.83,100.87,31.29,29.33,30.4,30.49,32.91,31.02,31.02,31.75,32.41,32.12,50.91,34.71,33.01,31.93,40.12,46.93,38.41,38.55,39.98,38.69,43.17,90.7
7952,101.83,101.83,31.38,29.33,30.4,30.49,44.42,31.02,31.02,31.75,32.41,32.12,49.97,34.71,33.01,32.03,40.12,46.93,38.41,38.55,39.98,38.55,43.17,90.7
7973,101.83,101.83,31.29,29.33,30.4,30.49,46.93,31.02,31.02,31.75,32.41,32.12,49.06,34.71,33.01,31.93,39.98,46.73,38.41,38.55,39.98,38.55,43.17,90.7
7991,101.83,100.87,31.29,29.33,30.4,30.49,46.13,31.02,31.02,31.75,32.41,32.12,47.55,34.71,33.01,31.93,40.12,46.32,38.41,38.41,39.98,38.55,43.17,90.7
8012,101.83,101.83,31.38,29.33,30.4,30.49,57.41,31.02,31.02,31.84,32.32,32.12,47.55,34.71,33.01,31.93,39.98,46.73,38.41,38.55,39.98,38.55,43.17,90.7
8030,101.83,100.87,31.29,29.33,30.4,30.49,45.74,31.02,31.02,31.75,32.41,32.03,49.06,34.71,33.01,31.93,39.98,45.74,38.41,38.55,39.98,38.55,43.17,90.7
8051,101.83,100.87,31.29,29.33,30.4,30.49,46.32,31.02,31.02,31.75,32.32,32.12,49.74,34.71,32.91,32.03,40.12,46.93,38.41,38.41,39.98,38.55,43.17,90.7
8071,100.87,100.87,31.29,29.33,30.4,30.49,45.93,31.02,31.02,31.84,32.41,32.12,50.67,34.71,33.01,31.93,40.12,46.93,38.41,38.55,39.98,38.55,43,92.25
8090,100.87,100.87,31.29,29.33,30.4,30.49,47.34,31.02,31.02,31.75,32.41,32.12,49.06,34.71,33.01,32.03,40.12,46.93,38.41,38.55,39.98,38.55,43.17,91.47
8110,100.87,100.87,31.29,29.33,30.4,30.49,47.34,31.02,31.02,31.75,32.41,32.12,49.97,34.71,33.01,31.93,40.12,45.35,38.41,38.55,39.98,38.55,43.17,81.77
8128,100.87,99.94,31.29,29.33,30.4,30.49,47.55,31.02,31.02,31.75,32.41,32.12,49.74,34.71,33.01,32.03,40.12,45.35,38.41,38.55,39.83,38.55,43.17,87.04
8149,100.87,99.94,31.29,29.33,30.4,30.49,47.55,31.02,31.02,31.75,32.41,32.12,49.06,34.71,33.01,31.93,40.12,45.35,38.41,38.55,39.98,38.55,43.17,81.15
8167,100.87,99.94,31.38,29.33,30.49,30.49,46.52,31.02,31.02,31.84,32.32,32.12,49.29,34.71,33.01,31.93,40.12,45.35,38.41,38.55,39.83,38.55,43.17,81.15
8188,100.87,99.94,31.47,29.33,30.4,30.49,48.62,31.02,31.02,31.75,32.41,32.12,49.06,34.71,33.01,31.93,39.98,45.35,38.41,38.41,39.98,38.55,43.17,90.7
8206,100.87,99.94,31.65,29.33,30.4,30.49,43.7,31.02,31.02,31.75,32.41,32.12,51.15,34.71,33.01,31.93,40.12,45.35,38.41,38.41,39.98,38.55,43.17,82.39
8227,99.94,99.94,31.47,29.33,30.4,30.49,33.01,31.02,31.02,31.75,32.41,32.12,50.67,34.71,33.01,32.03,40.12,45.35,38.41,38.55,39.83,38.55,43.17,80.55
8247,99.94,98.12,31.29,29.33,30.4,30.49,33.01,30.93,30.93,31.47,32.41,32.12,51.89,34.71,33.01,32.03,39.98,45.35,38.41,38.55,39.98,38.55,43.17,81.15
8266,99.94,98.12,31.2,29.33,30.49,30.4,32.91,30.93,31.02,31.47,32.41,32.12,50.91,34.71,33.01,32.03,40.12,45.54,38.41,38.41,39.83,38.41,43.17,80.55
8286,99.94,97.24,31.2,29.33,30.4,30.4,32.91,30.93,30.93,31.56,32.41,32.12,51.89,34.71,33.01,32.03,40.12,45.35,38.41,38.41,39.83,38.55,43.17,81.15
8305,99.02,96.37,31.2,29.33,30.49,30.4,32.91,30.93,30.93,31.56,32.41,32.12,52.14,34.71,33.01,32.03,40.12,45.35,38.41,38.41,39.98,38.55,43.17,81.15
8325,99.02,96.37,31.2,29.33,30.49,30.49,32.91,30.93,30.93,31.75,32.41,32.12,50.2,34.59,33.01,32.03,40.12,45.35,38.27,38.41,39.98,38.55,43.17,81.15
8346,97.24,95.52,31.2,29.33,30.49,30.4,32.91,30.93,31.02,31.75,32.41,32.12,50.91,34.71,33.01,31.93,40.12,45.16,38.41,38.41,39.83,38.55,43.17,81.15
8364,93.86,96.37,31.2,29.33,30.49,30.4,32.91,30.93,30.93,31.75,32.41,32.12,52.4,34.71,33.01,32.03,40.12,45.35,38.41,38.41,39.83,38.55,43.17,90.7
8384,93.86,96.37,31.2,29.33,30.49,30.4,35.39,30.93,31.02,31.75,32.41,32.12,50.44,34.59,33.01,31.93,40.12,45.35,38.41,38.41,39.83,38.69,43.17,90.7
8403,93.86,97.24,31.2,29.33,30.49,30.49,32.91,31.02,31.11,31.75,32.41,32.12,50.91,34.59,33.01,32.03,40.12,45.35,38.41,38.41,39.83,38.69,43.17,90.7
8423,94.68,97.24,31.2,29.33,30.49,30.49,32.91,31.02,31.02,31.75,32.41,32.12,50.2,34.71,33.01,31.93,40.12,45.35,38.41,38.55,39.83,38.69,43.17,89.95
8444,95.52,98.12,31.2,29.33,30.49,30.49,32.91,31.02,31.02,31.75,32.41,32.12,49.97,34.71,33.01,31.93,39.98,45.35,38.41,38.55,39.98,38.69,43.17,90.7
8462,99.02,98.12,31.2,29.33,30.49,30.4,32.91,31.02,31.02,31.75,32.41,32.12,49.74,34.71,33.01,32.03,40.12,45.35,38.41,38.41,39.83,38.69,43.17,90.7
8483,99.94,98.12,31.2,29.33,30.49,30.49,32.81,31.02,31.02,31.75,32.41,32.12,50.44,34.71,32.91,31.93,39.98,45.35,38.41,38.41,39.83,38.69,43.17,90.7
8501,99.94,98.12,31.11,29.33,30.49,30.49,32.91,31.02,31.02,31.75,32.41,32.12,51.64,34.71,32.91,31.93,39.98,45.16,38.41,38.41,39.98,38.69,43.17,90.7
8522,99.94,98.12,31.11,29.33,30.49,30.4,32.91,31.02,31.02,31.75,32.41,32.12,48.62,34.71,33.01,32.03,40.12,45.35,38.41,38.41,39.83,38.55,43.17,90.7
8540,99.94,98.12,31.11,29.33,30.49,30.49,32.91,31.02,31.02,31.75,32.41,32.12,48.84,34.71,33.01,31.93,40.12,45.35,38.41,38.55,39.83,38.69,43.17,90.7
8561,99.94,99.02,31.11,29.33,30.49,30.49,32.91,31.02,31.02,31.75,32.41,32.12,51.89,34.82,33.01,32.03,40.12,45.35,38.41,38.41,39.83,38.69,43.17,90.7
8581,99.94,98.12,31.11,29.33,30.4,30.4,32.91,31.02,31.02,31.75,32.41,32.12,51.64,34.71,33.01,32.03,40.12,45.35,38.41,38.41,39.98,38.69,43.17,84.32
8599,99.94,98.12,31.2,29.33,30.49,30.49,32.81,31.02,31.02,31.75,32.41,32.12,49.51,34.71,33.01,32.03,40.12,45.35,38.41,38.41,39.83,38.69,43.17,81.15
8620,100.87,99.02,31.11,29.33,30.4,30.4,32.81,31.02,31.02,31.56,32.41,32.12,49.74,34.71,33.01,32.03,40.12,45.35,38.41,38.41,39.83,38.55,43.17,90.7
8638,100.87,99.02,31.11,29.41,30.49,30.49,32.91,31.02,31.11,31.56,32.41,32.12,50.2,34.71,33.01,32.03,39.98,45.35,38.41,38.41,39.98,38.69,43.17,90.7
8659,99.94,99.94,31.11,29.33,30.49,30.49,32.91,31.02,31.02,31.56,32.41,32.12,51.15,34.71,33.01,32.03,39.98,45.35,38.41,38.41,39.98,38.69,43.17,91.47
8677,99.94,97.24,31.11,29.33,30.49,30.49,33.62,31.02,31.02,31.56,32.41,32.12,52.65,34.71,33.01,32.03,40.12,45.35,38.41,38.41,39.83,38.55,43.17,80.55
8698,100.87,99.94,31.11,29.41,30.49,30.49,33.31,31.02,31.02,31.47,32.41,32.12,53.43,34.71,33.01,32.03,40.12,45.35,38.41,38.41,39.83,38.69,43.17,81.15
8716,100.87,99.02,31.11,29.33,30.49,30.49,32.91,31.02,31.02,31.47,32.41,32.12,52.14,34.71,33.01,32.03,40.12,45.54,38.27,38.55,39.98,38.55,43.17,80.55
8737,100.87,99.94,31.11,29.33,30.49,30.49,32.91,31.02,31.02,31.47,32.41,32.12,45.74,34.71,33.01,32.03,40.12,45.54,38.41,38.55,39.83,38.55,43,81.15
8755,99.94,99.94,31.11,29.41,30.4,30.4,53.17,31.02,31.11,31.56,32.32,32.12,49.51,34.71,32.91,32.12,40.12,45.54,38.41,38.55,39.83,38.55,43.17,81.15
8776,99.02,99.94,31.11,29.41,30.49,30.49,32.91,31.02,31.02,31.56,32.41,32.12,51.64,34.71,33.01,32.03,40.12,45.54,38.41,38.55,39.83,38.55,43.17,80.55
8796,99.94,99.94,31.11,29.41,30.49,30.49,32.91,31.02,31.02,31.56,32.41,32.12,53.17,34.71,33.01,32.12,40.12,45.54,38.41,38.55,39.83,38.69,43.17,80.55
8815,99.94,99.02,31.11,29.41,30.49,30.49,32.91,31.02,30.93,31.56,32.41,32.12,50.91,34.71,33.01,32.03,39.98,45.54,38.41,38.55,39.98,38.69,43.17,81.15
8835,99.94,99.02,31.11,29.33,30.49,30.49,33.01,31.02,31.02,31.56,32.41,32.12,48.62,34.71,33.01,32.03,40.12,45.54,38.41,38.41,39.98,38.69,43.17,81.15
8853,99.94,99.94,31.11,29.33,30.49,30.49,32.91,31.02,31.02,31.47,32.41,32.12,49.74,34.71,33.01,32.03,39.98,45.54,38.41,38.55,39.83,38.69,43.17,81.15
8874,93.86,99.02,31.11,29.33,30.49,30.4,32.91,31.02,31.02,31.56,32.41,32.12,49.51,34.71,33.01,32.03,40.12,45.54,38.41,38.41,39.83,38.69,43,80.55
8892,56.81,97.24,31.11,29.33,30.49,30.49,34.48,31.02,31.02,31.56,32.41,32.12,51.15,34.71,32.91,32.03,40.12,45.54,38.41,38.41,39.98,38.69,43.17,90.7
8913,100.87,99.94,31.11,29.41,30.49,30.4,32.91,31.02,31.02,31.56,32.41,32.12,50.91,34.71,32.91,32.03,40.12,45.54,38.41,38.55,39.98,38.69,43.17,90.7
8933,100.87,99.94,31.11,29.33,30.49,30.4,32.81,31.02,31.02,31.56,32.41,32.12,53.43,34.71,33.01,32.03,40.12,45.54,38.41,38.41,39.98,38.69,43,90.7
8952,100.87,99.02,31.11,29.41,30.49,30.4,32.91,31.02,31.02,31.56,32.41,32.12,53.17,34.71,33.01,32.03,39.98,45.54,38.41,38.41,39.83,38.69,43.17,90.7
8972,99.94,99.02,31.2,29.41,30.49,30.49,32.91,31.02,31.02,31.56,32.41,32.12,51.89,34.82,33.01,31.93,40.12,45.74,38.41,38.55,39.98,38.69,43,89.95
8991,100.87,99.02,31.2,29.33,30.49,30.49,41.84,31.02,31.02,31.65,32.41,32.12,52.4,34.71,33.01,32.03,40.12,46.13,38.41,38.41,39.83,38.55,43.17,90.7
9011,100.87,99.02,31.2,29.33,30.49,30.49,32.91,31.02,31.02,31.75,32.41,32.12,52.91,34.71,33.01,32.03,40.12,47.13,38.41,38.41,39.83,38.69,43.17,90.7
9030,95.52,98.12,31.29,29.33,30.49,30.49,32.81,31.02,31.02,31.84,32.41,32.12,51.89,34.71,33.01,32.03,40.12,46.93,38.41,38.55,39.83,38.69,43,90.7
9050,94.68,98.12,31.29,29.33,30.49,30.4,32.81,31.02,31.02,31.75,32.41,32.12,53.17,34.71,33.01,31.93,40.12,46.93,38.41,38.41,39.83,38.69,43,89.95
9068,95.52,98.12,31.29,29.33,30.49,30.49,32.81,31.02,31.02,31.75,32.41,32.12,49.51,34.71,33.01,32.03,39.98,45.35,38.41,38.41,39.83,38.69,43.17,90.7
9089,95.52,98.12,31.29,29.33,30.4,30.49,32.91,31.02,31.02,31.75,32.41,32.12,54.24,34.71,33.01,31.93,40.12,45.54,38.41,38.41,39.98,38.69,43.17,90.7
9109,95.52,99.02,31.29,29.33,30.49,30.49,32.91,31.02,31.02,31.75,32.41,32.12,54.24,34.71,33.01,31.93,40.12,45.54,38.41,38.41,39.98,38.69,43.17,89.95
9128,100.87,99.02,31.29,29.33,30.49,30.49,32.81,31.02,31.02,31.75,32.41,32.12,52.4,34.71,33.01,31.93,40.12,45.35,38.41,38.41,39.98,38.69,43.17,91.47
9148,100.87,99.02,31.29,29.33,30.4,30.49,33.01,31.02,31.02,31.84,32.41,32.12,55.92,34.71,33.01,32.03,40.12,45.35,38.41,38.41,39.98,38.55,43.17,89.95
9167,100.87,99.94,31.29,29.33,30.4,30.49,32.81,31.02,31.11,31.84,32.32,32.12,53.43,34.71,33.01,31.93,40.12,45.54,38.41,38.41,39.98,38.69,43.17,89.95
9187,100.87,99.94,31.29,29.33,30.49,30.49,47.13,31.02,31.02,31.84,32.32,32.12,53.43,34.71,33.01,31.93,40.12,45.54,38.41,38.41,39.83,38.69,43.17,90.7
9206,100.87,99.94,31.29,29.33,30.4,30.49,49.74,31.02,31.02,31.84,32.41,32.12,52.65,34.71,33.01,31.93,40.12,45.35,38.41,38.41,39.98,38.69,43.17,90.7
9226,101.83,100.87,31.38,29.33,30.4,30.49,47.97,31.02,31.02,31.84,32.41,32.12,53.7,34.71,33.01,31.93,40.12,45.35,38.41,38.55,39.83,38.69,43.17,90.7
9245,101.83,99.94,31.29,29.33,30.4,30.49,48.84,31.02,31.02,31.75,32.41,32.12,53.43,34.71,33.01,31.93,40.12,45.35,38.41,38.41,39.98,38.55,43.17,81.15
9265,101.83,99.02,31.29,29.33,30.49,30.49,49.74,31.02,31.02,31.84,32.41,32.12,53.7,34.71,33.01,31.93,40.12,45.35,38.41,38.55,39.98,38.69,43,90.7
9283,101.83,99.94,31.38,29.33,30.4,30.49,49.29,31.02,31.02,31.75,32.41,32.12,51.15,34.71,33.01,31.93,40.12,45.54,38.41,38.41,39.98,38.69,43.17,83.67
9304,101.83,99.94,31.38,29.33,30.4,30.49,50.67,31.02,31.02,31.56,32.41,32.12,54.24,34.71,33.01,31.93,40.12,45.35,38.41,38.55,39.98,38.55,43.17,81.15
9324,100.87,99.94,31.29,29.33,30.49,30.49,49.97,31.02,31.02,31.56,32.41,32.12,52.65,34.71,33.01,31.93,40.12,45.35,38.41,38.55,39.98,38.55,43.17,90.7
9343,101.83,99.94,31.29,29.33,30.49,30.49,49.97,31.02,31.02,31.56,32.41,32.12,53.7,34.71,33.01,31.93,39.68,45.35,38.41,38.41,39.83,38.55,43.17,90.7
9363,101.83,99.94,31.29,29.33,30.4,30.49,47.55,31.02,31.02,31.56,32.41,32.12,53.17,34.59,33.01,32.03,39.98,45.35,38.41,38.41,39.98,38.55,43.17,92.25
9382,101.83,99.94,31.38,29.33,30.4,30.49,37.09,31.02,31.02,31.56,32.41,32.12,51.89,34.71,33.01,31.93,40.27,45.35,38.41,38.55,39.83,38.55,43,91.47
9402,101.83,99.94,31.29,29.33,30.49,30.58,44.06,31.02,31.02,31.75,32.41,32.12,49.51,34.71,33.01,32.03,40.27,45.35,38.27,38.55,39.98,38.69,43.17,90.7
9421,101.83,100.87,31.38,29.33,30.4,30.58,32.81,31.02,31.02,31.75,32.41,32.12,52.65,34.71,33.01,31.93,40.12,45.35,38.41,38.41,39.83,38.69,43.17,90.7
9441,101.83,101.83,31.38,29.33,30.49,30.58,32.81,31.02,31.02,31.84,32.32,32.12,53.43,34.71,33.01,31.93,40.12,45.35,38.41,38.41,39.98,38.69,43.17,80.55
9462,101.83,101.83,31.38,29.33,30.4,30.58,32.81,31.02,31.11,31.84,32.41,32.12,52.4,34.71,33.01,31.93,39.98,45.35,38.41,38.41,39.98,38.55,43.17,80.55
9480,101.83,101.83,31.38,29.33,30.4,30.58,32.81,31.02,31.02,31.56,32.41,32.12,52.91,34.71,33.01,31.93,40.12,45.35,38.41,38.41,39.98,38.55,43.17,81.15
9501,101.83,101.83,31.38,29.33,30.49,30.49,32.81,31.02,31.02,31.56,32.41,32.12,52.65,34.71,33.01,31.93,40.12,45.54,38.41,38.41,39.98,38.69,43.17,80.55
9519,101.83,101.83,31.38,29.33,30.4,30.58,40.27,31.02,31.02,31.56,32.41,32.12,52.65,34.71,33.01,31.93,40.12,45.35,38.41,38.41,39.98,38.69,43.17,83.03
9539,101.83,101.83,31.38,29.33,30.49,30.58,32.91,31.02,31.02,31.84,32.41,32.12,52.14,34.71,33.01,31.93,40.12,45.35,38.41,38.41,39.83,38.69,43.17,84.99
9558,101.83,101.83,31.38,29.33,30.4,30.49,34.59,31.02,31.02,31.84,32.32,32.12,44.42,34.71,33.01,31.93,40.27,45.35,38.41,38.55,39.98,38.69,43.17,90.7
9578,102.8,101.83,31.38,29.33,30.4,30.58,32.81,31.02,31.02,31.84,32.32,32.12,46.73,34.71,33.01,31.93,40.27,45.54,38.41,38.41,39.98,38.69,43.17,90.7
9597,102.8,102.8,31.38,29.33,30.4,30.58,32.81,31.02,31.02,31.75,32.41,32.03,47.97,34.71,33.01,31.93,40.12,45.54,38.41,38.41,39.83,38.69,43.17,90.7
9617,105.82,102.8,31.38,29.33,30.4,30.58,32.81,31.02,31.11,31.84,32.32,32.12,49.29,34.71,33.01,31.93,39.98,45.54,38.41,38.55,39.98,38.69,43.17,90.7
9638,106.87,101.83,31.38,29.33,30.4,30.58,44.6,31.02,31.02,31.84,32.32,32.12,48.84,34.71,33.11,31.84,40.27,45.54,38.41,38.55,39.98,38.69,43.17,90.7
9656,105.82,102.8,31.38,29.33,30.4,30.58,32.81,31.02,31.02,31.84,32.32,32.12,49.51,34.71,33.11,31.93,40.12,45.54,38.41,38.55,39.98,38.69,43.17,90.7
9677,106.87,102.8,31.38,29.33,30.4,30.58,32.81,31.02,31.02,31.84,32.41,32.03,49.06,34.71,33.01,31.93,40.12,45.54,38.41,38.55,39.98,38.69,43.17,90.7
9697,101.83,102.8,31.38,29.33,30.4,30.58,32.71,31.11,31.11,31.84,32.32,32.12,49.29,34.71,33.01,31.93,40.27,45.54,38.41,38.55,39.98,38.69,43.17,90.7
9716,100.87,101.83,31.38,29.33,30.4,30.58,32.81,31.02,31.11,31.84,32.32,32.12,48.62,34.71,33.01,31.93,40.12,45.54,38.41,38.55,39.98,38.69,43.17,90.7
9736,101.83,102.8,31.38,29.33,30.4,30.58,32.81,31.11,31.11,31.75,32.41,32.12,49.97,34.71,33.01,31.93,40.12,45.54,38.41,38.55,39.98,38.55,43.17,90.7
9755,100.87,102.8,31.38,29.33,30.4,30.58,32.71,31.02,31.11,31.84,32.41,32.12,50.2,34.71,33.11,31.93,40.27,45.54,38.41,38.55,39.98,38.69,43.17,90.7
9775,101.83,102.8,31.38,29.33,30.4,30.58,32.81,31.11,31.2,31.84,32.41,32.12,49.51,34.71,33.11,31.93,40.12,45.54,38.41,38.55,39.98,38.69,43.17,90.7
9793,100.87,102.8,31.38,29.33,30.4,30.58,32.81,31.11,31.11,31.84,32.41,32.12,53.43,34.71,33.11,31.93,40.27,45.54,38.41,38.55,39.98,38.69,43.17,90.7
9814,97.24,101.83,31.38,29.33,30.4,30.58,32.71,31.11,31.38,31.65,32.32,32.12,48.4,34.71,33.11,31.84,40.12,45.54,38.41,38.41,39.98,38.69,43.17,90.7
9834,79.36,101.83,31.47,29.33,30.4,30.58,32.71,31.11,31.29,31.65,32.41,32.03,53.17,34.71,33.11,31.93,40.12,45.54,38.55,38.55,39.98,38.69,43.17,90.7
9853,99.94,101.83,31.47,29.33,30.4,30.58,32.71,31.11,31.38,31.84,32.41,32.03,53.43,34.71,33.11,31.84,40.12,45.35,38.41,38.55,39.98,38.69,43.17,89.95
9873,100.87,101.83,31.38,29.33,30.4,30.58,46.93,31.11,31.38,31.84,32.41,32.12,53.43,34.59,33.11,31.93,40.27,45.54,38.41,38.41,39.98,38.69,43.17,89.95
9892,100.87,102.8,31.38,29.33,30.4,30.58,59.31,31.11,31.38,31.75,32.41,32.12,53.97,34.71,33.11,31.93,40.12,45.54,38.41,38.41,39.98,38.69,43.17,90.7
9912,100.87,101.83,31.38,29.33,30.4,30.58,33.01,31.11,31.38,31.75,32.41,32.12,51.15,34.71,33.11,31.93,40.12,45.35,38.41,38.55,39.98,38.69,43.17,90.7
9931,102.8,102.8,31.29,29.33,30.4,30.58,32.81,31.2,31.38,31.65,32.41,32.12,53.7,34.71,33.11,32.03,40.12,45.54,38.41,38.55,39.83,38.69,43.17,90.7
9951,99.94,101.83,31.2,29.33,30.4,30.58,32.71,31.11,31.38,31.56,32.41,32.12,53.17,34.71,33.11,32.03,39.98,45.54,38.41,38.55,39.98,38.69,43.17,81.15
9970,101.83,100.87,31.2,29.33,30.4,30.58,32.71,31.11,31.38,31.56,32.41,32.12,51.89,34.71,33.01,32.03,40.12,45.54,38.41,38.41,39.83,38.69,43,89.95
9990,104.79,101.83,31.2,29.33,30.4,30.58,32.71,31.11,31.38,31.56,32.41,32.12,51.89,34.71,33.01,32.03,40.12,45.54,38.27,38.41,39.98,38.69,43.17,86.35
10011,105.82,101.83,31.2,29.33,30.4,30.58,46.93,31.11,31.38,31.56,32.41,32.12,53.17,34.71,33.01,32.03,40.12,45.54,38.27,38.41,39.98,38.69,43.17,81.15
10029,101.83,101.83,31.2,29.33,30.49,30.58,44.06,31.11,31.38,31.56,32.41,32.12,53.43,34.71,33.01,32.03,40.12,45.54,38.41,38.55,39.98,38.55,43.17,90.7
10049,99.02,101.83,31.2,29.33,30.4,30.58,32.71,31.11,31.38,31.56,32.41,32.12,52.14,34.71,33.11,32.03,40.12,45.54,38.27,38.41,39.98,38.69,43.17,89.95
10068,97.24,101.83,31.2,29.33,30.4,30.58,32.81,31.11,31.38,31.56,32.41,32.12,53.7,34.71,33.11,32.03,40.12,45.54,38.41,38.55,39.98,38.69,43.17,89.95
10088,97.24,101.83,31.2,29.33,30.4,30.58,32.81,31.11,31.38,31.56,32.41,32.12,51.4,34.71,33.01,32.03,40.12,45.54,38.41,38.55,39.98,38.69,43.17,89.2
10107,53.43,99.94,31.2,29.33,30.4,30.58,35.74,31.11,31.38,31.56,32.41,32.12,54.51,34.71,33.01,32.03,40.12,45.54,38.41,38.55,39.98,38.69,43,91.47
10127,97.24,101.83,31.11,29.33,30.4,30.58,38.01,31.11,31.11,31.56,32.41,32.12,50.67,34.71,33.01,32.03,40.12,45.54,38.41,38.55,39.98,38.55,43.17,90.7
10148,98.12,102.8,31.11,29.33,30.4,30.49,45.16,31.11,31.11,31.56,32.41,32.12,52.4,34.71,33.01,32.12,40.12,45.54,38.41,38.55,39.98,38.69,43.17,90.7
10166,101.83,102.8,31.11,29.33,30.49,30.58,37.35,31.11,31.11,31.56,32.41,32.12,49.74,34.71,33.01,32.03,40.12,45.54,38.27,38.55,39.98,38.69,43.17,90.7
10187,102.8,102.8,31.11,29.33,30.49,30.58,42.66,31.11,31.02,31.56,32.41,32.12,49.74,34.71,33.01,32.03,40.12,45.54,38.41,38.55,39.98,38.69,43.17,90.7
10205,102.8,101.83,31.11,29.33,30.4,30.49,32.81,31.11,31.02,31.56,32.41,32.12,52.91,34.71,33.01,32.03,40.12,45.74,38.27,38.55,39.98,38.69,43.17,91.47
10226,102.8,102.8,31.11,29.33,30.49,30.58,62.03,31.11,31.02,31.56,32.41,32.12,54.24,34.71,33.01,32.03,40.12,45.54,38.41,38.55,39.98,38.55,43.17,89.95
10244,46.73,99.94,31.11,29.33,30.4,30.58,50.67,31.02,31.02,31.56,32.41,32.12,52.65,34.71,33.01,32.03,39.98,45.54,38.41,38.55,39.98,38.69,43.17,89.95
10267,39.68,99.02,31.11,29.33,30.4,30.49,47.76,31.02,31.02,31.56,32.41,32.12,53.7,34.71,33.01,32.03,40.12,45.54,38.27,38.55,39.98,38.55,43.17,89.95
10285,39.68,98.12,31.11,29.33,30.49,30.49,48.84,31.02,31.02,31.56,32.41,32.12,53.17,34.71,33.01,32.03,40.12,45.54,38.41,38.55,39.98,38.69,43.17,89.2
10305,39.68,99.02,31.11,29.33,30.49,30.49,50.2,31.02,31.02,31.56,32.41,32.12,51.15,34.71,33.01,32.03,40.12,45.54,38.27,38.55,39.98,38.69,43.17,89.95
10324,39.83,99.02,31.11,29.33,30.49,30.49,50.91,31.02,31.02,31.56,32.41,32.12,54.51,34.71,33.01,32.03,40.12,45.54,38.27,38.55,39.98,38.69,43,89.95
10344,39.98,99.02,31.11,29.33,30.49,30.58,50.67,31.02,31.02,31.56,32.41,32.12,52.91,34.71,33.01,32.03,40.12,45.54,38.41,38.55,39.98,38.69,43.17,91.47
10363,101.83,101.83,31.11,29.33,30.49,30.49,51.89,31.02,31.02,31.56,32.41,32.12,52.4,34.71,33.01,32.03,40.12,45.74,38.27,38.55,39.98,38.69,43.17,91.47
10383,100.87,101.83,31.2,29.33,30.49,30.58,52.14,31.02,31.02,31.56,32.41,32.12,52.91,34.71,33.01,32.03,40.12,45.74,38.41,38.55,39.98,38.69,43.17,91.47
10404,101.83,100.87,31.2,29.33,30.4,30.58,52.14,31.02,31.02,31.56,32.41,32.12,54.79,34.71,33.01,32.03,40.12,45.54,38.41,38.55,39.98,38.69,43.17,91.47
10422,101.83,101.83,31.2,29.33,30.4,30.58,32.81,31.11,31.11,31.56,32.32,32.12,52.91,34.71,33.01,32.03,40.12,45.74,38.41,38.55,39.98,38.69,43.17,90.7
10443,101.83,101.83,31.29,29.33,30.49,30.58,42.49,31.02,31.11,31.56,32.41,32.12,53.7,34.71,33.01,32.03,40.27,45.54,38.41,38.55,39.98,38.69,43.17,89.95
10461,101.83,101.83,31.29,29.33,30.4,30.58,32.91,31.02,31.02,31.56,32.41,32.12,52.14,34.71,33.01,32.03,39.83,47.13,38.41,38.55,39.83,38.69,43.17,91.47
10482,101.83,101.83,31.29,29.33,30.4,30.58,32.91,31.02,31.02,31.65,32.41,32.12,51.64,34.71,33.01,32.03,40.12,47.13,38.41,38.41,39.98,38.55,43.17,91.47
10500,101.83,101.83,31.29,29.33,30.4,30.58,34.59,31.11,31.11,31.75,32.41,32.12,53.97,34.71,33.01,32.03,40.27,46.93,38.41,38.55,39.98,38.69,43.17,90.7
10520,101.83,101.83,31.29,29.33,30.4,30.58,33.01,31.11,31.11,31.75,32.41,32.12,53.17,34.71,33.01,32.03,40.12,46.93,38.41,38.55,39.98,38.69,43.17,89.95
10541,101.83,101.83,31.29,29.33,30.4,30.58,32.91,31.11,31.11,31.75,32.41,32.12,54.79,34.71,33.01,32.03,40.12,46.93,38.41,38.55,39.98,38.69,43.17,91.47
10559,97.24,101.83,31.38,29.33,30.4,30.49,32.51,31.02,31.11,31.75,32.41,32.12,53.97,34.71,33.01,31.93,40.27,46.93,38.41,38.55,39.98,38.69,43.17,91.47
10580,101.83,101.83,31.29,29.33,30.4,30.58,32.61,31.02,31.11,31.75,32.41,32.12,52.91,34.71,33.01,31.93,40.12,46.93,38.41,38.55,39.98,38.69,43,91.47
10598,101.83,101.83,31.38,29.33,30.4,30.58,32.71,31.02,31.11,31.75,32.41,32.12,53.43,34.71,33.01,31.93,40.12,46.93,38.41,38.55,39.98,38.69,43.17,91.47
10619,101.83,100.87,31.38,29.33,30.4,30.58,32.81,31.02,31.11,31.84,32.41,32.12,53.17,34.71,33.01,31.93,40.27,46.93,38.41,38.41,39.98,38.69,43.17,91.47
10639,101.83,101.83,31.38,29.33,30.4,30.58,32.91,31.02,31.11,31.84,32.41,32.12,52.4,34.71,33.01,31.93,40.27,45.54,38.41,38.55,39.98,38.69,43.17,90.7
10658,101.83,100.87,31.38,29.33,30.4,30.58,32.81,31.02,31.11,31.75,32.41,32.12,53.7,34.71,33.01,31.93,40.12,45.35,38.41,38.55,39.98,38.55,43.17,85.66
10678,101.83,100.87,31.38,29.33,30.49,30.58,32.81,31.02,31.11,31.75,32.41,32.12,53.43,34.71,33.01,31.93,40.12,45.54,38.41,38.55,39.98,38.69,43,90.7
10697,101.83,100.87,31.38,29.33,30.4,30.49,32.81,31.02,31.02,31.75,32.41,32.12,52.14,34.71,33.01,31.93,40.12,45.54,38.41,38.55,39.98,38.55,43.17,81.15
10717,100.87,100.87,31.38,29.33,30.49,30.58,32.81,31.02,31.11,31.75,32.41,32.12,52.91,34.71,33.01,32.03,40.12,45.35,38.27,38.41,39.98,38.69,43.17,82.39
10736,100.87,99.94,31.29,29.33,30.49,30.58,32.81,31.02,31.02,31.75,32.41,32.12,51.15,34.59,33.01,31.93,39.98,45.54,38.41,38.55,39.98,38.69,43.17,91.47
10756,100.87,100.87,31.29,29.33,30.49,30.58,32.81,31.02,31.02,31.75,32.41,32.12,52.4,34.71,33.01,31.93,40.12,45.54,38.41,38.55,39.83,38.55,43.17,89.95
10776,100.87,99.94,31.29,29.33,30.4,30.49,32.91,31.02,31.02,31.75,32.41,32.12,53.97,34.71,33.01,31.93,40.12,45.54,38.41,38.55,39.83,38.55,43.17,81.15
10795,100.87,99.94,31.29,29.33,30.4,30.58,32.91,31.02,31.02,31.75,32.41,32.12,51.64,34.71,33.01,31.93,40.12,45.54,38.41,38.55,39.98,38.69,43.17,88.47
10815,100.87,99.94,31.38,29.33,30.49,30.49,32.81,31.02,31.11,31.75,32.41,32.12,52.91,34.71,33.01,32.03,40.12,45.54,38.41,38.55,39.98,38.55,43.17,91.47
10834,101.83,100.87,31.29,29.33,30.49,30.49,32.91,31.02,31.11,31.75,32.41,32.12,52.65,34.71,33.01,32.03,40.12,45.54,38.41,38.55,39.98,38.55,43.17,91.47
10854,100.87,99.94,31.29,29.33,30.4,30.49,32.91,31.02,31.02,31.75,32.41,32.12,53.97,34.71,33.01,32.03,40.27,45.54,38.41,38.55,39.83,38.55,43.17,91.47
10873,101.83,100.87,31.29,29.33,30.4,30.49,32.91,31.02,31.11,31.75,32.41,32.12,54.79,34.71,33.01,32.03,40.12,45.35,38.41,38.55,39.83,38.55,43.17,91.47
10893,101.83,100.87,31.29,29.33,30.4,30.49,32.91,31.02,31.11,31.75,32.41,32.12,53.7,34.71,33.01,32.03,40.12,45.54,38.41,38.55,39.98,38.55,43.17,91.47
10914,101.83,100.87,31.29,29.33,30.49,30.49,32.91,31.02,31.11,31.75,32.41,32.12,53.43,34.71,33.01,32.03,40.12,45.54,38.27,38.55,39.98,38.55,43.17,91.47
10932,101.83,100.87,31.29,29.33,30.49,30.49,32.91,31.02,31.11,31.75,32.41,32.12,49.51,34.71,33.01,32.03,40.12,45.54,38.41,38.55,39.98,38.55,43.17,91.47
10953,103.78,99.94,31.29,29.33,30.49,30.49,32.91,31.02,31.11,31.75,32.41,32.12,52.65,34.71,33.01,32.03,40.12,45.54,38.41,38.55,39.83,38.55,43.17,91.47
10971,100.87,99.94,31.29,29.33,30.4,30.49,32.91,31.02,31.11,31.75,32.41,32.12,52.4,34.71,33.01,31.93,40.12,45.54,38.41,38.41,39.98,38.55,43.17,88.47
10992,100.87,100.87,31.29,29.33,30.49,30.49,32.91,31.02,31.11,31.75,32.41,32.12,51.89,34.71,33.01,31.93,40.12,45.54,38.41,38.55,39.83,38.55,43.17,81.15
11012,100.87,100.87,31.29,29.33,30.49,30.49,32.91,31.02,31.2,31.75,32.41,32.12,53.17,34.71,33.01,32.03,40.12,45.35,38.41,38.41,39.83,38.55,43.17,91.47
11030,101.83,101.83,31.2,29.33,30.49,30.58,32.91,31.02,31.11,31.75,32.41,32.12,52.4,34.71,33.01,31.93,40.12,45.54,38.41,38.41,39.83,38.55,43.17,90.7
11051,100.87,100.87,31.29,29.33,30.49,30.49,33.01,31.11,31.02,31.75,32.41,32.12,53.7,34.71,33.01,32.03,40.12,45.54,38.41,38.55,39.83,38.55,43.17,90.7
11069,101.83,101.83,31.29,29.33,30.49,30.49,32.91,31.11,31.02,31.84,32.41,32.12,54.24,34.71,33.01,32.03,40.12,45.35,38.41,38.41,39.83,38.69,43.17,90.7
11090,101.83,101.83,31.29,29.33,30.49,30.58,32.81,31.02,31.11,31.75,32.41,32.12,52.91,34.71,33.01,32.03,40.12,45.54,38.27,38.41,39.83,38.69,43.17,81.15
11108,101.83,101.83,31.2,29.33,30.49,30.58,32.81,31.02,31.29,31.84,32.41,32.12,53.97,34.71,33.01,32.03,40.12,45.35,38.41,38.41,39.98,38.69,43.17,89.95
11129,101.83,102.8,31.2,29.33,30.4,30.58,32.81,31.02,31.11,31.75,32.41,32.12,52.65,34.71,33.11,32.03,40.12,45.54,38.41,38.55,39.98,38.69,43.17,89.95
11149,101.83,101.83,31.29,29.33,30.49,30.58,32.81,31.11,31.11,31.75,32.41,32.12,52.14,34.71,33.11,32.03,40.12,45.54,38.41,38.55,39.98,38.69,43.17,90.7
11168,101.83,102.8,31.29,29.33,30.4,30.58,41.84,31.11,31.11,31.84,32.41,32.12,55.35,34.71,33.11,32.03,40.12,45.54,38.41,38.55,39.83,38.55,43.17,91.47
11188,102.8,101.83,31.29,29.33,30.49,30.58,40.43,31.11,31.38,31.75,32.41,32.12,53.97,34.71,33.11,32.03,40.27,45.54,38.41,38.55,39.98,38.69,43.17,90.7
11207,102.8,102.8,31.29,29.33,30.4,30.58,58.98,31.11,31.38,31.84,32.41,32.12,55.64,34.82,33.11,32.03,39.98,45.54,38.41,38.55,39.98,38.69,43.17,81.15
11227,102.8,102.8,31.2,29.33,30.49,30.58,61.68,31.2,31.47,31.84,32.41,32.12,52.4,34.82,33.11,32.03,40.12,45.54,38.41,38.41,39.83,38.69,43.17,90.7
11245,102.8,102.8,31.2,29.33,30.4,30.58,62.03,31.2,31.38,31.84,32.41,32.12,54.51,34.71,33.11,32.03,40.12,45.54,38.41,38.41,39.98,38.69,43.17,90.7
11266,101.83,102.8,31.2,29.33,30.49,30.58,62.03,31.2,31.47,31.84,32.41,32.12,53.17,34.71,33.11,32.03,40.12,45.54,38.41,38.41,39.98,38.69,43.17,90.7
11286,38.69,99.94,31.2,29.33,30.4,30.49,61.68,31.2,31.38,31.84,32.41,32.12,53.7,34.71,33.11,32.03,40.12,45.54,38.41,38.55,39.98,38.69,43.17,90.7
11305,38.55,100.87,31.2,29.33,30.49,30.49,62.03,31.2,31.47,31.84,32.41,32.12,52.91,34.82,33.11,32.03,40.12,45.54,38.41,38.55,39.98,38.69,43.17,90.7
11325,38.41,100.87,31.2,29.33,30.49,30.49,62.03,31.2,31.47,31.84,32.41,32.12,53.43,34.71,33.01,32.12,40.12,45.54,38.41,38.55,39.98,38.69,43.17,90.7
11344,38.97,100.87,31.2,29.33,30.49,30.58,62.03,31.2,31.47,31.84,32.41,32.12,52.65,34.82,33.01,32.12,40.12,45.54,38.41,38.55,39.98,38.69,43.17,90.7
11364,38.83,100.87,31.11,29.33,30.49,30.58,32.81,31.2,31.47,31.84,32.41,32.12,53.97,34.59,33.11,32.12,39.98,45.54,38.41,38.55,39.98,38.69,43.17,89.95
11385,40.43,99.94,31.11,29.33,30.4,30.49,32.81,31.2,31.47,31.84,32.41,32.12,52.91,34.71,33.01,32.12,40.12,45.54,38.41,38.55,39.98,38.69,43.17,89.95
11403,42.49,99.94,31.11,29.33,30.4,30.49,32.91,31.2,31.47,31.84,32.41,32.12,52.91,34.71,33.01,32.12,40.12,45.54,38.41,38.55,39.98,38.69,43.17,90.7
11424,49.06,99.94,31.11,29.33,30.49,30.49,52.4,31.2,31.47,31.84,32.41,32.12,53.43,34.71,33.11,32.12,40.12,45.54,38.41,38.55,39.98,38.69,43,80.55
11442,39.83,99.02,31.11,29.33,30.49,30.49,40.58,31.2,31.47,31.56,32.41,32.12,52.14,34.71,33.01,32.22,40.12,45.54,38.41,38.55,39.98,38.69,43,81.15
11463,66.22,102.8,31.11,29.33,30.49,30.49,48.62,31.2,31.47,31.56,32.41,32.12,53.17,34.71,33.01,32.12,40.12,45.54,38.41,38.55,39.98,38.69,43,89.95
11481,40.58,99.94,31.11,29.33,30.4,30.49,33.01,31.11,31.38,31.56,32.41,32.12,53.17,34.82,33.01,32.22,40.12,45.54,38.27,38.41,39.98,38.55,43.17,89.95
11501,39.83,99.02,31.11,29.33,30.4,30.49,35.39,31.11,31.38,31.56,32.41,32.12,50.2,34.71,33.01,32.12,40.12,45.54,38.27,38.55,39.98,38.55,43.17,89.2
11522,38.97,99.02,31.11,29.41,30.49,30.49,52.4,31.11,31.38,31.56,32.41,32.12,42,34.82,33.01,32.12,40.12,45.54,38.41,38.55,39.83,38.69,43,89.95
11540,45.93,99.94,31.11,29.41,30.49,30.49,48.84,31.11,31.38,31.56,32.41,32.12,45.35,34.71,33.01,32.12,40.12,45.74,38.41,38.55,39.83,38.69,43.17,89.95
11561,38.97,99.94,31.11,29.33,30.4,30.49,32.81,31.11,31.38,31.56,32.41,32.12,46.93,34.71,33.01,32.12,39.98,45.74,38.41,38.55,39.83,38.69,43,89.95
11579,38.41,99.02,31.11,29.33,30.49,30.49,32.71,31.11,31.38,31.56,32.41,32.12,47.76,34.71,33.01,32.22,40.12,45.74,38.41,38.41,39.83,38.55,43.17,89.2
11600,39.11,99.94,31.11,29.33,30.49,30.49,32.81,31.11,31.38,31.56,32.41,32.12,47.76,34.82,33.01,32.22,40.12,45.74,38.41,38.55,39.98,38.55,43.17,89.2
11618,39.11,99.94,31.11,29.33,30.49,30.58,32.81,31.11,31.38,31.56,32.41,32.12,48.62,34.71,33.01,32.12,40.12,45.74,38.27,38.41,39.98,38.55,43,89.95
11639,39.11,99.02,31.11,29.33,30.49,30.49,50.2,31.11,31.38,31.56,32.41,32.12,49.74,34.71,33.01,32.03,40.12,45.74,38.41,38.55,39.98,38.69,43,89.95
11659,41.04,99.94,31.2,29.33,30.49,30.49,46.52,31.11,31.38,31.56,32.41,32.12,50.2,34.71,33.01,32.12,39.98,45.74,38.41,38.41,39.98,38.69,43.17,89.95
11678,39.68,99.02,31.11,29.33,30.49,30.49,32.81,31.11,31.38,31.56,32.41,32.12,50.67,34.71,33.01,32.12,40.12,45.54,38.27,38.55,39.83,38.55,43,80.55
11698,39.39,99.02,31.11,29.33,30.49,30.49,32.81,31.11,31.38,31.56,32.41,32.12,52.4,34.82,33.01,32.12,40.12,45.54,38.41,38.41,39.98,38.55,43.17,83.03
11717,50.91,99.94,31.2,29.33,30.4,30.58,32.81,31.11,31.38,31.56,32.41,32.12,52.91,34.71,33.01,32.12,40.12,45.54,38.27,38.41,39.98,38.55,43,89.95
11737,52.14,99.94,31.2,29.33,30.49,30.58,32.91,31.11,31.38,31.56,32.41,32.12,52.91,34.71,33.01,32.12,39.98,45.54,38.41,38.41,39.98,38.69,43,88.47
11757,99.94,101.83,31.2,29.33,30.49,30.58,32.91,31.11,31.38,31.56,32.41,32.12,51.89,34.71,33.01,32.12,40.12,45.54,38.27,38.41,39.83,38.69,43.17,81.15
11776,101.83,101.83,31.2,29.33,30.49,30.58,32.81,31.11,31.38,31.56,32.41,32.12,52.14,34.71,33.01,32.03,40.12,45.54,38.41,38.41,39.98,38.55,43.17,81.15
11796,104.79,101.83,31.2,29.33,30.49,30.58,32.91,31.11,31.38,31.56,32.41,32.12,52.4,34.71,33.01,32.12,40.12,46.73,38.27,38.41,39.98,38.69,43.17,90.7
11815,103.78,101.83,31.29,29.33,30.49,30.49,49.51,31.11,31.38,31.56,32.41,32.12,52.65,34.71,33.01,32.03,40.12,47.13,38.41,38.55,39.83,38.69,43.17,89.95
11835,101.83,101.83,31.29,29.33,30.4,30.58,33.01,31.11,31.38,31.56,32.41,32.12,53.43,34.71,33.01,32.03,39.98,46.93,38.41,38.55,39.98,38.69,43.17,90.7
11854,101.83,101.83,31.29,29.33,30.49,30.58,33.01,31.11,31.38,31.56,32.41,32.12,54.24,34.71,33.01,32.03,40.12,47.13,38.41,38.41,39.98,38.69,43.17,90.7
11874,101.83,101.83,31.29,29.33,30.4,30.58,34.05,31.11,31.29,31.56,32.41,32.12,54.51,34.71,33.01,32.03,40.12,46.93,38.41,38.41,39.83,38.69,43.17,91.47
11895,101.83,101.83,31.29,29.33,30.49,30.58,32.81,31.11,31.11,31.47,32.41,32.12,54.24,34.71,33.01,32.03,39.98,45.54,38.41,38.41,39.98,38.55,43.17,90.7
11913,100.87,101.83,31.29,29.33,30.4,30.58,32.91,31.11,31.2,31.47,32.41,32.12,53.97,34.82,33.01,32.03,40.12,45.54,38.41,38.41,39.98,38.69,43.17,81.15
11934,101.83,101.83,31.29,29.33,30.4,30.58,32.91,31.11,31.11,31.47,32.32,32.12,52.4,34.71,33.01,32.03,40.12,45.54,38.41,38.41,39.83,38.55,43.17,81.15
11952,101.83,100.87,31.29,29.33,30.4,30.58,32.91,31.11,31.11,31.47,32.41,32.12,53.97,34.71,33.01,32.03,40.12,45.54,38.41,38.55,39.83,38.55,43.17,89.95
11973,101.83,100.87,31.29,29.33,30.4,30.49,32.91,31.11,31.11,31.56,32.41,32.12,54.24,34.71,33.01,32.03,40.12,45.54,38.41,38.41,39.98,38.55,43.17,81.15
11993,100.87,100.87,31.29,29.33,30.4,30.49,32.91,31.11,31.02,31.56,32.41,32.12,53.97,34.71,33.01,32.03,40.12,45.35,38.41,38.55,39.98,38.55,43.17,91.47
12011,100.87,100.87,31.29,29.33,30.4,30.49,32.91,31.11,31.02,31.56,32.41,32.12,53.43,34.71,33.01,31.93,39.98,45.54,38.41,38.55,39.83,38.55,43.17,81.15
12032,99.94,100.87,31.29,29.33,30.49,30.49,32.91,31.02,31.02,31.56,32.41,32.12,55.64,34.71,33.01,32.03,40.12,45.54,38.41,38.41,39.98,38.55,43.17,81.15
12050,99.02,100.87,31.29,29.33,30.49,30.49,32.91,31.11,31.02,31.56,32.41,32.12,54.24,34.71,33.01,32.03,40.12,45.54,38.41,38.41,39.98,38.55,43,81.15
12071,99.94,99.94,31.29,29.33,30.49,30.49,32.91,31.02,31.11,31.56,32.41,32.12,53.43,34.71,33.01,32.03,40.12,45.54,38.41,38.55,39.83,38.55,43.17,81.15
12089,99.02,99.94,31.29,29.33,30.49,30.49,49.97,31.02,31.02,31.56,32.41,32.12,54.51,34.71,33.11,32.12,39.98,45.54,38.27,38.55,39.98,38.55,43.17,81.77
12110,98.12,99.94,31.29,29.33,30.49,30.49,49.29,31.02,31.02,31.56,32.41,32.12,52.65,34.59,33.01,32.03,40.12,45.54,38.41,38.41,39.83,38.55,43.17,81.77
12130,99.94,99.94,31.29,29.33,30.49,30.49,46.52,31.02,31.02,31.56,32.41,32.12,53.97,34.71,33.01,32.03,40.12,45.54,38.41,38.55,39.83,38.69,43.17,81.77
12149,99.94,99.02,31.38,29.33,30.49,30.58,48.62,31.02,31.11,31.56,32.41,32.12,52.65,34.71,33.01,32.03,40.12,45.54,38.41,38.55,39.83,38.55,43.17,81.77
12169,99.94,99.94,31.38,29.33,30.49,30.58,48.62,31.02,31.02,31.75,32.41,32.12,53.17,34.71,33.01,32.03,40.12,45.35,38.41,38.41,39.98,38.55,43.17,81.15
12188,100.87,99.94,31.38,29.33,30.49,30.58,47.55,31.02,31.02,31.84,32.41,32.12,53.43,34.71,33.01,31.93,40.12,45.54,38.41,38.55,39.98,38.55,43.17,90.7
12208,100.87,100.87,31.38,29.33,30.49,30.49,49.29,31.02,31.02,31.75,32.32,32.12,53.7,34.71,33.01,32.03,40.12,45.35,38.41,38.55,39.83,38.55,43.17,91.47
12226,100.87,99.94,31.38,29.33,30.49,30.49,47.76,31.02,31.02,31.75,32.41,32.12,53.7,34.71,33.01,32.03,40.12,45.54,38.41,38.55,39.98,38.69,43.17,91.47
12247,99.94,99.94,31.38,29.33,30.49,30.49,47.97,31.02,31.02,31.75,32.41,32.12,53.7,34.71,33.01,32.03,40.12,45.35,38.41,38.55,39.98,38.55,43,91.47
12267,99.94,99.94,31.38,29.33,30.49,30.49,47.97,31.02,31.02,31.75,32.41,32.12,54.51,34.71,33.01,32.03,40.12,45.54,38.41,38.41,39.83,38.69,43.17,90.7
12286,99.94,99.94,31.29,29.33,30.49,30.49,50.44,31.02,31.02,31.75,32.41,32.12,54.51,34.71,33.01,31.93,40.12,45.35,38.41,38.55,39.83,38.69,43.17,91.47
12306,99.94,99.94,31.38,29.33,30.49,30.49,47.34,31.02,31.02,31.75,32.41,32.12,55.35,34.71,33.01,32.03,40.12,45.54,38.41,38.41,39.83,38.69,43.17,91.47
12325,99.94,99.94,31.38,29.33,30.49,30.49,47.76,31.02,31.02,31.75,32.41,32.12,54.24,34.71,33.11,31.93,40.12,45.54,38.41,38.41,39.83,38.69,43.17,90.7
12345,99.94,99.94,31.38,29.33,30.49,30.49,48.84,31.02,31.02,31.75,32.41,32.12,53.17,34.71,33.01,32.03,40.12,45.54,38.41,38.41,39.83,38.55,43.17,90.7
12364,99.94,100.87,31.38,29.33,30.4,30.49,50.91,31.11,31.11,31.75,32.41,32.12,54.24,34.71,33.11,32.03,40.12,45.54,38.41,38.41,39.83,38.69,43.17,91.47
12384,100.87,99.94,31.56,29.33,30.49,30.49,60.64,31.02,31.11,31.75,32.41,32.12,55.07,34.71,33.11,32.03,40.12,45.54,38.41,38.41,39.98,38.69,43.17,90.7
12405,99.94,99.94,31.38,29.33,30.49,30.58,32.81,31.11,31.02,31.75,32.41,32.12,54.79,34.71,33.11,32.03,40.12,45.54,38.41,38.55,39.83,38.69,43.17,91.47
12423,100.87,100.87,31.38,29.33,30.49,30.49,32.81,31.02,31.11,31.75,32.41,32.12,53.17,34.71,33.01,31.93,40.12,45.54,38.41,38.55,39.98,38.69,43.17,91.47
12444,101.83,100.87,31.38,29.33,30.4,30.58,47.97,31.11,31.38,31.84,32.41,32.12,53.97,34.71,33.01,31.93,40.12,45.54,38.41,38.55,39.83,38.69,43.17,91.47
12462,100.87,101.83,31.29,29.33,30.49,30.49,46.93,31.11,31.38,31.75,32.41,32.12,54.51,34.71,33.01,32.03,40.12,45.54,38.41,38.41,39.83,38.69,43.17,90.7
12482,101.83,101.83,31.29,29.33,30.49,30.49,46.52,31.02,31.38,31.75,32.41,32.12,53.17,34.71,33.01,32.03,40.12,45.35,38.41,38.55,39.83,38.69,43.17,90.7
12503,101.83,101.83,31.29,29.33,30.49,30.49,46.73,31.11,31.38,31.75,32.41,32.12,55.35,34.71,33.01,32.03,40.12,45.54,38.41,38.41,39.83,38.69,43.17,90.7
12521,101.83,101.83,31.29,29.33,30.4,30.49,47.13,31.11,31.38,31.75,32.41,32.12,54.51,34.71,33.01,32.03,39.83,45.54,38.41,38.41,39.98,38.69,43.17,90.7
12542,101.83,101.83,31.29,29.33,30.49,30.49,46.93,31.11,31.38,31.84,32.41,32.12,55.35,34.71,33.11,32.03,40.12,45.54,38.41,38.41,39.98,38.69,43.17,90.7
12562,101.83,101.83,31.29,29.33,30.4,30.49,46.73,31.11,31.38,31.75,32.41,32.12,54.79,34.82,33.11,32.03,39.98,45.54,38.41,38.55,39.98,38.83,43.17,89.95
12581,103.78,101.83,31.29,29.33,30.49,30.49,46.32,31.11,31.47,31.75,32.41,32.12,51.4,34.71,33.11,32.03,40.12,45.54,38.55,38.55,39.83,38.69,43.17,90.7
12601,105.82,101.83,31.29,29.33,30.49,30.49,47.13,31.11,31.38,31.84,32.41,32.12,54.51,34.71,33.11,32.03,39.98,45.54,38.41,38.41,39.98,38.69,43.17,90.7
12620,102.8,102.8,31.29,29.33,30.49,30.49,46.73,31.11,31.38,31.84,32.41,32.12,52.65,34.82,33.11,32.03,40.12,45.54,38.41,38.55,39.98,38.69,43.17,89.2
12640,44.79,99.94,31.29,29.33,30.49,30.58,49.06,31.11,31.38,31.56,32.41,32.12,53.43,34.71,33.11,32.03,40.12,45.54,38.41,38.55,39.98,38.69,43.17,89.95
12661,39.39,99.94,31.29,29.33,30.49,30.58,46.32,31.11,31.38,31.56,32.41,32.12,52.4,34.71,33.11,32.12,40.12,45.54,38.41,38.55,39.83,38.69,43.17,89.95
12679,38.83,99.94,31.29,29.33,30.49,30.58,48.19,31.11,31.38,31.56,32.41,32.12,54.24,34.82,33.11,32.03,40.12,45.54,38.41,38.55,39.83,38.69,43.17,89.95
12700,41.51,99.94,31.29,29.33,30.49,30.58,47.76,31.11,31.38,31.75,32.41,32.12,54.51,34.71,33.01,32.03,40.12,45.54,38.41,38.55,39.98,38.69,43.17,89.95
12718,39.11,99.94,31.2,29.33,30.49,30.49,45.74,31.2,31.38,31.84,32.41,32.12,53.7,34.82,33.11,32.12,40.12,45.54,38.41,38.55,39.98,38.69,43,89.95
12738,50.2,99.94,31.2,29.33,30.49,30.58,49.06,31.2,31.47,31.84,32.41,32.12,54.51,34.71,33.11,32.12,40.12,45.54,38.41,38.55,39.98,38.69,43.17,89.95
12759,41.67,99.94,31.2,29.33,30.49,30.58,36.84,31.11,31.38,31.56,32.41,32.12,53.43,34.71,33.01,32.12,40.12,45.54,38.41,38.55,39.83,38.69,43,89.95
12777,63.49,99.94,31.2,29.33,30.49,30.49,35.62,31.11,31.38,31.56,32.41,32.12,53.7,34.71,33.01,32.12,40.12,45.54,38.41,38.41,39.98,38.69,43,90.7
12798,101.83,102.8,31.2,29.33,30.49,30.49,34.82,31.11,31.38,31.56,32.41,32.12,53.7,34.71,33.01,32.12,40.12,45.54,38.41,38.55,39.98,38.69,43,90.7
12816,40.73,99.94,31.2,29.33,30.49,30.58,49.29,31.11,31.38,31.56,32.41,32.12,53.97,34.71,33.01,32.12,40.12,45.54,38.41,38.55,39.98,38.55,43,79.95
12837,41.04,99.94,31.2,29.33,30.49,30.49,32.91,31.11,31.38,31.56,32.41,32.12,52.91,34.71,33.01,32.12,40.12,45.54,38.41,38.41,39.98,38.69,43,90.7
12855,39.11,100.87,31.11,29.41,30.49,30.49,33.42,31.11,31.11,31.47,32.41,32.12,53.17,34.82,33.01,32.22,39.98,45.54,38.41,38.55,39.83,38.55,43.17,83.03
12878,39.68,99.94,31.2,29.33,30.49,30.58,34.16,31.11,31.11,31.47,32.41,32.12,52.65,34.82,33.01,32.12,39.98,45.54,38.41,38.41,39.98,38.69,43.17,80.55
12896,38.55,99.02,31.11,29.33,30.49,30.49,40.88,31.11,31.11,31.47,32.41,32.12,52.14,34.82,33.01,32.22,40.12,45.54,38.41,38.55,39.98,38.55,43,80.55
12917,45.74,99.94,31.2,29.33,30.49,30.58,42.33,31.11,31.11,31.47,32.41,32.12,52.91,34.82,33.01,32.22,40.12,45.54,38.41,38.55,39.98,38.69,43,80.55
12937,47.55,99.02,31.2,29.33,30.49,30.58,44.24,31.11,31.11,31.56,32.41,32.12,50.44,34.71,33.11,32.22,40.12,45.54,38.41,38.41,39.98,38.69,43.17,89.95
12956,100.87,102.8,31.2,29.41,30.49,30.58,44.97,31.11,31.11,31.47,32.41,32.12,51.15,34.71,33.01,32.22,40.12,45.74,38.41,38.55,39.98,38.69,43.17,90.7
12976,59.31,100.87,31.2,29.33,30.49,30.58,46.52,31.11,31.11,31.56,32.41,32.12,52.65,34.71,33.01,32.22,40.12,45.74,38.41,38.55,39.83,38.69,43.17,90.7
12994,62.03,100.87,31.2,29.33,30.49,30.58,45.74,31.11,31.11,31.56,32.41,32.12,52.14,34.71,33.11,32.22,40.12,45.74,38.41,38.55,39.98,38.69,43.17,89.95
13015,63.49,100.87,31.2,29.33,30.49,30.58,52.65,31.11,31.11,31.47,32.41,32.12,53.43,34.71,33.01,32.22,40.12,45.74,38.41,38.55,39.98,38.69,43.17,89.95
13035,66.22,100.87,31.2,29.33,30.49,30.49,46.13,31.11,31.11,31.47,32.41,32.12,53.43,34.71,33.11,32.22,40.12,45.74,38.41,38.41,39.98,38.55,43.17,90.7
13054,86.35,101.83,31.2,29.33,30.49,30.58,46.13,31.11,31.11,31.47,32.41,32.12,55.92,34.71,33.11,32.12,40.12,45.74,38.41,38.41,39.98,38.69,43.17,91.47
13074,102.8,102.8,31.2,29.33,30.49,30.58,57.41,31.11,31.38,31.47,32.41,32.12,50.91,34.71,33.01,32.12,39.98,45.93,38.41,38.41,39.98,38.55,43.17,90.7
13093,100.87,102.8,31.2,29.33,30.49,30.58,47.76,31.11,31.38,31.47,32.41,32.12,55.07,34.71,33.01,32.12,40.12,45.93,38.41,38.41,39.98,38.69,43.17,91.47
13113,100.87,102.8,31.2,29.33,30.49,30.58,44.6,31.11,31.38,31.47,32.41,32.12,52.65,34.71,33.01,32.22,39.98,45.74,38.41,38.55,39.98,38.69,43.17,90.7
13132,100.87,102.8,31.29,29.33,30.49,30.58,36.22,31.11,31.38,31.38,32.41,32.12,54.24,34.71,33.11,32.12,40.12,45.74,38.41,38.41,39.98,38.69,43.17,91.47
13152,100.87,101.83,31.29,29.33,30.49,30.58,32.91,31.11,31.38,31.47,32.41,32.12,53.17,34.71,33.11,32.12,40.12,45.74,38.41,38.55,39.98,38.69,43.17,90.7
13173,101.83,102.8,31.29,29.33,30.4,30.58,32.91,31.11,31.38,31.47,32.41,32.12,53.7,34.71,33.11,32.12,40.12,45.93,38.41,38.55,39.98,38.69,43.17,90.7
13191,101.83,102.8,31.29,29.33,30.49,30.58,44.06,31.11,31.38,31.47,32.41,32.12,53.17,34.71,33.01,32.12,40.12,47.34,38.41,38.41,39.98,38.69,43.17,90.7
13212,102.8,102.8,31.29,29.33,30.49,30.58,32.81,31.11,31.38,31.47,32.41,32.12,52.91,34.71,33.01,32.12,40.12,47.34,38.41,38.41,39.98,38.41,43.17,90.7
13230,101.83,102.8,31.29,29.33,30.4,30.58,32.91,31.11,31.38,31.56,32.41,32.12,52.65,34.71,33.01,32.12,40.12,46.73,38.41,38.41,39.98,38.69,43,90.7
13250,101.83,102.8,31.38,29.33,30.49,30.58,32.91,31.11,31.38,31.56,32.41,32.12,53.43,34.82,33.01,32.12,40.12,47.34,38.41,38.55,39.98,38.69,43.17,90.7
13271,100.87,102.8,31.29,29.33,30.49,30.58,44.97,31.11,31.11,31.56,32.41,32.12,54.24,34.71,33.01,32.03,40.12,47.13,38.27,38.55,39.98,38.69,43.17,89.95
13289,95.52,101.83,31.29,29.33,30.49,30.58,55.35,31.11,31.11,31.47,32.41,32.12,53.7,34.71,33.01,32.12,40.12,47.34,38.41,38.55,39.98,38.69,43.17,87.75
13310,101.83,102.8,31.29,29.33,30.49,30.58,33.42,31.11,31.11,31.47,32.41,32.12,55.64,34.71,33.01,32.03,40.12,47.13,38.41,38.55,39.83,38.69,43,87.04
13328,101.83,102.8,31.38,29.33,30.49,30.49,49.06,31.11,31.11,31.56,32.41,32.12,54.51,34.71,33.11,32.03,40.12,46.32,38.41,38.55,39.98,38.69,43.17,90.7
13349,100.87,101.83,31.38,29.33,30.49,30.58,47.76,31.11,31.11,31.47,32.41,32.12,55.35,34.71,33.01,32.03,40.12,47.34,38.41,38.55,39.98,38.69,43.17,88.47
13367,101.83,102.8,31.29,29.33,30.49,30.58,36.71,31.11,31.11,31.56,32.41,32.12,53.97,34.71,33.01,32.03,40.12,47.34,38.41,38.55,39.83,38.55,43.17,81.15
13388,101.83,101.83,31.38,29.33,30.49,30.58,45.35,31.11,31.11,31.56,32.41,32.12,52.14,34.71,33.01,32.03,40.12,45.93,38.41,38.41,39.98,38.69,43.17,81.77
13408,100.87,102.8,31.29,29.33,30.49,30.58,58.03,31.11,31.11,31.56,32.41,32.12,54.24,34.71,33.01,32.03,39.98,45.93,38.41,38.55,39.98,38.69,43,91.47
13427,101.83,102.8,31.38,29.33,30.49,30.58,59.96,31.11,31.11,31.56,32.41,32.12,53.7,34.71,33.01,32.03,39.98,45.93,38.41,38.55,39.98,38.55,43.17,90.7
13447,100.87,102.8,31.38,29.33,30.49,30.58,60.3,31.11,31.02,31.56,32.41,32.12,54.51,34.71,33.01,32.03,40.12,45.74,38.41,38.55,39.83,38.55,43.17,91.47
13466,101.83,102.8,32.22,29.33,30.49,30.58,61.33,31.11,31.11,31.47,32.41,32.12,54.24,34.71,33.01,32.03,40.12,45.74,38.41,38.55,39.83,38.69,43.17,91.47
13486,100.87,102.8,31.38,29.33,30.49,30.58,61.33,31.11,31.11,31.56,32.41,32.12,53.43,34.71,33.01,32.03,40.12,45.93,38.41,38.55,39.83,38.55,43.17,81.77
13504,101.83,102.8,31.47,29.33,30.49,30.58,60.98,31.02,31.11,31.56,32.41,32.12,53.97,34.71,33.01,32.03,40.12,45.93,38.41,38.55,39.83,38.55,43.17,89.95
13525,101.83,102.8,31.84,29.33,30.49,30.58,60.64,31.02,31.11,31.56,32.41,32.12,55.64,34.82,33.01,32.03,40.12,45.93,38.41,38.55,39.98,38.55,43.17,90.7
13545,101.83,102.8,31.75,29.33,30.49,30.49,60.64,31.11,31.11,31.47,32.41,32.12,54.51,34.71,33.01,32.03,40.12,45.74,38.41,38.55,39.83,38.55,43.17,89.95
13564,101.83,101.83,34.16,29.41,30.49,30.58,60.64,31.02,31.11,31.47,32.41,32.12,54.24,34.71,33.01,32.03,40.12,45.93,38.41,38.41,39.83,38.55,43.17,89.95
13584,100.87,101.83,34.59,29.33,30.49,30.49,61.33,31.02,31.02,31.47,32.41,32.12,54.51,34.71,33.01,32.03,40.12,45.93,38.41,38.41,39.83,38.55,43.17,81.77
13603,101.83,101.83,35.62,29.33,30.49,30.58,61.68,31.02,31.02,31.47,32.41,32.12,52.91,34.71,33.11,32.03,40.12,45.93,38.41,38.55,39.83,38.69,43.17,90.7
13623,101.83,101.83,34.82,29.33,30.49,30.49,61.68,31.02,31.02,31.47,32.41,32.12,55.07,34.71,33.01,32.03,40.12,45.93,38.41,38.55,39.98,38.55,43.17,90.7
13644,101.83,101.83,34.37,29.33,30.49,30.58,61.68,31.02,31.11,31.47,32.41,32.12,54.79,34.82,33.11,32.03,40.12,45.93,38.41,38.55,39.98,38.69,43.17,90.7
13662,101.83,102.8,35.04,29.33,30.49,30.58,61.33,31.11,31.11,31.47,32.41,32.12,52.4,34.71,33.01,32.03,40.12,45.93,38.41,38.55,39.83,38.69,43.17,89.95
13683,101.83,101.83,36.1,29.33,30.49,30.58,60.98,31.11,31.11,31.47,32.41,32.12,53.7,34.71,33.01,32.03,40.12,45.93,38.41,38.55,39.83,38.69,43.17,89.95
13701,101.83,102.8,36.46,29.33,30.49,30.58,61.33,31.02,31.11,31.47,32.41,32.12,53.17,34.82,33.01,32.03,40.12,45.74,38.41,38.55,39.98,38.69,43.17,89.95
13722,100.87,102.8,31.75,29.33,30.49,30.58,61.33,31.11,31.11,31.47,32.41,32.12,55.07,34.82,33.01,32.03,40.12,45.93,38.41,38.55,39.83,38.69,43.17,89.95
13740,101.83,102.8,31.38,29.33,30.4,30.58,61.33,31.11,31.11,31.47,32.41,32.12,54.51,34.71,33.01,32.03,40.12,45.74,38.41,38.41,39.83,38.69,43.17,89.95
13760,101.83,102.8,31.29,29.33,30.49,30.58,62.03,31.11,31.02,31.47,32.41,32.12,52.4,34.71,33.01,32.03,40.12,45.74,38.41,38.41,39.83,38.69,43.17,89.2
13781,101.83,101.83,31.38,29.33,30.4,30.58,62.39,31.11,31.11,31.47,32.41,32.12,58.03,34.71,33.11,32.03,40.12,45.93,38.41,38.41,39.98,38.69,43.17,89.95
13799,101.83,101.83,31.29,29.33,30.4,30.58,62.75,31.11,31.11,31.47,32.41,32.12,53.97,34.71,33.01,32.03,40.12,45.74,38.41,38.55,39.83,38.55,43.17,89.95
13820,100.87,101.83,31.29,29.33,30.49,30.58,63.12,31.11,31.38,31.47,32.41,32.12,52.91,34.82,33.01,32.03,40.12,45.93,38.41,38.55,39.83,38.55,43.17,89.95
13838,100.87,101.83,31.29,29.33,30.49,30.58,63.12,31.11,31.38,31.47,32.41,32.12,52.14,34.71,33.11,32.03,40.12,45.93,38.41,38.41,39.83,38.55,43.17,89.95
13859,100.87,101.83,31.38,29.33,30.4,30.58,63.12,31.11,31.38,31.47,32.32,32.12,53.17,34.71,33.01,32.03,39.98,45.93,38.41,38.41,39.83,38.69,43.17,81.15
13877,99.94,101.83,31.38,29.33,30.49,30.58,48.62,31.11,31.38,31.47,32.41,32.12,53.17,34.82,33.01,32.12,40.12,45.74,38.41,38.41,39.83,38.69,43.17,81.15
13898,99.94,101.83,31.29,29.33,30.4,30.58,36.71,31.11,31.38,31.47,32.41,32.12,54.51,34.71,33.11,32.03,40.12,45.74,38.41,38.55,39.98,38.69,43.17,81.15
13918,99.94,101.83,31.38,29.33,30.4,30.58,33.62,31.11,31.38,31.47,32.41,32.12,55.64,34.71,33.11,32.03,40.12,45.74,38.41,38.41,39.98,38.69,43.17,91.47
13937,99.02,101.83,31.38,29.33,30.4,30.58,32.91,31.11,31.38,31.47,32.41,32.12,53.97,34.82,33.11,32.03,40.12,45.74,38.27,38.55,39.98,38.69,43.17,89.95
13957,99.02,101.83,31.29,29.33,30.49,30.58,32.91,31.11,31.38,31.47,32.41,32.12,53.7,34.82,33.01,32.03,40.12,45.93,38.27,38.55,39.83,38.69,43.17,91.47
13975,99.94,100.87,31.29,29.33,30.49,30.58,32.91,31.11,31.38,31.47,32.41,32.12,53.7,34.71,33.01,32.03,40.12,45.93,38.41,38.55,39.83,38.55,43.17,90.7
13996,99.94,100.87,31.29,29.33,30.49,30.58,32.81,31.11,31.38,31.47,32.41,32.12,53.97,34.71,33.01,32.12,40.12,45.93,38.41,38.55,39.83,38.69,43.17,89.95
14014,99.94,100.87,31.29,29.33,30.49,30.58,32.91,31.11,31.38,31.47,32.41,32.12,53.97,34.71,33.11,32.12,40.12,45.93,38.41,38.41,39.83,38.55,43.17,89.95
14035,99.02,100.87,31.2,29.33,30.49,30.58,32.81,31.11,31.38,31.47,32.41,32.12,52.14,34.71,33.01,32.03,40.12,45.93,38.41,38.41,39.98,38.69,43.17,89.95
14055,99.94,100.87,31.2,29.33,30.49,30.58,32.81,31.11,31.38,31.47,32.41,32.12,54.24,34.71,33.01,32.12,40.12,45.93,38.41,38.55,39.83,38.69,43.17,90.7
14074,99.94,100.87,31.2,29.33,30.49,30.58,32.81,31.11,31.38,31.47,32.41,32.12,55.64,34.71,33.01,32.12,40.12,45.93,38.41,38.41,39.98,38.69,43.17,89.95
14094,99.02,99.94,31.2,29.33,30.49,30.58,32.81,31.11,31.38,31.47,32.41,32.12,54.24,34.71,33.01,32.12,40.12,45.93,38.41,38.55,39.83,38.69,43.17,89.95
14113,99.02,99.94,31.2,29.33,30.49,30.49,32.81,31.11,31.38,31.47,32.41,32.12,53.43,34.82,33.11,32.12,40.12,45.93,38.41,38.55,39.83,38.69,43.17,90.7
14133,99.02,99.94,31.2,29.33,30.4,30.58,32.81,31.11,31.38,31.47,32.41,32.12,52.65,34.71,33.11,32.03,40.12,45.93,38.41,38.55,39.83,38.69,43.17,89.95
14154,99.02,99.94,31.2,29.33,30.49,30.58,32.81,31.11,31.38,31.47,32.41,32.12,52.65,34.71,33.01,32.12,39.83,45.93,38.41,38.55,39.83,38.69,43.17,90.7
14172,99.02,99.94,31.29,29.33,30.49,30.58,32.81,31.11,31.38,31.47,32.41,32.12,53.43,34.82,33.11,32.12,39.98,45.93,38.41,38.41,39.98,38.55,43.17,89.95
14193,99.02,99.94,31.38,29.33,30.49,30.58,32.81,31.11,31.38,31.47,32.41,32.12,52.91,34.82,33.01,32.12,40.12,45.93,38.41,38.41,39.98,38.69,43.17,90.7
14211,99.94,99.02,31.29,29.33,30.49,30.58,32.91,31.11,31.38,31.47,32.41,32.12,54.24,34.82,33.11,32.12,40.12,45.74,38.41,38.55,39.98,38.69,43.17,89.2
14231,99.02,99.02,31.29,29.33,30.49,30.58,32.81,31.11,31.38,31.47,32.41,32.12,53.17,34.71,33.01,32.12,39.98,45.93,38.41,38.55,39.83,38.69,43.17,90.7
14250,98.12,99.02,31.29,29.33,30.49,30.49,32.91,31.11,31.38,31.47,32.41,32.12,52.65,34.71,33.01,32.12,39.98,45.93,38.41,38.55,39.98,38.69,43.17,90.7
14270,99.02,98.12,31.29,29.33,30.49,30.58,50.2,31.11,31.38,31.47,32.41,32.12,55.07,34.71,33.01,32.12,39.98,45.93,38.27,38.55,39.98,38.69,43.17,89.95
14291,99.02,99.02,31.29,29.33,30.49,30.49,54.51,31.11,31.38,31.47,32.41,32.12,53.97,34.82,33.01,32.12,40.12,45.74,38.41,38.55,39.83,38.69,43.17,90.7
14309,99.02,99.02,31.56,29.33,30.4,30.49,63.87,31.11,31.38,31.47,32.41,32.12,53.97,34.71,33.01,32.12,40.12,45.93,38.41,38.55,39.83,38.69,43.17,90.7
14330,99.02,99.02,31.75,29.33,30.4,30.49,63.87,31.11,31.38,31.47,32.41,32.12,55.35,34.71,33.11,32.12,40.12,45.74,38.41,38.55,39.83,38.69,43.17,93.05
14348,99.02,99.02,32.03,29.33,30.49,30.58,64.25,31.11,31.38,31.47,32.41,32.12,55.35,34.82,33.01,32.12,40.12,45.93,38.41,38.41,39.98,38.55,43.17,93.05
14369,99.02,99.94,32.03,29.33,30.49,30.49,64.25,31.11,31.38,31.47,32.41,32.12,52.65,34.82,33.01,32.12,40.12,45.93,38.41,38.41,39.98,38.55,43.17,92.25
14387,99.94,99.94,31.93,29.33,30.49,30.58,64.25,31.11,31.38,31.47,32.41,32.12,52.4,34.71,33.01,32.12,40.12,45.93,38.41,38.55,39.98,38.69,43.17,93.05
14408,99.94,99.94,31.65,29.33,30.49,30.58,32.91,31.11,31.38,31.47,32.41,32.12,49.06,34.82,33.01,32.12,40.12,45.93,38.41,38.55,39.83,38.69,43.17,92.25
14428,99.02,99.02,31.65,29.33,30.49,30.49,37.74,31.11,31.38,31.47,32.41,32.12,53.7,34.71,33.01,32.12,40.12,45.93,38.27,38.41,39.83,38.69,43.17,93.05
14447,99.02,99.02,31.11,29.33,30.49,30.49,41.35,31.11,31.38,31.47,32.41,32.12,53.97,34.71,33.01,32.12,40.12,45.93,38.41,38.55,39.98,38.69,43.17,92.25
14467,99.02,99.02,31.2,29.33,30.49,30.49,41.04,31.11,31.38,31.47,32.41,32.12,52.14,34.82,33.01,32.12,40.12,45.74,38.27,38.41,39.98,38.55,43.17,92.25
14485,99.02,98.12,31.11,29.33,30.49,30.58,40.88,31.11,31.38,31.47,32.41,32.12,52.91,34.71,33.01,32.12,40.12,45.93,38.41,38.55,39.83,38.69,43.17,92.25
14506,99.94,99.02,31.11,29.33,30.49,30.49,44.42,31.11,31.38,31.47,32.41,32.12,55.07,34.82,33.01,32.12,40.12,45.74,38.41,38.55,39.83,38.69,43.17,93.05
14526,98.12,98.12,31.2,29.33,30.49,30.58,44.6,31.11,31.38,31.47,32.41,32.12,52.4,34.82,33.11,32.12,40.12,45.93,38.41,38.55,39.98,38.69,43.17,92.25
14545,98.12,99.02,31.2,29.33,30.49,30.58,44.79,31.11,31.38,31.47,32.41,32.12,53.7,34.82,33.11,32.12,40.12,45.93,38.41,38.55,39.83,38.69,43.17,93.05
14565,98.12,99.02,31.38,29.33,30.49,30.58,46.73,31.11,31.38,31.47,32.41,32.12,53.7,34.82,33.01,32.12,40.12,45.93,38.41,38.55,39.98,38.69,43.17,93.05
14584,99.02,98.12,31.56,29.33,30.4,30.49,47.55,31.11,31.38,31.47,32.41,32.12,50.67,34.82,33.01,32.12,40.12,45.93,38.41,38.55,39.98,38.69,43.17,92.25
14604,98.12,99.02,31.93,29.33,30.49,30.58,47.34,31.11,31.38,31.47,32.41,32.12,53.97,34.82,33.01,32.12,39.98,45.93,38.41,38.55,39.98,38.69,43.17,93.05
14623,98.12,98.12,32.81,29.33,30.49,30.58,33.73,31.11,31.38,31.47,32.41,32.12,52.65,34.71,33.11,32.12,40.12,45.93,38.41,38.55,39.98,38.69,43.17,92.25
14643,98.12,97.24,31.29,29.33,30.49,30.58,42.66,31.11,31.38,31.56,32.41,32.12,54.24,34.71,33.11,32.12,40.12,45.93,38.41,38.41,39.98,38.69,43.17,92.25
14664,97.24,96.37,31.29,29.33,30.49,30.58,41.2,31.11,31.38,31.75,32.41,32.12,54.24,34.82,33.11,32.03,40.12,45.93,38.41,38.55,39.98,38.69,43.17,93.05
14682,97.24,95.52,31.29,29.33,30.4,30.49,36.34,31.11,31.47,31.65,32.41,32.12,54.24,34.82,33.01,32.03,40.12,45.74,38.41,38.55,39.98,38.69,43.17,93.05
14703,96.37,94.68,31.29,29.33,30.4,30.58,53.97,31.11,31.47,31.65,32.41,32.12,53.43,34.71,33.11,32.03,40.12,45.74,38.41,38.55,39.98,38.69,43.17,92.25
14721,94.68,93.86,31.29,29.33,30.49,30.58,32.91,31.11,31.47,31.65,32.41,32.12,54.24,34.71,33.01,32.03,40.12,45.74,38.41,38.55,39.83,38.69,43.17,92.25
14741,94.68,93.05,31.38,29.33,30.4,30.58,32.81,31.11,31.2,31.65,32.41,32.12,55.35,34.82,33.11,32.03,40.12,45.74,38.41,38.41,39.98,38.55,43.17,92.25
14760,93.86,93.05,31.29,29.33,30.49,30.58,32.81,31.11,31.2,31.75,32.41,32.12,55.35,34.71,33.01,32.03,40.12,45.74,38.41,38.55,39.83,38.69,43.17,92.25
14780,93.05,92.25,31.38,29.33,30.49,30.58,32.81,31.11,31.29,31.75,32.41,32.12,53.7,34.71,33.01,32.03,40.12,45.74,38.41,38.55,39.98,38.55,43.17,91.47
14801,93.05,92.25,31.29,29.33,30.49,30.58,32.81,31.11,31.11,31.65,32.41,32.12,53.17,34.71,33.01,31.93,40.12,45.93,38.41,38.55,39.98,38.69,43.17,91.47
14819,91.47,90.7,31.29,29.33,30.49,30.58,32.81,31.11,31.11,31.65,32.41,32.12,53.97,34.71,33.01,32.03,40.27,45.93,38.41,38.55,39.83,38.69,43.17,81.15
14840,90.7,90.7,31.29,29.33,30.49,30.49,32.91,31.11,31.11,31.75,32.41,32.12,56.22,34.71,33.01,31.93,40.27,45.54,38.41,38.55,39.83,38.69,43.17,82.39
14858,89.95,90.7,31.38,29.33,30.49,30.49,32.91,31.11,31.11,31.65,32.41,32.12,53.97,34.71,33.01,31.93,40.27,45.74,38.41,38.55,39.83,38.69,43.17,88.47
14879,89.95,90.7,31.29,29.33,30.4,30.58,32.81,31.11,31.11,31.65,32.41,32.12,55.35,34.71,33.01,31.93,40.12,45.74,38.41,38.55,39.98,38.69,43.17,81.15
14899,89.95,90.7,31.29,29.33,30.4,30.49,45.16,31.11,31.11,31.65,32.41,32.12,54.79,34.71,33.01,31.93,40.12,45.74,38.41,38.41,39.98,38.69,43.17,91.47
14918,91.47,91.47,31.38,29.33,30.49,30.58,44.97,31.02,31.11,31.75,32.32,32.12,52.65,34.71,33.01,31.93,40.27,45.74,38.41,38.55,39.83,38.69,43.17,90.7
14938,91.47,91.47,31.29,29.33,30.4,30.58,47.34,31.02,31.11,31.65,32.41,32.12,51.89,34.71,33.01,31.93,40.12,45.54,38.41,38.55,39.83,38.69,43.17,91.47
14956,92.25,91.47,31.38,29.33,30.4,30.58,47.34,31.02,31.11,31.84,32.41,32.12,53.17,34.71,33.01,31.93,40.27,45.74,38.41,38.55,39.83,38.69,43.17,92.25
14977,92.25,92.25,31.38,29.33,30.49,30.58,46.13,31.02,31.11,31.84,32.41,32.12,53.7,34.71,33.11,31.93,40.27,45.74,38.41,38.55,39.83,38.55,43.17,92.25
14995,92.25,92.25,31.29,29.33,30.4,30.58,33.94,31.02,31.11,31.84,32.41,32.12,54.79,34.71,33.01,31.93,40.27,45.74,38.41,38.55,39.98,38.55,43.17,92.25
15016,93.05,93.05,31.38,29.33,30.49,30.49,46.73,31.02,31.11,31.84,32.41,32.12,54.24,34.59,32.91,31.93,40.27,45.54,38.41,38.55,39.83,38.69,43.17,81.77
15036,93.05,93.05,31.38,29.33,30.49,30.58,45.54,31.02,31.02,31.84,32.41,32.03,51.89,34.59,33.01,31.84,40.12,45.74,38.41,38.55,39.83,38.55,43.17,81.15
15055,93.86,93.86,31.38,29.33,30.4,30.49,47.76,31.02,31.11,31.84,32.41,32.12,53.7,34.71,33.01,31.93,40.27,45.54,38.41,38.55,39.98,38.55,43.17,81.15
15075,93.86,94.68,31.38,29.33,30.49,30.58,42.33,30.93,31.11,31.84,32.41,32.12,55.07,34.71,33.01,31.84,40.27,45.74,38.41,38.55,39.98,38.55,43.35,92.25
15094,95.52,95.52,31.38,29.33,30.49,30.49,32.91,30.93,31.02,31.84,32.41,32.12,55.64,34.71,33.01,31.93,40.27,45.54,38.41,38.41,39.98,38.55,43.17,91.47
15114,96.37,96.37,31.38,29.33,30.49,30.58,32.91,31.02,31.11,31.84,32.41,32.12,52.14,34.71,33.01,31.93,40.27,45.74,38.41,38.55,39.98,38.55,43.17,91.47
15133,97.24,97.24,31.38,29.33,30.4,30.58,32.91,31.02,31.11,31.84,32.41,32.12,51.64,34.71,33.01,31.93,40.27,45.74,38.41,38.55,39.83,38.55,43.17,92.25
15153,98.12,97.24,31.38,29.33,30.49,30.58,33.01,31.02,31.11,31.84,32.41,32.12,51.64,34.71,33.01,31.93,40.27,45.74,38.41,38.55,39.83,38.69,43.35,92.25
15174,98.12,98.12,31.38,29.33,30.49,30.58,32.91,31.02,31.02,31.56,32.41,32.12,55.35,34.71,33.01,31.93,40.27,45.74,38.41,38.55,39.83,38.69,43.35,91.47
15192,98.12,99.02,31.38,29.33,30.49,30.58,32.91,30.93,31.02,31.56,32.41,32.12,54.51,34.71,33.01,31.93,40.27,45.74,38.41,38.55,39.98,38.69,43.35,92.25
15212,98.12,98.12,31.38,29.33,30.49,30.58,33.01,31.02,31.02,31.56,32.41,32.12,54.51,34.71,33.01,31.93,40.27,45.74,38.41,38.55,39.83,38.55,43.17,92.25
15231,99.02,99.02,31.38,29.33,30.49,30.58,32.91,30.93,31.02,31.56,32.41,32.12,53.7,34.71,33.01,31.93,40.12,45.74,38.41,38.55,39.98,38.55,43.17,91.47
15251,99.02,99.94,31.38,29.33,30.49,30.58,32.91,31.02,31.02,31.56,32.41,32.12,52.91,34.71,33.01,31.93,40.27,45.74,38.41,38.55,39.83,38.55,43.17,92.25
15272,99.02,99.02,31.38,29.33,30.49,30.58,32.91,31.02,31.02,31.56,32.41,32.12,53.97,34.71,33.01,31.93,40.27,45.74,38.41,38.55,39.98,38.55,43.17,92.25
15290,99.02,99.02,31.38,29.33,30.49,30.58,32.91,31.02,31.02,31.56,32.41,32.12,54.79,34.71,33.01,31.93,40.12,45.74,38.41,38.55,39.83,38.69,43.17,92.25
15311,99.02,99.02,31.38,29.33,30.49,30.58,32.91,31.02,31.02,31.56,32.41,32.12,55.64,34.71,33.01,31.93,40.27,45.74,38.41,38.55,39.98,38.69,43.17,92.25
15329,99.02,99.94,31.38,29.33,30.4,30.58,32.91,30.93,31.02,31.56,32.41,32.12,54.24,34.71,33.01,31.84,40.27,45.74,38.41,38.55,39.98,38.69,43.17,91.47
15350,99.02,99.02,31.38,29.33,30.49,30.66,32.91,30.93,31.02,31.56,32.41,32.12,54.24,34.71,33.01,31.93,40.27,45.74,38.41,38.55,39.98,38.69,43.17,81.15
15368,99.02,99.02,31.38,29.33,30.49,30.66,32.91,31.02,31.02,31.56,32.41,32.12,54.24,34.71,33.01,31.84,40.27,45.74,38.41,38.55,39.98,38.69,43.17,81.15
15389,99.02,99.02,31.38,29.33,30.49,30.66,38.14,30.93,31.02,31.56,32.41,32.12,55.35,34.71,33.01,31.93,40.27,45.74,38.41,38.55,39.83,38.69,43.17,81.15
15409,99.02,99.02,31.38,29.33,30.49,30.66,32.91,31.02,31.02,31.56,32.41,32.12,54.24,34.71,33.01,31.93,40.12,45.74,38.41,38.55,39.83,38.69,43.17,82.39
15427,99.02,98.12,31.38,29.33,30.49,30.66,32.91,31.02,31.02,31.56,32.41,32.12,55.07,34.71,33.11,31.93,40.27,45.74,38.41,38.55,39.98,38.69,43.17,91.47
15448,99.02,99.94,31.38,29.33,30.4,30.66,32.91,31.02,31.02,31.56,32.41,32.12,55.92,34.71,33.01,31.93,40.12,45.54,38.41,38.55,39.98,38.69,43.17,91.47
15466,99.02,99.02,31.29,29.33,30.49,30.58,32.91,31.02,31.02,31.56,32.41,32.12,54.24,34.71,33.11,31.93,40.12,45.74,38.41,38.55,39.83,38.69,43.17,91.47
15487,99.02,99.94,31.38,29.33,30.49,30.58,32.91,31.02,31.02,31.56,32.41,32.12,52.65,34.71,33.11,31.93,40.12,45.74,38.41,38.55,39.98,38.69,43.17,92.25
15505,99.02,99.94,31.29,29.33,30.49,30.58,32.91,31.02,31.02,31.56,32.41,32.12,53.43,34.71,33.01,31.93,40.27,45.74,38.41,38.55,39.83,38.69,43.17,91.47
15526,99.02,99.94,31.29,29.33,30.49,30.66,32.91,31.02,31.11,31.56,32.41,32.12,54.24,34.71,33.11,31.93,40.27,45.74,38.41,38.55,39.83,38.69,43.17,91.47
15546,99.02,99.94,31.38,29.33,30.49,30.58,32.91,31.02,31.02,31.56,32.41,32.12,53.97,34.71,33.01,31.93,40.12,45.74,38.41,38.55,39.98,38.69,43.17,92.25
15565,99.02,99.02,31.56,29.33,30.49,30.58,32.81,31.02,31.02,31.56,32.41,32.12,53.43,34.71,33.11,31.93,40.27,45.74,38.41,38.55,39.83,38.69,43.17,92.25
15585,99.94,99.94,31.38,29.33,30.49,30.58,32.91,31.02,31.11,31.47,32.41,32.12,53.17,34.71,33.01,32.03,40.27,45.74,38.41,38.55,39.98,38.69,43.17,92.25
15604,99.94,99.94,31.47,29.33,30.49,30.58,32.91,31.02,31.11,31.56,32.41,32.12,54.79,34.71,33.01,31.93,40.12,45.74,38.41,38.55,39.98,38.69,43.17,92.25
15624,99.94,99.94,31.29,29.33,30.49,30.58,32.91,31.02,31.02,31.56,32.41,32.12,55.35,34.71,33.01,32.03,40.12,45.74,38.41,38.55,39.83,38.69,43.17,91.47
15645,99.94,99.94,31.11,29.33,30.49,30.58,32.91,31.02,31.11,31.56,32.41,32.12,55.64,34.71,33.01,31.93,40.12,45.74,38.41,38.55,39.98,38.69,43.17,91.47
15663,99.94,99.94,31.2,29.33,30.49,30.58,32.91,31.02,31.02,31.56,32.41,32.12,55.35,34.71,33.01,32.03,40.12,45.74,38.41,38.55,39.98,38.69,43.17,83.03
15683,99.94,99.94,31.11,29.33,30.49,30.58,45.74,31.02,31.02,31.47,32.41,32.12,55.07,34.71,33.01,31.93,40.12,45.74,38.41,38.41,39.98,38.69,43.17,85.66
15702,99.02,99.94,31.11,29.33,30.49,30.58,32.91,31.02,31.02,31.47,32.41,32.12,53.97,34.71,33.01,32.03,40.12,45.74,38.41,38.55,39.83,38.55,43.17,81.15
15722,99.94,99.94,31.11,29.33,30.49,30.58,32.91,31.02,31.02,31.56,32.41,32.12,53.97,34.71,33.01,32.03,40.12,45.74,38.41,38.55,39.83,38.69,43.17,80.55
15741,99.94,99.94,31.11,29.33,30.49,30.58,40.12,31.02,31.02,31.65,32.41,32.12,52.4,34.71,33.01,32.03,40.12,45.74,38.27,38.55,39.83,38.69,43,81.77
15761,99.94,99.02,31.11,29.33,30.49,30.58,48.62,31.02,31.02,31.65,32.41,32.12,50.44,34.71,33.01,32.03,40.12,45.74,38.41,38.41,39.83,38.69,43.17,81.15
15782,99.94,99.94,31.11,29.33,30.49,30.58,44.79,31.02,31.02,31.65,32.41,32.12,50.44,34.71,33.01,32.03,40.12,45.74,38.27,38.41,39.98,38.55,43.17,83.03
15800,99.94,99.94,31.11,29.33,30.49,30.58,39.83,31.02,31.02,31.65,32.41,32.12,54.24,34.71,33.01,32.03,40.12,45.74,38.41,38.55,39.83,38.69,43.17,81.15
15821,99.02,99.94,31.11,29.33,30.49,30.58,32.91,31.02,31.02,31.65,32.41,32.12,54.79,34.71,33.01,32.03,40.12,45.74,38.27,38.41,39.83,38.69,43.17,81.77
15839,99.02,99.02,31.11,29.33,30.49,30.58,32.91,31.02,31.02,31.56,32.41,32.12,53.17,34.71,33.01,32.03,40.12,45.74,38.41,38.41,39.98,38.69,43.17,81.77
15860,99.02,99.02,31.11,29.33,30.49,30.58,32.91,31.02,31.02,31.65,32.41,32.12,54.51,34.71,33.01,32.03,39.98,45.74,38.41,38.55,39.98,38.55,43,83.03
15878,99.02,99.02,31.11,29.33,30.49,30.58,32.91,31.02,31.02,31.47,32.41,32.12,51.15,34.71,33.01,32.03,40.12,45.93,38.41,38.55,39.98,38.69,43.17,81.15
15899,99.02,99.02,31.2,29.33,30.49,30.58,32.91,31.02,31.11,31.56,32.41,32.12,56.51,34.71,33.01,32.03,40.12,45.74,38.41,38.41,39.98,38.55,43.17,81.15
15919,99.02,98.12,31.2,29.33,30.49,30.58,32.91,31.02,31.02,31.47,32.41,32.12,55.35,34.71,33.01,32.03,40.12,45.74,38.41,38.55,39.98,38.69,43.17,89.95
15937,99.02,98.12,31.29,29.33,30.49,30.58,44.42,31.02,31.02,31.56,32.41,32.12,54.51,34.71,33.01,31.93,40.12,45.54,38.41,38.41,39.98,38.69,43.17,92.25
15958,98.12,99.02,31.29,29.33,30.49,30.58,33.11,31.02,31.02,31.56,32.41,32.12,54.51,34.71,33.01,31.93,40.12,45.74,38.41,38.55,39.98,38.69,43.17,92.25
15976,99.02,99.02,31.29,29.33,30.49,30.58,32.81,31.02,31.02,31.56,32.41,32.12,56.22,34.71,33.01,31.93,40.27,45.74,38.41,38.41,39.83,38.69,43.17,91.47
15997,99.94,99.02,31.29,29.33,30.49,30.58,32.91,31.02,31.11,31.56,32.41,32.12,55.64,34.71,33.01,31.93,40.12,45.74,38.41,38.41,39.98,38.69,43.17,92.25
16017,99.94,99.02,31.29,29.33,30.49,30.58,32.91,31.02,31.11,31.56,32.41,32.12,56.51,34.71,32.91,31.93,39.98,45.74,38.41,38.55,39.83,38.69,43.17,92.25
16036,99.94,99.02,31.29,29.33,30.49,30.58,47.13,31.02,31.11,31.56,32.41,32.12,55.64,34.71,33.01,31.84,39.98,45.74,38.41,38.55,39.98,38.69,43.17,91.47
16056,99.94,99.02,31.38,29.33,30.49,30.58,32.91,31.02,31.11,31.56,32.41,32.12,54.51,34.71,33.01,31.93,40.12,45.74,38.41,38.55,39.83,38.69,43.17,91.47
16075,99.94,99.94,31.38,29.33,30.49,30.58,32.81,31.02,31.11,31.84,32.41,32.12,55.92,34.71,33.01,31.93,40.12,45.74,38.41,38.41,39.98,38.55,43.17,92.25
16095,99.94,99.94,31.38,29.33,30.49,30.66,32.81,31.11,31.11,31.84,32.41,32.12,54.51,34.71,33.01,31.93,40.27,45.74,38.41,38.55,39.83,38.69,43.17,91.47
16114,99.94,99.94,31.38,29.33,30.4,30.58,38.55,31.02,31.11,31.65,32.41,32.12,56.22,34.71,33.01,31.84,40.27,45.74,38.55,38.55,39.98,38.69,43.17,90.7
16134,99.94,99.02,31.38,29.33,30.4,30.58,32.91,31.02,31.11,31.65,32.41,32.12,56.22,34.71,33.01,31.84,40.12,45.74,38.41,38.55,39.98,38.55,43.17,92.25
16155,99.94,99.02,31.38,29.33,30.4,30.58,32.81,31.11,31.11,31.84,32.41,32.12,57.11,34.71,33.01,31.84,40.12,45.74,38.41,38.55,39.98,38.55,43.17,91.47
16173,99.02,99.02,31.38,29.33,30.4,30.66,32.81,31.02,31.11,31.84,32.41,32.12,56.81,34.71,33.01,31.84,40.27,45.74,38.41,38.55,39.98,38.69,43.17,91.47
16193,99.02,99.02,31.38,29.33,30.49,30.58,32.81,31.02,31.11,31.75,32.41,32.03,57.11,34.71,33.01,31.84,40.12,45.74,38.41,38.55,39.98,38.69,43.17,92.25
16212,99.02,98.12,31.38,29.33,30.4,30.58,32.91,31.11,31.11,31.84,32.41,32.12,58.34,34.71,33.01,31.84,40.12,45.74,38.41,38.55,39.98,38.69,43.17,91.47
16232,99.02,98.12,31.38,29.33,30.49,30.58,43.52,31.02,31.11,31.84,32.41,32.03,56.51,34.71,33.01,31.84,40.27,45.54,38.41,38.55,39.98,38.55,43.17,91.47
16251,99.02,99.02,31.38,29.33,30.4,30.58,45.16,31.11,31.11,31.84,32.41,32.12,56.22,34.71,33.01,31.84,40.27,45.54,38.41,38.55,39.83,38.69,43.17,91.47
16271,99.02,99.02,31.38,29.33,30.4,30.58,47.34,31.02,31.11,31.84,32.41,32.12,57.41,34.71,33.01,31.84,40.27,45.74,38.41,38.41,39.83,38.69,43.17,91.47
16292,99.02,99.02,31.38,29.33,30.4,30.66,45.35,31.02,31.2,31.84,32.41,32.03,55.07,34.71,33.01,31.75,40.27,45.54,38.41,38.55,39.98,38.69,43.17,92.25
16310,99.02,99.02,31.38,29.33,30.4,30.66,47.13,31.11,31.11,31.84,32.41,32.03,56.81,34.71,33.01,31.84,40.27,45.74,38.41,38.55,39.83,38.69,43.17,91.47
16331,99.02,99.02,31.38,29.33,30.4,30.66,32.81,31.11,31.2,31.93,32.41,32.12,55.64,34.71,33.11,31.84,40.12,45.74,38.41,38.55,39.98,38.69,43.17,92.25
16349,99.94,99.02,31.38,29.33,30.4,30.66,32.81,31.02,31.11,31.93,32.41,32.12,55.92,34.71,33.01,31.84,40.27,45.74,38.41,38.41,39.83,38.69,43.17,92.25
16370,99.02,99.02,31.38,29.33,30.49,30.66,33.01,31.02,31.11,31.84,32.41,32.03,56.51,34.71,33.01,31.84,40.27,45.74,38.41,38.55,39.98,38.69,43.17,92.25
16390,99.02,98.12,31.38,29.33,30.49,30.66,32.91,31.02,31.11,31.84,32.41,32.12,56.22,34.71,33.01,31.84,40.27,45.74,38.41,38.41,39.98,38.69,43.17,92.25
16408,99.02,98.12,31.38,29.33,30.49,30.58,32.91,31.02,31.11,31.84,32.41,32.03,55.92,34.71,33.01,31.84,40.27,45.74,38.55,38.55,39.98,38.69,43.17,91.47
16429,99.02,98.12,31.38,29.33,30.49,30.58,33.94,31.02,31.11,31.84,32.41,32.12,55.92,34.71,33.01,31.84,40.27,45.74,38.41,38.55,39.98,38.55,43.17,92.25
16447,98.12,97.24,31.38,29.33,30.4,30.58,32.91,31.02,31.11,31.84,32.41,32.03,55.07,34.59,33.01,31.84,40.12,45.74,38.41,38.55,39.83,38.69,43.17,92.25
16468,98.12,97.24,31.38,29.33,30.4,30.58,32.91,31.02,31.11,31.84,32.41,32.03,54.79,34.71,33.01,31.75,40.12,45.74,38.41,38.55,39.98,38.69,43.17,91.47
16486,98.12,98.12,31.38,29.33,30.4,30.58,32.91,31.02,31.11,31.84,32.41,32.03,55.64,34.71,33.01,31.84,40.27,45.74,38.41,38.55,39.83,38.69,43.17,92.25
16507,98.12,97.24,31.38,29.33,30.4,30.58,32.91,31.02,31.11,31.84,32.32,32.03,55.35,34.71,33.01,31.84,40.27,45.74,38.55,38.41,39.98,38.55,43.17,92.25
16527,98.12,98.12,31.38,29.33,30.4,30.58,32.91,31.02,31.11,31.84,32.41,32.03,55.64,34.71,33.01,31.84,40.27,45.74,38.41,38.55,39.98,38.69,43.17,92.25
16546,98.12,98.12,31.38,29.33,30.4,30.58,32.91,31.11,31.11,31.84,32.41,32.12,55.35,34.71,33.11,31.84,40.12,45.74,38.41,38.55,39.98,38.69,43.17,92.25
16566,98.12,98.12,31.38,29.33,30.49,30.58,36.59,31.11,31.11,31.84,32.41,32.12,55.07,34.71,33.01,31.84,40.27,45.74,38.41,38.55,39.83,38.69,43.17,92.25
16585,98.12,98.12,31.38,29.33,30.4,30.58,43.17,31.11,31.11,31.84,32.41,32.12,55.07,34.71,33.01,31.84,40.27,45.93,38.41,38.55,39.98,38.69,43.17,92.25
16605,98.12,98.12,31.38,29.33,30.4,30.58,32.81,31.11,31.11,31.93,32.41,32.03,56.51,34.71,33.01,31.84,40.12,45.74,38.41,38.55,39.98,38.69,43.17,92.25
16624,98.12,98.12,31.38,29.33,30.4,30.58,33.01,31.02,31.11,31.56,32.41,32.12,56.51,34.71,33.01,31.84,40.12,45.74,38.41,38.55,39.98,38.69,43.17,92.25
16644,98.12,98.12,31.38,29.33,30.4,30.58,32.91,31.11,31.47,31.56,32.41,32.12,55.64,34.71,33.01,31.84,40.12,45.74,38.41,38.55,39.98,38.69,43.17,92.25
16664,98.12,98.12,31.38,29.33,30.4,30.58,32.91,31.11,31.38,31.47,32.41,32.12,55.92,34.71,33.01,31.84,40.27,45.74,38.41,38.55,39.98,38.69,43.17,92.25
16683,98.12,98.12,31.38,29.33,30.4,30.58,32.71,31.11,31.47,31.47,32.41,32.12,53.43,34.71,33.01,31.84,40.12,45.74,38.41,38.55,39.98,38.69,43.17,92.25
16703,99.02,98.12,31.38,29.33,30.49,30.58,32.81,31.11,31.38,31.47,32.41,32.12,57.72,34.71,33.11,31.84,40.12,45.74,38.41,38.55,39.98,38.69,43.17,92.25
16722,98.12,98.12,31.29,29.33,30.4,30.58,32.81,31.11,31.2,31.47,32.41,32.12,55.64,34.71,33.11,31.84,40.12,45.74,38.41,38.55,39.98,38.69,43.17,92.25
16742,98.12,99.02,31.29,29.33,30.4,30.58,32.81,31.11,31.38,31.47,32.41,32.12,54.51,34.71,33.11,31.84,40.12,45.74,38.41,38.55,39.98,38.69,43.17,91.47
16763,99.02,99.02,31.38,29.33,30.4,30.58,32.81,31.11,31.93,31.47,32.41,32.12,55.07,34.71,33.11,31.84,40.27,45.74,38.41,38.55,39.98,38.69,43,91.47
16781,98.12,99.02,31.29,29.33,30.49,30.58,32.81,31.11,31.38,31.47,32.41,32.12,54.51,34.71,33.11,31.84,40.12,45.74,38.41,38.55,39.98,38.69,43.17,91.47
16802,98.12,99.02,31.29,29.33,30.4,30.58,46.32,31.11,31.38,31.56,32.41,32.12,54.79,34.71,33.11,31.84,40.12,45.74,38.41,38.55,39.98,38.69,43.17,91.47
16820,99.02,99.94,31.29,29.33,30.4,30.58,32.81,31.2,31.47,31.56,32.41,32.12,55.64,34.71,33.11,31.84,40.12,45.74,38.41,38.55,39.98,38.69,43.17,92.25
16841,99.02,99.02,31.29,29.33,30.4,30.58,32.81,31.2,31.47,31.56,32.41,32.12,53.97,34.71,33.11,31.84,40.27,45.74,38.41,38.55,39.98,38.69,43.17,92.25
16859,99.02,99.02,31.2,29.33,30.4,30.58,32.81,31.2,31.47,31.56,32.41,32.12,52.65,34.71,33.11,31.84,40.12,45.93,38.41,38.55,39.98,38.55,43.17,91.47
16880,99.02,99.94,31.2,29.33,30.4,30.58,33.42,31.2,31.47,31.56,32.41,32.12,54.24,34.71,33.01,31.93,40.12,45.74,38.41,38.55,39.83,38.69,43.17,92.25
16900,99.02,99.02,31.2,29.33,30.4,30.58,32.91,31.2,31.38,31.56,32.41,32.12,54.79,34.71,33.01,31.93,40.27,45.74,38.41,38.41,39.98,38.69,43.17,92.25
16920,99.02,99.02,31.2,29.33,30.4,30.58,32.81,31.2,31.38,31.47,32.41,32.12,55.64,34.71,33.01,31.93,40.12,45.93,38.41,38.55,39.98,38.69,43.17,92.25
16939,99.02,99.02,31.2,29.33,30.4,30.49,32.71,31.11,31.38,31.56,32.41,32.12,53.7,34.71,33.01,31.93,39.98,45.74,38.41,38.55,39.83,38.69,43.17,92.25
16959,99.02,99.94,31.11,29.33,30.4,30.58,32.81,31.11,31.38,31.56,32.41,32.12,55.35,34.71,33.01,31.93,40.12,45.74,38.27,38.55,39.98,38.55,43.17,92.25
16978,99.94,99.94,31.2,29.33,30.49,30.58,32.81,31.11,31.47,31.56,32.41,32.12,51.4,34.71,33.01,31.93,40.12,45.74,38.41,38.55,39.83,38.69,43.17,81.15
16998,99.02,99.94,31.11,29.33,30.4,30.58,32.81,31.2,31.47,31.56,32.41,32.12,53.17,34.71,33.01,31.93,40.27,45.74,38.41,38.55,39.98,38.69,43.17,88.47
17019,99.02,99.94,31.11,29.33,30.49,30.58,32.81,31.2,31.47,31.56,32.41,32.12,53.97,34.71,33.01,31.93,39.98,45.74,38.27,38.55,39.83,38.69,43.17,81.15
17037,98.12,99.94,31.11,29.33,30.49,30.58,33.11,31.11,31.38,31.56,32.41,32.12,51.15,34.71,33.01,31.93,40.12,45.74,38.27,38.41,39.83,38.69,43.17,81.15
17058,99.94,100.87,31.11,29.41,30.49,30.58,32.81,31.11,31.38,31.56,32.41,32.12,52.65,34.71,33.01,32.03,40.12,45.93,38.41,38.55,39.83,38.69,43.17,81.15
17076,99.02,99.94,31.2,29.33,30.49,30.49,32.81,31.11,31.38,31.84,32.41,32.12,53.43,34.71,33.01,31.93,40.12,45.93,38.27,38.55,39.98,38.69,43.17,81.15
17097,99.94,99.94,31.2,29.33,30.49,30.58,33.01,31.11,31.38,31.84,32.41,32.12,54.24,34.71,33.01,32.03,40.12,45.93,38.27,38.55,39.83,38.69,43.17,92.25
17115,99.94,99.94,31.2,29.33,30.49,30.58,38.83,31.11,31.38,31.84,32.41,32.12,53.7,34.71,33.01,32.03,40.12,45.93,38.41,38.55,39.98,38.55,43.17,87.04
17136,99.94,99.94,31.2,29.33,30.49,30.58,43.17,31.11,31.38,31.84,32.41,32.12,54.79,34.71,33.01,32.03,39.98,45.93,38.41,38.55,39.98,38.69,43.17,92.25
17156,99.94,99.94,31.29,29.33,30.49,30.58,45.16,31.2,31.47,31.84,32.41,32.12,54.79,34.71,33.01,31.93,40.12,45.93,38.27,38.41,39.83,38.69,43.17,92.25
17174,99.94,99.94,31.2,29.33,30.49,30.58,47.97,31.2,31.38,31.84,32.41,32.12,46.32,34.71,33.01,32.03,39.98,45.93,38.27,38.41,39.83,38.69,43.17,92.25
17195,99.94,99.94,31.2,29.33,30.49,30.58,51.64,31.11,31.38,31.84,32.41,32.12,55.07,34.71,33.01,31.93,40.12,45.93,38.41,38.41,39.98,38.69,43.17,92.25
17215,99.94,99.94,31.2,29.33,30.49,30.58,45.54,31.2,31.47,31.84,32.41,32.12,53.17,34.71,33.01,31.93,40.12,45.93,38.27,38.55,39.98,38.69,43.17,91.47
17234,99.94,99.94,31.2,29.33,30.49,30.58,46.32,31.2,31.47,31.84,32.41,32.12,54.24,34.71,33.01,32.03,40.12,45.93,38.41,38.55,39.98,38.69,43.17,92.25
17254,99.94,99.02,31.2,29.33,30.49,30.58,39.68,31.2,31.47,31.84,32.41,32.12,54.79,34.71,33.01,31.93,40.12,45.93,38.41,38.55,39.98,38.69,43.17,92.25
17275,99.02,99.02,31.29,29.33,30.4,30.58,32.81,31.2,31.47,31.84,32.41,32.12,53.43,34.71,33.01,31.93,40.27,45.93,38.41,38.55,39.98,38.69,43.17,81.15
17293,99.02,99.02,31.29,29.33,30.4,30.58,32.81,31.2,31.47,31.84,32.41,32.12,50.44,34.71,33.01,31.93,40.12,45.93,38.41,38.55,39.83,38.69,43.17,82.39
17314,99.02,99.02,31.38,29.33,30.49,30.58,32.81,31.11,31.47,31.84,32.41,32.12,53.43,34.71,33.01,31.93,40.27,45.93,38.41,38.55,39.98,38.69,43.17,87.75
17332,99.02,99.02,31.38,29.33,30.4,30.58,32.81,31.11,31.47,31.84,32.41,32.22,55.92,34.71,33.01,31.93,40.12,45.93,38.41,38.55,39.98,38.69,43.17,91.47
17353,99.94,99.94,31.29,29.33,30.4,30.58,32.81,31.11,31.47,31.84,32.41,32.12,55.35,34.71,33.11,31.93,40.12,45.74,38.41,38.55,39.98,38.69,43,84.99
17371,99.02,98.12,31.38,29.33,30.4,30.58,32.81,31.11,31.47,31.84,32.41,32.12,55.92,34.71,33.11,31.93,40.27,45.74,38.41,38.55,39.98,38.69,43.17,89.95
17392,99.02,98.12,31.38,29.33,30.4,30.58,32.81,31.11,31.38,31.84,32.41,32.12,56.22,34.71,33.01,31.93,40.12,45.93,38.41,38.55,39.98,38.69,43.17,92.25
17412,99.02,98.12,31.38,29.33,30.4,30.58,32.71,31.11,31.47,31.84,32.41,32.12,53.43,34.59,33.01,31.84,40.12,45.74,38.41,38.55,39.98,38.69,43.17,91.47
17430,99.02,98.12,31.38,29.33,30.4,30.66,32.91,31.11,31.47,31.84,32.41,32.12,55.07,34.71,33.01,31.84,40.12,45.74,38.41,38.55,39.98,38.69,43.17,92.25
17451,98.12,97.24,31.38,29.33,30.4,30.58,32.81,31.11,31.11,31.84,32.41,32.12,55.35,34.71,33.01,31.84,40.27,45.93,38.41,38.41,39.98,38.69,43.17,92.25
17469,97.24,96.37,31.38,29.33,30.4,30.58,32.81,31.11,31.29,31.84,32.41,32.12,55.35,34.59,33.01,31.84,40.27,45.93,38.41,38.55,39.98,38.69,43.17,92.25
17490,97.24,96.37,31.38,29.33,30.4,30.58,32.81,31.11,31.2,31.84,32.41,32.12,55.64,34.71,33.01,31.84,40.27,45.74,38.41,38.55,39.98,38.69,43.17,80.55
17510,95.52,95.52,31.38,29.33,30.4,30.58,32.81,31.11,31.11,31.84,32.41,32.12,55.92,34.71,33.01,31.84,40.12,45.93,38.41,38.55,39.98,38.69,43.17,80.55
17529,94.68,93.86,31.38,29.33,30.4,30.58,32.81,31.11,31.11,31.84,32.41,32.12,55.35,34.71,33.01,31.84,40.27,45.74,38.41,38.55,39.83,38.69,43.17,81.15
17549,93.86,93.86,31.38,29.33,30.4,30.58,32.81,31.11,31.11,31.84,32.41,32.12,55.35,34.71,33.01,31.84,40.27,45.74,38.41,38.55,39.83,38.69,43.17,88.47
17568,93.86,92.25,31.38,29.33,30.4,30.58,32.91,31.02,31.11,31.84,32.41,32.12,53.7,34.71,33.01,31.84,40.27,45.74,38.41,38.55,39.83,38.69,43.17,92.25
17588,93.05,92.25,31.29,29.33,30.4,30.58,32.91,31.02,31.11,31.84,32.32,32.12,54.51,34.59,33.01,31.84,40.27,45.74,38.41,38.55,39.83,38.69,43.17,92.25
17607,93.05,92.25,31.29,29.33,30.4,30.58,32.91,31.02,31.11,31.84,32.41,32.12,54.79,34.71,33.01,31.84,40.12,45.74,38.41,38.55,39.98,38.55,43.17,80.55
17627,92.25,92.25,31.29,29.33,30.4,30.58,32.91,31.02,31.11,31.84,32.41,32.12,53.97,34.71,33.01,31.84,40.12,45.74,38.41,38.55,39.83,38.69,43.17,91.47
17648,93.05,92.25,31.29,29.33,30.49,30.58,32.91,31.02,31.11,31.84,32.41,32.12,52.4,34.71,33.01,31.84,40.27,45.74,38.41,38.55,39.83,38.55,43.17,91.47
17666,93.86,93.05,31.29,29.33,30.4,30.58,32.91,31.02,31.11,31.84,32.41,32.12,52.14,34.71,33.01,31.84,40.27,45.74,38.41,38.55,39.98,38.69,43.17,92.25
17686,93.86,93.05,31.38,29.33,30.49,30.58,32.91,31.02,31.11,31.84,32.41,32.03,53.43,34.59,33.01,31.84,39.98,45.74,38.41,38.55,39.98,38.69,43.17,92.25
17705,93.86,93.05,31.38,29.33,30.4,30.58,33.01,31.02,31.11,31.84,32.41,32.03,53.7,34.71,33.01,31.84,40.27,45.74,38.41,38.41,39.98,38.69,43.17,89.2
17725,93.86,93.05,31.29,29.33,30.49,30.58,44.42,31.02,31.11,31.93,32.41,32.12,54.24,34.71,33.01,31.84,40.27,45.74,38.41,38.55,39.98,38.69,43.17,90.7
17744,93.86,93.05,31.29,29.33,30.49,30.58,46.73,31.02,31.11,31.84,32.32,32.12,54.24,34.71,32.91,31.84,40.27,45.54,38.41,38.55,39.98,38.55,43.17,92.25
17764,93.86,93.05,31.29,29.33,30.49,30.49,46.73,31.02,31.11,31.84,32.41,32.12,53.17,34.71,33.01,31.84,40.27,45.74,38.41,38.55,39.83,38.55,43.17,80.55
17785,93.86,93.05,31.29,29.33,30.49,30.58,44.42,31.02,31.11,31.84,32.41,32.12,56.22,34.71,33.01,31.84,40.12,45.74,38.41,38.55,39.83,38.69,43.17,81.15
17803,93.86,93.05,31.29,29.33,30.49,30.49,43.88,31.02,31.11,31.84,32.32,32.12,53.97,34.71,33.01,31.84,40.27,45.74,38.41,38.55,39.83,38.69,43.17,81.15
17824,94.68,93.05,31.29,29.33,30.49,30.49,47.13,31.02,31.02,31.75,32.32,32.12,54.24,34.71,33.01,31.84,40.27,45.74,38.41,38.55,39.83,38.55,43.17,81.15
17842,94.68,93.86,31.29,29.33,30.49,30.58,42.66,31.02,31.11,31.75,32.32,32.12,53.43,34.71,33.01,31.84,40.12,45.74,38.41,38.55,39.98,38.69,43.17,83.03
17863,95.52,93.86,31.29,29.33,30.49,30.58,43.35,31.02,31.11,31.84,32.32,32.12,52.91,34.71,33.01,31.84,40.27,45.74,38.41,38.55,39.83,38.69,43.17,88.47
17881,96.37,94.68,31.29,29.33,30.49,30.58,41.67,31.02,31.11,31.84,32.41,32.12,53.43,34.71,33.01,31.84,40.27,45.74,38.41,38.55,39.83,38.69,43.17,81.15
17901,96.37,94.68,31.29,29.33,30.49,30.58,42.83,31.02,31.11,31.84,32.32,32.12,54.51,34.71,33.01,31.84,40.12,45.74,38.41,38.55,39.98,38.69,43.17,81.15
17922,96.37,95.52,31.29,29.33,30.49,30.58,32.91,31.02,31.11,31.84,32.41,32.12,53.7,34.71,33.01,31.84,40.27,45.74,38.27,38.55,39.83,38.69,43.17,81.77
17940,97.24,96.37,31.29,29.33,30.4,30.58,32.91,31.02,31.11,31.75,32.41,32.12,50.67,34.71,33.01,31.84,40.27,45.74,38.41,38.55,39.83,38.69,43.17,81.15
17961,97.24,96.37,31.2,29.33,30.4,30.58,32.91,31.02,31.11,31.84,32.32,32.12,53.7,34.71,33.01,31.84,40.12,45.74,38.41,38.55,39.83,38.69,43.35,80.55
17979,98.12,96.37,31.29,29.33,30.4,30.58,32.91,31.11,31.11,31.84,32.41,32.12,53.43,34.71,33.01,31.84,40.12,45.74,38.41,38.55,39.83,38.69,43.17,91.47
18000,98.12,97.24,31.2,29.33,30.49,30.58,32.91,31.11,31.11,31.84,32.41,32.12,54.51,34.71,33.01,31.84,39.98,45.93,38.27,38.55,39.83,38.69,43.17,92.25
18018,98.12,97.24,31.2,29.33,30.49,30.58,32.91,31.02,31.11,31.75,32.32,32.12,54.51,34.71,33.01,31.84,40.12,45.74,38.41,38.55,39.83,38.69,43.17,91.47
18039,99.02,98.12,31.2,29.33,30.49,30.58,32.81,31.11,31.11,31.75,32.41,32.12,54.51,34.71,33.01,31.93,40.27,45.74,38.41,38.55,39.98,38.69,43.17,92.25
18059,99.02,98.12,31.2,29.33,30.4,30.58,32.81,31.11,31.38,31.75,32.41,32.12,54.51,34.71,33.01,31.93,40.12,45.74,38.41,38.55,39.98,38.69,43.17,92.25
18078,99.02,99.02,31.11,29.33,30.49,30.58,32.81,31.11,31.38,31.75,32.32,32.12,54.51,34.71,33.01,31.93,40.12,45.74,38.41,38.55,39.83,38.69,43.17,92.25
18098,99.02,99.02,31.2,29.33,30.4,30.58,32.81,31.11,31.38,31.75,32.41,32.12,54.79,34.59,33.01,31.93,40.12,45.74,38.41,38.55,39.98,38.69,43.17,92.25
18117,99.02,99.94,31.29,29.33,30.4,30.58,32.81,31.11,31.38,31.75,32.32,32.12,55.07,34.71,33.01,31.93,40.27,45.74,38.41,38.41,39.98,38.69,43.17,92.25
18137,99.94,99.94,31.2,29.33,30.4,30.58,32.81,31.11,31.47,31.75,32.32,32.12,52.14,34.71,33.01,31.93,40.12,45.74,38.41,38.55,39.83,38.69,43.17,92.25
18157,99.94,99.94,31.2,29.33,30.4,30.58,32.81,31.2,31.47,31.75,32.32,32.12,54.79,34.71,33.01,31.93,40.12,45.74,38.27,38.55,39.98,38.69,43.17,92.25
18176,99.02,99.94,31.2,29.33,30.4,30.58,32.81,31.11,31.38,31.75,32.32,32.12,54.79,34.71,33.01,31.93,40.12,45.74,38.41,38.55,39.98,38.69,43.17,92.25
18196,99.94,99.94,31.2,29.33,30.4,30.58,32.81,31.11,31.38,31.75,32.41,32.12,52.91,34.71,33.01,31.93,40.12,45.74,38.41,38.55,39.98,38.69,43.17,92.25
18215,99.94,99.94,31.11,29.33,30.4,30.58,32.81,31.11,31.38,31.75,32.41,32.12,53.17,34.71,33.01,31.93,40.27,45.93,38.41,38.55,39.83,38.69,43.17,91.47
18235,99.02,99.02,31.2,29.33,30.4,30.58,37.48,31.11,31.38,31.75,32.32,32.12,52.91,34.71,33.01,31.93,40.12,45.93,38.41,38.41,39.98,38.69,43.17,92.25
18256,99.94,99.94,31.11,29.33,30.49,30.49,43.52,31.11,31.38,31.75,32.32,32.12,54.79,34.71,33.01,32.03,40.12,45.93,38.41,38.55,39.83,38.69,43.17,92.25
18276,99.94,99.94,31.11,29.33,30.49,30.49,32.81,31.11,31.38,31.75,32.32,32.12,53.7,34.71,33.01,31.93,40.12,45.93,38.41,38.55,39.83,38.69,43.17,80.55
18295,89.2,99.02,31.2,29.33,30.4,30.58,32.81,31.11,31.38,31.56,32.32,32.12,52.4,34.71,33.01,32.03,39.98,45.93,38.41,38.41,39.98,38.55,43.17,92.25
18315,99.02,98.12,31.11,29.33,30.49,30.58,32.81,31.11,31.38,31.56,32.41,32.12,53.7,34.71,33.01,32.03,40.12,45.93,38.41,38.55,39.83,38.69,43.17,92.25
18334,100.87,100.87,31.11,29.33,30.49,30.58,32.81,31.11,31.38,31.56,32.32,32.12,52.65,34.71,32.91,32.03,40.12,45.93,38.41,38.41,39.83,38.69,43.17,92.25
18354,94.68,99.94,31.11,29.33,30.49,30.58,37.09,31.11,31.38,31.47,32.32,32.12,52.14,34.71,33.01,32.03,40.12,45.74,38.27,38.41,39.98,38.69,43.17,92.25
18373,99.94,100.87,31.11,29.33,30.49,30.58,33.42,31.11,31.11,31.56,32.32,32.12,52.91,34.71,33.01,32.03,40.12,45.93,38.41,38.55,39.83,38.69,43.17,93.05
18393,100.87,100.87,31.11,29.33,30.49,30.58,49.29,31.02,31.02,31.56,32.32,32.12,53.7,34.71,33.01,32.03,39.98,45.93,38.41,38.41,39.83,38.69,43.17,81.15
18413,100.87,99.94,31.11,29.33,30.49,30.58,38.55,31.02,31.02,31.47,32.32,32.12,52.91,34.71,32.91,32.03,40.12,45.93,38.27,38.41,39.98,38.69,43.17,92.25
18432,99.94,99.94,31.11,29.41,30.49,30.49,32.91,31.02,31.02,31.47,32.32,32.12,53.97,34.71,33.01,32.03,39.98,45.93,38.41,38.41,39.83,38.69,43.17,92.25
18452,99.02,99.02,31.11,29.41,30.49,30.49,39.39,31.02,31.02,31.47,32.41,32.12,53.17,34.71,32.91,32.03,40.12,45.74,38.27,38.55,39.83,38.69,43.17,92.25
18471,99.02,99.02,31.11,29.41,30.49,30.49,32.91,31.02,31.02,31.56,32.32,32.12,52.65,34.71,32.91,32.03,40.12,45.74,38.27,38.55,39.98,38.69,43.17,91.47
18491,99.94,99.94,31.11,29.33,30.49,30.49,39.39,31.02,31.02,31.56,32.32,32.12,53.7,34.71,33.01,32.03,40.12,45.93,38.41,38.55,39.98,38.69,43.17,93.05
18510,99.02,99.02,31.11,29.33,30.49,30.49,32.91,31.02,31.02,31.47,32.32,32.12,53.17,34.59,32.91,32.03,40.12,45.93,38.41,38.55,39.83,38.69,43,92.25
18530,65.81,99.02,31.11,29.41,30.49,30.49,32.81,31.02,31.02,31.47,32.32,32.12,53.43,34.71,32.91,32.03,40.12,45.93,38.41,38.55,39.98,38.69,43.17,92.25
18551,98.12,99.02,31.2,29.41,30.49,30.49,32.91,31.02,31.02,31.56,32.32,32.12,54.51,34.71,33.01,31.93,40.12,47.34,38.41,38.41,39.98,38.69,43.17,80.55
18569,98.12,98.12,31.11,29.33,30.49,30.58,32.91,31.02,31.02,31.47,32.32,32.12,53.43,34.71,33.01,32.03,40.12,47.34,38.41,38.41,39.98,38.55,43.17,81.15
18590,98.12,98.12,31.2,29.41,30.49,30.58,32.91,31.02,31.02,31.47,32.32,32.12,53.7,34.59,33.01,31.93,40.12,47.34,38.41,38.41,39.83,38.69,43.17,92.25
18608,98.12,98.12,31.2,29.33,30.49,30.58,32.91,31.02,31.11,31.75,32.32,32.12,51.89,34.71,33.01,32.03,40.12,47.34,38.41,38.41,39.98,38.69,43.17,93.05
18629,98.12,98.12,31.29,29.33,30.4,30.58,32.91,31.02,31.02,31.75,32.41,32.12,55.64,34.71,33.01,31.93,39.98,47.34,38.41,38.55,39.83,38.69,43.17,92.25
18647,98.12,98.12,31.29,29.33,30.4,30.49,32.81,31.02,31.11,31.75,32.41,32.12,54.24,34.71,32.91,31.93,40.12,47.34,38.41,38.41,39.98,38.69,43.17,93.05
18667,98.12,98.12,31.29,29.33,30.49,30.58,32.91,31.11,31.11,31.75,32.41,32.12,53.7,34.71,33.01,31.84,39.98,45.93,38.41,38.41,39.83,38.69,43.17,93.05
18688,98.12,98.12,31.29,29.33,30.49,30.58,32.91,31.11,31.11,31.75,32.32,32.12,53.7,34.71,33.01,31.93,40.12,45.93,38.41,38.55,39.83,38.69,43.17,91.47
18706,97.24,97.24,31.29,29.33,30.4,30.58,32.81,31.11,31.2,31.75,32.32,32.12,55.07,34.71,32.91,31.93,40.12,45.74,38.27,38.41,39.98,38.69,43.17,92.25
18727,97.24,96.37,31.29,29.33,30.4,30.58,32.81,31.11,31.11,31.75,32.32,32.12,54.79,34.71,33.01,31.84,40.12,45.74,38.41,38.55,39.83,38.69,43.17,92.25
18745,97.24,96.37,31.29,29.33,30.4,30.58,32.81,31.11,31.11,31.75,32.32,32.12,55.07,34.71,33.01,31.93,40.12,45.93,38.41,38.55,39.83,38.69,43.17,92.25
18766,97.24,96.37,31.29,29.33,30.4,30.58,32.81,31.11,31.11,31.75,32.32,32.12,56.51,34.71,33.01,31.93,40.27,45.74,38.41,38.55,39.98,38.69,43.17,92.25
18784,97.24,96.37,31.29,29.33,30.4,30.58,32.81,31.11,31.11,31.75,32.32,32.12,55.35,34.71,33.01,31.93,40.12,45.93,38.41,38.55,39.98,38.69,43.17,93.05
18807,97.24,96.37,31.29,29.33,30.4,30.58,32.81,31.11,31.2,31.75,32.32,32.12,56.22,34.71,33.01,31.93,40.12,45.74,38.41,38.55,39.83,38.69,43.17,93.05
18825,97.24,96.37,31.29,29.41,30.4,30.58,32.81,31.11,31.29,31.75,32.32,32.12,57.11,34.71,33.01,31.84,40.27,45.93,38.41,38.55,39.98,38.69,43.17,93.05
18846,96.37,96.37,31.29,29.33,30.4,30.58,32.81,31.11,31.38,31.75,32.32,32.12,55.35,34.71,33.01,31.93,40.12,45.74,38.41,38.55,39.98,38.69,43.17,81.15
18864,96.37,95.52,31.38,29.33,30.49,30.58,32.91,31.11,31.38,31.84,32.32,32.12,55.92,34.71,32.91,31.84,40.27,45.74,38.41,38.55,39.98,38.69,43.17,92.25
18885,95.52,94.68,31.38,29.33,30.4,30.58,32.81,31.11,31.38,31.75,32.32,32.12,52.65,34.71,33.01,31.84,40.12,45.54,38.41,38.55,39.98,38.69,43.17,92.25
18903,94.68,93.86,31.38,29.33,30.4,30.58,32.81,31.02,31.11,31.84,32.32,32.12,53.97,34.71,33.01,31.84,40.12,45.74,38.41,38.55,39.98,38.69,43.17,92.25
18923,93.86,93.05,31.29,29.33,30.4,30.49,32.91,31.11,31.11,31.84,32.32,32.12,52.65,34.71,33.01,31.84,40.12,45.74,38.41,38.55,39.83,38.55,43.17,81.77
18944,93.05,92.25,31.56,29.33,30.4,30.49,32.81,31.02,31.11,31.75,32.32,32.12,54.24,34.71,33.01,31.93,40.12,45.74,38.41,38.55,39.98,38.69,43.17,91.47
18962,94.68,93.86,31.47,29.33,30.49,30.58,33.21,31.02,31.02,31.75,32.32,32.12,54.79,34.71,33.01,31.93,40.27,45.74,38.41,38.55,39.83,38.55,43,92.25
18983,96.37,95.52,31.47,29.33,30.49,30.58,32.81,31.11,31.11,31.84,32.32,32.12,52.4,34.71,33.01,31.93,40.12,45.74,38.41,38.55,39.83,38.55,43.17,83.03
19001,97.24,95.52,31.47,29.33,30.49,30.58,32.81,31.11,31.11,31.84,32.32,32.12,52.91,34.71,33.01,31.93,40.12,45.74,38.41,38.41,39.98,38.69,43.17,92.25
19022,97.24,96.37,31.47,29.41,30.49,30.58,43.7,31.11,31.11,31.84,32.32,32.12,53.7,34.71,33.01,31.93,40.27,45.74,38.41,38.55,39.83,38.55,43.17,93.05
19040,97.24,97.24,31.56,29.41,30.4,30.58,45.16,31.02,31.11,31.84,32.41,32.12,53.97,34.71,33.01,31.93,40.27,45.93,38.41,38.55,39.83,38.69,43.17,92.25
19061,97.24,96.37,31.56,29.33,30.4,30.58,43.88,31.02,31.02,31.84,32.32,32.12,53.7,34.71,33.01,31.93,40.12,45.93,38.41,38.41,39.83,38.55,43.17,93.05
19081,96.37,96.37,31.56,29.33,30.49,30.58,46.73,31.11,31.02,31.84,32.41,32.12,55.64,34.71,33.01,31.93,40.27,45.74,38.41,38.55,39.83,38.69,43,93.05
19100,97.24,96.37,31.56,29.33,30.49,30.58,46.73,31.02,31.02,31.75,32.32,32.12,55.64,34.71,33.01,31.84,40.12,45.74,38.41,38.55,39.83,38.69,43.17,93.05
19120,97.24,96.37,31.38,29.33,30.49,30.49,48.19,31.02,31.11,31.75,32.32,32.12,52.65,34.71,33.01,31.93,40.27,45.74,38.41,38.41,39.98,38.69,43.17,93.05
19138,97.24,96.37,31.38,29.33,30.49,30.58,46.93,31.02,31.11,31.75,32.32,32.12,57.41,34.71,33.01,31.93,40.27,45.93,38.41,38.55,39.98,38.55,43.17,93.05
19159,98.12,97.24,31.38,29.33,30.49,30.58,47.13,31.11,31.11,31.84,32.32,32.12,55.64,34.71,33.01,31.93,40.27,45.74,38.41,38.55,39.83,38.55,43.17,93.05
19179,99.02,98.12,31.56,29.33,30.49,30.58,46.93,31.11,31.11,31.84,32.32,32.12,54.79,34.71,33.11,31.84,40.27,45.74,38.41,38.55,39.83,38.69,43.17,93.05
19198,98.12,98.12,31.29,29.33,30.4,30.58,44.24,31.11,31.11,31.84,32.41,32.12,54.79,34.71,33.01,31.84,40.12,45.74,38.41,38.55,39.83,38.55,43.17,93.05
19218,99.02,98.12,31.38,29.33,30.4,30.58,44.79,31.11,31.38,31.84,32.32,32.12,55.07,34.71,33.11,31.93,40.12,45.74,38.41,38.55,39.83,38.69,43.17,93.05
19237,99.94,99.02,31.38,29.33,30.49,30.49,49.06,31.11,31.11,31.75,32.32,32.12,56.51,34.71,33.11,31.93,40.12,45.74,38.41,38.55,39.83,38.69,43.17,93.05
19257,99.94,99.02,31.38,29.33,30.49,30.58,47.76,31.11,31.38,31.75,32.32,32.12,55.35,34.71,33.01,31.93,40.27,45.74,38.41,38.55,39.83,38.55,43.17,93.05
19276,99.94,99.02,31.38,29.33,30.49,30.58,44.42,31.11,31.38,31.84,32.32,32.12,54.24,34.71,33.11,31.93,40.27,45.74,38.41,38.55,39.83,38.69,43,93.05
19296,99.02,99.94,31.38,29.33,30.49,30.58,33.01,31.11,31.38,31.84,32.32,32.22,53.43,34.71,33.11,31.93,40.12,45.74,38.41,38.55,39.83,38.55,43.17,92.25
19317,99.02,99.94,31.38,29.33,30.49,30.58,38.41,31.11,31.47,31.84,32.32,32.12,54.51,34.71,33.01,31.93,40.12,45.74,38.41,38.55,39.83,38.55,43.17,93.05
19335,99.94,99.94,31.29,29.33,30.49,30.58,32.81,31.2,31.38,31.84,32.32,32.12,55.64,34.71,33.11,31.93,40.12,45.74,38.41,38.55,39.83,38.69,43.17,92.25
19356,99.94,100.87,31.38,29.33,30.49,30.58,32.71,31.2,31.47,31.84,32.32,32.12,53.17,34.71,33.11,31.93,40.12,45.74,38.41,38.55,39.98,38.55,43.17,91.47
19374,99.94,100.87,31.38,29.33,30.49,30.58,32.81,31.2,31.47,31.75,32.41,32.12,52.91,34.71,33.11,31.93,40.27,45.74,38.41,38.55,39.83,38.55,43.17,93.05
19394,100.87,100.87,31.38,29.33,30.4,30.58,32.71,31.2,31.47,31.84,32.41,32.12,53.7,34.71,33.11,31.93,40.12,45.93,38.41,38.41,39.83,38.69,43.17,92.25
19413,99.94,100.87,31.29,29.33,30.49,30.58,32.71,31.2,31.47,31.84,32.32,32.12,54.51,34.71,33.01,31.93,40.12,45.74,38.27,38.41,39.83,38.69,43.17,92.25
19433,100.87,100.87,31.29,29.33,30.49,30.58,32.71,31.2,31.47,31.84,32.41,32.12,53.7,34.71,33.11,31.93,40.12,45.74,38.41,38.55,39.98,38.55,43.17,92.25
19454,100.87,101.83,31.29,29.33,30.49,30.58,32.71,31.2,31.47,31.84,32.41,32.12,57.41,34.71,33.01,31.93,40.12,45.93,38.41,38.41,39.83,38.69,43.17,91.47
19472,100.87,101.83,31.29,29.33,30.49,30.58,32.71,31.2,31.47,31.84,32.32,32.12,53.7,34.71,33.11,31.93,40.12,45.93,38.41,38.55,39.83,38.69,43,91.47
19493,100.87,100.87,31.29,29.33,30.4,30.58,32.71,31.2,31.47,31.84,32.32,32.12,52.91,34.71,33.11,31.93,40.12,45.93,38.41,38.55,39.83,38.69,43.17,91.47
19511,100.87,101.83,31.38,29.33,30.4,30.58,46.32,31.2,31.47,31.84,32.32,32.12,53.7,34.71,33.01,32.03,40.27,45.93,38.41,38.55,39.83,38.69,43.17,92.25
19532,100.87,101.83,31.38,29.33,30.4,30.58,46.13,31.2,31.47,31.84,32.32,32.12,54.79,34.71,33.11,32.03,40.12,45.93,38.41,38.41,39.83,38.55,43.17,92.25
19552,100.87,101.83,31.38,29.33,30.4,30.58,47.97,31.2,31.47,31.84,32.32,32.12,54.24,34.71,33.11,32.03,40.27,45.93,38.41,38.55,39.83,38.69,43.17,91.47
19571,100.87,100.87,31.38,29.33,30.4,30.58,47.76,31.2,31.47,31.84,32.32,32.12,55.07,34.71,33.11,32.03,40.12,45.93,38.41,38.55,39.98,38.55,43.17,92.25
19591,100.87,101.83,31.38,29.33,30.4,30.58,48.19,31.2,31.47,31.84,32.41,32.12,51.64,34.71,33.11,32.03,40.12,45.93,38.41,38.55,39.83,38.69,43.17,92.25
19610,100.87,101.83,31.38,29.33,30.49,30.58,45.35,31.2,31.47,31.84,32.41,32.12,53.7,34.71,33.11,32.03,40.12,45.93,38.27,38.55,39.98,38.69,43.17,92.25
19630,100.87,101.83,31.38,29.33,30.4,30.58,32.71,31.2,31.47,31.84,32.32,32.12,55.35,34.71,33.01,32.03,40.12,45.74,38.41,38.55,39.83,38.69,43.17,92.25
19648,100.87,100.87,31.38,29.33,30.49,30.58,32.71,31.2,31.47,31.84,32.32,32.12,54.51,34.71,33.01,32.03,40.12,45.93,38.41,38.41,39.83,38.69,43.17,92.25
19669,100.87,101.83,31.29,29.33,30.4,30.58,32.71,31.2,31.38,31.75,32.32,32.12,54.24,34.71,33.01,32.03,39.98,45.93,38.27,38.41,39.83,38.69,43.17,92.25
19689,100.87,101.83,31.2,29.33,30.49,30.58,32.71,31.2,31.47,31.84,32.32,32.12,53.7,34.71,33.01,32.03,40.12,45.93,38.41,38.55,39.83,38.69,43.17,92.25
19708,100.87,101.83,31.11,29.41,30.49,30.58,32.71,31.2,31.47,31.84,32.32,32.12,54.24,34.71,33.01,31.93,40.12,45.74,38.41,38.41,39.83,38.69,43.17,93.05
19728,99.94,101.83,31.11,29.41,30.49,30.58,32.81,31.2,31.47,31.84,32.41,32.12,52.4,34.71,33.01,32.03,39.98,45.93,38.41,38.55,39.83,38.69,43.17,93.05
19747,100.87,100.87,31.2,29.41,30.49,30.58,32.91,31.2,31.47,31.84,32.32,32.12,51.64,34.71,33.01,32.03,40.12,45.93,38.41,38.55,39.83,38.69,43.17,93.05
19767,99.94,101.83,31.11,29.33,30.49,30.58,32.91,31.2,31.38,31.84,32.32,32.12,55.35,34.71,33.01,32.03,40.12,45.93,38.27,38.55,39.83,38.69,43.17,92.25
19786,100.87,99.94,31.2,29.33,30.49,30.58,32.81,31.2,31.47,31.84,32.32,32.12,53.97,34.71,33.01,31.93,40.12,45.93,38.41,38.41,39.98,38.69,43,93.05
19806,100.87,100.87,31.2,29.33,30.49,30.49,32.81,31.11,31.47,31.84,32.32,32.12,55.07,34.71,33.01,32.03,40.12,45.93,38.41,38.41,39.83,38.69,43.17,93.05
19827,100.87,100.87,31.2,29.33,30.49,30.49,32.81,31.11,31.47,31.75,32.32,32.12,54.24,34.71,33.01,32.03,39.98,45.93,38.41,38.55,39.83,38.69,43.17,93.05
19845,99.94,99.94,31.2,29.33,30.49,30.49,32.91,31.11,31.47,31.75,32.32,32.12,53.97,34.82,33.01,31.93,40.12,45.93,38.41,38.41,39.83,38.69,43.17,93.05
19866,85.66,99.94,31.11,29.41,30.49,30.58,33.01,31.11,31.47,31.84,32.32,32.12,53.17,34.71,33.01,32.03,40.12,45.93,38.41,38.55,39.98,38.69,43,92.25
19884,100.87,100.87,31.11,29.33,30.49,30.49,39.11,31.11,31.47,31.84,32.32,32.12,55.07,34.71,33.01,32.03,40.12,45.93,38.41,38.41,39.83,38.69,43.17,93.05
19904,100.87,100.87,39.83,29.41,30.49,30.58,40.27,31.11,31.47,31.84,32.32,32.12,54.51,34.71,33.01,32.03,40.12,45.93,38.41,38.55,39.83,38.69,43.17,93.05
19925,99.94,100.87,33.01,29.33,30.49,30.58,42.49,31.11,31.47,31.84,32.32,32.12,55.35,34.71,33.01,32.03,40.12,45.93,38.41,38.55,39.83,38.69,43.17,93.05
19943,99.94,99.94,31.29,29.33,30.49,30.58,32.91,31.11,31.47,31.84,32.32,32.12,54.51,34.71,33.01,32.03,40.12,45.93,38.41,38.55,39.83,38.69,43.17,93.05
19964,99.94,99.94,31.29,29.33,30.4,30.58,32.91,31.11,31.47,31.75,32.32,32.12,52.14,34.71,33.01,31.93,40.12,45.93,38.41,38.55,39.83,38.69,43.17,93.05
19982,99.02,99.94,31.29,29.33,30.49,30.58,32.91,31.11,31.38,31.75,32.32,32.12,56.22,34.71,33.01,31.93,40.12,45.93,38.41,38.55,39.98,38.69,43.17,93.05
20003,99.94,99.94,31.38,29.33,30.49,30.58,33.01,31.11,31.47,31.75,32.32,32.12,52.4,34.71,33.01,31.93,40.12,45.93,38.41,38.55,39.83,38.69,43.17,93.05
20021,97.24,99.94,31.38,29.41,30.49,30.58,32.81,31.11,31.47,31.84,32.32,32.12,55.92,34.71,33.01,31.93,40.12,45.93,38.41,38.41,39.98,38.69,43.17,93.05
20042,99.02,99.02,31.38,29.33,30.49,30.58,32.81,31.11,31.47,31.84,32.32,32.12,53.17,34.71,33.01,31.93,40.12,45.93,38.41,38.41,39.83,38.69,43.17,93.05
20062,99.02,99.02,31.47,29.33,30.49,30.58,32.81,31.2,31.56,31.84,32.32,32.12,55.92,34.71,33.01,31.93,40.12,45.93,38.41,38.55,39.98,38.55,43.17,93.05
20081,99.02,99.02,31.38,29.33,30.4,30.58,32.81,31.2,31.47,31.84,32.32,32.12,55.64,34.71,33.01,31.93,40.12,45.93,38.41,38.55,39.83,38.69,43.17,93.05
20101,99.02,98.12,31.38,29.33,30.4,30.58,32.81,31.11,31.47,31.84,32.32,32.12,55.92,34.71,33.11,31.93,40.12,45.93,38.41,38.55,39.83,38.69,43.17,93.05
20119,98.12,98.12,31.29,29.33,30.49,30.58,32.71,31.2,31.47,31.75,32.32,32.12,55.35,34.71,33.01,31.93,40.12,45.93,38.41,38.55,39.83,38.69,43.17,93.05
20140,98.12,97.24,31.29,29.33,30.4,30.58,32.71,31.2,31.47,31.84,32.32,32.12,56.81,34.71,33.11,31.84,40.27,45.93,38.41,38.55,39.83,38.69,43,93.05
20160,98.12,98.12,31.29,29.33,30.4,30.58,32.71,31.2,31.56,31.56,32.32,32.12,54.51,34.71,33.11,31.93,40.12,45.93,38.41,38.55,39.83,38.69,43.17,93.05
20179,98.12,97.24,31.29,29.33,30.4,30.58,39.11,31.2,31.56,31.47,32.32,32.12,53.97,34.71,33.01,31.84,40.12,45.93,38.41,38.55,39.98,38.69,43.17,92.25
20199,98.12,97.24,31.29,29.33,30.4,30.58,45.74,31.2,31.56,31.56,32.32,32.12,53.97,34.71,33.01,31.93,40.12,45.93,38.41,38.41,39.98,38.69,43.17,92.25
20218,98.12,97.24,31.29,29.33,30.4,30.58,45.54,31.2,31.56,31.47,32.32,32.12,54.79,34.71,33.11,31.84,40.27,45.93,38.41,38.55,39.83,38.69,43.17,93.05
20238,98.12,98.12,31.29,29.33,30.4,30.58,56.81,31.2,31.56,31.47,32.32,32.12,56.51,34.71,33.11,31.93,40.12,45.93,38.41,38.55,39.83,38.69,43.17,91.47
20257,97.24,96.37,31.29,29.33,30.4,30.58,52.65,31.2,31.56,31.56,32.32,32.12,57.72,34.71,33.01,31.84,40.27,45.74,38.41,38.55,39.83,38.69,43.17,90.7
20277,94.68,93.86,31.29,29.33,30.4,30.58,33.73,31.2,31.56,31.56,32.32,32.12,56.22,34.71,33.11,31.84,39.98,45.93,38.41,38.55,39.83,38.69,43.17,91.47
20298,92.25,92.25,31.38,29.33,30.4,30.49,32.71,31.2,31.56,31.47,32.32,32.12,53.43,34.71,33.01,31.93,40.12,45.93,38.41,38.55,39.83,38.69,43.17,91.47
20316,92.25,91.47,31.29,29.33,30.4,30.49,32.71,31.2,31.47,31.47,32.32,32.12,53.97,34.71,33.01,31.84,40.12,45.93,38.41,38.55,39.83,38.69,43.17,91.47
20337,92.25,91.47,31.29,29.33,30.4,30.49,32.81,31.11,31.47,31.47,32.32,32.12,51.15,34.71,33.01,31.84,40.12,45.93,38.41,38.55,39.83,38.69,43.17,92.25
20355,92.25,91.47,31.29,29.33,30.4,30.49,32.81,31.11,31.47,31.47,32.32,32.12,51.89,34.71,33.01,31.84,40.12,45.93,38.41,38.41,39.83,38.55,43.17,91.47
20375,93.05,93.05,31.29,29.33,30.4,30.49,32.81,31.11,31.38,31.47,32.32,32.12,53.97,34.71,33.01,31.84,40.12,45.74,38.41,38.55,39.83,38.55,43.17,91.47
20394,93.86,93.86,31.29,29.33,30.4,30.49,32.71,31.11,31.38,31.56,32.32,32.12,52.91,34.71,33.01,31.84,40.12,45.93,38.41,38.55,39.83,38.69,43.17,91.47
20414,94.68,93.86,31.38,29.41,30.49,30.49,32.81,31.11,31.38,31.56,32.32,32.12,53.7,34.59,33.01,31.84,40.12,45.93,38.41,38.55,39.83,38.69,43.17,92.25
20435,94.68,94.68,31.29,29.33,30.4,30.4,32.81,31.02,31.38,31.47,32.32,32.12,55.35,34.71,33.01,31.84,40.12,45.93,38.41,38.55,39.83,38.69,43.17,92.25
20453,94.68,93.86,31.29,29.33,30.4,30.49,32.81,31.02,31.11,31.47,32.32,32.12,56.22,34.71,33.01,31.84,40.12,45.93,38.41,38.55,39.83,38.69,43.17,92.25
20474,93.86,93.86,31.2,29.33,30.49,30.4,32.81,31.02,31.02,31.47,32.32,32.12,56.81,34.71,32.91,31.84,40.12,45.93,38.41,38.55,39.83,38.69,43.17,91.47
20492,93.86,93.05,31.2,29.33,30.49,30.4,32.81,31.02,31.02,31.47,32.32,32.12,55.35,34.59,33.01,31.84,40.27,45.93,38.41,38.55,39.83,38.69,43.17,91.47
20513,93.86,93.05,31.11,29.33,30.49,30.4,32.91,31.02,31.02,31.47,32.32,32.12,54.24,34.71,32.91,31.84,40.12,45.93,38.41,38.41,39.83,38.69,43.17,91.47
20531,94.68,93.86,31.11,29.33,30.4,30.4,32.91,31.02,31.02,31.47,32.32,32.12,54.51,34.71,32.91,31.84,40.27,45.93,38.41,38.55,39.83,38.69,43.17,92.25
20552,94.68,93.86,31.11,29.33,30.4,30.49,32.81,31.02,31.02,31.47,32.32,32.12,53.17,34.71,32.91,31.84,40.12,45.93,38.41,38.55,39.83,38.55,43.17,92.25
20572,94.68,94.68,31.11,29.33,30.4,30.49,32.91,31.02,31.02,31.47,32.32,32.12,54.51,34.71,32.91,31.84,40.12,45.93,38.41,38.55,39.83,38.55,43.17,92.25
20591,95.52,94.68,31.11,29.33,30.4,30.49,32.81,31.02,31.02,31.47,32.32,32.12,54.51,34.71,32.91,31.75,40.12,45.93,38.41,38.55,39.83,38.69,43.17,92.25
20611,95.52,94.68,31.2,29.33,30.4,30.49,32.81,31.02,31.02,31.47,32.32,32.12,55.92,34.59,32.91,31.84,40.12,45.93,38.41,38.55,39.83,38.69,43.17,92.25
20629,96.37,94.68,31.2,29.33,30.49,30.49,32.91,31.02,31.02,31.47,32.32,32.12,55.35,34.71,32.91,31.84,40.12,45.93,38.41,38.41,39.83,38.69,43.17,92.25
20650,96.37,95.52,31.2,29.33,30.4,30.49,32.91,30.93,31.02,31.38,32.32,32.12,54.51,34.71,32.91,31.84,40.27,45.93,38.41,38.41,39.83,38.69,43.17,92.25
20670,96.37,95.52,31.2,29.33,30.49,30.49,32.91,30.93,31.02,31.47,32.32,32.12,55.35,34.71,32.91,31.84,40.12,45.93,38.41,38.55,39.83,38.69,43.17,92.25
20689,96.37,96.37,31.2,29.33,30.49,30.49,32.91,30.93,31.02,31.47,32.32,32.12,56.81,34.71,32.91,31.84,40.12,45.93,38.41,38.41,39.83,38.69,43.17,92.25
20709,97.24,95.52,31.2,29.33,30.49,30.49,33.11,31.02,31.02,31.38,32.41,32.12,54.51,34.71,32.91,31.84,40.27,45.93,38.41,38.41,39.83,38.69,43.17,92.25
20728,97.24,97.24,31.2,29.33,30.49,30.49,33.01,31.02,31.02,31.38,32.32,32.12,55.64,34.71,32.91,31.84,40.12,45.93,38.41,38.41,39.83,38.69,43.17,91.47
20748,97.24,97.24,31.2,29.33,30.49,30.49,33.11,31.02,31.02,31.38,32.32,32.12,54.51,34.71,32.91,31.84,40.12,45.93,38.41,38.55,39.83,38.69,43.17,92.25
20767,98.12,97.24,31.2,29.33,30.49,30.49,41.04,31.02,31.11,31.38,32.32,32.12,53.97,34.71,32.91,31.84,40.12,45.93,38.41,38.41,39.83,38.69,43.17,91.47
20787,98.12,97.24,31.2,29.33,30.49,30.58,33.01,31.02,31.02,31.38,32.32,32.12,56.51,34.71,33.01,31.84,40.12,45.93,38.41,38.27,39.83,38.69,43.17,93.05
20808,99.02,98.12,31.29,29.33,30.49,30.58,32.91,31.02,31.02,31.38,32.32,32.12,54.24,34.71,33.01,31.84,40.12,45.93,38.41,38.55,39.83,38.69,43.17,91.47
20826,99.02,98.12,31.2,29.33,30.49,30.58,32.81,31.11,31.11,31.38,32.32,32.12,55.64,34.71,33.01,31.84,40.12,45.93,38.41,38.41,39.83,38.69,43.17,91.47
20847,99.02,98.12,31.2,29.33,30.4,30.58,32.81,31.11,31.38,31.47,32.32,32.12,55.92,34.71,33.01,31.84,40.12,45.93,38.41,38.41,39.98,38.55,43.17,90.7
20865,99.94,99.02,31.2,29.33,30.4,30.58,32.81,31.11,31.38,31.47,32.41,32.12,57.11,34.71,33.01,31.84,40.12,45.93,38.41,38.41,39.83,38.69,43.17,91.47
20885,99.94,99.02,31.29,29.33,30.49,30.58,32.81,31.11,31.38,31.65,32.32,32.12,56.22,34.71,33.01,31.84,40.12,45.93,38.41,38.55,39.83,38.69,43.17,91.47
20904,99.94,99.94,31.29,29.33,30.4,30.49,32.71,31.11,31.38,31.75,32.32,32.12,55.07,34.71,33.01,31.84,40.12,45.93,38.41,38.55,39.98,38.69,43.17,91.47
20924,100.87,99.94,31.29,29.33,30.4,30.58,32.71,31.2,31.47,31.84,32.32,32.12,55.92,34.71,32.91,31.84,40.12,45.93,38.41,38.41,39.98,38.69,43.17,91.47
20945,99.94,100.87,31.29,29.33,30.4,30.58,32.71,31.2,31.47,31.84,32.32,32.12,55.35,34.71,33.01,31.84,40.27,45.93,38.41,38.55,39.98,38.55,43.17,91.47
20963,99.94,100.87,31.29,29.33,30.49,30.58,32.81,31.2,31.47,31.84,32.32,32.12,55.07,34.71,33.01,31.84,39.98,45.93,38.41,38.55,39.83,38.69,43.17,90.7
20984,99.94,100.87,31.29,29.33,30.49,30.58,32.71,31.2,31.47,31.84,32.32,32.12,55.35,34.71,33.01,31.93,40.27,45.93,38.41,38.55,39.98,38.69,43.17,91.47
21002,100.87,99.94,31.29,29.33,30.4,30.58,32.71,31.2,31.38,31.75,32.32,32.12,56.22,34.71,32.91,31.93,40.12,45.93,38.41,38.55,39.98,38.69,43.17,91.47
21023,99.94,100.87,31.29,29.33,30.4,30.58,32.71,31.2,31.47,31.65,32.32,32.12,56.51,34.71,33.01,31.84,40.12,45.93,38.41,38.55,39.83,38.69,43.17,90.7
21043,100.87,100.87,31.29,29.33,30.4,30.58,32.71,31.2,31.47,31.84,32.32,32.12,56.22,34.71,32.91,31.93,40.12,45.93,38.41,38.55,39.98,38.69,43.17,91.47
21062,99.94,100.87,31.29,29.33,30.49,30.58,32.71,31.2,31.47,31.84,32.32,32.12,55.92,34.71,33.01,31.93,40.12,45.93,38.41,38.55,39.98,38.69,43.17,91.47
21082,100.87,100.87,31.29,29.33,30.49,30.58,32.71,31.2,31.47,31.75,32.32,32.12,57.11,34.71,33.01,31.93,40.12,45.93,38.41,38.41,39.98,38.69,43.17,91.47
21103,100.87,101.83,31.29,29.33,30.4,30.58,32.71,31.2,31.47,31.75,32.32,32.12,57.11,34.71,33.01,31.93,40.12,45.93,38.41,38.55,39.98,38.69,43.17,91.47
21121,100.87,101.83,31.29,29.33,30.49,30.58,32.71,31.2,31.47,31.75,32.32,32.12,57.11,34.71,33.01,31.84,39.83,45.93,38.41,38.55,39.98,38.69,43.17,91.47
21141,100.87,101.83,31.29,29.33,30.49,30.58,32.71,31.2,31.47,31.75,32.32,32.12,57.41,34.71,33.01,31.93,39.98,45.93,38.41,38.55,39.98,38.69,43.17,91.47
21160,100.87,101.83,31.29,29.33,30.49,30.58,32.71,31.2,31.47,31.75,32.32,32.12,55.92,34.71,33.01,31.93,39.98,45.93,38.41,38.55,39.83,38.69,43.17,91.47
21180,100.87,100.87,31.29,29.33,30.4,30.58,32.71,31.2,31.47,31.75,32.32,32.12,54.51,34.71,33.01,31.93,40.12,45.93,38.41,38.55,39.98,38.69,43.17,91.47
21201,100.87,100.87,31.29,29.33,30.49,30.58,32.71,31.2,31.47,31.75,32.32,32.12,55.07,34.71,33.01,31.93,40.12,45.93,38.41,38.55,39.98,38.69,43.17,91.47
21219,100.87,100.87,31.2,29.33,30.49,30.58,32.71,31.2,31.47,31.75,32.32,32.12,57.11,34.71,33.01,31.93,40.12,45.93,38.41,38.55,39.98,38.69,43.17,91.47
21240,100.87,100.87,31.29,29.33,30.4,30.58,32.71,31.2,31.47,31.65,32.32,32.12,56.81,34.71,33.01,31.93,40.12,45.93,38.41,38.55,39.98,38.69,43.17,91.47
21258,100.87,100.87,39.68,29.33,30.49,30.58,32.71,31.2,31.38,31.65,32.32,32.12,56.51,34.71,33.01,31.93,40.12,45.93,38.41,38.55,39.98,38.69,43.17,91.47
21279,100.87,100.87,31.2,29.33,30.49,30.58,32.71,31.2,31.47,31.65,32.32,32.12,55.64,34.71,33.01,31.93,40.12,45.93,38.41,38.55,39.83,38.69,43.17,91.47
21299,99.94,100.87,31.2,29.33,30.49,30.58,32.81,31.2,31.47,31.65,32.32,32.12,55.92,34.71,33.01,31.93,40.12,45.93,38.41,38.55,39.98,38.69,43.17,91.47
21318,100.87,100.87,43.7,29.33,30.49,30.58,32.81,31.2,31.38,31.65,32.32,32.12,57.11,34.71,33.01,31.93,40.12,45.93,38.41,38.55,39.98,38.69,43.17,91.47
21338,100.87,100.87,31.29,29.33,30.49,30.58,32.81,31.11,31.38,31.65,32.32,32.12,55.64,34.71,33.01,31.93,40.12,45.93,38.41,38.55,39.98,38.69,43.17,91.47
21356,100.87,100.87,31.29,29.33,30.4,30.58,32.71,31.2,31.47,31.65,32.32,32.12,56.81,34.71,33.01,31.93,40.12,45.93,38.41,38.55,39.98,38.69,43.17,91.47
21377,100.87,100.87,31.29,29.33,30.4,30.58,32.81,31.11,31.38,31.56,32.32,32.12,55.64,34.71,33.01,31.93,40.12,45.93,38.41,38.55,39.98,38.69,43.17,91.47
21395,99.94,100.87,31.38,29.33,30.4,30.58,32.81,31.11,31.38,31.65,32.32,32.12,53.97,34.71,33.01,31.93,40.12,45.93,38.27,38.55,39.98,38.69,43.17,91.47
21418,99.94,100.87,31.29,29.33,30.4,30.58,32.91,31.11,31.38,31.65,32.32,32.12,54.79,34.71,33.01,31.84,40.12,45.93,38.41,38.55,39.98,38.69,43.17,90.7
21436,65.42,99.02,31.38,29.33,30.49,30.58,32.91,31.11,31.47,31.65,32.32,32.12,53.7,34.71,33.01,31.84,40.12,45.93,38.41,38.55,39.98,38.69,43.17,91.47
21457,100.87,101.83,31.38,29.33,30.4,30.58,32.91,31.2,31.47,31.65,32.32,32.12,55.07,34.71,33.01,31.93,40.12,46.13,38.41,38.55,39.98,38.69,43.17,91.47
21477,99.94,100.87,31.38,29.33,30.4,30.66,32.91,31.2,31.47,31.65,32.32,32.12,56.22,34.59,32.91,31.84,40.12,45.93,38.41,38.55,39.98,38.69,43.17,91.47
21496,99.94,101.83,31.38,29.33,30.4,30.66,32.71,31.11,31.38,31.65,32.32,32.12,56.51,34.71,33.01,31.84,40.12,45.93,38.41,38.41,39.98,38.69,43.17,91.47
21516,100.87,100.87,31.38,29.33,30.4,30.66,32.71,31.11,31.47,31.65,32.32,32.12,56.22,34.71,33.01,31.84,40.27,45.93,38.41,38.55,39.83,38.69,43.17,90.7
21535,99.94,101.83,31.38,29.33,30.4,30.58,32.81,31.11,31.38,31.65,32.32,32.12,56.81,34.71,33.01,31.84,40.27,45.93,38.41,38.55,39.98,38.69,43.17,91.47
21555,100.87,100.87,31.38,29.33,30.4,30.66,32.81,31.11,31.38,31.65,32.32,32.12,57.41,34.71,33.01,31.84,40.12,45.93,38.41,38.55,39.98,38.69,43.17,91.47
21576,100.87,100.87,31.38,29.33,30.4,30.66,32.81,31.11,31.38,31.65,32.41,32.12,56.51,34.71,33.01,31.84,40.12,45.93,38.41,38.41,39.98,38.69,43.17,91.47
21594,99.94,100.87,31.38,29.33,30.4,30.58,32.81,31.11,31.47,31.65,32.32,32.12,58.34,34.59,33.01,31.84,40.12,45.93,38.41,38.55,39.98,38.69,43.17,91.47
21615,100.87,101.83,31.38,29.33,30.4,30.66,32.81,31.11,31.47,31.65,32.32,32.12,57.11,34.71,33.01,31.93,39.98,45.93,38.41,38.55,39.98,38.69,43.17,91.47
21633,100.87,101.83,31.38,29.33,30.4,30.66,32.71,31.11,31.47,31.65,32.32,32.12,55.35,34.59,33.01,31.84,40.12,45.93,38.41,38.55,39.98,38.69,43,91.47
21653,100.87,100.87,31.38,29.33,30.4,30.58,32.81,31.11,31.38,31.65,32.32,32.12,55.64,34.71,33.01,31.84,40.12,46.13,38.41,38.55,39.83,38.83,43.17,91.47
21672,100.87,100.87,31.38,29.33,30.4,30.58,32.71,31.11,31.47,31.65,32.32,32.12,55.92,34.71,33.01,31.84,40.12,46.13,38.55,38.55,39.98,38.69,43.17,91.47
21692,100.87,100.87,31.38,29.33,30.4,30.58,32.81,31.11,31.38,31.65,32.32,32.12,55.35,34.59,33.01,31.84,39.83,46.13,38.41,38.55,39.98,38.69,43.17,91.47
21713,99.94,100.87,31.38,29.33,30.4,30.66,32.81,31.11,31.47,31.65,32.32,32.12,57.72,34.71,33.01,31.84,40.27,46.13,38.41,38.55,39.98,38.69,43.17,91.47
21731,100.87,100.87,31.38,29.33,30.49,30.66,32.81,31.11,31.47,31.84,32.32,32.12,56.51,34.71,33.01,31.84,40.12,46.13,38.41,38.55,39.98,38.69,43.17,91.47
21752,100.87,101.83,31.38,29.33,30.4,30.66,32.81,31.11,31.47,31.84,32.32,32.12,56.22,34.71,33.01,31.84,40.27,45.93,38.41,38.55,39.98,38.69,43.17,91.47
21770,100.87,101.83,31.38,29.33,30.4,30.66,44.6,31.11,31.47,31.84,32.32,32.12,58.66,34.71,33.01,31.84,40.27,45.93,38.41,38.55,39.98,38.55,43.17,90.7
21791,99.94,100.87,31.38,29.33,30.4,30.66,43.88,31.11,31.47,31.93,32.32,32.12,56.81,34.71,33.01,31.84,39.98,46.13,38.41,38.55,39.98,38.55,43.17,91.47
21809,100.87,101.83,31.38,29.33,30.4,30.66,36.71,31.11,31.47,31.56,32.32,32.12,57.11,34.71,33.01,31.84,40.12,45.93,38.41,38.55,39.98,38.69,43.17,91.47
21830,100.87,101.83,31.38,29.33,30.4,30.66,32.81,31.11,31.38,31.56,32.32,32.12,55.35,34.71,33.01,31.84,40.12,46.13,38.41,38.55,39.98,38.69,43.17,91.47
21850,99.94,101.83,31.38,29.33,30.4,30.66,32.91,31.11,31.47,31.56,32.41,32.12,56.22,34.71,33.01,31.84,40.12,45.93,38.41,38.55,39.98,38.69,43.17,91.47
21868,100.87,101.83,31.38,29.33,30.4,30.58,32.81,31.11,31.38,31.56,32.32,32.12,57.11,34.71,33.01,31.84,40.12,46.13,38.41,38.41,39.98,38.69,43.17,91.47
21889,100.87,101.83,31.38,29.33,30.4,30.58,38.69,31.11,31.38,31.84,32.32,32.12,56.81,34.59,33.11,31.84,39.98,46.13,38.41,38.55,39.98,38.69,43.17,91.47
21907,100.87,101.83,31.38,29.33,30.49,30.58,42.49,31.11,31.38,31.84,32.41,32.12,55.92,34.71,33.01,31.84,40.12,46.13,38.41,38.55,39.98,38.69,43.17,91.47
21928,100.87,101.83,31.38,29.33,30.4,30.66,45.93,31.11,31.47,31.84,32.32,32.12,55.92,34.71,33.11,31.84,40.27,46.13,38.41,38.55,39.98,38.69,43.17,90.7
21948,100.87,101.83,31.38,29.33,30.49,30.66,45.54,31.11,31.47,31.93,32.32,32.12,56.22,34.71,33.11,31.84,40.12,45.93,38.41,38.55,39.98,38.55,43.17,91.47
21967,100.87,101.83,31.38,29.33,30.4,30.66,43.52,31.11,31.47,31.93,32.41,32.12,56.22,34.71,33.11,31.84,40.12,45.93,38.41,38.55,39.98,38.69,43.17,88.47
21987,99.94,100.87,31.38,29.33,30.49,30.66,32.91,31.11,31.47,31.84,32.32,32.12,57.11,34.71,33.11,31.84,40.27,46.13,38.41,38.55,39.98,38.69,43.17,91.47
22006,100.87,101.83,31.38,29.33,30.4,30.66,33.01,31.11,31.38,31.84,32.32,32.12,55.92,34.71,33.11,31.84,40.27,46.13,38.41,38.55,39.98,38.69,43.17,91.47
22026,100.87,101.83,31.38,29.33,30.4,30.66,32.81,31.11,31.47,31.84,32.32,32.12,58.66,34.71,33.11,31.84,40.12,46.13,38.41,38.55,39.98,38.69,43.17,91.47
22045,100.87,101.83,31.38,29.33,30.4,30.58,32.91,31.11,31.38,31.84,32.32,32.12,57.41,34.71,33.11,31.84,40.27,46.13,38.55,38.55,39.98,38.69,43.17,91.47
22065,100.87,101.83,31.38,29.33,30.49,30.58,32.81,31.11,31.47,31.84,32.32,32.12,57.41,34.71,33.01,31.84,40.27,46.13,38.41,38.55,39.98,38.69,43.17,83.67
22086,100.87,101.83,31.29,29.33,30.4,30.58,32.81,31.11,31.47,31.84,32.32,32.12,56.81,34.71,33.01,31.84,40.12,45.93,38.41,38.55,39.98,38.69,43.17,86.35
22104,100.87,101.83,31.29,29.33,30.4,30.58,32.81,31.2,31.47,31.84,32.32,32.12,57.41,34.71,33.01,31.84,39.98,46.13,38.41,38.55,39.98,38.69,43.17,81.15
22124,100.87,101.83,31.29,29.33,30.4,30.58,32.81,31.11,31.47,31.84,32.41,32.12,58.66,34.71,33.01,31.84,40.12,46.13,38.41,38.55,39.98,38.69,43.17,83.67
22143,100.87,101.83,31.2,29.33,30.4,30.58,32.81,31.11,31.38,31.84,32.32,32.12,65.81,34.59,33.01,31.84,40.12,46.13,38.41,38.55,39.98,38.69,43.17,81.77
22163,100.87,101.83,31.29,29.33,30.4,30.58,32.81,31.11,31.38,31.75,32.32,32.12,53.7,34.71,33.01,31.84,40.27,46.13,38.41,38.41,39.98,38.69,43.17,84.99
22182,100.87,101.83,31.29,29.33,30.4,30.58,32.91,31.11,31.38,31.84,32.32,32.12,55.07,34.71,33.01,31.93,40.12,46.13,38.41,38.55,39.98,38.69,43.17,84.32
22202,100.87,101.83,31.29,29.33,30.49,30.58,32.91,31.02,31.38,31.75,32.41,32.12,52.91,34.71,33.01,31.93,39.98,46.13,38.41,38.55,39.98,38.69,43.17,83.67
22223,100.87,101.83,31.29,29.33,30.4,30.66,32.91,31.11,31.47,31.75,32.32,32.12,53.43,34.71,33.01,31.93,40.12,46.13,38.41,38.55,39.98,38.69,43.17,84.32
22241,100.87,101.83,31.29,29.33,30.4,30.66,32.91,31.11,31.47,31.84,32.41,32.12,53.43,34.71,33.11,31.84,40.12,46.13,38.41,38.55,39.98,38.69,43.17,81.77
22262,100.87,101.83,31.29,29.33,30.49,30.66,32.81,31.11,31.47,31.84,32.32,32.12,54.24,34.71,33.01,31.93,40.12,46.13,38.41,38.55,39.83,38.69,43.17,83.67
22280,100.87,101.83,31.29,29.33,30.4,30.66,32.81,31.11,31.47,31.84,32.32,32.12,55.92,34.71,33.01,31.93,40.12,46.13,38.41,38.55,39.98,38.69,43.17,90.7
22301,100.87,101.83,31.29,29.33,30.4,30.58,32.81,31.11,31.38,31.84,32.32,32.12,56.51,34.71,33.01,31.93,40.12,46.13,38.41,38.55,39.83,38.69,43.17,91.47
22319,100.87,101.83,31.29,29.33,30.4,30.58,32.81,31.11,31.38,31.75,32.32,32.12,56.51,34.71,33.01,31.93,39.98,46.13,38.41,38.55,39.98,38.69,43.17,91.47
22339,100.87,101.83,31.29,29.33,30.49,30.58,32.81,31.11,31.38,31.84,32.32,32.12,55.35,34.71,33.01,31.93,40.12,46.13,38.41,38.55,39.83,38.69,43.17,91.47
22360,100.87,101.83,31.2,29.33,30.4,30.58,32.81,31.11,31.38,31.84,32.32,32.12,54.51,34.59,33.01,31.93,40.12,45.93,38.41,38.55,39.83,38.69,43.17,91.47
22378,100.87,101.83,31.2,29.33,30.49,30.58,32.81,31.11,31.47,31.84,32.32,32.12,54.24,34.59,33.01,31.93,40.12,46.13,38.27,38.55,39.98,38.69,43.17,91.47
22399,100.87,101.83,31.2,29.33,30.4,30.66,32.81,31.11,31.47,31.84,32.32,32.12,51.64,34.71,33.01,31.93,40.12,45.93,38.41,38.55,39.98,38.69,43.17,90.7
22417,100.87,101.83,31.2,29.33,30.4,30.58,32.81,31.11,31.47,31.84,32.32,32.12,52.91,34.71,33.01,31.93,40.12,46.13,38.27,38.55,39.83,38.69,43.17,90.7
22438,100.87,101.83,31.2,29.33,30.49,30.58,32.81,31.11,31.38,31.84,32.32,32.12,55.35,34.59,33.01,31.93,40.12,45.93,38.41,38.55,39.98,38.55,43.17,91.47
22456,100.87,101.83,31.2,29.33,30.4,30.58,32.81,31.11,31.38,31.84,32.32,32.12,52.91,34.71,33.01,31.93,40.12,45.93,38.41,38.41,39.98,38.69,43.17,81.15
22477,100.87,101.83,31.11,29.33,30.4,30.58,32.81,31.11,31.38,31.84,32.32,32.12,55.07,34.71,33.01,32.03,40.12,45.93,38.41,38.41,39.98,38.69,43.17,81.77
22497,100.87,101.83,31.2,29.33,30.49,30.58,33.11,31.11,31.38,31.84,32.32,32.12,53.7,34.71,33.01,31.93,40.12,45.93,38.41,38.55,39.98,38.69,43.17,81.15
22516,99.94,101.83,31.11,29.33,30.4,30.58,32.81,31.11,31.38,31.75,32.32,32.12,55.64,34.71,33.01,32.03,40.12,45.93,38.41,38.55,39.98,38.69,43.17,81.15
22536,54.51,99.02,31.11,29.33,30.49,30.58,32.81,31.11,31.38,31.65,32.32,32.12,52.4,34.71,33.01,31.93,40.12,45.93,38.41,38.55,39.98,38.69,43.17,79.36
22555,45.16,99.02,31.11,29.33,30.49,30.58,32.71,31.11,31.38,31.65,32.41,32.12,52.91,34.71,33.01,31.93,40.12,46.13,38.27,38.55,39.98,38.69,43.17,83.03
22575,99.02,100.87,31.11,29.33,30.49,30.58,32.81,31.11,31.38,31.75,32.41,32.12,53.43,34.71,33.01,31.93,39.98,46.13,38.41,38.55,39.98,38.69,43.17,91.47
22595,99.94,100.87,31.11,29.33,30.49,30.58,48.4,31.11,31.38,31.75,32.32,32.12,52.91,34.71,33.01,31.93,40.12,45.93,38.41,38.55,39.98,38.69,43.17,91.47
22614,99.94,100.87,31.11,29.33,30.49,30.58,43,31.11,31.38,31.75,32.32,32.12,53.7,34.71,33.01,32.03,40.12,46.13,38.27,38.55,39.98,38.69,43.17,91.47
22634,99.94,100.87,31.2,29.33,30.49,30.58,33.11,31.11,31.38,31.75,32.32,32.12,54.24,34.71,33.01,31.93,40.12,46.13,38.41,38.55,39.98,38.69,43.17,91.47
22653,99.94,99.94,31.2,29.33,30.4,30.58,49.06,31.11,31.38,31.84,32.32,32.12,53.7,34.71,33.01,31.93,40.27,46.32,38.41,38.41,39.98,38.69,43.17,92.25
22673,99.02,99.02,31.2,29.33,30.4,30.58,52.14,31.11,31.38,31.84,32.32,32.12,50.67,34.71,33.01,31.93,40.12,46.52,38.41,38.55,39.98,38.69,43,91.47
22694,99.94,99.02,31.2,29.33,30.49,30.58,43,31.11,31.38,31.84,32.32,32.12,54.24,34.71,33.01,31.93,40.12,46.32,38.41,38.55,39.98,38.69,43.17,91.47
22714,99.94,99.02,31.2,29.33,30.49,30.58,42.16,31.11,31.38,31.84,32.32,32.12,53.17,34.71,33.01,31.93,40.12,46.32,38.41,38.55,39.98,38.69,43.17,92.25
22733,99.94,99.02,31.29,29.33,30.49,30.58,63.12,31.11,31.38,31.84,32.32,32.12,53.43,34.71,33.01,31.93,40.27,46.32,38.41,38.41,39.98,38.69,43.17,92.25
22753,99.94,99.02,31.29,29.33,30.49,30.58,62.75,31.11,31.38,31.75,32.32,32.12,54.79,34.71,33.01,31.93,40.12,46.32,38.41,38.55,39.98,38.69,43.17,80.55
22772,99.02,99.02,31.29,29.33,30.4,30.58,32.91,31.11,31.38,31.84,32.32,32.12,54.79,34.71,33.01,31.93,40.12,46.52,38.41,38.55,39.83,38.69,43.17,81.15
22792,99.02,99.02,31.29,29.33,30.4,30.58,33.01,31.11,31.38,31.84,32.41,32.12,53.17,34.71,33.01,31.93,40.12,46.32,38.41,38.55,39.98,38.69,43.17,81.15
22811,99.02,99.02,31.29,29.33,30.4,30.58,33.01,31.11,31.38,36.34,32.32,32.12,53.7,34.71,33.01,31.93,40.12,46.52,38.41,38.55,39.98,38.69,43,81.15
22831,99.02,98.12,31.29,29.33,30.4,30.58,37.87,31.11,31.38,31.84,32.41,32.12,54.51,34.59,33.01,31.84,40.12,46.32,38.41,38.55,39.98,38.55,43.17,80.55
22851,99.02,98.12,31.38,29.33,30.4,30.58,32.91,31.11,31.38,31.84,32.32,32.22,54.79,34.71,33.01,31.84,40.12,46.32,38.41,38.55,39.83,38.69,43.17,91.47
22870,99.02,98.12,31.29,29.33,30.4,30.58,33.01,31.02,31.38,31.84,32.32,32.12,56.81,34.71,33.01,31.84,40.12,46.32,38.41,38.55,39.83,38.69,43.17,91.47
22890,99.02,98.12,31.29,29.33,30.4,30.58,32.91,31.11,31.47,31.84,32.32,32.12,53.7,34.71,32.91,31.84,40.27,46.13,38.41,38.55,39.83,38.69,43.17,91.47
22909,99.02,97.24,31.29,29.33,30.4,30.58,41.67,31.02,31.38,31.84,32.32,32.12,54.51,34.71,33.01,31.84,40.12,45.93,38.41,38.55,39.98,38.69,43.17,91.47
22929,99.02,97.24,31.29,29.33,30.4,30.58,41.67,31.11,31.38,31.84,32.32,32.12,55.92,34.71,33.01,31.84,40.27,46.13,38.41,38.55,39.98,38.69,43.17,91.47
22948,99.02,97.24,31.29,29.33,30.4,30.58,59.31,31.11,31.47,31.84,32.32,32.12,55.35,34.71,32.91,31.84,40.12,45.93,38.41,38.55,39.98,38.69,43,91.47
22968,99.02,97.24,31.38,29.33,30.4,30.58,59.63,31.11,31.38,31.84,32.41,32.12,53.17,34.71,33.01,31.84,40.12,45.93,38.41,38.55,39.98,38.55,43.17,92.25
22989,98.12,96.37,31.38,29.33,30.4,30.58,59.63,31.11,31.38,31.84,32.41,32.12,54.24,34.71,33.01,31.84,40.27,45.93,38.41,38.55,39.98,38.69,43.17,92.25
23007,98.12,96.37,31.38,29.33,30.4,30.49,59.96,31.02,31.38,31.84,32.32,32.12,51.89,34.71,33.01,31.84,40.27,45.93,38.41,38.55,39.98,38.69,43.17,91.47
23028,97.24,95.52,31.38,29.33,30.4,30.49,40.12,31.02,31.47,31.84,32.32,32.12,52.4,34.71,33.01,31.84,40.27,45.93,38.41,38.55,39.83,38.69,43,91.47
23046,97.24,95.52,31.29,29.33,30.4,30.49,34.59,31.02,31.11,31.84,32.41,32.12,53.97,34.71,33.01,31.84,40.12,45.93,38.41,38.55,39.98,38.69,43.17,81.77
23067,97.24,96.37,31.38,29.33,30.4,30.58,39.11,31.11,31.11,31.84,32.32,32.12,52.14,34.71,33.01,31.84,40.12,45.93,38.41,38.55,39.98,38.55,43.17,91.47
23087,98.12,97.24,31.38,29.33,30.4,30.58,59.31,31.11,31.29,31.84,32.41,32.22,53.43,34.71,33.01,31.84,40.12,45.74,38.41,38.55,39.98,38.55,43.17,92.25
23105,98.12,97.24,31.38,29.33,30.4,30.58,59.96,31.02,31.38,31.84,32.32,32.12,53.43,34.71,32.91,31.84,40.12,45.93,38.41,38.55,39.83,38.69,43.17,92.25
23126,98.12,97.24,31.38,29.33,30.4,30.58,59.63,31.11,31.38,31.84,32.32,32.12,53.97,34.71,33.01,31.84,40.12,45.93,38.41,38.55,39.83,38.69,43.17,92.25
23144,98.12,97.24,31.38,29.33,30.49,30.58,58.98,31.11,31.38,31.84,32.32,32.12,53.7,34.71,33.01,31.84,40.12,45.93,38.41,38.55,39.83,38.55,43.17,81.15
23165,98.12,97.24,31.38,29.33,30.4,30.49,60.3,31.02,31.38,31.84,32.32,32.12,56.22,34.71,33.01,31.75,40.27,45.93,38.55,38.55,39.98,38.69,43.35,83.03
23183,98.12,97.24,31.38,29.33,30.4,30.49,61.33,31.02,31.38,31.84,32.32,32.12,55.07,34.71,33.01,31.84,40.27,45.93,38.41,38.55,39.98,38.69,43.35,81.15
23204,98.12,97.24,31.47,29.33,30.4,30.49,61.68,31.11,31.38,31.84,32.32,32.12,54.51,34.71,33.01,31.84,40.12,45.93,38.41,38.55,39.83,38.69,43.35,85.66
23224,98.12,97.24,31.38,29.33,30.4,30.49,62.03,31.02,31.38,31.84,32.32,32.12,53.17,34.71,33.01,31.84,40.27,45.93,38.41,38.55,39.83,38.69,43.17,83.03
23243,98.12,96.37,31.47,29.33,30.4,30.49,61.33,31.11,31.38,31.84,32.32,32.12,52.65,34.71,33.01,31.84,40.27,45.93,38.55,38.41,39.83,38.69,43.17,81.15
23263,98.12,97.24,31.47,29.33,30.4,30.58,61.33,31.11,31.47,31.84,32.32,32.12,53.97,34.71,33.01,31.84,40.12,45.93,38.41,38.55,39.83,38.69,43.17,91.47
23282,99.02,98.12,31.47,29.33,30.4,30.58,61.68,31.11,31.47,31.84,32.32,32.12,55.35,34.71,32.91,31.84,40.12,45.93,38.41,38.55,39.83,38.69,43.17,92.25
23302,99.02,98.12,31.47,29.33,30.4,30.58,62.39,31.11,31.47,31.84,32.32,32.12,56.51,34.71,33.01,31.84,40.27,45.93,38.41,38.55,39.83,38.69,43.35,81.77
23320,99.02,98.12,31.47,29.33,30.4,30.58,62.39,31.11,31.38,31.84,32.32,32.12,54.79,34.71,33.01,31.93,40.12,45.93,38.41,38.55,39.98,38.69,43.17,81.77
23341,99.02,98.12,31.38,29.33,30.4,30.49,62.39,31.11,31.38,31.84,32.32,32.12,53.97,34.71,33.01,31.84,40.12,45.93,38.41,38.55,39.98,38.69,43.17,81.77
23361,99.02,98.12,31.47,29.33,30.4,30.58,62.39,31.11,31.47,31.84,32.32,32.12,56.22,34.71,33.01,31.84,40.12,45.93,38.41,38.55,39.98,38.69,43.17,81.15
23380,99.94,99.02,31.47,29.33,30.4,30.58,62.39,31.11,31.47,31.84,32.32,32.12,54.51,34.59,33.01,31.93,40.12,45.93,38.27,38.55,39.98,38.69,43.17,81.77
23400,99.94,99.02,31.47,29.33,30.49,30.58,62.39,31.11,31.47,31.84,32.32,32.12,54.79,34.71,32.91,31.93,39.98,45.93,38.41,38.55,39.83,38.69,43.17,81.77
23419,99.94,99.94,31.38,29.33,30.49,30.58,63.12,31.11,31.47,38.01,32.32,32.12,56.51,34.71,33.01,31.84,40.12,46.13,38.41,38.55,39.83,38.55,43.17,81.77
23439,99.94,99.02,31.47,29.33,30.4,30.58,62.75,31.11,31.47,32.22,32.32,32.12,54.51,34.71,33.01,31.84,40.12,46.13,38.41,38.55,39.83,38.69,43.17,82.39
23460,99.94,99.94,31.47,29.33,30.49,30.58,62.75,31.2,31.47,34.27,32.32,32.12,50.91,34.71,33.01,31.93,40.12,45.93,38.41,38.55,39.83,38.69,43.17,81.77
23478,100.87,100.87,31.38,29.33,30.49,30.58,63.12,31.2,31.47,38.69,32.32,32.12,53.7,34.71,33.01,31.84,40.12,46.13,38.41,38.55,39.83,38.69,43.17,92.25
23499,99.94,100.87,31.47,29.33,30.49,30.58,63.12,31.2,31.47,38.41,32.32,32.12,53.43,34.71,33.01,31.93,40.12,46.13,38.41,38.55,39.98,38.69,43.17,89.2
23517,100.87,100.87,31.2,29.33,30.4,30.58,63.12,31.2,31.47,37.74,32.32,32.12,53.43,34.71,33.01,31.93,40.12,46.13,38.41,38.55,39.83,38.69,43.17,92.25
23538,100.87,100.87,31.2,29.33,30.4,30.58,63.49,31.2,31.47,37.35,32.41,32.12,54.24,34.82,33.01,31.93,40.12,46.13,38.41,38.55,39.98,38.69,43.17,81.77
23556,100.87,100.87,31.29,29.33,30.4,30.58,63.49,31.2,31.47,38.14,32.41,32.12,53.43,34.71,33.01,31.93,40.12,46.13,38.41,38.55,39.83,38.69,43,86.35
23576,100.87,100.87,31.2,29.33,30.4,30.58,63.49,31.2,31.47,38.55,32.32,32.12,53.97,34.59,33.01,31.93,40.12,46.32,38.41,38.55,39.98,38.69,43.17,88.47
23597,100.87,101.83,31.2,29.33,30.49,30.58,63.49,31.29,31.47,38.69,32.32,32.12,54.79,34.71,33.01,31.93,39.98,46.32,38.41,38.55,39.83,38.69,43.17,88.47
23615,100.87,101.83,31.2,29.33,30.4,30.58,63.49,31.2,31.47,38.69,32.32,32.12,53.97,34.71,33.01,31.93,40.12,46.32,38.41,38.55,39.98,38.69,43.17,89.95
23636,100.87,101.83,31.2,29.33,30.4,30.58,63.12,31.2,31.47,38.27,32.32,32.12,53.43,34.71,33.01,31.93,40.12,46.32,38.41,38.55,39.98,38.69,43.17,92.25
23654,100.87,100.87,31.2,29.33,30.4,30.58,63.49,31.2,31.47,38.27,32.32,32.12,55.64,34.71,33.01,31.93,40.12,46.32,38.27,38.55,39.98,38.69,43.17,81.15
23675,100.87,100.87,31.2,29.33,30.4,30.58,63.49,31.2,31.56,31.93,32.32,32.12,54.24,34.71,33.01,31.93,40.12,46.32,38.41,38.55,39.83,38.69,43.17,92.25
23693,100.87,101.83,31.2,29.33,30.4,30.49,63.49,31.2,31.56,31.84,32.32,32.12,54.24,34.71,33.01,31.93,40.12,46.32,38.41,38.55,39.83,38.69,43.17,92.25
23714,100.87,101.83,31.2,29.33,30.49,30.58,63.87,31.29,31.47,31.93,32.32,32.12,55.07,34.71,33.01,32.03,40.12,46.32,38.41,38.55,39.98,38.69,43.17,92.25
23734,100.87,101.83,31.2,29.41,30.49,30.58,63.87,31.2,31.47,31.93,32.32,32.12,52.65,34.71,33.01,32.03,40.12,46.32,38.27,38.55,39.98,38.69,43.17,92.25
23753,101.83,101.83,31.11,29.33,30.49,30.58,63.49,31.2,31.47,31.93,32.32,32.12,49.97,34.71,33.01,31.93,40.12,46.32,38.27,38.55,39.98,38.69,43.17,92.25
23773,100.87,101.83,31.2,29.33,30.49,30.58,63.49,31.2,31.47,31.93,32.41,32.12,53.7,34.59,32.91,32.03,39.83,46.32,38.27,38.41,39.83,38.69,43.17,92.25
23792,101.83,101.83,31.11,29.33,30.4,30.58,63.87,31.2,31.47,31.93,32.32,32.12,53.17,34.71,33.01,32.03,40.12,46.32,38.27,38.55,39.98,38.69,43.17,92.25
23812,101.83,101.83,31.2,29.33,30.4,30.58,63.87,31.2,31.47,31.84,32.32,32.12,51.4,34.71,33.01,32.03,40.12,46.32,38.27,38.55,39.98,38.69,43.17,81.77
23830,100.87,100.87,31.2,29.33,30.4,30.49,63.87,31.2,31.56,31.84,32.41,32.12,55.35,34.71,33.01,32.03,39.98,46.13,38.27,38.55,39.98,38.69,43.17,81.77
23851,99.94,100.87,31.11,29.33,30.49,30.49,53.43,31.2,31.56,31.84,32.32,32.12,52.14,34.71,33.01,32.03,40.12,46.13,38.27,38.55,39.83,38.69,43.17,92.25
23871,100.87,100.87,31.2,29.33,30.49,30.49,48.4,31.2,31.56,31.84,32.41,32.12,52.14,34.71,33.01,32.03,40.12,46.13,38.41,38.55,39.83,38.69,43.17,91.47
23890,100.87,100.87,31.2,29.33,30.49,30.58,32.71,31.2,31.56,31.84,32.32,32.12,52.14,34.71,33.01,32.03,39.98,46.13,38.41,38.55,39.98,38.69,43.17,92.25
23910,101.83,101.83,31.2,29.33,30.49,30.49,53.43,31.2,31.56,31.84,32.32,32.12,52.91,34.71,33.01,31.93,40.12,46.13,38.41,38.55,39.83,38.69,43.17,91.47
23929,100.87,100.87,31.2,29.33,30.4,30.58,32.81,31.2,31.56,31.84,32.41,32.12,52.65,34.71,33.01,32.03,40.12,46.13,38.41,38.55,39.98,38.69,43.17,92.25
23949,100.87,100.87,31.29,29.33,30.49,30.58,32.81,31.2,31.56,31.84,32.32,32.03,54.79,34.71,33.01,32.03,40.12,46.13,38.27,38.55,39.83,38.69,43.17,92.25
23970,100.87,99.02,31.29,29.33,30.49,30.49,32.81,31.2,31.56,31.84,32.32,32.12,49.51,34.71,33.01,32.03,40.12,46.32,38.41,38.55,39.98,38.69,43.17,92.25
23988,100.87,99.94,31.29,29.33,30.4,30.58,32.91,31.2,31.56,31.84,32.32,32.12,52.91,34.71,33.01,31.93,40.12,46.13,38.41,38.55,39.98,38.69,43.17,92.25
24009,99.94,99.02,31.2,29.33,30.49,30.58,32.91,31.2,31.47,31.84,32.32,32.12,53.17,34.71,33.01,31.93,40.12,46.32,38.41,38.55,39.98,38.69,43.17,92.25
24027,99.94,99.02,31.2,29.33,30.49,30.58,50.91,31.2,31.56,31.93,32.32,32.12,53.43,34.71,33.01,31.93,40.12,46.52,38.41,38.55,39.83,38.69,43.17,92.25
24048,99.02,99.02,31.29,29.33,30.49,30.58,50.2,31.2,31.56,31.84,32.32,32.12,55.64,34.71,33.01,31.93,40.12,46.52,38.41,38.55,39.98,38.69,43.17,91.47
24066,99.02,98.12,31.29,29.33,30.49,30.58,33.01,31.2,31.56,31.93,32.32,32.12,53.17,34.71,33.01,32.03,40.12,46.52,38.41,38.55,39.98,38.69,43.17,89.95
24086,99.02,97.24,31.29,29.33,30.4,30.58,32.91,31.2,31.56,31.93,32.41,32.12,52.4,34.71,33.01,31.93,40.12,46.52,38.41,38.55,39.83,38.69,43.17,92.25
24107,98.12,96.37,31.29,29.33,30.49,30.58,32.91,31.2,31.56,31.84,32.32,32.12,52.4,34.71,33.01,31.93,40.12,46.52,38.41,38.55,39.83,38.69,43.17,92.25
24125,98.12,96.37,31.29,29.33,30.49,30.58,32.81,31.2,31.56,31.93,32.32,32.12,54.51,34.71,33.01,31.93,40.12,46.32,38.41,38.55,39.83,38.69,43.17,92.25
24146,98.12,96.37,31.29,29.33,30.49,30.58,32.91,31.2,31.56,31.93,32.32,32.12,53.7,34.71,33.01,31.93,40.12,46.52,38.41,38.55,39.83,38.69,43.17,92.25
24164,97.24,95.52,31.29,29.33,30.4,30.58,32.91,31.2,31.56,31.93,32.32,32.12,55.35,34.71,33.01,31.93,40.12,46.52,38.41,38.55,39.83,38.69,43.17,92.25
24185,96.37,93.86,31.29,29.33,30.49,30.49,32.81,31.2,31.56,31.93,32.32,32.12,53.43,34.71,33.01,31.93,40.12,46.32,38.41,38.55,39.98,38.69,43.17,92.25
24205,97.24,94.68,31.29,29.33,30.4,30.58,33.73,31.2,31.56,38.27,32.32,32.12,54.51,34.71,33.01,31.93,40.27,46.13,38.41,38.55,39.83,38.69,43.17,81.15
24224,97.24,95.52,31.29,29.33,30.49,30.58,33.01,31.2,31.56,31.84,32.32,32.12,53.97,34.71,33.01,31.93,40.12,46.13,38.41,38.55,39.83,38.69,43.17,81.15
24244,98.12,96.37,31.29,29.33,30.4,30.58,32.81,31.2,31.56,31.93,32.32,32.12,53.7,34.71,33.01,31.84,40.12,46.13,38.41,38.55,39.98,38.69,43.17,81.15
24263,98.12,97.24,31.38,29.33,30.49,30.58,32.71,31.2,31.56,31.93,32.32,32.12,55.92,34.71,33.01,31.84,40.27,46.13,38.41,38.55,39.83,38.69,43.17,81.77
24283,99.02,98.12,31.29,29.33,30.4,30.58,32.81,31.2,31.56,31.93,32.32,32.12,53.17,34.71,33.01,31.93,40.12,46.13,38.41,38.55,39.83,38.69,43.17,81.15
24301,99.02,98.12,31.29,29.33,30.4,30.58,32.81,31.2,31.56,31.93,32.32,32.12,52.91,34.71,33.11,31.93,40.27,46.13,38.41,38.55,39.83,38.69,43.17,81.15
24322,99.02,98.12,31.29,29.33,30.4,30.58,32.91,31.2,31.65,31.93,32.32,32.12,53.43,34.71,33.01,31.93,40.27,45.93,38.41,38.55,39.83,38.55,43.17,89.95
24342,99.02,99.02,31.38,29.33,30.4,30.58,32.91,31.2,31.56,31.93,32.32,32.12,53.7,34.71,33.01,31.93,40.12,46.13,38.41,38.55,39.98,38.69,43.17,92.25
24361,99.02,98.12,31.38,29.33,30.49,30.58,32.81,31.2,31.56,32.51,32.32,32.12,53.7,34.71,33.01,31.84,40.12,45.93,38.41,38.55,39.83,38.69,43.17,81.77
24381,98.12,97.24,31.38,29.33,30.4,30.58,32.91,31.2,31.65,31.93,32.41,32.12,53.7,34.71,33.01,31.93,40.12,45.93,38.41,38.55,39.83,38.69,43.17,81.15
24400,97.24,96.37,31.29,29.33,30.4,30.58,32.91,31.2,31.56,31.84,32.32,32.12,54.51,34.71,33.01,31.84,40.27,45.93,38.41,38.55,39.83,38.69,43.17,81.15
24420,97.24,96.37,31.38,29.33,30.4,30.58,33.01,31.2,31.47,31.93,32.32,32.12,47.55,34.71,33.01,31.93,40.27,45.93,38.41,38.55,39.83,38.69,43.17,92.25
24439,98.12,97.24,31.38,29.33,30.4,30.58,33.01,31.2,31.47,31.93,32.32,32.12,52.14,34.71,32.91,31.93,40.27,45.93,38.41,38.55,39.83,38.69,43.35,92.25
24459,99.02,98.12,31.38,29.33,30.49,30.58,33.01,31.2,31.47,31.93,32.41,32.12,53.43,34.71,33.01,31.84,40.12,45.93,38.41,38.55,39.83,38.55,43.17,93.05
24480,99.02,99.02,31.38,29.33,30.49,30.66,33.01,31.2,31.56,31.93,32.32,32.22,51.89,34.71,33.01,31.93,40.12,45.93,38.41,38.55,39.83,38.69,43.17,92.25
24498,99.94,99.94,31.38,29.33,30.49,30.66,33.01,31.11,31.47,31.93,32.41,32.22,52.14,34.71,33.01,31.93,40.12,45.93,38.41,38.55,39.98,38.69,43.17,93.05
24519,99.02,99.94,31.38,29.33,30.4,30.66,33.01,31.11,31.47,31.93,32.32,32.22,53.43,34.71,33.01,31.93,40.27,45.93,38.41,38.55,39.83,38.69,43.17,87.04
24537,99.94,99.94,31.38,29.33,30.49,30.58,33.01,31.11,31.38,31.93,32.32,32.12,53.97,34.71,33.01,31.93,40.27,45.93,38.41,38.55,39.83,38.69,43.17,93.05
24557,99.94,99.02,31.38,29.33,30.49,30.58,33.01,31.11,31.38,31.84,32.32,32.12,54.24,34.71,33.01,31.93,40.12,45.93,38.41,38.55,39.98,38.69,43.17,93.05
24576,99.02,99.02,31.38,29.33,30.49,30.58,33.01,31.11,31.38,31.84,32.32,32.12,53.43,34.71,33.01,31.93,40.27,45.93,38.41,38.55,39.98,38.69,43.17,93.05
24596,99.02,98.12,31.38,29.33,30.49,30.58,33.01,31.11,31.38,31.84,32.32,32.12,53.43,34.71,33.01,31.93,40.12,45.93,38.41,38.55,39.98,38.55,43.17,92.25
24617,99.02,98.12,31.29,29.33,30.4,30.58,33.01,31.11,31.38,31.84,32.32,32.12,56.22,34.71,33.01,31.84,40.12,45.93,38.41,38.55,39.83,38.69,43.17,92.25
24635,99.02,98.12,31.29,29.33,30.49,30.58,33.01,31.11,31.38,31.84,32.32,32.22,55.64,34.71,33.01,31.93,40.12,46.13,38.27,38.55,39.83,38.69,43.17,93.05
24656,98.12,98.12,31.29,29.33,30.49,30.58,33.01,31.11,31.38,31.84,32.32,32.12,54.24,34.71,33.01,31.93,40.12,46.32,38.41,38.55,39.83,38.69,43.17,93.05
24674,98.12,98.12,31.29,29.33,30.49,30.58,33.01,31.11,31.38,31.84,32.41,32.12,54.24,34.71,33.01,31.93,40.12,46.13,38.41,38.55,39.83,38.69,43.35,93.05
24695,99.02,98.12,31.2,29.33,30.49,30.58,33.01,31.11,31.38,31.84,32.41,32.12,54.51,34.71,33.01,31.93,40.12,46.32,38.41,38.55,39.83,38.69,43.17,93.05
24715,99.02,98.12,31.2,29.33,30.49,30.58,33.11,31.11,31.47,31.84,32.41,32.12,55.07,34.71,33.01,31.93,40.12,46.32,38.27,38.55,39.83,38.69,43.17,93.05
24734,98.12,98.12,31.2,29.33,30.4,30.58,33.01,31.11,31.47,31.84,32.32,32.12,55.64,34.71,33.01,31.93,40.27,46.32,38.41,38.55,39.83,38.55,43.17,92.25
24754,99.02,98.12,31.2,29.33,30.49,30.58,33.11,31.11,31.47,31.84,32.32,32.12,55.35,34.71,33.01,31.93,40.27,46.32,38.41,38.55,39.83,38.55,43.17,93.05
24773,99.02,99.02,31.2,29.33,30.49,30.58,33.11,31.11,31.47,31.84,32.32,32.12,54.79,34.71,33.01,31.93,40.27,46.32,38.41,38.55,39.83,38.69,43.17,93.05
24793,99.02,99.02,31.2,29.33,30.49,30.58,33.11,31.11,31.47,31.84,32.41,32.12,54.24,34.71,33.01,32.03,40.12,46.32,38.41,38.55,39.83,38.55,43.17,93.05
24811,99.02,99.02,31.2,29.33,30.49,30.58,33.11,31.11,31.47,31.84,32.41,32.12,53.97,34.71,33.01,32.03,40.12,46.32,38.41,38.55,39.83,38.55,43.17,93.05
24832,99.94,99.02,31.2,29.33,30.49,30.58,33.11,31.11,31.47,31.84,32.32,32.12,55.92,34.71,33.01,31.93,40.12,46.32,38.41,38.55,39.98,38.55,43.17,93.05
24852,99.94,99.02,31.2,29.33,30.49,30.58,33.11,31.11,31.47,31.84,32.32,32.12,54.24,34.71,33.11,31.93,40.12,46.32,38.41,38.41,39.98,38.69,43.17,92.25
24871,99.94,99.02,31.2,29.33,30.49,30.58,33.11,31.11,31.47,31.84,32.32,32.12,53.17,34.71,33.01,32.03,40.27,46.32,38.41,38.55,39.98,38.55,43.17,92.25
24891,99.94,99.02,31.2,29.33,30.49,30.58,33.11,31.11,31.47,31.84,32.32,32.12,57.41,34.71,33.11,31.93,40.12,46.32,38.27,38.55,39.83,38.55,43.17,93.05
24910,99.02,98.12,31.2,29.33,30.49,30.58,33.11,31.11,31.47,31.84,32.32,32.12,54.24,34.71,33.01,32.03,40.12,46.32,38.41,38.41,39.83,38.69,43.17,92.25
24930,99.02,98.12,31.11,29.33,30.4,30.58,39.11,31.11,31.38,31.84,32.32,32.12,53.7,34.71,33.01,32.03,40.12,46.32,38.41,38.55,39.83,38.69,43.17,93.05
24949,99.94,98.12,31.11,29.33,30.49,30.58,32.91,31.11,31.47,31.84,32.32,32.12,53.17,34.71,33.01,31.93,40.12,46.32,38.41,38.41,39.83,38.69,43.17,92.25
24969,99.94,98.12,31.11,29.33,30.49,30.58,32.81,31.11,31.47,31.84,32.41,32.12,53.43,34.71,33.01,31.93,40.12,46.32,38.27,38.55,39.83,38.55,43.17,93.05
24990,99.02,98.12,31.11,29.33,30.49,30.58,32.81,31.11,31.47,31.84,32.41,32.12,53.7,34.71,33.01,32.03,40.12,46.32,38.27,38.55,39.83,38.55,43.17,92.25
25008,99.94,99.02,31.11,29.33,30.49,30.58,32.81,31.11,31.47,31.84,32.32,32.12,55.35,34.71,33.01,32.03,40.12,46.32,38.27,38.55,39.83,38.69,43.17,93.05
25029,99.94,99.02,31.11,29.33,30.49,30.58,32.81,31.11,31.47,31.84,32.32,32.12,55.07,34.71,33.01,32.03,40.12,46.32,38.41,38.55,39.83,38.69,43.17,93.05
25047,99.94,99.02,31.11,29.33,30.49,30.58,32.91,31.11,31.47,31.84,32.32,32.12,55.07,34.71,33.01,32.03,40.12,46.32,38.41,38.55,39.83,38.69,43.17,93.05
25067,99.94,99.02,31.2,29.33,30.49,30.49,32.91,31.11,31.47,31.84,32.32,32.12,52.4,34.71,33.01,32.03,40.12,46.13,38.41,38.55,39.83,38.69,43.17,93.05
25088,99.02,99.02,31.2,29.41,30.49,30.58,34.93,31.11,31.47,31.84,32.32,32.12,55.35,34.71,33.01,32.03,40.12,45.93,38.27,38.55,39.83,38.69,43,93.05
25106,99.94,99.94,31.11,29.33,30.49,30.58,64.25,31.11,31.11,31.84,32.32,32.12,53.17,34.71,33.01,31.93,40.12,45.93,38.41,38.41,39.83,38.69,43.17,93.86
25127,99.02,99.02,31.11,29.33,30.49,30.58,41.35,31.11,31.47,31.84,32.32,32.12,53.17,34.71,33.01,32.03,39.98,45.93,38.27,38.41,39.83,38.69,43.17,92.25
25145,47.13,96.37,31.11,29.33,30.49,30.58,62.03,31.11,31.38,31.75,32.41,32.12,53.17,34.71,32.91,32.03,40.12,45.93,38.27,38.55,39.83,38.55,43.17,93.05
25166,91.47,96.37,31.11,29.33,30.49,30.49,39.11,31.11,31.2,31.84,32.32,32.12,52.4,34.71,33.01,32.03,40.12,45.93,38.27,38.55,39.83,38.55,43.17,93.05
25184,98.12,99.02,31.11,29.41,30.49,30.58,48.84,31.02,31.29,31.75,32.32,32.12,53.17,34.71,33.01,32.03,40.12,45.93,38.41,38.55,39.83,38.55,43.17,93.05
25205,99.94,99.02,31.11,29.33,30.49,30.49,52.14,31.02,31.38,31.75,32.41,32.12,55.35,34.71,33.01,32.03,40.12,45.93,38.27,38.55,39.83,38.55,43.17,93.05
25225,99.94,98.12,31.11,29.33,30.49,30.49,48.4,31.11,31.38,31.75,32.32,32.12,55.07,34.71,33.01,32.03,40.12,45.93,38.41,38.41,39.83,38.55,43.17,93.05
25244,99.94,99.02,31.11,29.33,30.49,30.49,46.32,31.02,31.38,31.75,32.32,32.12,53.7,34.71,33.01,32.03,40.12,45.93,38.41,38.55,39.83,38.55,43.17,93.05
25264,99.02,99.02,31.11,29.33,30.49,30.49,44.6,31.02,31.38,31.75,32.32,32.12,51.89,34.71,32.91,32.03,39.83,45.93,38.27,38.41,39.83,38.41,43,93.05
25282,99.94,99.02,31.11,29.33,30.49,30.58,40.73,31.11,31.38,31.65,32.41,32.12,52.14,34.71,32.91,31.93,40.12,45.93,38.27,38.55,39.83,38.55,43.17,93.05
25303,100.87,99.02,31.11,29.33,30.49,30.58,36.59,31.11,31.38,31.65,32.32,32.12,55.35,34.71,33.01,32.03,39.98,45.93,38.41,38.55,39.83,38.55,43.17,93.05
25321,99.94,99.94,31.2,29.33,30.49,30.58,37.61,31.02,31.38,31.56,32.32,32.12,53.43,34.71,33.01,32.03,40.12,45.93,38.41,38.41,39.83,38.69,43.17,93.05
25342,100.87,99.94,34.48,29.33,30.49,30.58,36.59,31.11,31.38,31.56,32.32,32.12,55.35,34.71,33.01,32.03,40.12,45.93,38.41,38.41,39.83,38.69,43.17,92.25
25362,100.87,100.87,31.2,29.33,30.49,30.58,36.59,31.11,31.38,31.65,32.41,32.12,53.7,34.71,33.01,32.03,40.12,45.93,38.41,38.55,39.83,38.69,43.17,93.05
25381,100.87,100.87,31.2,29.33,30.49,30.58,32.81,31.11,31.38,31.56,32.41,32.12,55.64,34.71,33.01,32.03,40.12,46.13,38.41,38.41,39.83,38.55,43.17,93.05
25401,100.87,99.94,31.2,29.33,30.49,30.58,34.05,31.11,31.47,31.65,32.32,32.12,53.17,34.71,32.91,32.03,40.12,45.93,38.41,38.55,39.83,38.69,43.17,93.05
25420,100.87,101.83,31.29,29.33,30.49,30.58,47.55,31.11,31.47,31.56,32.32,32.12,55.35,34.71,33.01,32.03,40.12,46.13,38.41,38.55,39.83,38.55,43.17,93.05
25440,101.83,101.83,31.29,29.33,30.49,30.58,47.97,31.11,31.47,31.65,32.32,32.12,54.51,34.71,33.01,31.93,40.12,45.93,38.41,38.55,39.83,38.69,43.17,93.05
25461,101.83,101.83,31.29,29.33,30.4,30.58,43.7,31.11,31.47,31.65,32.32,32.12,54.79,34.71,33.01,31.93,40.12,46.13,38.41,38.55,39.83,38.69,43.17,93.05
25479,101.83,101.83,31.29,29.33,30.4,30.58,32.81,31.11,31.47,31.65,32.32,32.12,54.79,34.71,33.01,32.03,40.12,45.93,38.41,38.55,39.83,38.69,43.17,93.05
25500,100.87,100.87,31.29,29.33,30.4,30.58,32.91,31.11,31.38,31.65,32.32,32.12,55.64,34.71,33.01,31.93,40.12,46.13,38.41,38.55,39.98,38.55,43.17,93.05
25518,100.87,100.87,31.38,29.33,30.49,30.58,32.81,31.11,31.38,31.65,32.32,32.12,54.79,34.71,33.01,31.93,40.12,46.13,38.41,38.55,39.98,38.55,43.17,93.05
25538,100.87,100.87,31.38,29.33,30.49,30.58,32.81,31.11,31.47,31.75,32.32,32.12,54.24,34.71,33.01,31.93,40.12,45.93,38.41,38.55,39.83,38.69,43.17,93.05
25557,100.87,100.87,31.38,29.33,30.49,30.58,32.81,31.11,31.47,31.84,32.32,32.12,55.35,34.71,33.01,31.93,40.12,45.93,38.41,38.55,39.83,38.69,43.17,93.05
25577,100.87,99.94,33.01,29.33,30.49,30.58,32.81,31.11,31.47,31.84,32.41,32.12,53.97,34.71,33.01,31.93,40.12,46.13,38.41,38.55,39.98,38.55,43.17,93.05
25598,100.87,100.87,34.59,29.33,30.4,30.58,32.81,31.11,31.47,31.84,32.32,32.12,55.92,34.71,33.01,31.93,40.12,45.93,38.41,38.41,39.83,38.55,43.17,93.05
25616,99.94,99.94,32.32,29.33,30.49,30.58,32.81,31.11,31.47,31.84,32.32,32.12,57.72,34.71,33.01,31.93,39.98,46.13,38.41,38.55,39.83,38.69,43.17,92.25
25637,100.87,99.94,31.29,29.33,30.49,30.58,32.81,31.11,31.47,31.75,32.32,32.12,54.79,34.71,33.01,31.93,40.27,46.13,38.41,38.55,39.83,38.69,43.17,92.25
25655,99.94,98.12,31.29,29.33,30.49,30.58,32.81,31.11,31.47,31.84,32.32,32.12,55.92,34.71,33.01,31.93,40.12,46.13,38.41,38.55,39.98,38.69,43.17,92.25
25676,99.02,98.12,34.16,29.33,30.49,30.58,32.81,31.11,31.38,31.84,32.32,32.12,55.64,34.71,33.01,31.93,40.27,46.13,38.27,38.55,39.98,38.69,43.17,93.05
25694,99.02,97.24,31.38,29.33,30.49,30.58,32.81,31.11,31.38,31.84,32.32,32.12,52.14,34.71,33.01,31.84,40.12,46.13,38.41,38.55,39.83,38.69,43.17,92.25
25715,98.12,97.24,31.38,29.33,30.49,30.58,32.81,31.02,31.38,31.84,32.32,32.12,53.17,34.71,33.01,31.93,40.12,46.13,38.27,38.55,39.83,38.69,43.17,92.25
25735,99.02,97.24,31.38,29.33,30.49,30.58,32.81,31.02,31.47,31.84,32.41,32.12,54.51,34.71,33.01,31.93,39.98,46.13,38.41,38.55,39.83,38.55,43.17,93.05
25754,98.12,98.12,31.47,29.33,30.4,30.58,32.81,31.02,31.47,31.84,32.41,32.12,55.92,34.71,33.01,31.93,40.12,46.13,38.41,38.55,39.98,38.69,43.17,92.25
25774,99.02,97.24,31.47,29.33,30.4,30.58,32.81,31.02,31.38,31.84,32.32,32.12,55.64,34.71,32.91,31.93,40.27,46.13,38.41,38.55,39.98,38.69,43.17,93.05
25792,98.12,97.24,31.47,29.33,30.4,30.58,32.81,31.02,31.11,31.84,32.32,32.12,54.24,34.71,33.01,31.93,40.12,46.13,38.41,38.55,39.83,38.69,43.17,93.05
25813,98.12,97.24,31.47,29.33,30.49,30.58,32.81,31.02,31.11,31.84,32.41,32.12,55.07,34.71,33.01,31.93,39.98,46.13,38.41,38.55,39.98,38.69,43.17,93.05
25833,98.12,97.24,31.38,29.33,30.49,30.58,32.81,31.02,31.11,31.84,32.32,32.12,55.64,34.71,33.01,31.84,39.98,46.13,38.41,38.55,39.98,38.69,43.17,93.05
25852,98.12,96.37,31.47,29.33,30.4,30.58,32.81,31.02,31.11,31.84,32.32,32.12,56.22,34.71,32.91,31.84,40.12,46.13,38.41,38.55,39.83,38.69,43.17,92.25
25872,99.02,98.12,31.38,29.33,30.49,30.58,32.81,31.02,31.02,31.84,32.32,32.12,57.41,34.71,32.91,31.84,40.27,46.13,38.41,38.41,39.98,38.69,43.17,92.25
25891,98.12,98.12,31.29,29.33,30.4,30.58,32.91,31.02,31.11,31.84,32.41,32.12,56.81,34.71,32.91,31.84,40.27,46.32,38.41,38.55,39.83,38.69,43.35,92.25
25911,99.02,98.12,31.38,29.33,30.49,30.58,32.91,31.02,31.11,31.84,32.32,32.12,55.07,34.71,33.01,31.84,40.27,46.13,38.41,38.55,39.83,38.69,43.17,93.05
25930,99.02,97.24,36.46,29.33,30.49,30.58,32.91,31.02,31.11,31.84,32.32,32.12,53.7,34.71,33.01,31.84,40.27,46.32,38.41,38.55,39.83,38.69,43.17,92.25
25950,99.02,98.12,39.83,29.33,30.4,30.58,32.81,31.11,31.11,31.84,32.32,32.12,49.29,34.71,33.01,31.84,39.98,46.13,38.41,38.55,39.98,38.69,43.35,92.25
25971,99.02,98.12,31.38,29.33,30.49,30.58,32.81,31.02,31.11,31.84,32.41,32.12,55.35,34.71,32.91,31.84,40.27,46.32,38.41,38.55,39.98,38.69,43.17,92.25
25991,99.02,98.12,31.38,29.33,30.49,30.58,32.81,31.11,31.11,31.84,32.32,32.12,56.51,34.71,33.01,31.84,40.12,46.32,38.41,38.55,39.83,38.69,43.17,92.25
26010,99.02,98.12,31.38,29.33,30.49,30.58,32.81,31.02,31.38,31.84,32.32,32.12,55.92,34.71,33.01,31.84,40.12,46.13,38.41,38.55,39.83,38.69,43.17,92.25
26030,99.94,99.02,31.38,29.33,30.49,30.58,32.81,31.02,31.11,31.84,32.32,32.12,55.64,34.71,33.01,31.93,40.27,46.13,38.41,38.55,39.98,38.55,43.17,91.47
26048,99.94,99.02,31.38,29.33,30.49,30.58,32.81,31.02,31.38,31.84,32.32,32.12,54.51,34.71,33.01,31.84,40.12,46.13,38.41,38.55,39.98,38.69,43.17,92.25
26069,99.94,99.94,31.38,29.33,30.4,30.58,32.91,31.11,31.38,31.84,32.32,32.12,54.51,34.71,33.01,31.84,40.12,46.13,38.41,38.55,39.83,38.69,43.17,92.25
26089,99.94,99.94,31.38,29.33,30.4,30.58,32.81,31.11,31.38,31.84,32.41,32.12,55.07,34.71,33.01,31.93,40.27,46.32,38.41,38.55,39.83,38.69,43.17,92.25
26108,99.94,100.87,31.38,29.33,30.49,30.58,32.81,31.11,31.47,31.84,32.32,32.12,53.17,34.71,33.01,31.93,40.27,46.32,38.41,38.55,39.98,38.69,43.17,92.25
26128,100.87,99.02,31.38,29.33,30.49,30.58,32.91,31.11,31.47,31.84,32.41,32.12,55.92,34.71,33.01,31.93,40.12,46.32,38.41,38.55,39.98,38.69,43.17,92.25
26147,100.87,99.94,31.29,29.33,30.4,30.58,32.91,31.11,31.47,31.84,32.32,32.12,54.24,34.71,33.01,31.93,40.12,46.32,38.41,38.55,39.98,38.69,43.17,92.25
26167,100.87,99.94,31.29,29.33,30.49,30.58,32.91,31.11,31.47,31.84,32.32,32.12,51.64,34.71,33.01,31.93,40.12,46.32,38.41,38.55,39.98,38.69,43.17,92.25
26186,100.87,99.94,31.29,29.33,30.49,30.58,33.01,31.11,31.47,31.84,32.32,32.12,53.7,34.71,33.01,31.93,40.12,46.32,38.41,38.55,39.98,38.69,43.17,92.25
26206,100.87,100.87,31.29,29.33,30.49,30.58,32.91,31.11,31.47,31.84,32.32,32.12,53.17,34.71,33.01,31.93,40.12,46.52,38.41,38.55,39.98,38.69,43.17,92.25
26227,100.87,99.94,31.29,29.33,30.49,30.58,32.91,31.11,31.47,31.84,32.32,32.12,48.84,34.71,33.01,31.93,40.12,46.32,38.41,38.55,39.83,38.69,43,92.25
26245,100.87,100.87,31.38,29.33,30.49,30.58,32.91,31.11,31.47,31.84,32.32,32.12,52.65,34.71,33.01,31.93,40.27,46.32,38.27,38.41,39.98,38.69,43.17,92.25
26266,100.87,100.87,31.38,29.33,30.4,30.58,32.91,31.11,31.47,31.84,32.32,32.12,49.97,34.71,33.01,31.84,40.12,46.52,38.27,38.55,39.98,38.69,43.17,93.05
26284,100.87,100.87,31.29,29.33,30.49,30.58,32.91,31.11,31.47,31.84,32.41,32.12,55.07,34.71,33.01,31.93,40.27,46.32,38.41,38.55,39.98,38.69,43.17,92.25
26304,99.94,100.87,31.29,29.33,30.49,30.58,32.91,31.11,31.47,31.84,32.32,32.12,53.17,34.71,33.01,31.93,40.12,46.32,38.41,38.55,39.98,38.69,43.17,92.25
26325,100.87,100.87,31.29,29.33,30.49,30.58,32.91,31.11,31.47,31.84,32.32,32.12,54.51,34.71,33.01,31.93,39.98,46.32,38.41,38.55,39.98,38.69,43,93.05
26343,100.87,101.83,31.29,29.41,30.49,30.58,35.98,31.11,31.47,31.84,32.32,32.12,55.07,34.71,33.01,31.93,40.12,46.13,38.27,38.55,39.83,38.55,43.17,92.25
26364,100.87,101.83,31.2,29.33,30.49,30.58,32.91,31.11,31.47,31.84,32.32,32.12,53.7,34.71,33.01,31.93,39.98,46.13,38.41,38.55,39.83,38.69,43.17,92.25
26382,100.87,101.83,31.2,29.33,30.4,30.58,32.91,31.11,31.47,31.84,32.32,32.12,54.79,34.71,33.01,31.93,40.12,46.13,38.27,38.55,39.83,38.69,43.17,92.25
26403,100.87,100.87,31.2,29.41,30.49,30.58,32.81,31.11,31.47,31.84,32.41,32.12,54.24,34.82,33.01,31.93,40.12,46.13,38.27,38.55,39.83,38.69,43.17,92.25
26423,100.87,100.87,31.11,29.41,30.49,30.58,32.91,31.11,31.38,31.84,32.32,32.12,54.79,34.71,32.91,32.03,40.12,46.13,38.27,38.55,39.83,38.69,43.17,92.25
26442,99.94,100.87,31.11,29.33,30.49,30.58,32.81,31.11,31.38,31.75,32.32,32.12,55.07,34.71,33.01,31.93,40.12,46.13,38.41,38.41,39.83,38.69,43.17,91.47
26462,99.94,99.94,31.11,29.33,30.49,30.49,32.81,31.11,31.38,31.75,32.32,32.12,53.97,34.71,33.01,32.03,39.98,46.13,38.27,38.55,39.83,38.69,43.17,92.25
26483,100.87,99.94,31.11,29.33,30.49,30.49,32.81,31.11,31.38,31.75,32.32,32.12,52.65,34.71,32.91,32.03,40.12,46.13,38.41,38.41,39.83,38.69,43.17,81.77
26501,99.94,99.94,31.11,29.33,30.49,30.49,32.81,31.11,31.38,31.84,32.32,32.12,54.24,34.71,33.01,32.03,40.12,45.93,38.41,38.41,39.83,38.69,43.17,90.7
26522,99.94,100.87,31.11,29.41,30.49,30.58,32.81,31.11,31.38,31.84,32.32,32.12,53.43,34.71,33.01,32.03,40.12,46.13,38.27,38.55,39.83,38.69,43.17,92.25
26540,99.94,100.87,31.2,29.41,30.49,30.58,32.81,31.11,31.47,31.84,32.32,32.12,53.43,34.71,33.01,32.03,40.12,45.93,38.27,38.55,39.83,38.69,43.17,89.95
26560,42.49,98.12,31.2,29.41,30.49,30.58,32.81,31.11,31.47,31.84,32.32,32.12,52.14,34.71,33.01,32.03,40.12,45.93,38.27,38.55,39.83,38.69,43.17,91.47
26581,38.69,97.24,31.2,29.41,30.4,30.58,32.81,31.11,31.47,31.75,32.41,32.12,53.7,34.82,33.01,32.03,40.12,45.93,38.27,38.55,39.83,38.69,43.17,90.7
26599,39.25,61.33,31.2,29.33,30.49,30.58,32.81,31.11,31.47,31.65,32.32,32.12,54.51,34.71,32.91,32.12,40.12,45.93,38.41,38.55,39.98,38.69,43.17,91.47
26620,38.69,99.02,31.2,29.41,30.49,30.49,32.81,31.11,31.47,31.65,32.32,32.12,54.24,34.71,33.01,32.03,40.12,45.93,38.41,38.55,39.83,38.69,43.17,79.95
26638,38.83,98.12,40.73,29.41,30.49,30.58,32.91,31.11,31.56,31.65,32.41,32.12,54.79,34.71,33.01,32.12,40.12,45.93,38.41,38.55,39.83,38.69,43.17,91.47
26659,38.83,98.12,41.67,29.41,30.49,30.49,33.01,31.2,31.56,31.65,32.32,32.12,51.89,34.71,33.01,32.03,40.12,45.93,38.41,38.41,39.83,38.69,43.17,91.47
26677,38.69,98.12,43.7,29.41,30.49,30.58,32.91,31.2,31.56,31.65,32.32,32.12,51.64,34.71,32.91,32.12,40.12,45.93,38.41,38.55,39.83,38.69,43.17,91.47
26698,39.11,97.24,43.52,29.41,30.49,30.58,33.01,31.2,31.47,31.65,32.32,32.12,52.4,34.71,33.01,32.12,39.98,46.32,38.27,38.55,39.98,38.69,43.17,82.39
26718,43.7,98.12,31.2,29.33,30.49,30.58,33.01,31.2,31.47,31.75,32.32,32.12,54.24,34.71,33.01,32.03,40.12,47.34,38.41,38.55,39.83,38.55,43.17,91.47
26737,40.88,97.24,43.88,29.41,30.49,30.58,32.91,31.2,31.47,31.84,32.32,32.12,55.92,34.71,33.01,32.12,40.12,47.34,38.41,38.55,39.98,38.69,43.17,91.47
26757,39.25,96.37,39.83,29.33,30.49,30.58,32.91,31.2,31.47,31.84,32.32,32.12,54.24,34.71,33.01,32.03,39.98,47.34,38.41,38.41,39.83,38.69,43.17,93.05
26775,91.47,48.84,42.49,29.41,30.49,30.58,46.73,31.2,31.47,31.84,32.32,32.12,53.97,34.71,33.01,32.03,40.12,47.34,38.41,38.55,39.83,38.69,43.17,91.47
26796,62.03,97.24,38.69,29.33,30.49,30.58,32.91,31.2,31.47,31.84,32.41,32.12,53.43,34.82,33.01,32.03,40.12,47.34,38.41,38.55,39.83,38.69,43.17,91.47
26814,96.37,99.02,38.01,29.41,30.49,30.58,32.91,31.2,31.47,31.84,32.32,32.12,55.35,34.71,33.01,32.03,40.12,47.55,38.41,38.55,39.83,38.69,43.17,85.66
26835,99.02,99.94,40.73,29.41,30.4,30.58,33.01,31.2,31.47,31.84,32.32,32.12,55.92,34.71,33.01,32.03,40.12,47.34,38.41,38.55,39.83,38.69,43.17,92.25
26855,99.94,99.02,31.38,29.41,30.4,30.58,32.91,31.2,31.47,31.84,32.32,32.12,56.51,34.71,33.01,32.03,40.12,45.93,38.41,38.55,39.83,38.69,43.17,92.25
26874,98.12,98.12,41.84,29.33,30.4,30.58,32.91,31.2,31.47,31.84,32.32,32.12,53.43,34.71,33.01,31.93,40.12,45.93,38.41,38.55,39.83,38.69,43.17,92.25
26894,98.12,97.24,41.84,29.33,30.49,30.58,33.01,31.2,31.56,31.84,32.32,32.12,56.81,34.71,33.01,31.93,40.12,45.74,38.41,38.55,39.83,38.69,43.17,92.25
26913,97.24,96.37,40.73,29.33,30.49,30.58,39.25,31.2,31.47,31.84,32.41,32.12,56.81,34.71,33.01,31.93,40.12,45.93,38.41,38.41,39.98,38.69,43.17,92.25
26933,96.37,95.52,39.98,29.33,30.49,30.58,33.01,31.11,31.47,31.84,32.32,32.12,56.51,34.71,33.01,31.93,40.12,45.93,38.41,38.55,39.83,38.69,43.17,92.25
26952,95.52,94.68,39.83,29.33,30.4,30.58,32.81,31.11,31.47,31.84,32.41,32.12,55.07,34.71,33.01,31.93,40.12,45.93,38.41,38.55,39.83,38.69,43.17,91.47
26972,95.52,94.68,31.38,29.33,30.4,30.58,32.81,31.11,31.47,31.84,32.32,32.22,58.03,34.71,33.01,31.93,40.12,45.93,38.41,38.55,39.83,38.69,43.17,92.25
26993,95.52,94.68,31.38,29.33,30.4,30.58,32.91,31.11,31.38,31.84,32.32,32.12,56.22,34.71,33.01,31.93,40.12,45.93,38.41,38.55,39.83,38.55,43.17,92.25
27011,95.52,94.68,31.38,29.33,30.4,30.58,45.54,31.11,31.47,31.84,32.32,32.12,56.22,34.71,32.91,31.84,40.12,45.93,38.41,38.55,39.83,38.69,43.17,92.25
27031,95.52,94.68,31.38,29.33,30.4,30.58,32.81,31.11,31.47,31.84,32.41,32.12,56.51,34.71,33.01,31.93,40.12,45.93,38.41,38.55,39.83,38.69,43.17,92.25
27050,95.52,94.68,31.38,29.33,30.4,30.58,42.83,31.11,31.38,31.84,32.32,32.12,55.64,34.71,33.01,31.84,40.12,45.93,38.41,38.55,39.83,38.69,43.17,92.25
27070,94.68,95.52,31.38,29.33,30.49,30.58,32.81,31.11,31.38,31.84,32.41,32.12,56.22,34.71,33.01,31.84,40.12,45.93,38.41,38.55,39.83,38.69,43.17,92.25
27089,94.68,93.86,31.38,29.33,30.4,30.58,32.81,31.11,31.38,31.84,32.32,32.12,54.24,34.71,33.01,31.84,40.12,45.93,38.41,38.55,39.83,38.69,43.17,92.25
27109,94.68,93.86,31.38,29.33,30.4,30.58,32.81,31.11,31.38,31.84,32.32,32.12,55.35,34.71,33.01,31.84,40.12,45.93,38.41,38.41,39.83,38.69,43.17,92.25
27130,94.68,93.86,31.29,29.33,30.4,30.49,32.81,31.11,31.38,31.84,32.41,32.12,56.22,34.71,33.01,31.84,40.12,45.93,38.41,38.41,39.83,38.69,43.17,92.25
27148,94.68,93.86,31.38,29.33,30.4,30.58,32.91,31.02,31.38,31.84,32.32,32.12,56.51,34.71,33.01,31.84,40.27,45.93,38.41,38.55,39.83,38.69,43.17,92.25
27169,95.52,93.86,31.38,29.33,30.49,30.58,32.91,31.02,31.11,31.84,32.41,32.12,54.79,34.71,33.01,31.84,40.12,45.93,38.41,38.55,39.98,38.69,43.17,92.25
27187,94.68,94.68,31.38,29.33,30.4,30.58,32.91,31.02,31.11,31.56,32.32,32.12,55.35,34.71,33.01,31.84,40.12,45.93,38.41,38.55,39.83,38.69,43.17,91.47
27208,94.68,94.68,31.38,29.33,30.4,30.58,32.51,31.02,31.11,31.56,32.32,32.12,54.51,34.71,33.01,31.84,40.12,45.93,38.41,38.55,39.98,38.69,43.17,91.47
27228,94.68,94.68,31.38,29.33,30.4,30.58,32.71,31.02,31.02,31.56,32.32,32.12,53.17,34.71,33.01,31.84,40.27,45.93,38.41,38.55,39.98,38.69,43.17,92.25
27247,94.68,94.68,31.38,29.33,30.49,30.58,32.91,31.02,31.11,31.47,32.32,32.12,55.07,34.71,33.01,31.84,40.27,45.93,38.41,38.55,39.98,38.69,43.17,92.25
27267,94.68,93.86,31.38,29.33,30.49,30.49,32.91,31.02,31.02,31.56,32.32,32.12,56.22,34.71,33.01,31.84,40.27,45.93,38.41,38.55,39.83,38.55,43.17,92.25
27285,93.86,93.86,31.38,29.33,30.4,30.49,32.91,31.02,31.11,31.56,32.32,32.12,54.51,34.71,32.91,31.84,40.12,45.93,38.41,38.55,39.83,38.69,43.17,92.25
27306,93.86,93.86,35.16,29.33,30.49,30.49,32.91,31.02,31.02,31.56,32.32,32.12,53.17,34.71,33.01,31.84,40.27,45.93,38.41,38.55,39.98,38.69,43.17,92.25
27324,93.86,93.86,31.29,29.33,30.4,30.49,32.91,31.02,31.02,31.56,32.32,32.12,54.79,34.71,33.01,31.84,40.27,45.93,38.41,38.55,39.98,38.69,43.17,92.25
27345,93.86,93.86,31.2,29.33,30.4,30.49,32.81,31.02,31.02,31.56,32.32,32.12,56.22,34.71,32.91,31.84,40.27,45.93,38.41,38.55,39.98,38.69,43.17,92.25
27365,94.68,93.86,31.29,29.33,30.49,30.49,32.91,31.02,31.02,31.56,32.32,32.12,55.07,34.71,33.01,31.84,40.27,45.93,38.41,38.41,39.98,38.69,43.17,92.25
27384,94.68,94.68,31.29,29.33,30.4,30.58,32.81,31.02,31.11,31.56,32.32,32.12,54.24,34.71,33.01,31.84,40.12,45.93,38.41,38.55,39.83,38.69,43.17,92.25
27404,94.68,94.68,31.29,29.33,30.4,30.58,32.91,31.02,31.11,31.65,32.41,32.12,53.97,34.71,33.01,31.84,40.27,45.93,38.41,38.41,39.83,38.69,43.17,91.47
27423,94.68,94.68,31.29,29.33,30.49,30.49,32.91,31.11,31.11,31.56,32.32,32.12,54.79,34.71,33.01,31.84,40.12,45.93,38.41,38.55,39.83,38.69,43.17,92.25
27443,95.52,95.52,31.29,29.33,30.4,30.58,32.81,31.11,31.11,31.56,32.32,32.12,53.7,34.71,33.01,31.84,40.27,45.93,38.41,38.55,39.83,38.69,43.17,92.25
27464,95.52,94.68,31.38,29.33,30.4,30.58,32.81,31.11,31.11,31.56,32.41,32.12,53.97,34.71,33.01,31.84,40.12,45.93,38.41,38.55,39.98,38.69,43.17,92.25
27484,96.37,95.52,31.29,29.33,30.49,30.58,32.81,31.11,31.11,31.56,32.32,32.12,54.24,34.71,33.11,31.84,40.27,45.93,38.41,38.55,39.83,38.69,43.17,92.25
27503,96.37,95.52,31.38,29.33,30.4,30.58,32.81,31.11,31.11,31.47,32.41,32.12,55.07,34.71,33.11,31.75,40.12,45.93,38.41,38.55,39.98,38.55,43.17,92.25
27523,95.52,95.52,31.38,29.33,30.4,30.58,32.81,31.11,31.47,31.47,32.32,32.12,57.41,34.71,33.01,31.84,40.27,45.93,38.41,38.55,39.83,38.83,43.17,92.25
27541,96.37,95.52,31.38,29.33,30.4,30.58,32.81,31.11,31.47,31.47,32.32,32.12,56.51,34.71,33.01,31.84,40.12,45.93,38.41,38.55,39.98,38.69,43.17,92.25
27562,96.37,95.52,31.29,29.33,30.4,30.58,32.81,31.11,31.47,31.47,32.32,32.12,57.41,34.71,33.01,31.84,40.27,45.93,38.41,38.55,39.98,38.69,43.17,91.47
27580,96.37,95.52,31.29,29.33,30.4,30.58,33.01,31.11,31.56,31.47,32.32,32.12,55.64,34.71,33.11,31.84,40.12,45.93,38.41,38.55,39.98,38.69,43.17,92.25
27601,96.37,95.52,31.29,29.33,30.4,30.58,32.81,31.11,31.38,31.47,32.41,32.12,58.03,34.71,33.01,31.84,40.12,45.93,38.41,38.55,39.83,38.69,43.17,92.25
27621,95.52,95.52,31.29,29.33,30.4,30.58,32.81,31.2,31.47,31.47,32.32,32.12,65.42,34.71,33.11,31.84,39.98,45.93,38.41,38.55,39.83,38.69,43.17,92.25
27640,97.24,96.37,31.29,29.33,30.4,30.58,32.91,31.2,31.47,31.47,32.41,32.12,65.02,34.71,33.11,31.84,40.12,45.93,38.41,38.55,39.83,38.69,43.17,92.25
27660,97.24,96.37,31.29,29.33,30.4,30.58,40.88,31.2,31.47,31.47,32.32,32.12,65.02,34.71,33.11,31.84,40.12,46.13,38.41,38.55,39.98,38.83,43.17,92.25
27679,97.24,97.24,31.29,29.33,30.4,30.49,33.94,31.2,31.47,31.47,32.41,32.12,65.42,34.71,33.11,31.84,40.12,46.13,38.41,38.55,39.98,38.69,43.17,92.25
27699,97.24,97.24,31.29,29.33,30.4,30.58,32.81,31.2,31.47,31.47,32.32,32.12,64.63,34.71,33.01,31.75,40.12,46.13,38.41,38.55,39.98,38.83,43.17,92.25
27718,97.24,96.37,31.29,29.33,30.4,30.49,32.81,31.2,31.47,31.47,32.32,32.12,62.75,34.71,33.11,31.84,40.12,46.13,38.27,38.55,39.98,38.69,43.17,92.25
27738,97.24,96.37,31.38,29.33,30.4,30.49,32.81,31.2,31.47,31.47,32.41,32.12,60.3,34.71,33.01,31.84,40.12,45.93,38.41,38.55,39.98,38.69,43.17,92.25
27759,98.12,96.37,31.29,29.33,30.4,30.49,32.81,31.2,31.47,31.47,32.32,32.22,59.96,34.71,33.01,31.84,40.12,46.13,38.41,38.55,39.98,38.69,43.17,92.25
27777,99.02,97.24,31.29,29.33,30.4,30.58,32.81,31.2,31.47,31.47,32.41,32.12,60.64,34.71,33.01,31.84,40.12,45.93,38.41,38.55,39.98,38.69,43.17,92.25
27797,99.02,97.24,31.29,29.33,30.4,30.49,32.81,31.11,31.47,31.47,32.32,32.12,59.31,34.71,33.01,31.84,40.12,45.93,38.41,38.55,39.98,38.69,43.17,92.25
27816,99.02,97.24,31.29,29.33,30.4,30.49,32.81,31.11,31.47,31.47,32.41,32.12,61.68,34.71,33.01,31.84,40.12,45.93,38.27,38.55,39.83,38.69,43.17,92.25
27836,98.12,96.37,31.2,29.33,30.4,30.49,32.91,31.11,31.38,31.47,32.32,32.12,58.03,34.71,33.01,31.84,40.27,45.93,38.41,38.55,39.83,38.69,43.17,92.25
27855,98.12,96.37,31.2,29.33,30.4,30.49,32.81,31.11,31.47,31.47,32.32,32.12,59.31,34.71,33.01,31.84,40.12,45.93,38.41,38.55,39.98,38.55,43.17,91.47
27875,98.12,96.37,31.2,29.33,30.4,30.49,32.91,31.11,31.38,31.38,32.32,32.12,58.03,34.71,33.01,31.84,40.12,45.93,38.41,38.55,39.83,38.69,43.17,92.25
27896,97.24,95.52,31.11,29.33,30.4,30.49,39.98,31.11,31.38,31.47,32.32,32.12,57.72,34.71,33.01,31.93,40.12,45.93,38.41,38.55,39.98,38.69,43.17,92.25
27914,96.37,95.52,31.11,29.33,30.49,30.49,44.06,31.11,31.38,31.38,32.32,32.12,57.11,34.71,33.01,31.93,40.12,45.93,38.41,38.55,39.98,38.69,43.17,91.47
27935,96.37,96.37,31.2,29.33,30.4,30.49,32.81,31.11,31.38,31.47,32.32,32.22,58.34,34.71,33.01,31.84,40.12,45.93,38.27,38.55,39.83,38.69,43.17,92.25
27953,96.37,95.52,31.2,29.33,30.4,30.49,32.81,31.11,31.38,31.47,32.32,32.12,58.03,34.71,33.01,31.84,40.12,45.93,38.41,38.55,39.83,38.69,43.17,91.47
27974,96.37,95.52,31.11,29.33,30.4,30.49,32.91,31.11,31.47,31.47,32.32,32.12,57.11,34.71,33.01,31.84,40.12,45.93,38.27,38.55,39.98,38.69,43.17,92.25
27994,96.37,94.68,31.11,29.33,30.4,30.49,32.91,31.11,31.38,31.47,32.32,32.12,57.11,34.71,33.01,31.84,40.12,46.13,38.27,38.55,39.98,38.69,43.17,92.25
28015,95.52,94.68,31.2,29.33,30.49,30.49,51.4,31.11,31.38,31.47,32.32,32.12,57.72,34.71,33.01,31.84,40.12,46.13,38.27,38.55,39.83,38.69,43.17,92.25
28033,96.37,95.52,31.2,29.33,30.4,30.49,62.03,31.11,31.38,31.38,32.41,32.12,58.03,34.71,33.01,31.84,40.12,46.13,38.27,38.55,39.98,38.69,43.17,92.25
28053,96.37,95.52,31.2,29.33,30.4,30.49,62.39,31.11,31.47,31.47,32.41,32.12,63.12,34.71,33.01,31.84,40.12,45.93,38.41,38.55,39.98,38.69,43.17,93.05
28074,96.37,95.52,31.2,29.33,30.4,30.58,62.75,31.11,31.47,31.47,32.41,32.12,67.04,34.71,33.01,31.84,40.27,46.13,38.41,38.55,39.98,38.69,43.17,93.05
28092,96.37,95.52,31.2,29.33,30.4,30.49,63.12,31.11,31.47,31.47,32.32,32.12,67.46,34.71,33.01,31.84,40.27,46.13,38.41,38.55,39.98,38.69,43.17,93.05
28113,96.37,95.52,31.29,29.33,30.4,30.49,63.12,31.11,31.47,31.38,32.32,32.12,61.68,34.71,33.01,31.84,40.27,46.13,38.41,38.55,39.83,38.69,43.17,93.05
28133,96.37,95.52,31.29,29.33,30.4,30.58,63.49,31.11,31.47,31.47,32.41,32.12,65.42,34.71,32.91,31.84,40.27,46.13,38.41,38.55,39.83,38.69,43.17,92.25
28152,96.37,95.52,31.2,29.33,30.49,30.49,63.49,31.11,31.47,31.47,32.32,32.12,68.31,34.71,33.01,31.84,40.27,46.13,38.41,38.55,39.83,38.69,43.17,92.25
28172,96.37,95.52,31.2,29.33,30.4,30.49,63.49,31.11,31.47,31.38,32.32,32.12,69.19,34.71,33.01,31.84,40.27,46.13,38.41,38.55,39.83,38.69,43.17,93.05
28191,96.37,95.52,31.29,29.33,30.4,30.58,63.49,31.11,31.47,31.38,32.41,32.12,68.31,34.71,33.01,31.84,40.12,46.13,38.41,38.55,39.98,38.69,43.17,93.05
28211,97.24,95.52,31.29,29.33,30.4,30.58,62.75,31.11,31.47,31.47,32.32,32.12,70.09,34.71,33.01,31.84,40.12,46.13,38.41,38.55,39.98,38.69,43.17,93.05
28230,97.24,95.52,31.29,29.33,30.4,30.58,63.49,31.11,31.47,31.47,32.41,32.22,70.09,34.71,33.01,31.84,40.12,46.13,38.41,38.55,39.98,38.69,43.17,92.25
28250,96.37,95.52,31.29,29.33,30.4,30.58,49.51,31.11,31.47,31.47,32.41,32.12,70.55,34.71,33.01,31.84,40.27,46.13,38.41,38.55,39.83,38.69,43.17,92.25
28271,96.37,94.68,31.29,29.33,30.4,30.49,49.06,31.11,31.47,31.56,32.32,32.12,69.64,34.59,33.01,31.84,40.27,46.13,38.41,38.55,39.98,38.69,43.17,91.47
28289,96.37,95.52,31.29,29.33,30.4,30.58,32.81,31.11,31.47,31.47,32.32,32.12,69.64,34.71,33.01,31.84,40.27,46.13,38.41,38.55,39.83,38.69,43.17,92.25
28309,95.52,94.68,31.38,29.33,30.4,30.58,32.81,31.11,31.47,31.47,32.41,32.12,68.31,34.71,33.01,31.84,40.12,46.13,38.41,38.55,39.98,38.69,43.17,92.25
28328,94.68,93.86,31.29,29.33,30.4,30.58,32.81,31.11,31.47,31.47,32.41,32.12,69.19,34.71,33.01,31.84,40.27,46.13,38.41,38.55,39.83,38.69,43.17,92.25
28348,93.86,93.05,31.29,29.33,30.4,30.49,32.81,31.11,31.38,31.47,32.41,32.12,70.09,34.71,33.01,31.84,40.27,46.13,38.41,38.55,39.83,38.69,43.17,92.25
28367,93.86,93.05,31.29,29.33,30.4,30.49,32.91,31.11,31.38,31.47,32.32,32.12,71.01,34.71,33.01,31.84,40.12,46.13,38.41,38.55,39.98,38.69,43.17,92.25
28387,93.86,92.25,31.29,29.33,30.4,30.49,32.91,31.11,31.38,31.47,32.32,32.12,71.01,34.71,33.01,31.84,40.27,46.13,38.41,38.55,39.83,38.69,43.17,92.25
28408,93.86,93.05,31.29,29.33,30.4,30.58,32.91,31.11,31.47,31.47,32.32,32.12,71.48,34.71,33.01,31.75,40.27,46.13,38.41,38.55,39.98,38.69,43.17,92.25
28426,93.86,92.25,31.29,29.33,30.4,30.58,32.91,31.11,31.47,31.47,32.32,32.12,70.09,34.71,33.01,31.84,40.27,46.13,38.41,38.41,39.83,38.69,43.17,91.47
28447,94.68,93.05,31.29,29.33,30.4,30.58,32.91,31.11,31.47,31.47,32.32,32.12,70.09,34.71,33.01,31.84,40.27,46.13,38.41,38.55,39.98,38.69,43.17,92.25
28465,93.86,92.25,31.29,29.33,30.4,30.58,32.91,31.11,31.38,31.47,32.32,32.12,70.09,34.71,33.01,31.75,40.27,46.13,38.41,38.55,39.83,38.69,43.17,92.25
28486,93.86,92.25,31.29,29.33,30.4,30.58,32.91,31.02,31.11,31.47,32.32,32.12,71.96,34.71,33.01,31.75,40.27,46.13,38.41,38.55,39.83,38.69,43.17,91.47
28504,93.86,92.25,31.29,29.33,30.4,30.58,32.91,31.11,31.11,31.47,32.32,32.12,71.96,34.71,33.01,31.75,40.27,46.13,38.41,38.55,39.98,38.69,43,92.25
28524,93.86,92.25,31.29,29.33,30.4,30.58,32.91,31.02,31.11,31.47,32.32,32.12,72.44,34.71,32.91,31.75,40.27,46.13,38.41,38.55,39.83,38.69,43,91.47
28545,93.86,92.25,37.74,29.33,30.4,30.58,32.81,31.02,31.11,31.56,32.32,32.12,71.96,34.71,33.01,31.75,40.27,46.13,38.41,38.55,39.83,38.69,43.17,92.25
28563,94.68,92.25,36.96,29.33,30.4,30.58,32.81,31.11,31.2,31.47,32.32,32.12,71.96,34.71,33.01,31.75,40.27,45.93,38.41,38.55,39.98,38.55,43.17,91.47
28584,94.68,92.25,31.29,29.33,30.4,30.58,40.58,31.11,31.2,31.47,32.32,32.12,72.44,34.71,33.01,31.75,40.27,46.13,38.41,38.55,39.98,38.69,43.17,91.47
28602,94.68,92.25,34.05,29.33,30.4,30.49,35.16,31.11,31.2,31.47,32.32,32.12,72.93,34.71,33.01,31.75,40.27,46.13,38.41,38.55,39.83,38.69,43.17,91.47
28623,94.68,92.25,31.29,29.33,30.4,30.58,32.81,31.11,31.11,31.47,32.32,32.12,71.96,34.71,33.01,31.84,40.27,46.13,38.41,38.55,39.98,38.69,43.17,91.47
28643,94.68,92.25,39.98,29.33,30.49,30.49,32.81,31.11,31.11,31.47,32.32,32.12,72.44,34.71,33.01,31.75,40.27,46.13,38.41,38.55,39.83,38.69,43.17,91.47
28662,94.68,91.47,31.29,29.33,30.4,30.49,32.81,31.02,31.11,31.47,32.32,32.12,72.93,34.71,32.91,31.75,40.12,45.93,38.41,38.55,39.83,38.69,43.17,92.25
28682,94.68,92.25,31.2,29.33,30.4,30.49,32.91,31.11,31.11,31.47,32.41,32.12,72.93,34.71,33.01,31.75,40.12,46.13,38.41,38.55,39.83,38.69,43.17,91.47
28701,95.52,93.05,31.2,29.33,30.4,30.49,32.81,31.11,31.11,31.47,32.32,32.12,72.44,34.71,33.01,31.75,40.12,46.13,38.41,38.55,39.83,38.69,43.17,91.47
28721,95.52,93.05,31.2,29.33,30.4,30.49,41.84,31.02,31.2,31.56,32.32,32.12,72.93,34.59,33.01,31.75,40.27,46.32,38.41,38.55,39.83,38.55,43.17,92.25
28739,96.37,93.05,31.2,29.33,30.4,30.49,32.81,31.11,31.47,31.47,32.32,32.12,74.44,34.71,33.01,31.84,40.27,46.32,38.41,38.55,39.83,38.69,43,92.25
28760,95.52,93.05,31.2,29.33,30.4,30.49,32.81,31.11,31.38,31.47,32.32,32.12,73.93,34.71,33.01,31.84,40.12,46.13,38.41,38.55,39.83,38.69,43.17,92.25
28780,95.52,92.25,31.2,29.33,30.4,30.49,32.81,31.11,31.47,31.47,32.32,32.12,73.93,34.71,33.01,31.84,40.27,46.13,38.41,38.55,39.83,38.69,43.17,91.47
28799,94.68,92.25,31.2,29.33,30.4,30.49,32.81,31.11,31.47,31.47,32.32,32.12,73.93,34.71,33.01,31.75,40.27,46.13,38.41,38.55,39.83,38.69,43.17,91.47
28819,94.68,92.25,31.2,29.33,30.4,30.49,32.81,31.11,31.47,31.47,32.32,32.12,73.93,34.71,33.01,31.75,40.12,46.13,38.41,38.55,39.83,38.69,43.17,92.25
28838,94.68,92.25,31.2,29.33,30.4,30.49,32.81,31.11,31.38,31.47,32.32,32.12,73.93,34.71,33.01,31.75,40.27,46.13,38.41,38.55,39.83,38.69,43.17,92.25
28858,94.68,92.25,31.2,29.33,30.4,30.49,32.81,31.11,31.56,31.47,32.32,32.12,74.44,34.71,33.01,31.84,40.12,46.13,38.41,38.55,39.83,38.69,43.17,91.47
28877,95.52,92.25,31.2,29.33,30.4,30.49,32.81,31.2,31.47,31.56,32.32,32.12,74.95,34.71,33.01,31.75,40.12,46.13,38.41,38.55,39.98,38.69,43.17,92.25
28897,95.52,93.05,31.29,29.33,30.4,30.58,32.81,31.2,31.47,31.56,32.32,32.12,74.44,34.71,33.01,31.84,40.27,46.32,38.27,38.55,39.98,38.83,43,91.47
28918,96.37,93.05,31.29,29.33,30.4,30.49,32.91,31.2,31.56,31.56,32.41,32.22,74.44,34.71,33.01,31.84,40.12,46.32,38.41,38.55,39.83,38.69,43.17,92.25
28936,97.24,93.86,31.2,29.33,30.4,30.58,32.81,31.2,31.56,31.56,32.41,32.12,74.44,34.71,33.01,31.75,40.12,46.32,38.41,38.55,39.98,38.83,43.17,92.25
28957,97.24,93.86,31.2,29.33,30.4,30.58,32.71,31.2,31.47,31.65,32.32,32.22,74.44,34.71,33.01,31.84,39.98,46.32,38.41,38.55,39.98,38.69,43.17,92.25
28975,97.24,93.05,31.2,29.33,30.4,30.58,32.71,31.2,31.56,31.56,32.32,32.12,73.93,34.71,33.01,31.75,40.12,46.32,38.41,38.55,39.98,38.83,43.17,92.25
28995,97.24,93.86,31.29,29.33,30.4,30.49,32.71,31.2,31.56,31.56,32.41,32.22,73.93,34.71,33.01,31.84,40.27,46.32,38.41,38.55,39.83,38.69,43,92.25
29014,97.24,93.86,31.29,29.33,30.4,30.49,32.61,31.2,31.56,32.12,32.41,32.22,74.44,34.71,33.01,31.84,40.12,46.32,38.41,38.55,39.83,38.83,43,92.25
29034,97.24,93.86,31.29,29.33,30.4,30.58,32.71,31.2,31.56,31.56,32.32,32.12,74.44,34.71,33.01,31.84,40.12,46.32,38.41,38.55,39.98,38.83,43,92.25
29055,97.24,93.86,31.29,29.33,30.4,30.49,32.71,31.2,31.56,31.56,32.32,32.12,74.44,34.71,33.01,31.65,40.12,46.32,38.41,38.55,39.83,38.83,43,92.25
29073,96.37,93.05,33.84,29.33,30.4,30.49,32.71,31.2,31.56,31.65,32.32,32.12,74.44,34.71,33.01,31.84,40.12,46.32,38.41,38.55,39.83,38.69,43,91.47
29094,97.24,93.86,38.14,29.33,30.4,30.58,32.71,31.29,31.56,32.12,32.32,32.12,74.44,34.71,33.01,31.84,39.98,46.32,38.41,38.55,39.83,38.69,43.17,92.25
29112,96.37,93.86,37.87,29.33,30.32,30.58,32.81,31.29,31.56,31.65,32.32,32.12,74.44,34.71,33.01,31.84,40.12,46.32,38.41,38.55,39.83,38.83,43.17,91.47
29133,96.37,93.86,31.29,29.33,30.4,30.49,32.71,31.29,31.56,31.56,32.32,32.12,74.44,34.71,33.01,31.84,39.98,46.32,38.27,38.55,39.83,38.83,43.17,91.47
29153,96.37,93.05,31.29,29.33,30.4,30.49,32.71,31.29,31.56,31.56,32.32,32.12,73.93,34.71,33.01,31.84,40.12,46.32,38.41,38.55,39.83,38.83,43.17,91.47
29172,96.37,93.05,31.29,29.33,30.32,30.58,32.81,31.29,31.56,31.65,32.32,32.12,74.44,34.71,33.01,31.84,40.27,46.32,38.41,38.55,39.83,38.83,43.17,91.47
29192,96.37,93.05,31.38,29.33,30.4,30.58,32.81,31.29,31.56,31.65,32.32,32.12,73.93,34.71,33.01,31.84,40.12,46.32,38.41,38.55,39.83,38.69,43.17,91.47
29211,96.37,93.05,31.29,29.33,30.4,30.49,32.91,31.2,31.56,31.65,32.32,32.12,73.93,34.71,33.01,31.84,39.98,46.13,38.27,38.55,39.83,38.83,43.17,92.25
29231,96.37,93.05,31.38,29.33,30.4,30.49,32.81,31.29,31.56,31.65,32.32,32.12,73.93,34.71,33.01,31.84,40.12,46.32,38.27,38.55,39.83,38.83,43.17,91.47
29249,95.52,93.05,31.38,29.33,30.4,30.58,32.91,31.29,31.56,31.75,32.41,32.12,72.93,34.71,33.01,31.84,40.12,46.32,38.27,38.55,39.83,38.69,43,91.47
29270,95.52,93.05,31.56,29.33,30.4,30.58,32.81,31.29,31.56,31.75,32.32,32.22,71.48,34.71,33.01,31.84,40.12,46.32,38.27,38.55,39.83,38.69,43,91.47
29290,96.37,93.86,31.29,29.33,30.4,30.49,32.81,31.2,31.56,31.75,32.32,32.22,72.44,34.71,33.01,31.84,39.98,46.32,38.27,38.55,39.83,38.83,43.17,90.7
29309,96.37,93.86,31.2,29.33,30.4,30.58,32.81,31.29,31.56,31.75,32.32,32.12,71.48,34.71,33.01,31.84,40.12,46.32,38.27,38.55,39.83,38.83,43.17,91.47
29329,96.37,93.05,31.2,29.33,30.4,30.49,32.81,31.2,31.56,31.65,32.32,32.12,73.43,34.59,33.01,31.84,39.98,46.13,38.27,38.55,39.83,38.69,43.17,91.47
29348,96.37,93.86,31.2,29.33,30.4,30.49,32.81,31.2,31.56,31.65,32.32,32.22,73.43,34.71,32.91,31.84,40.12,46.32,38.27,38.55,39.83,38.83,43.17,92.25
29368,96.37,93.05,31.2,29.33,30.4,30.49,32.91,31.2,31.56,31.65,32.32,32.22,73.43,34.71,33.01,31.84,40.12,46.13,38.27,38.55,39.98,38.69,43.17,91.47
29387,95.52,93.05,31.2,29.41,30.4,30.58,32.81,31.29,31.56,31.65,32.32,32.12,73.43,34.71,33.01,31.84,40.12,46.13,38.27,38.55,39.98,38.83,43.17,91.47
29407,95.52,93.05,31.2,29.41,30.4,30.49,32.81,31.2,31.56,31.65,32.32,32.22,73.43,34.71,33.01,31.84,40.12,46.13,38.27,38.55,39.83,38.69,43.17,91.47
29428,95.52,93.05,31.2,29.41,30.4,30.49,33.01,31.2,31.56,31.65,32.32,32.12,73.93,34.71,33.01,31.84,39.98,46.13,38.27,38.41,39.83,38.69,43.17,90.7
29446,95.52,93.05,31.11,29.41,30.4,30.49,50.2,31.2,31.56,31.75,32.32,32.12,73.93,34.71,33.01,31.84,40.12,46.13,38.27,38.55,39.98,38.69,43.17,90.7
29467,96.37,93.05,31.11,29.33,30.4,30.58,47.97,31.2,31.56,31.65,32.32,32.12,73.43,34.71,33.01,31.84,39.98,46.13,38.27,38.55,39.83,38.69,43.17,92.25
29485,96.37,93.86,31.11,29.33,30.4,30.58,32.81,31.2,31.56,31.65,32.32,32.12,73.43,34.71,33.01,31.84,40.12,46.13,38.41,38.55,39.83,38.83,43.17,91.47
29505,96.37,93.86,31.2,29.33,30.4,30.58,32.81,31.2,31.56,31.65,32.41,32.22,74.44,34.71,33.01,31.84,40.27,46.13,38.27,38.55,39.83,38.69,43.17,92.25
29526,96.37,93.86,31.2,29.33,30.4,30.58,32.91,31.2,31.56,31.65,32.32,32.12,74.44,34.71,33.01,31.84,40.12,46.13,38.27,38.55,39.83,38.69,43.17,91.47
29544,97.24,94.68,31.29,29.41,30.4,30.58,34.59,31.2,31.56,31.65,32.32,32.22,74.44,34.71,33.01,31.84,40.27,46.32,38.41,38.55,39.83,38.69,43,92.25
29565,97.24,93.86,35.04,29.41,30.4,30.58,32.91,31.2,31.56,31.65,32.32,32.22,74.44,34.71,33.01,31.84,40.27,46.32,38.41,38.55,39.83,38.83,43.17,92.25
29583,97.24,93.86,31.29,29.41,30.4,30.49,32.81,31.2,31.56,31.65,32.32,32.12,74.44,34.71,33.01,31.84,40.27,46.32,38.27,38.41,39.98,38.69,43,92.25
29604,97.24,94.68,31.29,29.33,30.4,30.58,32.81,31.2,31.56,31.65,32.41,32.12,74.95,34.71,33.01,31.84,40.12,46.32,38.41,38.55,39.98,38.69,43.17,91.47
29622,98.12,94.68,31.38,29.33,30.4,30.49,32.91,31.2,31.56,31.65,32.32,32.22,74.44,34.71,33.01,31.75,40.12,46.32,38.41,38.55,39.83,38.69,43.17,92.25
29643,99.02,95.52,31.29,29.33,30.4,30.58,33.11,31.2,31.56,31.65,32.32,32.22,74.95,34.71,33.01,31.75,40.27,46.32,38.41,38.55,39.98,38.83,43.17,92.25
29663,99.02,96.37,31.29,29.33,30.4,30.58,36.1,31.2,31.56,31.65,32.41,32.22,74.95,34.71,33.01,31.75,40.27,46.32,38.41,38.55,39.98,38.83,43.17,92.25
29682,99.94,96.37,31.29,29.33,30.4,30.58,35.5,31.2,31.47,31.65,32.32,32.12,74.95,34.71,33.01,31.75,40.27,46.32,38.41,38.55,39.98,38.83,43.17,92.25
29702,99.94,97.24,31.38,29.33,30.4,30.58,32.81,31.11,31.56,31.65,32.32,32.22,74.95,34.71,33.01,31.84,40.12,46.32,38.41,38.55,39.98,38.69,43.17,92.25
29720,99.94,97.24,31.29,29.33,30.4,30.58,32.81,31.11,31.47,31.65,32.32,32.12,74.44,34.71,33.01,31.75,40.27,46.32,38.27,38.55,39.98,38.69,43.17,92.25
29741,99.94,96.37,31.29,29.33,30.4,30.58,32.81,31.11,31.47,31.65,32.32,32.12,74.95,34.71,33.01,31.75,40.12,46.32,38.27,38.55,39.98,38.69,43.17,92.25
29759,99.94,96.37,31.29,29.33,30.4,30.58,32.81,31.11,31.47,31.65,32.32,32.12,74.95,34.71,33.01,31.75,40.12,46.52,38.41,38.55,39.98,38.69,43.17,92.25
29780,99.02,96.37,31.29,29.33,30.4,30.58,32.81,31.11,31.47,31.65,32.32,32.12,74.95,34.71,33.01,31.75,40.27,46.52,38.27,38.55,39.83,38.69,43.17,92.25
29800,99.94,95.52,31.38,29.33,30.4,30.58,32.91,31.11,31.47,31.56,32.32,32.12,74.44,34.71,33.01,31.75,40.27,46.52,38.41,38.55,39.98,38.69,43.17,92.25
29819,99.94,96.37,31.38,29.33,30.4,30.58,32.81,31.11,31.47,31.56,32.32,32.12,74.44,34.71,33.01,31.75,40.27,46.52,38.41,38.41,39.98,38.69,43.17,92.25
29839,99.94,96.37,31.38,29.33,30.4,30.58,32.81,31.11,31.47,31.56,32.32,32.12,74.95,34.71,33.01,31.75,40.27,46.73,38.41,38.55,39.98,38.69,43.17,92.25
29858,99.02,96.37,31.29,29.33,30.4,30.49,32.81,31.11,31.47,31.56,32.32,32.12,74.95,34.71,33.01,31.75,40.12,46.73,38.41,38.55,39.98,38.69,43.17,91.47
29878,99.02,96.37,31.29,29.33,30.4,30.58,32.81,31.11,31.47,31.56,32.32,32.12,74.95,34.71,33.01,31.75,40.27,46.73,38.41,38.55,39.98,38.69,43.17,91.47
29899,99.02,96.37,31.38,29.33,30.4,30.49,32.91,31.11,31.47,31.47,32.32,32.12,74.95,34.71,33.01,31.75,39.98,46.93,38.41,38.55,39.98,38.69,43.17,92.25
29917,99.94,96.37,31.38,29.33,30.4,30.58,37.09,31.11,31.47,31.47,32.32,32.12,74.95,34.71,33.01,31.75,40.27,46.93,38.41,38.55,39.98,38.69,43.17,92.25
29938,99.94,96.37,31.38,29.33,30.4,30.58,34.27,31.02,31.47,31.56,32.32,32.12,75.48,34.71,33.01,31.75,40.27,46.73,38.41,38.41,39.83,38.69,43.17,92.25
29956,100.87,97.24,31.38,29.33,30.4,30.58,40.27,31.02,31.47,31.56,32.32,32.12,74.44,34.71,33.01,31.75,40.12,46.73,38.41,38.41,39.83,38.69,43.17,90.7
29976,99.94,97.24,31.29,29.41,30.4,30.58,44.42,31.11,31.47,31.56,32.32,32.12,74.95,34.71,33.01,31.75,40.27,46.73,38.41,38.55,39.83,38.55,43.17,90.7
29995,100.87,98.12,31.38,29.33,30.4,30.58,44.42,31.11,31.47,31.56,32.32,32.12,74.95,34.71,33.11,31.84,40.27,46.93,38.41,38.55,39.83,38.69,43.17,81.15
30015,100.87,98.12,31.29,29.33,30.4,30.58,44.79,31.02,31.47,31.56,32.32,32.12,74.44,34.71,33.01,31.75,40.27,46.73,38.41,38.55,39.98,38.69,43.17,90.7
30036,100.87,98.12,31.38,29.33,30.4,30.58,43.52,31.02,31.47,31.56,32.32,32.12,74.95,34.71,33.01,31.75,40.12,46.73,38.41,38.55,39.83,38.69,43.17,90.7
30054,100.87,98.12,31.29,29.33,30.49,30.49,39.98,31.02,31.02,31.56,32.32,32.12,74.95,34.71,33.01,31.75,40.27,46.93,38.41,38.55,39.83,38.69,43.17,90.7
30075,99.94,98.12,31.29,29.41,30.4,30.49,44.6,31.02,31.11,31.56,32.32,32.12,74.95,34.71,33.01,31.75,40.12,46.93,38.41,38.55,39.83,38.69,43.17,90.7
30093,99.94,98.12,31.29,29.33,30.4,30.49,43.52,31.02,31.38,31.56,32.32,32.12,74.95,34.71,33.01,31.75,40.27,46.93,38.27,38.55,39.83,38.69,43.17,90.7
30114,99.94,97.24,31.29,29.33,30.4,30.49,43.35,31.11,31.47,31.47,32.41,32.12,74.95,34.71,33.01,31.84,40.27,46.93,38.41,38.55,39.98,38.69,43.17,90.7
30132,99.94,98.12,31.2,29.33,30.4,30.58,36.1,31.11,31.47,31.56,32.32,32.12,75.48,34.71,33.01,31.84,40.27,46.93,38.41,38.55,39.98,38.69,43.17,90.7
30153,99.94,97.24,31.29,29.33,30.4,30.58,45.54,31.11,31.47,31.56,32.41,32.12,75.48,34.71,33.01,31.84,40.27,46.93,38.41,38.55,39.98,38.69,43.17,90.7
30173,99.94,97.24,31.29,29.33,30.49,30.58,45.16,31.11,31.47,31.56,32.32,32.12,74.95,34.71,33.01,31.84,40.27,46.93,38.27,38.55,39.83,38.69,43.17,90.7
30192,99.94,97.24,31.29,29.33,30.4,30.49,44.97,31.11,31.47,31.56,32.32,32.12,75.48,34.71,33.11,31.75,40.27,46.73,38.41,38.55,39.83,38.69,43.17,89.95
30212,99.94,98.12,31.29,29.33,30.4,30.49,44.24,31.11,31.47,31.56,32.32,32.12,74.95,34.71,33.01,31.75,40.12,46.93,38.41,38.55,39.83,38.69,43.17,90.7
30230,99.94,98.12,31.29,29.33,30.4,30.58,42.33,31.11,31.47,31.56,32.32,32.12,75.48,34.59,33.01,31.84,40.12,46.93,38.41,38.55,39.83,38.69,43.17,90.7
30251,100.87,98.12,31.29,29.33,30.4,30.49,43.7,31.11,31.47,31.56,32.41,32.12,74.95,34.71,33.01,31.84,40.27,46.93,38.41,38.55,39.83,38.69,43.17,90.7
30271,100.87,98.12,31.29,29.33,30.4,30.58,40.58,31.11,31.47,31.56,32.32,32.12,75.48,34.71,33.11,31.84,40.12,46.73,38.41,38.55,39.83,38.69,43.17,90.7
30290,100.87,99.02,31.29,29.41,30.4,30.58,39.39,31.2,31.56,31.56,32.32,32.12,76.01,34.71,33.11,31.84,40.27,46.73,38.41,38.55,39.98,38.69,43.17,90.7
30310,100.87,99.02,31.29,29.33,30.4,30.58,35.39,31.2,31.56,31.56,32.41,32.12,76.01,34.71,33.11,31.84,40.12,46.93,38.41,38.55,39.83,38.69,43.17,89.95
30329,100.87,99.02,31.29,29.33,30.4,30.58,32.71,31.2,31.56,31.56,32.32,32.12,76.01,34.71,33.11,31.84,40.27,46.93,38.41,38.55,39.83,38.69,43,90.7
30349,101.83,99.02,31.29,29.33,30.4,30.58,32.81,31.2,31.56,31.56,32.32,32.12,76.01,34.71,33.11,31.84,40.12,47.13,38.41,38.55,39.98,38.69,43.17,90.7
30368,100.87,99.02,31.29,29.33,30.4,30.58,33.01,31.2,31.56,31.47,32.41,32.12,75.48,34.71,33.01,31.75,40.12,46.93,38.41,38.55,39.98,38.69,43.17,89.95
30388,100.87,98.12,31.29,29.33,30.4,30.58,33.01,31.2,31.56,31.56,32.41,32.12,76.01,34.71,33.01,31.84,40.12,46.93,38.41,38.55,39.98,38.83,43.17,92.25
30409,99.94,98.12,31.29,29.33,30.4,30.58,33.01,31.2,31.56,31.56,32.41,32.12,75.48,34.71,33.11,31.84,40.12,46.73,38.41,38.55,39.83,38.69,43.17,92.25
30427,100.87,99.02,31.29,29.33,30.4,30.58,32.91,31.2,31.56,31.56,32.32,32.12,76.01,34.71,33.01,31.84,40.12,46.93,38.41,38.41,39.83,38.69,43.17,92.25
30448,100.87,99.02,31.29,29.33,30.4,30.58,32.81,31.2,31.56,31.56,32.32,32.12,76.01,34.71,33.01,31.84,40.27,46.93,38.41,38.55,39.83,38.69,43.17,92.25
30466,100.87,99.02,31.29,29.33,30.4,30.58,32.81,31.2,31.56,31.56,32.41,32.12,76.01,34.59,33.11,31.84,40.27,46.93,38.27,38.55,39.83,38.69,43.17,93.05
30486,100.87,99.02,31.2,29.33,30.4,30.58,32.91,31.2,31.56,31.56,32.32,32.12,76.01,34.71,33.11,31.84,40.12,46.93,38.27,38.55,39.83,38.83,43.17,93.05
30505,101.83,99.02,31.29,29.33,30.4,30.58,63.49,31.2,31.56,31.56,32.32,32.12,75.48,34.71,33.11,31.84,40.12,46.73,38.41,38.55,39.98,38.83,43.17,92.25
30525,100.87,98.12,31.29,29.33,30.4,30.58,37.74,31.2,31.56,31.56,32.32,32.12,76.01,34.71,33.01,31.84,40.27,46.93,38.41,38.55,39.83,38.69,43.17,92.25
30546,100.87,99.02,31.29,29.33,30.4,30.49,35.16,31.2,31.56,31.56,32.32,32.12,75.48,34.71,33.01,31.84,40.12,46.73,38.41,38.55,39.98,38.69,43.17,93.05
30564,100.87,97.24,31.2,29.33,30.4,30.49,38.14,31.2,31.56,31.56,32.41,32.12,75.48,34.71,33.01,31.84,40.12,46.93,38.41,38.55,39.98,38.55,43.17,92.25
30585,100.87,99.02,31.2,29.33,30.4,30.49,32.81,31.2,31.56,31.56,32.32,32.12,75.48,34.71,33.01,31.84,39.98,46.73,38.41,38.55,39.98,38.83,43.17,93.05
30603,100.87,99.02,31.29,29.33,30.4,30.49,34.16,31.2,31.56,31.47,32.32,32.12,75.48,34.71,33.01,31.84,40.12,46.93,38.27,38.55,39.98,38.83,43.17,93.05
30624,100.87,99.02,31.29,29.33,30.4,30.49,32.81,31.2,31.56,31.56,32.32,32.12,74.95,34.71,33.01,31.84,40.12,46.93,38.27,38.55,39.83,38.69,43.17,93.86
30644,100.87,99.02,31.2,29.33,30.4,30.49,32.91,31.11,31.56,31.56,32.32,32.12,75.48,34.71,33.01,31.84,40.12,46.73,38.41,38.55,39.98,38.83,43.17,92.25
30663,100.87,99.02,31.2,29.33,30.4,30.49,40.27,31.2,31.56,31.47,32.32,32.12,76.01,34.59,33.01,31.84,40.12,46.93,38.27,38.55,39.83,38.69,43,91.47
30683,100.87,98.12,31.2,29.33,30.4,30.49,32.81,31.11,31.56,31.47,32.32,32.12,76.01,34.71,33.01,31.84,40.12,46.73,38.41,38.55,39.98,38.69,43.17,92.25
30701,99.94,98.12,31.2,29.33,30.4,30.49,32.81,31.11,31.56,31.47,32.32,32.12,76.01,34.71,32.91,31.84,40.12,46.93,38.41,38.55,39.83,38.69,43.17,93.05
30722,100.87,99.02,31.2,29.33,30.4,30.49,63.49,31.11,31.47,31.47,32.32,32.12,76.01,34.71,33.01,31.84,40.12,46.73,38.27,38.55,39.83,38.69,43.17,93.05
30740,100.87,98.12,31.2,29.33,30.4,30.49,53.43,31.11,31.56,31.47,32.32,32.12,75.48,34.71,33.01,31.84,40.12,46.73,38.41,38.55,39.83,38.69,43.17,92.25
30761,100.87,98.12,31.2,29.41,30.4,30.49,49.29,31.11,31.47,31.47,32.32,32.12,76.01,34.71,33.01,31.84,40.12,46.73,38.41,38.55,39.98,38.69,43.17,92.25
30781,99.94,98.12,31.2,29.33,30.4,30.49,60.64,31.11,31.47,31.56,32.32,32.12,75.48,34.71,33.01,31.84,40.12,46.73,38.41,38.55,39.83,38.69,43.17,91.47
30800,99.94,98.12,31.2,29.33,30.4,30.49,63.49,31.11,31.47,31.47,32.32,32.12,75.48,34.71,33.01,31.84,40.12,46.73,38.27,38.55,39.83,38.69,43.17,92.25
30820,99.94,97.24,31.2,29.33,30.4,30.49,55.07,31.11,31.47,31.47,32.32,32.12,74.95,34.71,33.01,31.84,40.12,46.73,38.27,38.55,39.98,38.69,43.17,92.25
30839,99.94,98.12,31.2,29.41,30.4,30.49,63.87,31.11,31.47,31.47,32.32,32.12,75.48,34.71,32.91,31.84,39.98,46.73,38.27,38.55,39.98,38.69,43.17,93.05
30859,99.94,97.24,31.2,29.41,30.4,30.49,63.87,31.11,31.47,31.56,32.32,32.22,75.48,34.59,32.91,31.84,40.12,46.93,38.27,38.55,39.83,38.69,43.17,93.05
30878,99.94,97.24,31.2,29.41,30.4,30.49,63.87,31.11,31.47,31.47,32.32,32.22,75.48,34.71,33.01,31.84,40.27,46.93,38.27,38.55,39.98,38.69,43.17,92.25
30898,99.94,98.12,31.29,29.33,30.4,30.49,63.87,31.11,31.47,31.47,32.32,32.12,75.48,34.71,33.01,31.84,40.27,46.73,38.41,38.55,39.98,38.69,43.17,93.05
30919,99.94,98.12,31.29,29.33,30.4,30.49,63.87,31.11,31.47,31.47,32.32,32.12,75.48,34.71,33.01,31.84,40.12,46.73,38.41,38.55,39.83,38.83,43.17,93.05
30939,99.94,97.24,31.29,29.33,30.4,30.49,63.87,31.11,31.47,31.47,32.32,32.12,76.01,34.71,33.01,31.84,40.12,46.93,38.41,38.55,39.98,38.69,43.17,92.25
30957,100.87,98.12,31.29,29.33,30.4,30.49,32.81,31.11,31.56,31.47,32.32,32.12,75.48,34.71,33.01,31.84,40.27,46.93,38.41,38.55,39.98,38.69,43.17,92.25
30978,100.87,98.12,31.29,29.41,30.4,30.49,33.01,31.11,31.56,31.47,32.32,32.12,76.01,34.71,33.01,31.84,40.27,46.73,38.41,38.55,39.98,38.69,43,92.25
30996,100.87,98.12,31.29,29.33,30.4,30.49,32.81,31.11,31.47,31.47,32.32,32.12,76.01,34.71,33.01,31.84,40.12,46.93,38.27,38.55,39.98,38.69,43.17,92.25
31017,100.87,98.12,31.29,29.41,30.4,30.49,32.91,31.11,31.47,31.47,32.32,32.12,76.01,34.71,33.01,31.84,40.12,47.13,38.27,38.55,39.83,38.69,43.17,92.25
31037,99.94,98.12,31.29,29.33,30.4,30.58,33.01,31.11,31.47,31.47,32.32,32.12,76.01,34.71,33.01,31.75,40.12,47.13,38.41,38.41,39.98,38.69,43.17,91.47
31056,99.94,97.24,31.29,29.33,30.4,30.49,41.84,31.11,31.47,31.47,32.32,32.12,76.01,34.71,33.01,31.75,40.27,47.13,38.41,38.55,39.83,38.69,43.17,93.05
31076,99.94,97.24,31.29,29.33,30.4,30.49,53.43,31.11,31.47,31.56,32.32,32.12,76.55,34.71,32.91,31.84,40.12,47.13,38.41,38.55,39.98,38.69,43.17,92.25
31095,99.94,97.24,31.29,29.33,30.4,30.49,42.49,31.02,31.47,31.56,32.32,32.12,76.01,34.71,33.01,31.84,40.27,47.13,38.27,38.55,39.98,38.69,43.17,91.47
31115,99.02,96.37,31.38,29.33,30.4,30.49,39.25,31.11,31.47,31.47,32.32,32.12,75.48,34.71,33.01,31.75,40.27,47.13,38.41,38.55,39.98,38.69,43.17,92.25
31134,99.02,97.24,31.29,29.33,30.4,30.49,42.66,31.11,31.47,31.56,32.32,32.12,76.01,34.71,33.01,31.75,40.27,47.13,38.41,38.55,39.98,38.69,43.17,92.25
31154,99.02,96.37,31.29,29.33,30.4,30.49,32.22,31.02,31.47,31.56,32.32,32.12,76.01,34.71,33.01,31.75,40.27,47.13,38.41,38.55,39.98,38.69,43.17,92.25
31175,99.02,96.37,31.29,29.33,30.4,30.49,32.71,31.02,31.47,31.56,32.32,32.12,76.01,34.71,33.01,31.84,40.27,47.13,38.41,38.55,39.98,38.69,43.17,91.47
31193,99.02,96.37,31.29,29.33,30.4,30.58,32.81,31.11,31.47,31.56,32.32,32.12,76.01,34.71,33.01,31.75,40.27,47.13,38.41,38.55,39.83,38.69,43.17,91.47
31213,99.02,96.37,31.38,29.33,30.4,30.49,32.81,31.11,31.47,31.56,32.32,32.12,76.01,34.71,33.01,31.75,40.27,47.13,38.41,38.55,39.98,38.69,43.17,92.25
31232,98.12,95.52,31.38,29.33,30.4,30.58,32.32,31.11,31.47,31.56,32.32,32.12,76.01,34.71,32.91,31.75,40.27,47.13,38.41,38.55,39.83,38.69,43.17,92.25
31252,98.12,94.68,31.29,29.33,30.4,30.49,32.32,31.11,31.47,31.56,32.32,32.12,76.01,34.71,33.01,31.75,40.27,47.13,38.41,38.55,39.83,38.69,43.17,91.47
31271,97.24,93.86,31.29,29.33,30.4,30.58,32.41,31.11,31.11,31.56,32.32,32.12,76.01,34.71,33.01,31.75,40.27,46.93,38.41,38.55,39.83,38.69,43.17,92.25
31291,97.24,94.68,31.38,29.33,30.4,30.58,32.61,31.02,31.11,31.56,32.32,32.12,74.95,34.71,33.01,31.84,40.27,46.93,38.41,38.55,39.83,38.69,43.17,92.25
31312,97.24,94.68,31.29,29.41,30.4,30.58,32.91,31.02,31.2,31.56,32.32,32.12,75.48,34.71,33.01,31.75,40.12,47.13,38.41,38.55,39.98,38.69,43.17,92.25
31330,97.24,94.68,31.29,29.41,30.4,30.58,33.11,31.02,31.11,31.56,32.32,32.12,75.48,34.71,33.01,31.75,40.27,47.13,38.27,38.55,39.83,38.69,43.17,92.25
31351,98.12,95.52,31.29,29.33,30.4,30.58,50.2,31.02,31.11,31.56,32.32,32.12,75.48,34.71,33.01,31.75,40.12,46.93,38.41,38.55,39.83,38.69,43.17,92.25
31369,98.12,95.52,31.29,29.33,30.4,30.58,51.15,31.02,31.11,31.56,32.32,32.12,75.48,34.71,33.01,31.75,40.27,47.13,38.41,38.55,39.83,38.69,43.35,92.25
31390,98.12,95.52,31.29,29.33,30.4,30.58,53.7,31.02,31.11,31.56,32.32,32.12,75.48,34.71,33.01,31.75,40.12,47.13,38.41,38.55,39.83,38.69,43.17,92.25
31410,97.24,94.68,31.29,29.41,30.4,30.49,50.67,31.02,31.02,31.56,32.32,32.12,75.48,34.71,33.01,31.75,40.27,47.13,38.41,38.55,39.83,38.69,43.17,92.25
31429,97.24,94.68,31.29,29.41,30.49,30.49,49.51,31.02,31.02,31.56,32.32,32.12,75.48,34.71,32.91,31.75,40.27,47.13,38.41,38.55,39.98,38.69,43.17,92.25
31449,97.24,93.86,31.29,29.33,30.4,30.49,50.67,31.02,31.11,31.56,32.32,32.12,76.01,34.71,33.01,31.75,40.12,47.13,38.41,38.55,39.98,38.69,43.17,92.25
31467,97.24,94.68,31.29,29.33,30.49,30.49,49.06,31.02,31.38,31.47,32.32,32.12,75.48,34.71,33.01,31.75,40.27,47.13,38.41,38.55,39.98,38.69,43.17,92.25
31488,97.24,94.68,31.29,29.33,30.4,30.49,50.2,30.93,31.38,31.56,32.32,32.12,76.01,34.71,33.01,31.75,40.27,47.13,38.41,38.55,39.83,38.69,43.17,93.05
31506,97.24,94.68,31.29,29.33,30.4,30.58,49.74,31.02,31.47,31.56,32.32,32.12,75.48,34.71,33.01,31.75,40.27,47.13,38.41,38.55,39.98,38.69,43.17,92.25
31527,97.24,94.68,31.2,29.33,30.4,30.58,50.67,31.02,31.11,31.56,32.32,32.12,76.01,34.71,33.01,31.75,40.12,47.13,38.41,38.55,39.98,38.69,43.17,92.25
31547,97.24,94.68,31.2,29.33,30.4,30.49,49.74,31.02,31.11,31.56,32.32,32.12,76.01,34.71,33.01,31.75,40.12,47.13,38.41,38.55,39.98,38.55,43.17,92.25
31568,97.24,94.68,31.29,29.33,30.4,30.58,50.44,31.02,31.11,31.56,32.32,32.12,76.01,34.71,32.91,31.75,40.27,47.13,38.41,38.41,39.83,38.69,43.17,92.25
31586,97.24,94.68,31.29,29.33,30.4,30.58,49.97,31.02,31.02,31.56,32.41,32.12,76.01,34.71,33.01,31.75,40.27,47.13,38.41,38.55,39.83,38.69,43.17,93.86
31607,98.12,94.68,31.29,29.33,30.4,30.49,51.64,31.02,31.11,31.47,32.32,32.12,76.01,34.71,33.01,31.75,40.27,47.13,38.41,38.55,39.98,38.69,43.17,92.25
31625,97.24,95.52,31.29,29.33,30.4,30.58,49.97,31.02,31.11,31.47,32.32,32.12,76.01,34.71,33.01,31.75,40.27,47.13,38.41,38.55,39.83,38.69,43.17,91.47
31646,97.24,94.68,31.29,29.33,30.4,30.58,38.41,31.02,31.11,31.56,32.32,32.12,76.01,34.71,33.01,31.75,40.12,47.13,38.41,38.55,39.98,38.69,43.17,92.25
31664,99.02,96.37,31.29,29.33,30.4,30.58,32.91,31.02,31.11,31.56,32.32,32.12,76.01,34.71,33.01,31.75,40.27,47.13,38.41,38.55,39.98,38.69,43.17,92.25
31685,99.02,95.52,31.38,29.33,30.4,30.58,32.81,31.02,31.11,31.56,32.32,32.12,76.01,34.71,33.01,31.75,40.27,47.13,38.41,38.55,39.98,38.69,43.17,92.25
31705,99.02,96.37,31.29,29.33,30.4,30.58,33.11,31.02,31.11,31.56,32.32,32.12,76.55,34.71,33.01,31.75,40.12,47.13,38.41,38.55,39.98,38.69,43.17,92.25
31723,98.12,95.52,31.29,29.33,30.4,30.58,32.81,31.02,31.11,31.56,32.41,32.12,76.55,34.71,32.91,31.75,40.12,47.13,38.41,38.55,39.98,38.69,43,92.25
31744,98.12,96.37,31.29,29.33,30.4,30.58,33.11,31.02,31.11,31.56,32.41,32.12,76.55,34.71,33.01,31.75,40.27,47.13,38.41,38.55,39.83,38.69,43.17,92.25
31762,99.02,96.37,31.29,29.33,30.4,30.58,32.81,31.11,31.11,31.56,32.32,32.12,76.55,34.71,33.01,31.75,40.27,46.93,38.41,38.55,39.98,38.83,43.17,92.25
31783,99.02,96.37,31.38,29.33,30.4,30.58,32.81,31.11,31.11,31.56,32.32,32.12,75.48,34.71,33.01,31.75,40.12,46.93,38.41,38.55,39.83,38.69,43.17,91.47
31803,98.12,96.37,31.38,29.33,30.4,30.58,32.91,31.11,31.2,31.56,32.32,32.12,77.1,34.71,33.01,31.75,40.27,47.13,38.41,38.55,39.98,38.83,43,91.47
31822,97.24,96.37,31.29,29.33,30.4,30.58,32.81,31.11,31.29,31.56,32.32,32.12,67.04,34.59,33.01,31.75,40.12,46.93,38.41,38.55,39.98,38.69,43.17,92.25
31842,98.12,95.52,31.29,29.33,30.4,30.58,32.91,31.11,31.47,31.56,32.32,32.12,76.55,34.71,33.01,31.75,40.12,46.93,38.41,38.55,39.98,38.69,43.17,92.25
31861,98.12,96.37,31.29,29.41,30.4,30.58,33.01,31.11,31.38,31.56,32.32,32.12,76.55,34.71,33.01,31.75,40.27,46.93,38.41,38.55,39.83,38.83,43.17,92.25
31881,98.12,96.37,31.29,29.33,30.4,30.58,33.01,31.11,31.38,31.56,32.41,32.12,76.55,34.71,33.01,31.75,40.27,47.13,38.41,38.55,39.98,38.83,43.17,92.25
31900,98.12,96.37,31.29,29.33,30.4,30.58,33.11,31.11,31.38,31.56,32.41,32.12,75.48,34.71,33.01,31.75,40.27,47.13,38.41,38.55,39.83,38.69,43,92.25
31920,98.12,95.52,31.29,29.33,30.4,30.58,33.21,31.11,31.38,31.56,32.32,32.12,71.01,34.71,33.01,31.84,40.12,47.13,38.41,38.55,39.98,38.83,43.17,92.25
31941,98.12,95.52,31.29,29.33,30.4,30.58,33.11,31.11,31.38,31.56,32.32,32.12,64.25,34.71,33.01,31.75,40.27,47.13,38.41,38.55,39.98,38.69,43.17,92.25
31959,98.12,94.68,31.29,29.33,30.4,30.58,33.21,31.11,31.38,31.47,32.32,32.12,72.44,34.71,33.01,31.75,40.27,47.13,38.41,38.55,39.83,38.69,43.17,92.25
31979,98.12,96.37,31.29,29.33,30.4,30.58,32.81,31.11,31.11,31.56,32.32,32.12,76.55,34.71,33.01,31.84,40.27,47.13,38.41,38.55,39.98,38.69,43.17,93.05
31998,99.02,96.37,31.29,29.33,30.4,30.58,32.81,31.11,31.11,31.56,32.32,32.12,76.55,34.71,32.91,31.75,40.12,47.13,38.27,38.55,39.98,38.69,43.17,93.05
32018,99.02,96.37,31.29,29.33,30.4,30.58,32.81,31.11,31.11,31.56,32.32,32.12,76.55,34.71,33.01,31.75,40.12,47.34,38.41,38.55,39.98,38.69,43.17,93.05
32037,98.12,96.37,37.35,29.33,30.4,30.58,32.91,31.02,31.11,31.47,32.32,32.12,76.55,34.71,33.01,31.84,40.12,47.13,38.27,38.55,39.98,38.69,43.17,92.25
32057,98.12,95.52,31.47,29.33,30.4,30.58,33.11,31.02,31.11,31.56,32.32,32.12,76.55,34.71,33.01,31.84,40.27,47.34,38.41,38.55,39.83,38.55,43.17,93.05
32078,99.02,96.37,31.29,29.33,30.4,30.58,32.91,31.02,31.11,31.47,32.32,32.12,76.55,34.71,33.01,31.75,40.27,47.13,38.41,38.55,39.98,38.69,43.17,93.05
32096,98.12,96.37,31.2,29.33,30.4,30.49,32.81,31.02,31.11,31.56,32.32,32.12,76.01,34.71,33.01,31.84,40.27,47.13,38.41,38.55,39.98,38.69,43.17,93.05
32117,98.12,95.52,31.2,29.33,30.4,30.58,32.91,31.02,31.11,31.56,32.32,32.12,63.87,34.71,32.91,31.84,40.12,47.13,38.41,38.55,39.98,38.69,43.17,92.25
32135,98.12,95.52,31.2,29.33,30.4,30.49,44.6,31.02,31.11,31.56,32.32,32.12,63.87,34.71,32.91,31.84,40.12,47.13,38.27,38.55,39.98,38.69,43.17,92.25
32156,98.12,95.52,31.2,29.33,30.4,30.58,33.01,31.02,31.11,31.56,32.41,32.12,63.87,34.71,33.01,31.75,40.12,47.13,38.27,38.55,39.83,38.69,43.17,93.05
32174,98.12,95.52,31.2,29.41,30.4,30.58,32.91,31.02,31.11,31.56,32.32,32.12,64.25,34.71,33.01,31.84,40.27,47.13,38.27,38.55,39.98,38.69,43.17,92.25
32194,98.12,94.68,31.2,29.33,30.4,30.58,32.91,31.02,31.11,31.56,32.32,32.12,64.25,34.71,33.01,31.84,40.12,47.13,38.27,38.55,39.98,38.69,43.17,92.25
32215,98.12,95.52,31.2,29.33,30.4,30.58,32.91,31.11,31.11,31.47,32.32,32.12,64.25,34.71,33.01,31.84,40.27,47.13,38.41,38.55,39.98,38.69,43,91.47
32233,98.12,95.52,31.29,29.33,30.4,30.58,33.31,31.02,31.11,31.47,32.32,32.12,64.25,34.71,33.01,31.75,40.12,47.13,38.27,38.55,39.83,38.69,43.17,92.25
32254,98.12,95.52,31.29,29.33,30.4,30.58,34.05,31.11,31.29,31.47,32.32,32.12,64.63,34.71,33.01,31.84,40.12,47.13,38.41,38.55,39.98,38.69,43.17,93.05
32272,99.94,96.37,31.29,29.33,30.4,30.58,32.81,31.02,31.38,31.47,32.32,32.12,68.75,34.71,33.01,31.75,40.12,47.34,38.41,38.55,39.83,38.69,43.17,93.05
32293,99.94,96.37,31.29,29.33,30.4,30.58,32.91,31.02,31.38,31.47,32.41,32.12,70.55,34.71,33.01,31.75,40.27,47.34,38.41,38.55,39.98,38.83,43.17,93.05
32313,99.02,96.37,31.29,29.33,30.4,30.58,32.81,31.02,31.38,31.56,32.32,32.12,64.25,34.71,33.01,31.84,40.12,47.13,38.41,38.55,39.98,38.69,43.17,92.25
32332,99.94,96.37,31.29,29.33,30.4,30.58,32.81,31.11,31.38,31.56,32.32,32.12,64.63,34.71,33.01,31.84,40.12,47.13,38.41,38.41,39.98,38.69,43.17,93.05
32352,99.94,97.24,31.29,29.41,30.4,30.58,32.81,31.11,31.47,31.56,32.32,32.12,68.75,34.71,33.01,31.75,40.12,47.34,38.41,38.41,39.98,38.69,43.17,93.05
32371,99.94,97.24,31.29,29.33,30.4,30.58,32.81,31.11,31.47,31.56,32.32,32.12,72.44,34.71,32.91,31.75,40.12,47.34,38.41,38.41,39.98,38.69,43.17,92.25
32391,99.94,97.24,31.29,29.33,30.4,30.58,44.79,31.11,31.47,31.56,32.32,32.12,72.44,34.71,33.01,31.75,40.12,47.34,38.41,38.55,39.98,38.69,43.17,92.25
32410,99.02,96.37,31.29,29.33,30.4,30.58,43.88,31.02,31.38,31.56,32.32,32.12,72.93,34.71,33.01,31.75,39.83,47.34,38.41,38.55,39.98,38.69,43.17,93.05
32430,99.02,96.37,31.29,29.33,30.4,30.58,43.17,31.11,31.38,31.47,32.32,32.12,69.64,34.71,33.01,31.75,40.12,47.34,38.41,38.55,39.98,38.69,43.17,92.25
32450,98.12,95.52,31.29,29.33,30.4,30.58,45.16,31.11,31.47,31.56,32.32,32.12,71.01,34.71,33.01,31.75,40.27,47.34,38.41,38.41,39.98,38.69,43.17,93.05
32469,98.12,95.52,31.29,29.33,30.4,30.58,44.79,31.11,31.29,31.56,32.32,32.12,77.1,34.71,32.91,31.75,40.27,47.13,38.41,38.55,39.98,38.69,43.17,93.05
32489,97.24,95.52,31.29,29.33,30.4,30.58,39.98,31.11,31.29,31.56,32.32,32.12,76.55,34.59,33.01,31.75,40.12,47.13,38.41,38.55,39.98,38.69,43.17,92.25
32508,98.12,95.52,31.29,29.33,30.4,30.58,45.35,31.11,31.47,31.56,32.32,32.12,64.25,34.59,33.01,31.75,39.83,47.34,38.41,38.41,39.83,38.69,43.17,92.25
32528,98.12,94.68,31.29,29.33,30.4,30.49,46.73,31.11,31.47,31.56,32.32,32.12,64.63,34.71,32.91,31.75,40.12,47.34,38.41,38.55,39.98,38.69,43.17,91.47
32547,97.24,93.86,31.29,29.33,30.4,30.49,46.32,31.11,31.47,31.56,32.32,32.12,64.25,34.71,33.01,31.75,40.12,47.34,38.41,38.55,39.83,38.69,43.17,85.66
32569,96.37,93.05,31.29,29.33,30.4,30.58,32.81,31.11,31.47,31.56,32.41,32.12,64.25,34.59,33.01,31.75,40.12,47.34,38.41,38.55,39.98,38.69,43.17,92.25
32588,96.37,93.86,31.29,29.33,30.4,30.49,32.81,31.02,31.47,31.47,32.32,32.12,68.31,34.71,33.01,31.84,40.12,47.34,38.41,38.55,39.83,38.69,43.17,91.47
32608,96.37,93.86,31.29,29.33,30.4,30.49,32.81,31.11,31.47,31.56,32.41,32.12,63.49,34.71,33.01,31.84,40.27,47.34,38.27,38.55,39.83,38.55,43.17,92.25
32629,97.24,94.68,31.2,29.33,30.4,30.58,47.97,31.11,31.47,31.56,32.32,32.12,73.43,34.71,33.01,31.84,40.27,47.34,38.41,38.55,39.83,38.55,43.17,92.25
32647,97.24,94.68,31.29,29.33,30.4,30.49,46.32,31.11,31.47,31.56,32.41,32.12,73.43,34.71,33.01,31.84,40.12,47.34,38.27,38.55,39.83,38.69,43.17,92.25
32668,97.24,94.68,31.2,29.33,30.4,30.49,44.97,31.11,31.38,31.56,32.32,32.12,63.49,34.71,32.91,31.84,40.27,47.34,38.41,38.55,39.98,38.69,43.17,91.47
32686,95.52,93.05,31.29,29.33,30.4,30.49,44.24,31.11,31.38,31.56,32.32,32.12,68.75,34.59,33.01,31.84,40.27,47.34,38.41,38.55,39.83,38.69,43.17,92.25
32706,94.68,92.25,31.29,29.33,30.4,30.49,46.52,31.11,31.47,31.56,32.32,32.12,63.12,34.71,32.91,31.84,40.27,47.34,38.41,38.55,39.83,38.69,43.17,91.47
32727,93.86,92.25,31.2,29.33,30.4,30.49,35.39,31.11,31.47,31.47,32.32,32.12,62.03,34.59,32.91,31.84,40.12,47.34,38.41,38.55,39.83,38.69,43.17,91.47
32745,94.68,92.25,31.2,29.33,30.4,30.4,33.01,31.11,31.38,31.47,32.32,32.12,62.03,34.71,33.01,31.84,40.27,47.34,38.41,38.55,39.83,38.55,43.17,92.25
32766,94.68,92.25,31.11,29.33,30.4,30.4,32.91,31.11,31.38,31.47,32.32,32.12,61.68,34.71,32.91,31.84,40.27,47.34,38.41,38.55,39.83,38.69,43,92.25
32784,94.68,92.25,31.11,29.33,30.4,30.49,32.91,31.11,31.38,31.47,32.32,32.12,62.75,34.71,33.01,31.84,40.27,47.34,38.41,38.55,39.83,38.69,43.17,92.25
32805,94.68,92.25,31.2,29.33,30.4,30.49,32.91,31.11,31.47,31.47,32.32,32.12,62.03,34.59,33.01,31.84,40.12,47.34,38.41,38.55,39.83,38.69,43.17,90.7
32823,94.68,92.25,31.2,29.33,30.4,30.49,32.81,31.11,31.47,31.56,32.32,32.22,62.03,34.59,33.01,31.84,40.27,47.34,38.41,38.55,39.83,38.69,43.17,92.25
32844,94.68,92.25,31.2,29.33,30.4,30.4,32.81,31.2,31.47,31.56,32.41,32.12,71.01,34.59,33.01,31.84,40.27,47.34,38.41,38.55,39.83,38.69,43.17,92.25
32864,94.68,92.25,31.2,29.33,30.4,30.49,33.31,31.11,31.47,31.56,32.32,32.12,71.01,34.71,33.01,31.84,40.27,47.34,38.41,38.55,39.83,38.69,43.17,92.25
32883,93.86,92.25,31.2,29.33,30.4,30.49,33.73,31.11,31.47,31.47,32.32,32.12,61.68,34.71,33.01,31.84,40.12,47.34,38.41,38.55,39.83,38.69,43.17,92.25
32903,93.86,91.47,31.2,29.33,30.4,30.49,33.21,31.2,31.47,31.47,32.32,32.12,61.33,34.71,33.01,31.84,40.12,47.13,38.41,38.41,39.83,38.69,43.17,92.25
32922,93.86,91.47,31.2,29.33,30.4,30.49,33.73,31.11,31.47,31.47,32.32,32.12,72.44,34.71,33.01,31.84,40.27,47.34,38.41,38.55,39.98,38.69,43.17,91.47
32942,94.68,92.25,31.2,29.33,30.4,30.49,46.73,31.2,31.47,31.56,32.41,32.12,66.63,34.59,33.01,31.84,40.12,47.34,38.41,38.55,39.83,38.55,43.17,92.25
32962,94.68,92.25,31.2,29.41,30.4,30.49,50.44,31.2,31.47,31.56,32.32,32.12,71.48,34.71,33.01,31.84,40.27,47.34,38.41,38.55,39.98,38.69,43,92.25
32981,94.68,92.25,31.2,29.33,30.4,30.49,32.81,31.2,31.47,31.56,32.32,32.12,70.09,34.71,33.01,31.84,40.12,47.34,38.27,38.55,39.83,38.69,43.17,92.25
33001,93.05,91.47,31.2,29.33,30.4,30.49,32.81,31.2,31.56,31.56,32.41,32.12,70.09,34.71,33.01,31.84,40.12,47.34,38.41,38.55,39.83,38.69,43.17,92.25
33020,93.05,92.25,31.2,29.33,30.4,30.49,32.71,31.2,31.56,31.56,32.41,32.12,70.09,34.71,33.01,31.84,40.12,47.13,38.41,38.55,39.83,38.69,43,92.25
33040,94.68,92.25,31.2,29.33,30.4,30.49,32.71,31.2,31.47,31.56,32.32,32.12,61.33,34.71,33.01,31.84,40.27,47.34,38.41,38.55,39.83,38.69,43.17,92.25
33059,93.05,90.7,31.29,29.33,30.4,30.49,32.71,31.2,31.56,32.03,32.32,32.12,60.98,34.71,33.01,31.84,40.12,47.34,38.41,38.55,39.83,38.69,43.17,92.25
33079,92.25,90.7,31.2,29.33,30.4,30.49,32.91,31.2,31.56,31.56,32.32,32.12,62.03,34.71,33.11,31.84,40.27,47.34,38.41,38.55,39.83,38.83,43,91.47
33100,92.25,89.95,31.2,29.33,30.4,30.49,32.81,31.2,31.56,31.56,32.32,32.12,62.75,34.71,33.01,31.84,39.98,47.34,38.27,38.55,39.83,38.69,43.17,92.25
33118,92.25,89.95,31.2,29.33,30.4,30.49,32.81,31.2,31.56,31.65,32.32,32.12,70.55,34.71,33.01,31.84,40.12,47.34,38.41,38.55,39.83,38.69,43.17,91.47
33139,93.05,90.7,31.2,29.33,30.4,30.49,41.2,31.29,31.56,31.65,32.41,32.12,74.44,34.71,33.01,31.84,40.12,47.55,38.41,38.55,39.83,38.69,43,91.47
33157,92.25,90.7,31.2,29.33,30.4,30.49,34.16,31.29,31.56,31.65,32.32,32.12,73.93,34.71,33.01,31.84,40.12,47.34,38.27,38.55,39.83,38.69,43,91.47
33178,93.05,91.47,31.2,29.33,30.4,30.49,33.21,31.2,31.56,31.65,32.32,32.12,65.42,34.71,33.01,31.84,40.12,47.55,38.27,38.55,39.83,38.69,43.17,91.47
33196,93.05,90.7,31.2,29.33,30.4,30.49,32.81,31.2,31.56,31.65,32.41,32.12,67.04,34.71,33.01,31.84,40.12,47.55,38.27,38.55,39.83,38.69,43,90.7
33216,93.86,91.47,31.2,29.41,30.4,30.49,46.13,31.29,31.56,31.65,32.32,32.12,67.04,34.71,33.11,31.84,40.27,47.55,38.27,38.55,39.83,38.69,43,90.7
33237,93.86,91.47,31.2,29.33,30.4,30.49,47.76,31.29,31.56,31.65,32.32,32.12,63.12,34.71,33.11,31.84,39.98,47.55,38.41,38.55,39.83,38.69,43,91.47
33255,93.86,91.47,31.2,29.33,30.4,30.49,41.84,31.29,31.65,31.65,32.41,32.12,63.49,34.71,33.11,31.93,40.12,47.34,38.27,38.55,39.83,38.69,43.17,91.47
33276,94.68,92.25,31.2,29.33,30.4,30.49,33.01,31.29,31.56,31.65,32.32,32.12,72.93,34.71,33.11,31.84,40.12,47.34,38.27,38.55,39.83,38.69,43.17,91.47
33294,94.68,92.25,31.2,29.41,30.4,30.49,33.01,31.2,31.65,31.56,32.41,32.12,72.44,34.71,32.91,31.84,40.12,47.34,38.27,38.55,39.83,38.69,43,91.47
33315,94.68,92.25,31.2,29.41,30.4,30.49,32.81,31.2,31.56,31.65,32.41,32.22,68.31,34.71,33.01,31.84,39.98,47.34,38.27,38.55,39.83,38.69,43,91.47
33333,95.52,93.05,31.29,29.41,30.4,30.49,32.81,31.2,31.65,31.56,32.32,32.12,42.49,34.71,33.01,31.93,40.12,47.34,38.27,38.55,39.83,38.69,43.17,91.47
33354,94.68,93.86,31.29,29.33,30.4,30.58,32.81,31.2,31.56,31.65,32.32,32.12,50.91,34.71,33.01,31.93,40.12,47.34,38.27,38.41,39.83,38.69,43,91.47
33374,94.68,93.86,31.29,29.33,30.4,30.49,32.81,31.2,31.56,31.56,32.32,32.12,51.64,34.59,33.01,31.93,40.12,47.34,38.27,38.55,39.83,38.69,43.17,92.25
33393,94.68,93.86,31.2,29.33,30.4,30.58,32.81,31.2,31.56,31.65,32.32,32.12,51.89,34.71,33.01,31.93,39.83,47.34,38.27,38.55,39.83,38.69,43,92.25
33413,94.68,93.86,31.2,29.41,30.4,30.49,32.81,31.2,31.56,31.56,32.32,32.12,54.24,34.71,33.01,31.93,40.12,47.34,38.27,38.55,39.83,38.69,43,91.47
33431,95.52,94.68,31.2,29.33,30.4,30.49,32.81,31.2,31.65,31.65,32.32,32.12,52.65,34.71,33.01,31.93,40.12,47.34,38.27,38.55,39.83,38.69,43.17,92.25
33452,95.52,94.68,31.2,29.33,30.4,30.49,32.81,31.2,31.56,31.65,32.41,32.12,51.15,34.71,33.01,31.93,40.12,47.13,38.27,38.55,39.83,38.69,43,92.25
33472,96.37,95.52,31.2,29.41,30.4,30.58,32.81,31.2,31.56,31.65,32.32,32.12,53.17,34.71,33.01,31.93,40.12,47.13,38.27,38.55,39.83,38.69,43,91.47
33491,95.52,96.37,31.2,29.33,30.4,30.49,32.91,31.2,31.65,31.65,32.32,32.12,51.64,34.71,33.01,31.93,40.12,47.34,38.27,38.55,39.83,38.69,43,91.47
33511,97.24,95.52,31.2,29.41,30.4,30.58,32.81,31.2,31.56,31.65,32.32,32.22,52.14,34.71,33.01,31.93,39.98,47.13,38.27,38.55,39.83,38.69,43,92.25
33530,97.24,96.37,31.2,29.33,30.4,30.58,32.81,31.2,31.65,31.65,32.32,32.12,49.29,34.71,33.01,31.93,40.12,47.34,38.27,38.55,39.83,38.69,43,91.47
33550,97.24,96.37,31.2,29.33,30.4,30.58,32.81,31.2,31.56,31.65,32.41,32.12,49.29,34.71,33.01,31.93,40.12,47.34,38.27,38.55,39.83,38.69,43.17,92.25
33569,97.24,96.37,33.21,29.33,30.4,30.49,32.81,31.2,31.56,31.56,32.32,32.12,52.4,34.71,33.01,31.93,40.12,47.13,38.27,38.55,39.83,38.69,43.17,92.25
33589,97.24,96.37,31.2,29.33,30.4,30.58,32.81,31.2,31.56,31.56,32.32,32.12,43.52,34.59,33.01,31.93,40.27,47.13,38.41,38.55,39.83,38.69,43.17,92.25
33610,98.12,97.24,31.29,29.33,30.4,30.49,32.81,31.2,31.56,31.65,32.41,32.12,52.65,34.71,33.01,31.84,40.12,47.34,38.41,38.41,39.83,38.69,43.17,91.47
33628,98.12,97.24,31.29,29.33,30.4,30.58,32.81,31.2,31.56,31.65,32.32,32.12,52.91,34.71,33.01,31.93,40.12,47.34,38.41,38.55,39.83,38.69,43.17,92.25
33649,98.12,97.24,31.29,29.33,30.4,30.58,42.33,31.2,31.56,31.56,32.41,32.12,52.4,34.71,33.01,31.84,40.12,47.34,38.41,38.55,39.83,38.69,43.17,91.47
33667,98.12,97.24,31.29,29.33,30.4,30.58,32.81,31.2,31.56,31.56,32.41,32.12,52.14,34.71,33.01,31.84,40.12,47.13,38.27,38.55,39.98,38.69,43.17,91.47
33687,97.24,97.24,31.29,29.33,30.4,30.58,32.81,31.2,31.56,31.56,32.32,32.12,50.2,34.71,33.01,31.84,40.12,47.13,38.41,38.55,39.83,38.69,43.17,92.25
33706,97.24,96.37,31.29,29.33,30.4,30.58,32.81,31.2,31.56,31.56,32.41,32.12,54.24,34.71,33.01,31.84,40.27,47.13,38.41,38.41,39.98,38.69,43.17,91.47
33726,97.24,96.37,31.29,29.33,30.4,30.58,32.81,31.11,31.56,31.56,32.32,32.12,53.7,34.71,33.01,31.84,40.27,47.34,38.41,38.55,39.98,38.55,43.17,91.47
33747,97.24,96.37,31.29,29.33,30.4,30.58,32.81,31.11,31.47,31.56,32.32,32.12,52.65,34.71,33.01,31.84,40.12,47.34,38.41,38.55,39.83,38.83,43,91.47
33765,97.24,95.52,31.29,29.33,30.4,30.49,32.81,31.2,31.47,31.56,32.32,32.12,52.4,34.71,33.01,31.84,40.12,47.34,38.41,38.55,39.83,38.69,43.17,92.25
33786,97.24,96.37,31.29,29.33,30.4,30.58,32.81,31.2,31.47,31.56,32.32,32.12,52.4,34.71,33.01,31.84,40.12,47.34,38.27,38.55,39.83,38.69,43.17,91.47
33804,97.24,95.52,31.29,29.33,30.4,30.58,32.81,31.11,31.47,31.65,32.32,32.12,53.97,34.71,33.01,31.75,40.27,47.34,38.41,38.55,39.98,38.69,43.17,92.25
33825,96.37,95.52,31.29,29.33,30.4,30.58,32.81,31.11,31.47,31.65,32.32,32.12,53.17,34.71,33.01,31.84,40.12,47.13,38.41,38.55,39.83,38.69,43.17,91.47
33845,96.37,94.68,31.29,29.33,30.4,30.49,32.91,31.11,31.47,31.65,32.32,32.12,53.7,34.71,33.01,31.84,40.12,47.13,38.41,38.55,39.83,38.69,43.17,93.05
33864,95.52,94.68,31.29,29.33,30.4,30.49,32.91,31.11,31.47,31.56,32.32,32.12,51.89,34.71,33.01,31.84,40.12,47.13,38.41,38.55,39.83,38.69,43.17,92.25
33884,94.68,93.86,31.29,29.33,30.4,30.49,32.91,31.11,31.47,31.56,32.32,32.12,50.67,34.71,33.01,31.75,40.12,47.13,38.41,38.55,39.83,38.69,43,91.47
33903,94.68,93.86,31.29,29.33,30.4,30.49,32.91,31.11,31.47,31.56,32.41,32.12,50.44,34.71,33.11,31.84,40.12,47.13,38.41,38.55,39.83,38.69,43,92.25
33923,94.68,93.86,31.29,29.33,30.4,30.49,32.91,31.11,31.47,31.56,32.41,32.12,51.15,34.71,33.01,31.84,40.27,47.34,38.27,38.55,39.83,38.55,43.17,92.25
33941,93.86,93.05,31.2,29.33,30.4,30.49,32.81,31.11,31.47,31.56,32.32,32.22,46.73,34.71,33.01,31.84,40.12,47.34,38.41,38.55,39.83,38.69,43.17,92.25
33962,94.68,93.86,31.29,29.33,30.4,30.49,32.81,31.11,31.47,31.56,32.41,32.12,51.89,34.71,33.01,31.84,40.12,47.13,38.27,38.55,39.83,38.69,43.17,92.25
33982,94.68,93.86,31.29,29.33,30.4,30.49,48.62,31.02,31.2,31.65,32.32,32.12,50.91,34.71,33.01,31.75,40.12,47.34,38.41,38.55,39.83,38.55,43.17,92.25
34001,95.52,93.86,31.29,29.33,30.4,30.49,48.62,31.02,31.11,31.56,32.32,32.12,51.4,34.71,33.01,31.84,40.27,47.34,38.41,38.55,39.83,38.69,43.17,91.47
34021,95.52,94.68,31.29,29.33,30.4,30.49,49.06,31.02,31.11,31.65,32.32,32.12,50.44,34.71,33.01,31.84,40.12,47.34,38.41,38.55,39.83,38.69,43,92.25
34040,95.52,94.68,31.29,29.33,30.4,30.49,48.62,31.02,31.11,32.41,32.32,32.12,51.89,34.71,33.01,31.75,40.27,47.34,38.41,38.55,39.83,38.69,43.17,90.7
34060,95.52,93.86,31.29,29.41,30.4,30.49,33.11,31.02,31.11,32.41,32.32,32.12,47.97,34.71,33.01,31.75,40.12,47.34,38.41,38.55,39.83,38.55,43,90.7
34079,94.68,93.86,31.29,29.33,30.4,30.49,47.76,31.02,31.11,32.41,32.32,32.12,50.2,34.71,33.01,31.75,40.12,47.34,38.41,38.55,39.83,38.69,43.17,90.7
34099,94.68,93.05,31.29,29.33,30.4,30.49,47.76,31.02,31.38,32.41,32.32,32.12,51.4,34.59,33.01,31.75,39.98,47.34,38.41,38.55,39.83,38.55,43.17,89.95
34120,93.86,93.05,31.2,29.33,30.4,30.4,33.42,31.02,31.11,31.56,32.32,32.12,51.4,34.71,33.01,31.75,40.12,47.34,38.41,38.55,39.83,38.69,43.17,89.95
34138,93.86,92.25,31.2,29.33,30.4,30.4,33.31,31.02,31.2,31.56,32.32,32.12,50.2,34.71,33.01,31.75,40.27,47.34,38.41,38.55,39.83,38.69,43.17,90.7
34159,93.86,93.05,31.2,29.33,30.4,30.4,33.31,31.02,31.2,31.56,32.32,32.12,52.91,34.59,33.01,31.75,40.27,47.34,38.27,38.55,39.83,38.69,43.17,90.7
34177,93.86,93.05,31.2,29.33,30.4,30.49,33.11,31.02,31.29,31.56,32.32,32.12,52.65,34.71,33.01,31.84,40.27,47.34,38.41,38.55,39.83,38.69,43.17,90.7
34197,94.68,93.05,31.2,29.33,30.4,30.4,32.91,31.02,31.11,31.56,32.32,32.12,52.91,34.71,33.01,31.84,40.12,47.34,38.41,38.55,39.83,38.69,43,90.7
34218,94.68,93.86,31.2,29.41,30.4,30.49,32.91,31.02,31.11,31.56,32.32,32.12,52.65,34.71,33.01,31.84,40.27,47.34,38.27,38.55,39.98,38.69,43,90.7
34236,95.52,94.68,31.2,29.41,30.49,30.49,33.01,31.02,31.2,31.65,32.32,32.12,50.67,34.71,33.11,31.84,40.27,47.34,38.27,38.55,39.83,38.69,43.17,90.7
34257,96.37,95.52,31.2,29.33,30.4,30.49,32.91,31.02,31.11,32.12,32.32,32.12,52.14,34.71,33.11,31.84,40.27,47.34,38.27,38.55,39.83,38.69,43.17,90.7
34275,96.37,95.52,31.2,29.33,30.4,30.49,32.91,31.02,31.38,32.41,32.41,32.12,53.17,34.71,33.01,31.75,40.12,47.34,38.41,38.55,39.98,38.69,43,90.7
34296,97.24,95.52,31.29,29.33,30.4,30.49,32.81,31.02,31.2,32.41,32.32,32.12,50.2,34.71,33.11,31.84,40.27,47.34,38.41,38.55,39.98,38.83,43.17,89.95
34314,97.24,95.52,31.29,29.33,30.4,30.49,49.97,31.02,31.02,32.41,32.32,32.12,55.07,34.71,33.01,31.84,40.12,47.13,38.41,38.55,39.83,38.69,43,90.7
34335,96.37,94.68,31.29,29.33,30.4,30.4,47.76,31.11,31.11,32.41,32.32,32.12,52.91,34.71,33.11,31.84,40.12,47.34,38.41,38.55,39.83,38.69,43,90.7
34355,96.37,94.68,31.29,29.33,30.4,30.49,50.2,31.02,31.02,32.41,32.32,32.12,52.91,34.71,33.11,31.84,40.12,47.34,38.41,38.55,39.98,38.69,43,90.7
34374,97.24,94.68,31.29,29.33,30.4,30.49,37.22,31.11,31.11,32.41,32.32,32.12,53.17,34.71,33.11,31.84,40.27,47.34,38.41,38.55,39.83,38.69,43,90.7
34394,97.24,95.52,31.29,29.33,30.4,30.49,47.97,31.11,31.38,32.41,32.32,32.12,50.91,34.71,33.11,31.84,40.12,47.34,38.27,38.55,39.83,38.83,43,90.7
34412,97.24,95.52,31.2,29.41,30.4,30.49,32.81,31.11,31.38,32.41,32.41,32.12,50.2,34.71,33.11,31.84,40.12,47.34,38.27,38.55,39.98,38.69,43,90.7
34433,97.24,96.37,31.29,29.33,30.4,30.49,32.81,31.11,31.38,32.41,32.32,32.12,50.2,34.71,33.11,31.84,40.12,47.34,38.41,38.55,39.83,38.69,43,90.7
34451,97.24,96.37,31.29,29.33,30.4,30.58,32.81,31.2,31.47,32.51,32.32,32.12,51.15,34.71,33.11,31.84,40.12,47.13,38.41,38.55,39.83,38.69,43,90.7
34472,97.24,96.37,31.29,29.41,30.4,30.49,32.81,31.2,31.47,32.51,32.41,32.12,54.79,34.71,33.11,31.84,40.12,47.34,38.41,38.55,39.83,38.83,43,90.7
34492,97.24,96.37,31.29,29.41,30.4,30.49,32.81,31.2,31.47,32.51,32.41,32.12,51.89,34.71,33.01,31.75,40.12,47.34,38.41,38.55,39.83,38.69,43,89.95
34511,97.24,96.37,31.2,29.33,30.4,30.49,32.81,31.2,31.47,32.51,32.32,32.12,52.4,34.71,33.11,31.75,40.12,47.34,38.41,38.55,39.83,38.83,43,91.47
34531,97.24,96.37,31.2,29.33,30.4,30.49,32.91,31.2,31.56,32.51,32.32,32.12,52.14,34.71,33.11,31.84,40.12,47.13,38.41,38.55,39.83,38.69,43.17,90.7
34550,97.24,95.52,31.2,29.33,30.4,30.49,32.81,31.2,31.56,32.51,32.41,32.12,54.51,34.71,33.11,31.84,40.27,47.34,38.41,38.55,39.83,38.69,43,90.7
34570,98.12,96.37,31.2,29.33,30.4,30.49,37.74,31.2,31.56,31.65,32.32,32.12,52.65,34.71,33.11,31.84,40.12,47.13,38.27,38.55,39.98,38.83,43,90.7
34589,97.24,95.52,31.2,29.33,30.4,30.49,33.73,31.2,31.47,31.65,32.32,32.12,54.51,34.71,33.11,31.84,40.12,47.13,38.27,38.55,39.83,38.69,43,90.7
34609,99.02,98.12,31.2,29.33,30.4,30.49,53.97,31.2,31.47,31.65,32.32,32.12,51.64,34.71,33.11,31.84,40.27,47.13,38.41,38.55,39.83,38.83,43,90.7
34630,99.94,98.12,31.2,29.41,30.4,30.49,33.52,31.2,31.47,31.65,32.32,32.12,51.89,34.71,33.01,31.84,40.12,47.34,38.41,38.55,39.83,38.69,43,90.7
34648,99.94,97.24,31.2,29.41,30.4,30.49,33.01,31.2,31.56,31.75,32.32,32.12,51.4,34.71,33.11,31.84,40.12,47.34,38.41,38.55,39.83,38.69,43,90.7
34668,99.02,97.24,31.2,29.41,30.4,30.49,33.11,31.2,31.47,31.65,32.32,32.12,53.17,34.71,33.11,31.84,40.12,47.34,38.27,38.55,39.83,38.69,43,90.7
34687,97.24,97.24,31.2,29.41,30.4,30.49,32.91,31.2,31.47,31.65,32.41,32.12,51.89,34.71,33.01,31.84,40.12,47.13,38.41,38.55,39.83,38.83,43,89.95
34707,65.81,95.52,31.2,29.33,30.4,30.49,33.01,31.2,31.47,31.65,32.41,32.12,52.65,34.71,33.01,31.93,40.12,46.73,38.27,38.55,39.83,38.69,43,90.7
34726,51.15,94.68,31.2,29.41,30.4,30.49,59.63,31.2,31.47,31.65,32.32,32.12,51.4,34.71,33.01,31.84,40.12,46.32,38.27,38.55,39.83,38.83,43,90.7
34746,93.86,95.52,31.2,29.41,30.4,30.49,32.91,31.2,31.47,31.65,32.32,32.12,50.2,34.71,33.01,31.84,40.12,46.13,38.41,38.55,39.83,38.69,43,90.7
34767,94.68,96.37,31.2,29.33,30.4,30.49,33.01,31.11,31.47,31.56,32.32,32.12,53.97,34.71,33.01,31.93,40.12,46.13,38.41,38.55,39.83,38.69,43,90.7
34785,96.37,96.37,31.2,29.41,30.4,30.49,39.83,31.11,31.47,31.56,32.32,32.12,52.91,34.71,33.01,31.93,39.98,46.13,38.27,38.55,39.83,38.69,43,89.95
34806,97.24,96.37,31.2,29.33,30.4,30.49,40.58,31.11,31.56,31.56,32.32,32.12,51.15,34.71,33.01,31.93,40.12,46.13,38.27,38.55,39.83,38.69,43,90.7
34824,96.37,96.37,31.2,29.41,30.4,30.49,32.81,31.2,31.47,31.56,32.41,32.12,49.74,34.71,33.01,31.93,40.12,46.13,38.41,38.55,39.83,38.69,43,90.7
34845,96.37,95.52,31.2,29.41,30.4,30.49,32.81,31.2,31.47,31.65,32.41,32.12,50.91,34.71,33.11,31.84,40.12,46.13,38.41,38.55,39.83,38.69,43,90.7
34865,96.37,95.52,31.29,29.41,30.4,30.49,32.71,31.2,31.47,31.65,32.41,32.12,52.91,34.71,33.01,31.93,40.12,46.13,38.41,38.55,39.83,38.69,43,90.7
34883,95.52,95.52,31.29,29.41,30.4,30.49,32.81,31.11,31.47,31.56,32.32,32.12,54.24,34.71,33.01,31.84,40.12,46.13,38.41,38.55,39.83,38.69,43,90.7
34904,95.52,95.52,31.2,29.33,30.4,30.49,41.35,31.11,31.47,31.65,32.41,32.12,51.89,34.71,33.11,31.84,40.12,46.32,38.41,38.55,39.83,38.69,43,90.7
34922,96.37,95.52,31.29,29.33,30.4,30.49,32.91,31.11,31.47,31.65,32.32,32.12,53.7,34.71,33.01,31.84,40.12,46.32,38.41,38.55,39.83,38.69,43,90.7
34943,97.24,96.37,31.29,29.41,30.4,30.49,32.81,31.11,31.47,31.65,32.32,32.12,49.06,34.71,33.01,31.84,40.12,46.32,38.41,38.55,39.83,38.69,43,90.7
34961,97.24,96.37,31.29,29.33,30.4,30.49,33.01,31.2,31.47,31.65,32.32,32.12,51.89,34.71,33.01,31.84,40.12,46.32,38.41,38.41,39.98,38.69,43,90.7
34982,97.24,96.37,31.29,29.41,30.4,30.49,37.74,31.11,31.47,31.65,32.32,32.12,52.65,34.71,33.01,31.84,40.12,46.52,38.41,38.41,39.83,38.69,43,90.7
35002,98.12,96.37,31.29,29.33,30.4,30.49,49.51,31.11,31.47,31.56,32.32,32.12,51.4,34.71,33.11,31.84,40.12,46.52,38.41,38.55,39.83,38.69,43,90.7
35021,98.12,97.24,31.29,29.33,30.4,30.49,59.63,31.11,31.47,31.65,32.32,32.12,51.4,34.71,33.11,31.75,40.12,46.52,38.41,38.55,39.83,38.69,43,91.47
35041,99.02,97.24,31.29,29.33,30.4,30.49,59.31,31.11,31.38,31.56,32.32,32.12,51.64,34.71,33.11,31.84,40.27,46.52,38.41,38.55,39.83,38.69,43,90.7
35060,99.02,97.24,31.29,29.33,30.4,30.49,38.83,31.11,31.38,31.65,32.41,32.12,52.91,34.71,33.11,31.84,40.12,46.52,38.41,38.55,39.83,38.69,43.17,89.95
35080,98.12,97.24,31.29,29.33,30.4,30.49,33.11,31.11,31.47,31.65,32.41,32.12,49.74,34.71,33.01,31.84,40.27,46.52,38.41,38.55,39.83,38.69,43.17,90.7
35099,98.12,97.24,31.29,29.33,30.4,30.49,32.91,31.11,31.47,31.56,32.32,32.12,49.29,34.71,33.01,31.84,40.12,46.52,38.41,38.55,39.83,38.69,43.17,90.7
35119,98.12,97.24,31.29,29.33,30.4,30.49,33.01,31.11,31.47,31.56,32.32,32.12,52.91,34.71,33.11,31.84,40.12,46.52,38.41,38.55,39.83,38.69,43,90.7
35139,98.12,97.24,31.29,29.33,30.4,30.49,32.91,31.11,31.47,31.65,32.41,32.12,50.67,34.71,33.11,31.84,40.12,46.73,38.41,38.55,39.83,38.69,43,90.7
35158,98.12,97.24,31.29,29.33,30.4,30.49,33.01,31.11,31.47,31.56,32.41,32.12,50.91,34.71,33.11,31.84,40.12,46.32,38.41,38.55,39.83,38.69,43.17,90.7
35178,98.12,97.24,31.29,29.33,30.4,30.49,32.91,31.11,31.38,31.65,32.32,32.12,52.14,34.71,33.11,31.84,40.12,46.52,38.41,38.55,39.83,38.69,43.17,90.7
35197,98.12,97.24,31.29,29.33,30.4,30.49,32.91,31.11,31.47,31.65,32.32,32.12,53.7,34.71,33.11,31.84,40.12,46.52,38.41,38.55,39.83,38.69,43.17,90.7
35217,97.24,96.37,31.29,29.33,30.4,30.49,32.91,31.11,31.47,31.65,32.32,32.12,50.91,34.71,33.11,31.84,40.12,46.52,38.41,38.55,39.83,38.69,43.17,89.95
35238,97.24,96.37,31.29,29.33,30.4,30.58,32.91,31.11,31.38,31.56,32.32,32.12,50.67,34.71,33.11,31.84,40.27,46.73,38.27,38.55,39.83,38.69,43.17,90.7
35256,97.24,96.37,31.29,29.33,30.4,30.58,33.01,31.11,31.38,31.56,32.41,32.12,50.2,34.71,33.11,31.84,40.12,46.73,38.41,38.55,39.83,38.69,43.17,91.47
35277,98.12,97.24,31.29,29.33,30.4,30.49,33.01,31.11,31.38,31.65,32.41,32.12,49.74,34.71,33.11,31.84,40.27,46.52,38.41,38.55,39.83,38.69,43.17,90.7
35295,97.24,97.24,31.29,29.41,30.4,30.58,33.01,31.02,31.11,31.56,32.32,32.12,48.62,34.71,33.11,31.84,40.12,46.52,38.41,38.55,39.83,38.55,43.17,91.47
35316,98.12,97.24,31.29,29.33,30.4,30.58,32.71,31.11,31.11,31.56,32.32,32.12,49.06,34.71,33.11,31.84,40.12,46.52,38.41,38.55,39.83,38.69,43.17,91.47
35334,98.12,97.24,31.29,29.33,30.4,30.58,33.01,31.02,31.2,31.65,32.32,32.12,50.44,34.71,33.11,31.84,40.12,46.52,38.41,38.55,39.83,38.69,43.17,91.47
35355,98.12,97.24,31.29,29.33,30.4,30.58,33.01,31.02,31.11,31.65,32.32,32.12,48.84,34.71,33.11,31.84,40.27,46.52,38.41,38.55,39.83,38.55,43.17,90.7
35375,98.12,97.24,31.29,29.41,30.4,30.49,33.11,31.11,31.11,31.65,32.32,32.12,50.44,34.71,33.11,31.84,40.12,46.52,38.41,38.55,39.68,38.69,43.17,92.25
35393,97.24,96.37,31.29,29.33,30.4,30.49,33.01,31.11,31.2,31.65,32.32,32.12,52.14,34.71,33.11,31.84,40.12,46.52,38.41,38.55,39.83,38.69,43,90.7
35414,97.24,96.37,31.29,29.41,30.4,30.49,33.01,31.11,31.38,31.56,32.41,32.12,52.91,34.71,33.11,31.84,40.27,46.52,38.41,38.55,39.83,38.69,43.17,90.7
35432,97.24,96.37,31.29,29.33,30.4,30.49,33.01,31.11,31.38,31.56,32.32,32.12,52.91,34.71,33.11,31.84,40.27,46.52,38.41,38.55,39.83,38.69,43.17,90.7
35453,96.37,95.52,31.29,29.33,30.4,30.49,33.01,31.02,31.38,31.65,32.41,32.12,50.2,34.71,33.11,31.84,40.12,46.52,38.41,38.55,39.83,38.69,43.17,91.47
35471,96.37,96.37,31.29,29.33,30.4,30.49,33.01,31.11,31.38,31.56,32.41,32.12,50.44,34.71,33.11,31.84,40.12,46.52,38.41,38.55,39.83,38.69,43.17,91.47
35492,97.24,96.37,31.29,29.33,30.4,30.49,32.91,31.11,31.47,31.56,32.32,32.12,50.44,34.71,33.11,31.84,40.27,46.52,38.27,38.55,39.83,38.69,43.17,91.47
35512,97.24,96.37,31.29,29.33,30.4,30.49,33.01,31.11,31.47,31.65,32.32,32.12,50.91,34.71,33.11,31.84,40.12,46.52,38.41,38.55,39.83,38.69,43,91.47
35531,97.24,96.37,31.29,29.33,30.4,30.49,43.88,31.11,31.47,31.65,32.32,32.12,51.4,34.71,33.11,31.84,40.12,46.52,38.41,38.55,39.83,38.69,43.17,91.47
35551,97.24,96.37,31.29,29.41,30.4,30.58,32.81,31.11,31.47,31.65,32.32,32.12,50.91,34.71,33.11,31.84,40.12,46.52,38.41,38.55,39.83,38.69,43.17,91.47
35570,97.24,96.37,31.29,29.33,30.4,30.49,32.91,31.11,31.47,31.65,32.32,32.12,49.97,34.59,33.11,31.84,40.12,46.52,38.41,38.55,39.83,38.69,43.17,91.47
35590,97.24,96.37,31.29,29.33,30.4,30.58,32.81,31.11,31.47,31.65,32.41,32.12,50.67,34.71,33.11,31.84,40.12,46.52,38.41,38.55,39.83,38.69,43.17,91.47
35611,97.24,96.37,31.29,29.33,30.4,30.58,32.91,31.2,31.47,31.65,32.41,32.12,50.67,34.71,33.11,31.84,40.12,46.52,38.41,38.55,39.83,38.69,43.17,90.7
35629,98.12,96.37,31.29,29.33,30.4,30.58,32.91,31.2,31.47,31.65,32.32,32.12,50.44,34.71,33.11,31.84,40.12,46.52,38.41,38.55,39.83,38.69,43,90.7
35649,98.12,97.24,31.29,29.33,30.4,30.58,32.71,31.2,31.47,31.65,32.41,32.12,51.64,34.71,33.11,31.84,39.98,46.52,38.41,38.55,39.83,38.69,43,90.7
35668,99.02,98.12,31.29,29.33,30.4,30.58,32.81,31.2,31.47,32.51,32.32,32.12,49.74,34.71,33.11,31.84,40.12,46.52,38.41,38.55,39.83,38.69,43,90.7
35688,99.02,98.12,31.29,29.33,30.4,30.58,32.71,31.2,31.56,32.41,32.32,32.12,51.64,34.71,33.11,31.84,40.12,46.52,38.41,38.55,39.83,38.69,43,90.7
35707,99.02,98.12,31.29,29.41,30.4,30.58,32.71,31.2,31.56,32.41,32.41,32.22,56.22,34.71,33.11,31.84,40.27,46.52,38.41,38.55,39.83,38.83,43.17,89.95
35727,99.02,98.12,31.29,29.33,30.4,30.58,32.81,31.2,31.47,32.51,32.41,32.12,54.24,34.71,33.11,31.84,40.27,46.52,38.41,38.41,39.83,38.69,43.17,90.7
35748,98.12,98.12,31.29,29.33,30.4,30.58,32.81,31.2,31.47,31.93,32.41,32.12,52.4,34.71,33.11,31.84,40.12,46.52,38.41,38.55,39.83,38.83,43,90.7
35766,98.12,98.12,31.29,29.33,30.4,30.58,32.71,31.2,31.56,31.65,32.32,32.12,50.67,34.71,33.11,31.84,40.27,46.52,38.41,38.55,39.83,38.83,43,90.7
35787,98.12,98.12,31.29,29.33,30.4,30.58,32.71,31.29,31.47,31.65,32.32,32.12,49.06,34.71,33.11,31.93,39.98,46.52,38.41,38.55,39.83,38.83,43,89.95
35805,98.12,98.12,31.2,29.33,30.4,30.58,32.81,31.2,31.47,31.65,32.32,32.12,49.29,34.71,33.11,31.93,40.12,46.73,38.41,38.55,39.83,38.83,43,90.7
35826,99.02,98.12,31.29,29.41,30.4,30.58,32.81,31.29,31.56,31.65,32.32,32.12,54.24,34.71,33.11,31.93,40.12,46.73,38.41,38.55,39.83,38.69,43,90.7
35844,98.12,97.24,31.2,29.41,30.4,30.58,32.81,31.29,31.56,31.65,32.32,32.12,52.65,34.71,33.11,31.93,40.12,46.73,38.41,38.55,39.83,38.69,43,90.7
35864,98.12,98.12,31.2,29.33,30.4,30.58,32.71,31.29,31.65,31.65,32.32,32.12,52.4,34.71,33.11,31.93,40.12,46.73,38.41,38.55,39.83,38.83,43,90.7
35885,98.12,98.12,31.2,29.41,30.4,30.49,32.71,31.2,31.56,31.65,32.32,32.12,51.15,34.71,33.11,31.93,40.12,46.52,38.41,38.55,39.83,38.83,43,90.7
35903,98.12,98.12,31.2,29.41,30.4,30.49,32.71,31.29,31.56,31.65,32.32,32.12,51.4,34.71,33.11,31.93,40.12,46.52,38.41,38.55,39.83,38.83,43,89.95
35924,99.02,98.12,31.29,29.41,30.4,30.49,32.71,31.29,31.56,31.56,32.41,32.12,51.89,34.71,33.11,31.93,40.12,46.52,38.27,38.55,39.83,38.83,43,90.7
35942,99.02,98.12,31.29,29.41,30.4,30.49,32.71,31.29,31.56,31.65,32.41,32.12,53.43,34.71,33.11,31.93,40.12,46.52,38.41,38.55,39.83,38.69,43,89.2
35963,99.02,98.12,31.29,29.33,30.4,30.49,32.71,31.29,31.56,31.56,32.32,32.12,53.7,34.71,33.11,31.93,40.12,46.32,38.41,38.55,39.83,38.69,43,90.7
35981,99.02,99.02,31.29,29.41,30.4,30.49,32.71,31.2,31.56,31.56,32.41,32.12,50.44,34.71,33.01,31.93,40.12,46.52,38.41,38.55,39.83,38.69,43,90.7
36002,99.02,98.12,31.2,29.41,30.4,30.58,32.81,31.2,31.65,31.56,32.32,32.12,51.4,34.71,33.01,31.93,40.12,46.32,38.41,38.55,39.83,38.69,43,90.7
36022,97.24,98.12,31.2,29.41,30.4,30.49,32.81,31.2,31.56,31.56,32.32,32.12,51.4,34.71,33.01,31.93,40.12,46.13,38.27,38.55,39.83,38.69,43,89.95
36041,42.16,94.68,31.2,29.41,30.4,30.49,32.81,31.2,31.56,31.56,32.32,32.12,46.52,34.71,33.01,32.03,40.12,46.13,38.41,38.41,39.83,38.69,43,89.95
36061,72.44,95.52,31.2,29.41,30.4,30.49,32.81,31.2,31.56,31.56,32.32,32.12,51.89,34.71,33.01,31.93,40.12,45.93,38.41,38.55,39.83,38.69,43,89.95
36080,71.01,96.37,31.2,29.41,30.4,30.49,61.68,31.2,31.56,31.56,32.32,32.12,52.4,34.71,33.01,32.03,40.12,46.13,38.41,38.55,39.83,38.69,43,89.95
36100,84.99,96.37,31.2,29.41,30.4,30.49,61.68,31.2,31.56,31.56,32.41,32.12,53.17,34.71,33.01,32.03,40.12,46.13,38.41,38.55,39.83,38.69,43,89.95
36120,89.2,96.37,31.2,29.41,30.4,30.49,62.75,31.2,31.56,31.56,32.32,32.12,53.17,34.71,33.01,31.93,39.98,46.13,38.41,38.55,39.83,38.69,43,90.7
36139,70.55,95.52,31.2,29.33,30.4,30.49,62.75,31.2,31.56,31.56,32.32,32.12,52.14,34.71,33.01,31.93,40.12,46.13,38.41,38.41,39.83,38.69,43,90.7
36159,96.37,96.37,31.2,29.41,30.4,30.49,60.98,31.2,31.56,31.56,32.32,32.12,52.14,34.71,33.01,31.93,40.12,46.13,38.41,38.41,39.83,38.69,42.83,90.7
36178,97.24,96.37,31.2,29.41,30.4,30.49,60.98,31.11,31.56,31.56,32.32,32.12,52.4,34.71,33.01,31.93,39.98,46.32,38.41,38.55,39.83,38.69,43,90.7
36198,97.24,95.52,31.2,29.33,30.4,30.49,60.98,31.11,31.56,31.56,32.32,32.12,52.4,34.71,33.01,31.93,39.98,46.32,38.41,38.41,39.83,38.69,43,90.7
36217,96.37,95.52,31.2,29.33,30.4,30.49,60.98,31.11,31.56,31.56,32.41,32.12,53.97,34.71,33.01,31.93,40.12,46.32,38.41,38.55,39.83,38.69,43,90.7
36237,97.24,95.52,31.2,29.33,30.4,30.49,61.33,31.11,31.56,31.47,32.32,32.12,53.43,34.71,33.01,31.93,40.12,46.13,38.41,38.55,39.68,38.69,43,90.7
36258,96.37,95.52,31.2,29.33,30.4,30.49,61.33,31.11,31.47,31.56,32.41,32.12,52.14,34.71,33.01,31.93,39.83,46.32,38.27,38.55,39.83,38.69,43,90.7
36276,96.37,95.52,31.29,29.33,30.4,30.49,61.33,31.11,31.47,31.56,32.41,32.12,53.43,34.71,33.01,31.84,40.12,46.32,38.41,38.55,39.83,38.69,43,90.7
36297,96.37,95.52,31.29,29.33,30.4,30.49,59.96,31.11,31.47,31.56,32.41,32.12,51.89,34.71,33.01,31.93,40.12,46.32,38.41,38.55,39.83,38.69,43,90.7
36315,96.37,94.68,31.29,29.33,30.4,30.49,60.3,31.11,31.47,31.56,32.41,32.12,52.91,34.71,33.01,31.84,39.83,46.32,38.41,38.55,39.83,38.69,43,90.7
36336,96.37,94.68,31.29,29.33,30.4,30.49,59.96,31.11,31.47,31.56,32.32,32.12,51.64,34.71,33.01,31.84,40.12,46.32,38.41,38.55,39.83,38.69,43,90.7
36354,95.52,94.68,31.29,29.33,30.4,30.49,61.68,31.11,31.47,31.56,32.32,32.12,51.89,34.71,33.01,31.84,39.98,46.32,38.41,38.41,39.83,38.69,43,90.7
36374,95.52,93.86,31.29,29.33,30.4,30.49,60.3,31.11,31.38,31.56,32.32,32.12,50.44,34.71,33.01,31.84,40.12,46.32,38.41,38.55,39.83,38.69,43,90.7
36395,95.52,93.86,31.29,29.33,30.4,30.49,59.63,31.11,31.47,31.56,32.32,32.12,51.64,34.71,33.01,31.84,40.12,46.52,38.41,38.41,39.83,38.69,43,90.7
36413,95.52,93.86,31.29,29.33,30.4,30.49,59.63,31.11,31.38,31.56,32.32,32.12,50.44,34.71,33.01,31.84,40.12,46.52,38.41,38.55,39.83,38.69,43.17,90.7
36434,94.68,93.86,31.29,29.41,30.4,30.49,59.63,31.11,31.47,31.56,32.32,32.12,52.14,34.71,33.01,31.84,40.12,46.32,38.27,38.41,39.83,38.69,43.17,90.7
36452,94.68,93.05,31.29,29.41,30.4,30.49,59.63,31.11,31.38,31.56,32.32,32.12,51.15,34.71,33.01,31.84,40.12,46.52,38.41,38.41,39.83,38.69,43,90.7
36473,94.68,93.05,31.29,29.33,30.4,30.49,59.96,31.11,31.47,31.56,32.32,32.12,52.65,34.71,33.01,31.84,40.12,46.52,38.41,38.41,39.83,38.69,43.17,90.7
36493,93.86,93.05,31.29,29.33,30.4,30.49,59.96,31.11,31.47,31.65,32.32,32.12,52.65,34.71,33.01,31.84,40.27,46.52,38.41,38.55,39.83,38.69,43,89.95
36512,94.68,93.05,31.29,29.41,30.4,30.49,59.96,31.11,31.47,31.56,32.32,32.12,52.14,34.71,33.01,31.84,40.12,46.32,38.41,38.55,39.83,38.69,43.17,91.47
36532,94.68,93.05,31.29,29.33,30.4,30.49,59.96,31.11,31.47,31.65,32.41,32.12,50.91,34.71,33.01,31.84,40.12,46.52,38.41,38.55,39.83,38.69,43.17,91.47
36551,94.68,93.05,31.29,29.41,30.4,30.49,59.96,31.11,31.47,31.65,32.32,32.12,52.91,34.71,33.01,31.84,40.12,46.52,38.41,38.41,39.83,38.69,43,90.7
36571,95.52,93.86,31.29,29.33,30.4,30.49,60.3,31.11,31.47,31.65,32.32,32.12,52.4,34.71,33.01,31.84,40.12,46.52,38.41,38.41,39.83,38.55,43.17,90.7
36589,95.52,94.68,31.29,29.33,30.4,30.49,59.63,31.11,31.47,31.65,32.41,32.12,49.51,34.71,33.01,31.84,40.12,46.52,38.41,38.55,39.83,38.69,43.17,91.47
36610,96.37,94.68,31.29,29.33,30.4,30.49,59.96,31.11,31.47,31.65,32.32,32.12,51.89,34.71,33.01,31.84,40.27,46.52,38.41,38.41,39.83,38.69,43.17,81.77
36630,96.37,94.68,31.29,29.33,30.4,30.49,60.3,31.11,31.47,31.65,32.32,32.12,50.67,34.71,33.01,31.84,39.98,46.52,38.41,38.55,39.83,38.69,43,90.7
36649,97.24,95.52,31.29,29.33,30.4,30.49,60.3,31.11,31.47,31.65,32.32,32.12,49.06,34.71,33.01,31.84,40.12,46.52,38.41,38.55,39.83,38.69,43.17,90.7
36669,96.37,95.52,31.29,29.33,30.4,30.49,59.63,31.11,31.47,31.65,32.32,32.12,49.29,34.71,33.01,31.84,40.12,46.32,38.41,38.41,39.83,38.69,43,90.7
36688,97.24,95.52,31.29,29.33,30.4,30.49,59.63,31.02,31.47,31.65,32.32,32.12,51.89,34.71,33.01,31.93,40.12,46.52,38.41,38.55,39.83,38.69,43.17,90.7
36708,97.24,95.52,31.29,29.33,30.4,30.49,59.96,31.11,31.47,31.65,32.32,32.12,53.17,34.71,33.01,31.93,39.98,46.52,38.41,38.55,39.83,38.69,43,91.47
36727,96.37,95.52,31.29,29.33,30.4,30.49,60.98,31.11,31.47,31.56,32.32,32.12,52.14,34.71,33.01,31.93,40.12,46.52,38.41,38.55,39.83,38.69,43.17,91.47
36747,98.12,96.37,31.29,29.33,30.4,30.49,60.98,31.11,31.47,31.56,32.32,32.12,51.89,34.71,33.01,31.93,40.12,46.52,38.41,38.55,39.83,38.69,43.17,91.47
36768,98.12,97.24,31.29,29.33,30.4,30.49,60.98,31.11,31.47,31.56,32.41,32.12,50.91,34.71,33.01,31.84,40.12,46.52,38.41,38.41,39.83,38.69,43.17,91.47
36786,98.12,97.24,31.29,29.41,30.4,30.49,60.3,31.11,31.47,31.65,32.41,32.12,54.51,34.71,33.01,31.93,40.12,46.52,38.41,38.55,39.83,38.69,43.17,91.47
36807,98.12,98.12,31.29,29.33,30.4,30.49,60.3,31.11,31.47,31.65,32.32,32.12,52.91,34.71,33.01,31.93,40.12,46.52,38.41,38.55,39.83,38.69,43.17,91.47
36825,99.02,98.12,31.29,29.41,30.4,30.58,61.33,31.11,31.47,31.56,32.32,32.12,51.89,34.71,33.01,31.93,40.12,46.52,38.41,38.41,39.83,38.69,43.17,91.47
36845,99.02,98.12,31.29,29.33,30.4,30.58,61.33,31.2,31.47,31.56,32.32,32.12,50.67,34.71,33.11,31.84,40.12,46.52,38.41,38.55,39.83,38.69,43,91.47
36866,99.94,99.02,31.29,29.33,30.4,30.58,60.3,31.2,31.47,31.56,32.32,32.12,50.44,34.71,33.11,31.93,40.12,46.52,38.41,38.55,39.83,38.69,43,90.7
36884,99.02,99.02,31.29,29.33,30.4,30.58,32.91,31.2,31.47,31.56,32.32,32.12,51.64,34.71,33.11,31.93,40.12,46.52,38.41,38.55,39.83,38.69,43,83.67
36905,99.02,98.12,31.29,29.33,30.4,30.58,32.81,31.2,31.56,31.65,32.32,32.12,51.15,34.71,33.11,31.93,40.27,46.73,38.41,38.55,39.83,38.69,43.17,83.67
36923,99.02,99.02,31.29,29.33,30.4,30.58,33.01,31.2,31.56,31.56,32.41,32.12,53.7,34.71,33.11,31.93,40.27,46.52,38.41,38.55,39.83,38.83,43.17,90.7
36944,99.94,99.02,31.29,29.33,30.4,30.58,46.32,31.2,31.56,31.56,32.41,32.12,51.89,34.71,33.11,31.93,39.98,46.73,38.41,38.55,39.83,38.69,43.17,90.7
36962,99.02,98.12,31.29,29.33,30.4,30.58,32.81,31.2,31.56,31.56,32.32,32.12,52.65,34.71,33.01,31.93,40.27,46.73,38.41,38.55,39.83,38.69,43,90.7
36983,100.87,99.94,31.29,29.33,30.4,30.58,32.91,31.2,31.56,31.56,32.41,32.12,52.4,34.71,33.01,31.93,40.12,46.52,38.41,38.55,39.83,38.69,43.17,90.7
37003,99.94,99.94,31.38,29.33,30.4,30.58,32.81,31.2,31.56,31.56,32.32,32.12,49.74,34.71,33.11,31.93,40.12,46.52,38.41,38.41,39.83,38.83,43,90.7
37022,99.94,99.94,31.29,29.33,30.4,30.58,32.81,31.2,31.56,31.56,32.41,32.12,51.64,34.71,33.11,31.93,39.83,46.52,38.41,38.55,39.83,38.83,43,90.7
37042,99.94,99.94,31.29,29.33,30.4,30.58,32.71,31.2,31.65,31.56,32.41,32.12,52.4,34.71,33.01,31.93,40.12,46.52,38.41,38.55,39.83,38.83,43,90.7
37061,99.94,100.87,31.29,29.33,30.4,30.58,32.71,31.29,31.65,31.65,32.32,32.12,51.64,34.71,33.11,31.93,40.12,46.52,38.41,38.55,39.83,38.69,43,90.7
37081,99.94,99.94,31.29,29.33,30.4,30.58,32.71,31.29,31.65,31.65,32.32,32.12,49.51,34.71,33.11,31.93,40.12,46.52,38.41,38.41,39.83,38.69,43,90.7
37099,99.94,99.94,31.29,29.33,30.4,30.58,32.71,31.29,31.47,31.65,32.41,32.12,52.14,34.71,33.11,31.93,40.12,46.52,38.41,38.55,39.83,38.69,43.17,89.95
37120,100.87,99.94,31.29,29.33,30.4,30.58,32.71,31.29,31.56,31.65,32.32,32.12,49.74,34.71,33.11,31.93,40.12,46.52,38.27,38.41,39.83,38.83,43.17,89.95
37140,99.02,99.94,31.38,29.33,30.4,30.49,32.71,31.29,31.65,31.65,32.32,32.12,53.7,34.71,33.11,31.93,40.12,46.52,38.41,38.41,39.83,38.69,43.17,89.95
37159,99.94,99.94,31.29,29.33,30.4,30.58,32.71,31.29,31.56,31.65,32.41,32.12,51.4,34.71,33.11,31.93,40.12,46.73,38.41,38.55,39.83,38.83,43,89.95
37179,99.94,99.94,31.29,29.33,30.4,30.49,32.71,31.29,31.65,31.65,32.41,32.12,52.14,34.71,33.11,31.93,40.12,46.73,38.41,38.55,39.83,38.69,43.17,90.7
37198,99.94,99.94,31.29,29.33,30.4,30.49,32.81,31.29,31.75,31.65,32.32,32.12,47.76,34.71,33.11,31.93,40.12,46.73,38.41,38.55,39.83,38.69,43.17,90.7
37218,100.87,100.87,31.29,29.41,30.4,30.49,32.81,31.29,31.75,31.56,32.32,32.12,48.84,34.71,33.11,32.03,40.12,46.73,38.41,38.55,39.83,38.69,43.17,90.7
37239,99.94,100.87,31.29,29.41,30.4,30.58,32.81,31.29,31.65,31.65,32.32,32.12,49.29,34.82,33.11,31.93,40.12,46.73,38.41,38.55,39.83,38.69,43,90.7
37257,100.87,99.94,31.29,29.41,30.4,30.49,33.01,31.2,31.65,31.65,32.41,32.12,51.89,34.71,33.11,32.03,40.12,46.52,38.41,38.55,39.83,38.69,43,90.7
37278,101.83,99.94,31.29,29.41,30.4,30.49,32.81,31.2,31.65,31.56,32.32,32.12,52.65,34.71,33.11,31.93,40.12,46.52,38.41,38.55,39.98,38.69,43,90.7
37296,99.02,99.94,31.29,29.41,30.4,30.49,40.58,31.2,31.65,31.65,32.32,32.12,53.17,34.71,33.01,31.93,40.12,46.52,38.41,38.55,39.83,38.69,43,90.7
37317,99.94,99.94,31.2,29.33,30.4,30.49,51.15,31.2,31.65,31.56,32.32,32.12,52.91,34.71,33.01,32.03,40.12,46.32,38.41,38.55,39.83,38.69,43.17,89.2
37335,55.92,97.24,31.2,29.41,30.4,30.49,32.81,31.2,31.65,31.56,32.32,32.12,52.91,34.71,33.01,31.93,40.12,46.52,38.27,38.55,39.83,38.69,43,90.7
37355,87.75,99.94,31.2,29.41,30.4,30.49,47.76,31.2,31.65,31.56,32.32,32.12,52.4,34.71,33.01,31.93,40.12,46.32,38.41,38.55,39.83,38.69,43,89.95
37376,69.19,99.02,31.2,29.41,30.4,30.49,32.81,31.2,31.56,31.56,32.32,32.12,53.43,34.71,33.01,32.03,40.12,46.32,38.41,38.55,39.83,38.69,43,89.95
37394,57.72,97.24,31.2,29.41,30.4,30.49,32.81,31.2,31.56,31.56,32.32,32.12,53.97,34.71,33.11,31.93,40.12,46.52,38.41,38.55,39.83,38.69,43,89.95
37415,54.79,97.24,31.29,29.41,30.4,30.49,32.81,31.2,31.65,31.56,32.32,32.12,53.97,34.71,33.11,32.03,40.12,46.52,38.27,38.55,39.83,38.69,43.17,89.95
37433,85.66,98.12,31.29,29.33,30.4,30.49,32.81,31.2,31.65,31.56,32.41,32.12,53.17,34.71,33.11,31.93,40.12,46.32,38.41,38.55,39.98,38.69,43,89.95
37454,98.12,99.94,31.29,29.41,30.49,30.58,61.68,31.2,31.65,31.65,32.41,32.12,52.4,34.71,33.01,31.93,39.83,46.52,38.41,38.55,39.83,38.69,43.17,89.95
37472,85.66,98.12,31.29,29.41,30.4,30.58,32.91,31.2,31.65,31.65,32.32,32.12,50.44,34.71,33.01,31.93,40.12,46.52,38.41,38.55,39.83,38.69,43.17,89.95
37493,99.02,99.02,31.38,29.41,30.4,30.49,39.54,31.2,31.65,31.56,32.41,32.12,51.89,34.71,33.01,31.93,40.12,46.52,38.41,38.55,39.83,38.69,43,90.7
37513,99.02,98.12,31.38,29.41,30.4,30.49,32.81,31.2,31.65,31.65,32.32,32.12,51.64,34.71,33.01,31.93,40.12,46.52,38.41,38.55,39.83,38.69,43.17,90.7
37532,91.47,97.24,31.38,29.41,30.4,30.49,32.71,31.2,31.56,31.65,32.32,32.12,51.15,34.71,33.11,31.93,40.12,46.52,38.41,38.55,39.83,38.69,43.17,90.7
37552,99.94,97.24,31.38,29.41,30.4,30.49,32.71,31.2,31.56,31.65,32.32,32.12,50.44,34.71,33.01,31.93,40.12,46.73,38.41,38.55,39.83,38.69,43,90.7
37570,100.87,97.24,31.38,29.33,30.4,30.49,32.71,31.2,31.56,31.65,32.32,32.12,52.4,34.71,33.11,31.84,40.12,46.52,38.41,38.55,39.83,38.69,43,90.7
37591,99.94,97.24,31.38,29.33,30.4,30.58,32.81,31.2,31.65,31.65,32.32,32.12,52.14,34.71,33.11,31.93,40.12,46.73,38.41,38.55,39.83,38.69,43,89.95
37611,99.94,96.37,31.38,29.33,30.4,30.49,32.81,31.2,31.56,31.65,32.32,32.12,53.43,34.71,33.01,31.84,40.12,46.73,38.41,38.55,39.83,38.69,43,89.95
37630,99.94,97.24,35.04,29.33,30.4,30.49,32.81,31.2,31.65,31.65,32.32,32.12,50.2,34.71,33.01,31.93,40.12,46.73,38.41,38.55,39.83,38.69,43,90.7
37650,99.94,96.37,38.14,29.33,30.4,30.49,32.81,31.2,31.65,31.65,32.32,32.22,48.84,34.71,33.01,31.84,40.12,46.73,38.41,38.55,39.83,38.69,43.17,90.7
37669,99.02,96.37,38.27,29.41,30.4,30.49,32.71,31.2,31.56,31.65,32.32,32.12,50.67,34.71,33.01,31.84,39.98,46.73,38.41,38.55,39.83,38.69,43.17,89.95
37689,99.02,95.52,38.55,29.33,30.4,30.49,32.81,31.2,31.56,31.65,32.32,32.12,49.51,34.59,33.01,31.84,40.12,46.73,38.41,38.55,39.83,38.69,43.17,90.7
37708,98.12,95.52,38.27,29.33,30.4,30.49,32.81,31.2,31.56,31.65,32.32,32.12,47.55,34.71,33.01,31.84,40.12,46.73,38.41,38.55,39.83,38.69,43.17,90.7
37728,98.12,94.68,31.38,29.33,30.4,30.49,32.81,31.2,31.56,31.65,32.32,32.12,51.64,34.71,33.01,31.84,40.27,46.52,38.41,38.55,39.83,38.69,43.17,89.95
37749,98.12,94.68,31.56,29.33,30.4,30.49,32.81,31.2,31.56,31.65,32.32,32.12,52.4,34.71,33.01,31.84,40.12,46.73,38.41,38.55,39.83,38.69,43.17,89.95
37767,97.24,94.68,32.22,29.33,30.4,30.49,32.81,31.2,31.56,31.65,32.32,32.12,52.4,34.71,33.01,31.84,40.12,46.73,38.41,38.55,39.83,38.69,43.17,89.95
37788,97.24,93.86,31.38,29.33,30.4,30.49,32.81,31.2,31.65,31.65,32.41,32.22,53.17,34.71,33.01,31.84,40.12,46.73,38.41,38.55,39.83,38.69,43.17,89.95
37806,97.24,93.86,31.29,29.33,30.4,30.49,32.81,31.2,31.56,31.65,32.32,32.12,52.14,34.71,33.01,31.84,40.27,46.73,38.41,38.41,39.83,38.69,43.17,89.95
37826,97.24,93.86,31.38,29.33,30.4,30.49,32.81,31.2,31.56,31.65,32.32,32.12,52.91,34.71,33.01,31.84,40.12,46.52,38.41,38.55,39.83,38.69,43.17,89.95
37845,97.24,94.68,31.38,29.33,30.4,30.49,32.81,31.2,31.65,31.65,32.32,32.12,49.51,34.71,33.01,31.84,40.12,46.52,38.41,38.55,39.98,38.69,43.17,90.7
37865,97.24,93.86,31.38,29.33,30.4,30.49,32.81,31.11,31.65,31.65,32.41,32.12,50.2,34.71,33.01,31.84,40.12,46.73,38.41,38.55,39.83,38.69,43.17,90.7
37886,98.12,95.52,31.38,29.33,30.4,30.49,32.81,31.11,31.56,31.65,32.32,32.12,51.4,34.71,33.01,31.84,40.12,46.73,38.41,38.41,39.83,38.69,43.17,89.95
37904,98.12,95.52,31.38,29.41,30.4,30.49,32.81,31.11,31.56,31.65,32.32,32.12,49.97,34.71,33.01,31.84,40.12,46.52,38.41,38.55,39.83,38.69,43.17,90.7
37925,98.12,95.52,31.38,29.41,30.4,30.49,32.81,31.11,31.47,31.65,32.32,32.12,51.4,34.71,32.91,31.84,40.27,46.73,38.41,38.55,39.83,38.55,43.17,83.67
37943,97.24,94.68,31.38,29.33,30.4,30.4,32.81,31.11,31.47,31.65,32.32,32.12,52.65,34.71,33.01,31.84,40.12,46.73,38.41,38.41,39.98,38.69,43.17,80.55
37964,97.24,93.86,31.38,29.33,30.4,30.4,46.13,31.11,31.47,31.65,32.32,32.12,50.2,34.59,32.91,31.84,40.12,46.73,38.41,38.41,39.83,38.69,43.17,80.55
37984,96.37,93.86,31.38,29.33,30.4,30.4,45.35,31.11,31.47,31.65,32.41,32.12,51.64,34.71,33.01,31.84,40.27,46.73,38.27,38.41,39.83,38.69,43.17,81.15
38003,96.37,93.05,31.38,29.33,30.4,30.49,46.93,31.11,31.47,31.65,32.32,32.12,50.44,34.71,32.91,31.84,40.12,46.52,38.41,38.55,39.83,38.69,43,80.55
38023,95.52,93.05,31.38,29.33,30.4,30.49,48.62,31.11,31.47,31.65,32.32,32.12,49.74,34.71,32.91,31.84,40.12,46.73,38.41,38.41,39.83,38.69,43.17,81.15
38042,96.37,93.86,31.38,29.33,30.4,30.49,47.97,31.11,31.47,31.65,32.32,32.12,50.67,34.71,33.01,31.84,40.27,46.73,38.41,38.41,39.83,38.69,43.17,81.15
38062,98.12,94.68,31.38,29.41,30.4,30.4,46.32,31.2,31.56,31.75,32.32,32.12,52.14,34.71,33.01,31.84,40.12,46.52,38.41,38.55,39.83,38.69,43,80.55
38080,98.12,95.52,31.38,29.33,30.4,30.4,44.97,31.2,31.56,31.75,32.32,32.12,50.91,34.71,33.01,31.84,40.12,46.73,38.41,38.55,39.83,38.69,43.17,90.7
38101,98.12,95.52,31.38,29.33,30.4,30.49,32.71,31.2,31.56,31.75,32.32,32.22,50.2,34.71,33.01,31.84,40.12,46.52,38.41,38.41,39.83,38.69,43.17,89.95
38121,98.12,95.52,31.38,29.33,30.4,30.49,32.81,31.2,31.56,31.65,32.32,32.12,51.4,34.71,33.01,31.84,40.27,46.52,38.41,38.41,39.83,38.69,43,89.95
38140,98.12,96.37,31.38,29.33,30.4,30.49,32.71,31.2,31.56,31.56,32.32,32.12,52.65,34.71,33.01,31.84,40.12,46.52,38.41,38.55,39.83,38.69,43.17,89.95
38160,97.24,95.52,31.38,29.33,30.4,30.49,32.71,31.2,31.56,31.75,32.32,32.12,52.14,34.71,33.01,31.84,40.27,46.52,38.41,38.55,39.83,38.83,43.17,89.95
38179,98.12,95.52,31.38,29.41,30.4,30.58,32.91,31.2,31.56,32.12,32.41,32.12,51.89,34.71,33.01,31.84,39.98,46.73,38.41,38.55,39.83,38.69,43.17,89.95
38199,98.12,96.37,31.38,29.33,30.4,30.49,32.91,31.2,31.56,32.12,32.32,32.22,51.15,34.71,33.01,31.84,40.27,46.52,38.41,38.55,39.98,38.69,43.17,88.47
38218,98.12,96.37,31.38,29.33,30.4,30.49,32.81,31.2,31.75,32.12,32.32,32.12,50.67,34.71,33.11,31.84,40.12,46.52,38.41,38.41,39.83,38.69,43.17,90.7
38238,99.02,97.24,31.38,29.33,30.4,30.49,32.91,31.2,31.65,32.12,32.32,32.12,51.89,34.71,33.01,31.84,40.12,46.52,38.41,38.55,39.83,38.69,43.17,81.15
38259,99.94,97.24,31.38,29.33,30.4,30.58,32.81,31.29,31.47,32.12,32.32,32.22,49.06,34.71,33.11,31.84,40.12,46.52,38.41,38.55,39.83,38.69,43.17,80.55
38277,99.02,97.24,31.29,29.33,30.4,30.58,32.91,31.29,31.56,32.22,32.32,32.22,50.2,34.71,33.11,31.84,40.12,46.52,38.41,38.55,39.83,38.69,43.17,81.15
38298,99.02,97.24,31.38,29.33,30.4,30.58,32.71,31.29,31.56,31.75,32.32,32.22,51.4,34.71,33.11,31.84,39.98,46.73,38.41,38.55,39.83,38.69,43.17,89.2
38316,99.94,96.37,31.29,29.33,30.4,30.58,32.71,31.29,31.56,31.75,32.41,32.12,48.4,34.71,33.11,31.93,40.12,46.52,38.41,38.55,39.98,38.83,43,89.95
38336,99.02,97.24,31.38,29.33,30.4,30.58,32.71,31.29,31.47,31.65,32.32,32.12,50.67,34.82,33.11,31.93,40.12,46.73,38.41,38.55,39.98,38.83,43,89.95
38357,99.02,96.37,31.29,29.33,30.4,30.49,32.71,31.29,31.65,31.65,32.32,32.12,51.89,34.71,33.11,31.93,40.27,46.73,38.41,38.55,39.83,38.69,43,89.95
38375,98.12,97.24,42.66,29.33,30.4,30.49,32.71,31.29,31.65,31.65,32.32,32.22,52.14,34.71,33.01,31.93,40.12,46.73,38.27,38.41,39.83,38.83,43,89.2
38396,99.02,97.24,31.29,29.33,30.4,30.58,32.71,31.29,31.65,31.65,32.32,32.22,54.24,34.71,33.01,31.93,40.12,46.73,38.41,38.55,39.83,38.69,43,89.95
38414,99.02,97.24,31.2,29.33,30.4,30.49,32.71,31.29,31.65,31.65,32.41,32.22,52.65,34.71,33.01,31.93,40.12,46.73,38.27,38.55,39.83,38.69,43.17,90.7
38435,98.12,96.37,31.2,29.33,30.4,30.49,32.71,31.29,31.75,31.65,32.41,32.22,50.91,34.71,33.01,31.93,40.12,46.73,38.41,38.55,39.98,38.69,43.17,89.95
38453,97.24,96.37,31.2,29.33,30.4,30.49,32.71,31.29,31.93,31.65,32.32,32.12,49.06,34.71,33.01,31.93,40.12,46.73,38.27,38.41,39.83,38.69,43,89.95
38474,98.12,96.37,31.11,29.33,30.4,30.49,32.81,31.29,32.12,31.65,32.32,32.12,53.7,34.71,33.01,31.93,40.12,46.73,38.41,38.55,39.83,38.69,43.17,89.95
38494,97.24,96.37,31.11,29.33,30.4,30.49,32.71,31.29,32.12,31.56,32.41,32.22,52.65,34.71,33.01,31.93,40.12,46.73,38.41,38.55,39.83,38.69,43.17,89.95
38513,98.12,96.37,31.2,29.33,30.4,30.49,32.71,31.2,32.22,31.56,32.41,32.12,53.17,34.71,33.01,31.93,40.12,46.93,38.41,38.41,39.83,38.69,43.17,89.95
38533,99.02,97.24,31.2,29.41,30.4,30.49,32.71,31.2,31.84,31.56,32.32,32.12,52.14,34.71,33.01,31.93,40.12,46.93,38.41,38.55,39.98,38.69,43.17,89.95
38551,99.94,97.24,31.2,29.33,30.4,30.49,32.71,31.2,31.65,31.56,32.32,32.22,51.4,34.71,33.01,31.93,40.12,46.93,38.41,38.41,39.83,38.55,43,89.2
38572,99.94,97.24,31.2,29.33,30.4,30.49,32.71,31.2,31.65,31.56,32.32,32.22,52.14,34.71,33.01,31.93,40.12,46.93,38.41,38.55,39.83,38.69,43,89.95
38590,99.02,97.24,31.2,29.41,30.4,30.49,32.71,31.2,31.65,31.56,32.32,32.12,51.15,34.71,33.01,31.93,40.12,46.93,38.27,38.55,39.83,38.69,43,89.95
38611,99.02,97.24,31.29,29.33,30.4,30.58,32.81,31.2,31.65,31.56,32.32,32.22,53.17,34.71,33.01,31.93,39.98,46.93,38.27,38.55,39.83,38.69,43.17,89.95
38631,99.02,97.24,31.29,29.33,30.4,30.58,32.81,31.2,31.65,31.56,32.41,32.12,51.89,34.71,33.01,31.84,40.12,46.93,38.41,38.55,39.83,38.69,43,90.7
38650,98.12,97.24,31.29,29.33,30.4,30.58,32.81,31.2,31.65,31.56,32.41,32.12,52.91,34.71,33.01,31.93,40.27,46.73,38.41,38.41,39.83,38.69,43.17,89.95
38670,99.94,97.24,31.29,29.33,30.4,30.58,32.81,31.2,31.65,31.56,32.32,32.12,53.43,34.71,33.01,31.93,40.27,46.52,38.41,38.55,39.83,38.69,43.17,90.7
38689,99.94,97.24,31.29,29.33,30.4,30.58,48.4,31.2,31.65,31.56,32.41,32.12,52.91,34.71,33.01,31.93,40.12,46.73,38.41,38.55,39.83,38.69,43.17,89.95
38709,99.94,96.37,31.29,29.33,30.4,30.58,48.19,31.2,31.65,31.56,32.41,32.22,53.43,34.71,33.01,31.93,40.12,46.73,38.27,38.55,39.83,38.69,43.17,89.95
38730,100.87,97.24,31.29,29.33,30.4,30.58,49.29,31.2,31.65,31.56,32.41,32.22,53.97,34.71,33.01,31.84,40.12,46.73,38.41,38.55,39.83,38.69,43.17,89.95
38748,100.87,98.12,31.29,29.33,30.4,30.49,43.17,31.2,31.65,31.56,32.32,32.22,52.14,34.71,33.01,31.84,40.12,46.52,38.41,38.55,39.83,38.69,43.17,89.95
38769,100.87,98.12,31.29,29.33,30.4,30.49,35.39,31.2,31.56,31.56,32.41,32.22,54.24,34.71,33.01,31.84,40.12,46.73,38.41,38.55,39.83,38.69,43.17,89.95
38787,100.87,98.12,31.29,29.33,30.4,30.58,32.91,31.11,31.56,31.56,32.32,32.12,52.91,34.71,33.01,31.84,40.12,46.73,38.41,38.55,39.83,38.69,43.17,89.95
38807,100.87,98.12,31.29,29.33,30.4,30.58,35.16,31.11,31.47,31.65,32.32,32.22,53.7,34.71,33.01,31.84,40.12,46.73,38.41,38.55,39.83,38.69,43.17,89.95
38826,100.87,98.12,31.29,29.33,30.4,30.58,32.91,31.11,31.47,31.56,32.41,32.12,55.64,34.71,33.01,31.84,40.12,46.52,38.27,38.55,39.83,38.69,43.17,89.95
38846,100.87,97.24,31.29,29.33,30.4,30.58,32.91,31.11,31.47,31.65,32.41,32.12,54.51,34.71,33.01,31.75,40.27,46.73,38.41,38.41,39.83,38.69,43.17,89.95
38867,100.87,97.24,31.38,29.33,30.4,30.58,32.91,31.11,31.47,31.65,32.32,32.12,51.89,34.71,33.01,31.84,40.12,46.73,38.41,38.55,39.83,38.69,43.17,89.2
38887,100.87,97.24,31.29,29.33,30.4,30.58,32.91,31.11,31.47,31.65,32.41,32.12,54.24,34.71,33.01,31.84,40.12,46.52,38.41,38.55,39.83,38.69,43.17,89.95
38906,100.87,97.24,31.29,29.33,30.4,30.58,32.91,31.11,31.47,31.56,32.41,32.12,53.7,34.71,33.01,31.84,40.12,46.52,38.41,38.55,39.83,38.69,43.17,89.2
38926,99.94,97.24,31.29,29.33,30.4,30.49,32.91,31.11,31.47,31.56,32.32,32.22,54.79,34.71,33.01,31.84,40.27,46.73,38.41,38.55,39.83,38.69,43.17,89.95
38945,99.94,96.37,31.29,29.33,30.4,30.58,32.91,31.11,31.47,31.65,32.32,32.22,55.92,34.71,33.01,31.84,40.27,46.52,38.41,38.55,39.83,38.69,43.17,89.2
38965,99.94,96.37,31.29,29.33,30.4,30.58,32.91,31.11,31.47,31.65,32.32,32.12,53.97,34.71,33.01,31.84,40.27,46.52,38.41,38.55,39.83,38.69,43.17,89.95
38986,99.02,96.37,31.29,29.33,30.4,30.58,32.91,31.11,31.11,31.56,32.32,32.12,52.65,34.71,33.01,31.84,40.27,46.52,38.41,38.55,39.83,38.69,43.17,90.7
39004,98.12,95.52,31.29,29.33,30.4,30.58,33.01,31.02,31.11,31.56,32.41,32.22,53.43,34.71,33.01,31.84,40.27,46.32,38.41,38.55,39.83,38.55,43.17,91.47
39025,98.12,95.52,31.29,29.33,30.4,30.49,33.01,31.02,31.11,31.56,32.32,32.12,50.67,34.71,33.01,31.84,40.12,46.32,38.41,38.55,39.98,38.69,43.17,91.47
39043,98.12,95.52,31.29,29.33,30.4,30.49,50.91,31.02,31.11,31.56,32.41,32.12,54.24,34.71,33.01,31.84,40.27,46.32,38.41,38.55,39.83,38.69,43.17,89.95
39063,99.02,96.37,31.29,29.33,30.4,30.49,52.91,31.02,31.11,31.56,32.41,32.12,55.92,34.71,32.91,31.84,40.27,46.32,38.41,38.55,39.83,38.69,43.17,81.15
39082,99.02,96.37,31.29,29.33,30.4,30.49,44.79,31.02,31.11,31.56,32.32,32.12,55.35,34.71,33.01,31.84,40.12,46.32,38.41,38.55,39.83,38.69,43,81.15
39102,99.94,97.24,31.29,29.33,30.4,30.58,45.54,31.02,31.11,31.56,32.41,32.22,51.15,34.71,33.01,31.84,40.12,46.52,38.41,38.55,39.98,38.69,43.17,92.25
39123,99.94,97.24,31.29,29.33,30.4,30.49,46.93,31.02,31.11,31.65,32.32,32.12,52.91,34.71,33.01,31.84,40.27,46.32,38.41,38.55,39.83,38.69,43.17,81.15
39141,99.94,97.24,31.29,29.33,30.4,30.58,47.34,31.02,31.2,31.65,32.32,32.12,54.79,34.59,33.01,31.75,40.27,46.52,38.41,38.55,39.83,38.69,43.17,90.7
39162,99.94,97.24,31.29,29.33,30.4,30.58,46.93,31.11,31.2,31.65,32.32,32.12,52.91,34.71,33.01,31.84,40.12,46.32,38.41,38.55,39.83,38.69,43.17,81.15
39182,99.94,97.24,31.29,29.41,30.4,30.58,46.73,31.11,31.11,31.65,32.32,32.12,53.17,34.71,33.11,31.84,40.27,46.32,38.41,38.55,39.83,38.69,43.17,81.15
39201,99.94,97.24,31.38,29.33,30.4,30.58,32.81,31.11,31.11,31.65,32.32,32.12,54.51,34.71,33.11,31.84,40.27,46.32,38.41,38.55,39.83,38.69,43.17,81.15
39221,99.94,97.24,31.29,29.33,30.4,30.49,32.81,31.11,31.11,31.65,32.41,32.12,55.92,34.71,33.11,31.84,40.12,46.32,38.41,38.55,39.83,38.69,43.17,90.7
39242,99.94,97.24,31.38,29.33,30.4,30.49,32.81,31.11,31.38,31.65,32.32,32.12,52.65,34.71,33.11,31.84,40.12,46.32,38.41,38.55,39.98,38.69,43.17,92.25
39262,99.94,97.24,31.29,29.33,30.4,30.58,33.73,31.11,31.47,31.65,32.32,32.12,50.91,34.71,33.11,31.84,40.12,46.32,38.41,38.55,39.83,38.69,43.17,91.47
39281,99.94,97.24,31.38,29.33,30.4,30.58,32.81,31.11,31.47,31.65,32.32,32.12,52.91,34.71,33.11,31.84,40.27,46.32,38.41,38.55,39.83,38.69,43.17,92.25
39301,99.94,98.12,31.29,29.33,30.4,30.58,32.91,31.11,31.47,31.65,32.32,32.12,51.89,34.71,33.01,31.84,40.27,46.32,38.41,38.55,39.98,38.69,43.17,91.47
39319,100.87,98.12,31.38,29.33,30.4,30.58,32.81,31.2,31.47,31.65,32.32,32.12,54.51,34.71,33.11,31.75,40.27,46.32,38.41,38.55,39.83,38.69,43,81.77
39340,99.94,98.12,31.38,29.33,30.4,30.58,32.81,31.11,31.56,31.65,32.32,32.12,56.22,34.71,33.11,31.84,40.27,46.32,38.41,38.55,39.98,38.69,43.17,81.15
39358,100.87,97.24,31.38,29.33,30.4,30.58,32.81,31.11,31.56,31.56,32.32,32.12,55.35,34.71,33.11,31.75,40.27,46.13,38.41,38.55,39.98,38.69,43.17,81.77
39379,99.94,98.12,31.38,29.33,30.4,30.49,32.81,31.11,31.47,31.56,32.41,32.12,56.81,34.71,33.01,31.84,40.12,46.13,38.41,38.55,39.98,38.69,43.17,80.55
39399,100.87,99.02,31.38,29.33,30.4,30.58,32.81,31.2,31.56,32.03,32.32,32.12,59.63,34.71,33.11,31.84,40.27,46.13,38.41,38.55,39.98,38.69,43.17,81.15
39418,100.87,99.02,31.38,29.33,30.4,30.58,32.81,31.2,31.56,32.03,32.32,32.12,57.72,34.71,33.01,31.84,40.27,46.13,38.41,38.41,39.83,38.69,43.17,81.15
39438,100.87,98.12,31.38,29.33,30.4,30.58,32.71,31.2,31.56,32.12,32.32,32.12,57.72,34.71,33.11,31.84,40.27,46.13,38.41,38.55,39.83,38.69,43.17,91.47
39457,100.87,99.02,31.38,29.33,30.4,30.58,32.81,31.2,31.56,32.12,32.32,32.12,57.72,34.71,33.11,31.84,40.27,46.13,38.41,38.55,39.83,38.69,43.17,91.47
39477,100.87,99.02,31.38,29.33,30.4,30.58,34.16,31.2,31.56,32.12,32.32,32.12,58.03,34.71,33.11,31.75,40.12,46.13,38.41,38.55,39.98,38.69,43.17,91.47
39498,101.83,99.02,31.38,29.33,30.4,30.58,32.91,31.2,31.56,32.12,32.32,32.12,62.75,34.71,33.11,31.75,40.12,46.13,38.41,38.55,39.98,38.69,43.17,91.47
39516,100.87,98.12,31.38,29.33,30.4,30.49,32.91,31.2,31.56,32.12,32.32,32.12,66.63,34.71,33.11,31.84,40.27,46.13,38.41,38.55,39.98,38.83,43.17,91.47
39537,99.94,98.12,31.29,29.33,30.4,30.49,32.91,31.2,31.56,32.12,32.32,32.12,65.02,34.71,33.11,31.84,40.27,46.13,38.41,38.55,39.98,38.69,43.17,91.47
39555,99.94,98.12,31.38,29.33,30.4,30.49,32.91,31.2,31.56,32.12,32.41,32.12,63.12,34.71,33.11,31.84,40.27,46.13,38.41,38.55,39.98,38.69,43.17,91.47
39575,99.94,98.12,31.38,29.33,30.4,30.58,32.91,31.2,31.56,31.75,32.32,32.12,64.63,34.71,33.11,31.84,40.27,45.93,38.27,38.55,39.83,38.69,43.17,91.47
39594,99.02,98.12,31.29,29.33,30.4,30.49,32.91,31.2,31.56,31.75,32.41,32.22,61.68,34.71,33.11,31.84,40.12,46.32,38.41,38.55,39.83,38.69,43.17,91.47
39614,99.94,98.12,31.29,29.33,30.4,30.58,36.71,31.2,31.56,31.75,32.32,32.22,57.41,34.71,33.01,31.84,40.27,46.13,38.27,38.41,39.83,38.55,43.17,91.47
39635,99.94,97.24,31.29,29.33,30.4,30.58,61.33,31.2,31.56,31.75,32.32,32.22,56.51,34.71,33.11,31.84,40.12,46.32,38.41,38.55,39.83,38.69,43.17,91.47
39653,99.02,97.24,31.29,29.33,30.4,30.58,32.81,31.2,31.56,31.75,32.32,32.12,55.92,34.71,33.11,31.84,40.12,46.13,38.41,38.55,39.98,38.69,43.17,91.47
39674,99.94,98.12,31.29,29.33,30.4,30.58,32.81,31.2,31.56,31.75,32.41,32.22,59.63,34.59,33.11,31.84,40.12,46.13,38.41,38.55,39.98,38.69,43.17,91.47
39692,99.94,98.12,31.29,29.33,30.4,30.58,40.43,31.2,31.56,31.75,32.41,32.22,55.35,34.71,33.01,31.84,40.12,46.13,38.41,38.55,39.83,38.69,43.17,91.47
39713,99.94,97.24,31.29,29.41,30.4,30.49,32.91,31.2,31.47,31.75,32.32,32.12,57.11,34.71,33.01,31.84,40.12,46.13,38.41,38.55,39.98,38.69,43.17,91.47
39731,99.94,97.24,31.2,29.33,30.4,30.58,32.91,31.2,31.56,31.65,32.32,32.22,56.81,34.71,33.01,31.84,40.12,46.13,38.27,38.55,39.83,38.69,43,91.47
39752,99.94,97.24,31.2,29.41,30.4,30.49,32.81,31.11,31.47,31.65,32.32,32.12,55.35,34.71,33.01,31.84,40.12,46.13,38.27,38.55,39.98,38.69,43.17,91.47
39772,99.02,96.37,31.2,29.33,30.4,30.49,32.81,31.11,31.47,31.65,32.32,32.12,56.81,34.71,33.01,31.84,40.27,46.13,38.27,38.55,39.83,38.69,43.17,91.47
39791,99.02,96.37,31.2,29.33,30.4,30.58,32.91,31.11,31.47,31.65,32.32,32.12,52.65,34.71,33.01,31.84,40.12,46.13,38.27,38.55,39.98,38.69,43,91.47
39811,98.12,96.37,31.29,29.33,30.4,30.49,33.01,31.11,31.47,31.65,32.32,32.12,55.64,34.71,33.01,31.84,40.12,46.13,38.27,38.55,39.83,38.69,43.17,90.7
39829,99.02,96.37,31.29,29.33,30.4,30.49,32.91,31.11,31.47,31.65,32.32,32.12,55.07,34.71,33.01,31.84,40.12,46.13,38.41,38.55,39.83,38.69,43.17,91.47
39850,98.12,95.52,31.2,29.33,30.4,30.49,32.81,31.11,31.47,31.65,32.32,32.12,53.7,34.71,33.01,31.84,40.12,46.13,38.41,38.55,39.83,38.69,43.17,91.47
39870,98.12,96.37,31.2,29.41,30.4,30.49,32.91,31.11,31.47,31.65,32.32,32.12,52.14,34.71,33.01,31.84,40.12,46.13,38.27,38.55,39.83,38.69,43.17,91.47
39889,99.02,96.37,31.2,29.41,30.4,30.49,32.81,31.11,31.47,31.65,32.41,32.12,51.89,34.71,33.01,31.84,40.12,46.13,38.41,38.55,39.83,38.69,43.17,91.47
39909,99.02,96.37,31.29,29.41,30.4,30.49,32.91,31.11,31.47,31.65,32.32,32.22,53.97,34.71,33.01,31.84,40.12,46.13,38.41,38.55,39.83,38.69,43.17,91.47
39928,98.12,95.52,31.29,29.33,30.4,30.49,32.91,31.11,31.47,31.65,32.32,32.12,55.92,34.71,33.01,31.84,40.12,46.13,38.41,38.41,39.98,38.69,43.17,91.47
39948,98.12,95.52,31.2,29.41,30.4,30.49,32.81,31.11,31.56,31.65,32.32,32.12,55.35,34.71,33.01,31.84,40.12,46.13,38.41,38.55,39.98,38.69,43.17,91.47
39967,98.12,94.68,31.2,29.33,30.4,30.49,32.81,31.11,31.47,31.65,32.32,32.12,63.49,34.71,33.01,31.84,40.12,46.13,38.41,38.55,39.98,38.55,43.17,91.47
39987,98.12,94.68,31.29,29.33,30.4,30.49,32.81,31.11,31.47,31.65,32.32,32.12,64.25,34.71,33.01,31.84,40.12,46.13,38.27,38.55,39.83,38.69,43.17,91.47
40008,97.24,94.68,31.29,29.33,30.4,30.49,32.91,31.11,31.47,31.65,32.41,32.12,65.02,34.71,33.01,31.84,40.12,46.13,38.41,38.41,39.98,38.69,43.17,91.47
40026,97.24,94.68,31.29,29.33,30.4,30.49,32.81,31.11,31.47,31.65,32.32,32.12,65.02,34.71,33.01,31.84,40.12,46.13,38.41,38.55,39.98,38.55,43,91.47
40047,97.24,94.68,31.29,29.41,30.4,30.49,32.81,31.11,31.47,31.65,32.32,32.12,63.87,34.71,33.01,31.84,40.27,46.13,38.41,38.55,39.83,38.69,43.17,91.47
40065,98.12,93.86,31.29,29.33,30.4,30.49,32.81,31.11,31.47,31.75,32.32,32.12,64.63,34.71,33.01,31.84,40.12,46.13,38.41,38.55,39.83,38.69,43.17,91.47
40085,96.37,93.05,31.29,29.41,30.4,30.49,32.71,31.11,31.47,31.56,32.32,32.12,64.25,34.71,33.01,31.84,40.12,46.32,38.41,38.55,39.83,38.69,43.17,91.47
40104,95.52,92.25,31.29,29.33,30.4,30.49,32.81,31.11,31.47,31.56,32.32,32.12,65.02,34.71,33.01,31.75,40.27,46.32,38.41,38.55,39.83,38.69,43.17,91.47
40124,95.52,91.47,31.29,29.33,30.4,30.49,32.81,31.11,31.47,31.56,32.41,32.12,66.22,34.71,33.01,31.84,40.12,46.32,38.41,38.55,39.83,38.69,43.17,91.47
40145,94.68,91.47,31.29,29.33,30.4,30.49,32.91,31.11,31.47,31.56,32.32,32.12,70.09,34.71,33.01,31.84,40.27,46.32,38.41,38.55,39.83,38.69,43.17,91.47
40163,94.68,91.47,31.29,29.33,30.4,30.49,32.81,31.11,31.38,31.56,32.32,32.12,69.19,34.71,33.01,31.75,40.27,46.32,38.41,38.55,39.83,38.69,43.17,91.47
40184,94.68,91.47,31.29,29.33,30.4,30.49,33.01,31.11,31.47,31.56,32.41,32.12,69.64,34.71,33.01,31.84,40.12,46.32,38.41,38.55,39.83,38.69,43.17,91.47
40202,93.86,90.7,31.29,29.33,30.4,30.49,32.91,31.11,31.47,31.56,32.41,32.12,68.31,34.71,33.01,31.84,40.27,46.52,38.41,38.55,39.83,38.69,43.17,91.47
40223,93.86,90.7,31.2,29.33,30.4,30.49,32.91,31.11,31.47,31.56,32.32,32.12,68.31,34.71,33.01,31.84,40.12,46.32,38.41,38.55,39.83,38.69,43.17,91.47
40241,93.86,90.7,31.2,29.33,30.4,30.49,32.91,31.11,31.11,31.56,32.32,32.12,68.75,34.71,32.91,31.84,40.27,46.52,38.41,38.55,39.83,38.55,43.17,91.47
40262,93.86,90.7,31.2,29.33,30.4,30.49,33.21,31.02,31.11,31.47,32.32,32.12,68.75,34.71,33.01,31.84,40.12,46.32,38.41,38.55,39.83,38.55,43.17,91.47
40282,93.86,90.7,31.2,29.33,30.4,30.49,43.88,31.02,31.11,31.56,32.41,32.12,68.75,34.71,33.01,31.84,40.27,46.32,38.27,38.55,39.83,38.69,43.17,92.25
40300,94.68,91.47,31.2,29.33,30.4,30.49,32.91,31.02,31.11,31.56,32.41,32.12,67.46,34.71,33.01,31.84,40.12,46.32,38.41,38.55,39.83,38.69,43.17,92.25
40321,95.52,91.47,31.2,29.33,30.4,30.49,32.91,31.02,31.11,31.56,32.41,32.12,67.04,34.71,32.91,31.84,40.27,46.32,38.41,38.55,39.83,38.69,43.17,91.47
40339,95.52,93.05,31.2,29.41,30.4,30.49,32.91,31.02,31.11,31.56,32.32,32.12,58.66,34.71,33.01,31.84,40.27,46.32,38.41,38.55,39.83,38.69,43.17,91.47
40360,95.52,93.05,31.2,29.33,30.4,30.49,32.91,31.02,31.11,31.56,32.32,32.12,55.07,34.71,33.01,31.84,40.27,46.32,38.41,38.55,39.83,38.69,43.17,91.47
40378,95.52,92.25,31.2,29.33,30.4,30.49,32.61,31.02,31.11,31.65,32.32,32.12,53.7,34.71,33.01,31.75,40.12,46.52,38.41,38.55,39.83,38.69,43.17,91.47
40401,95.52,92.25,31.2,29.33,30.4,30.49,32.91,31.02,31.11,31.56,32.32,32.12,54.79,34.59,33.01,31.84,40.12,46.52,38.41,38.55,39.83,38.69,43,91.47
40419,95.52,92.25,31.29,29.33,30.4,30.49,32.91,31.02,31.29,31.56,32.32,32.12,54.51,34.71,33.01,31.75,40.27,46.32,38.41,38.55,39.83,38.69,43.17,91.47
40440,95.52,92.25,31.29,29.33,30.4,30.49,32.81,30.93,31.11,31.56,32.41,32.12,54.79,34.71,33.01,31.75,40.12,46.52,38.41,38.41,39.83,38.69,43.17,91.47
40458,95.52,92.25,31.2,29.33,30.4,30.49,32.91,31.02,31.11,31.56,32.41,32.12,53.43,34.71,33.01,31.75,40.12,46.52,38.27,38.55,39.83,38.69,43.17,92.25
40479,96.37,93.05,31.2,29.33,30.4,30.49,32.91,31.02,31.11,31.56,32.32,32.12,54.24,34.71,33.01,31.75,40.27,46.32,38.41,38.41,39.83,38.69,43.17,92.25
40497,96.37,93.05,31.29,29.33,30.4,30.4,33.01,31.02,31.11,31.65,32.32,32.12,54.51,34.71,32.91,31.84,40.27,46.52,38.41,38.55,39.83,38.69,43.17,91.47
40518,97.24,93.05,31.29,29.33,30.4,30.49,32.91,31.02,31.38,31.56,32.32,32.12,55.35,34.71,33.01,31.75,40.12,46.52,38.27,38.55,39.83,38.69,43.17,91.47
40538,97.24,94.68,31.29,29.33,30.4,30.49,33.01,31.02,31.38,31.56,32.32,32.12,55.35,34.71,33.01,31.75,40.12,46.52,38.27,38.55,39.83,38.69,43.17,91.47
40556,98.12,94.68,31.29,29.33,30.4,30.49,32.91,31.02,31.29,31.56,32.32,32.12,54.51,34.71,33.01,31.75,39.98,46.32,38.41,38.55,39.83,38.69,43.17,90.7
40577,99.02,95.52,31.29,29.33,30.4,30.49,33.11,31.02,31.29,31.56,32.32,32.12,55.07,34.71,33.01,31.84,40.27,46.32,38.41,38.55,39.83,38.69,43.17,91.47
40595,99.02,96.37,31.29,29.33,30.4,30.49,33.11,31.02,31.38,31.56,32.32,32.12,53.7,34.71,33.01,31.84,40.12,46.52,38.41,38.55,39.83,38.69,43.17,91.47
40616,99.94,97.24,31.29,29.33,30.4,30.49,32.81,31.02,31.38,31.56,32.32,32.12,54.51,34.71,33.01,31.84,40.12,46.52,38.41,38.55,39.83,38.55,43.17,91.47
40634,100.87,97.24,31.29,29.33,30.4,30.49,32.81,31.02,31.38,31.56,32.32,32.12,55.35,34.71,33.01,31.84,40.12,46.52,38.41,38.55,39.83,38.69,43,91.47
40655,100.87,98.12,31.29,29.33,30.4,30.49,32.81,31.02,31.11,31.56,32.32,32.12,55.64,34.71,33.01,31.84,40.12,46.52,38.41,38.55,39.98,38.69,43.17,91.47
40675,100.87,98.12,31.29,29.33,30.4,30.58,32.81,31.11,31.11,31.56,32.32,32.12,55.92,34.71,33.01,31.84,40.12,46.52,38.41,38.55,39.83,38.83,43.17,91.47
40694,100.87,98.12,31.29,29.33,30.4,30.58,32.81,31.11,31.38,31.56,32.32,32.12,59.63,34.71,33.01,31.84,40.27,46.52,38.41,38.55,39.98,38.83,43.17,91.47
40714,100.87,99.02,31.29,29.33,30.4,30.58,32.81,31.11,31.38,31.56,32.41,32.12,65.81,34.71,33.01,31.84,40.27,46.52,38.41,38.55,39.83,38.69,43.17,91.47
40733,101.83,99.02,31.29,29.33,30.4,30.49,32.91,31.11,31.38,31.56,32.32,32.12,67.46,34.71,33.01,31.84,40.27,46.32,38.41,38.55,39.83,38.69,43.17,91.47
40753,102.8,99.94,31.29,29.33,30.4,30.49,32.91,31.11,31.47,31.56,32.32,32.12,65.42,34.71,33.01,31.84,40.12,46.32,38.41,38.55,39.98,38.69,43.17,92.25
40774,102.8,99.94,31.29,29.33,30.4,30.58,32.81,31.11,31.47,31.56,32.32,32.12,66.22,34.71,33.01,31.84,40.12,46.32,38.41,38.55,39.83,38.83,43.17,91.47
40792,102.8,99.02,31.29,29.33,30.4,30.58,32.91,31.11,31.11,31.56,32.41,32.12,60.64,34.59,33.01,31.84,40.12,46.32,38.27,38.55,39.83,38.69,43.17,91.47
40812,102.8,99.94,31.29,29.33,30.4,30.58,32.81,31.11,31.11,31.56,32.32,32.12,60.98,34.71,33.01,31.84,39.83,46.32,38.41,38.55,39.83,38.55,43.17,91.47
40831,102.8,99.94,31.29,29.33,30.4,30.58,32.91,31.11,31.11,31.47,32.41,32.12,64.63,34.71,33.01,31.84,40.12,46.32,38.41,38.55,39.83,38.69,43.17,91.47
40851,102.8,99.94,31.29,29.33,30.4,30.58,33.01,31.11,31.38,31.56,32.41,32.12,57.72,34.71,33.01,31.84,40.12,46.32,38.41,38.55,39.98,38.69,43.17,80.55
40870,101.83,99.94,31.29,29.33,30.4,30.49,32.91,31.11,31.11,31.47,32.41,32.12,54.51,34.71,33.01,31.84,40.12,46.32,38.41,38.55,39.98,38.69,43.17,90.7
40890,102.8,99.94,31.29,29.41,30.4,30.58,32.91,31.02,31.2,31.47,32.32,32.12,55.92,34.71,33.01,31.84,40.12,46.13,38.27,38.55,39.83,38.69,43.17,81.15
40911,101.83,99.02,31.29,29.33,30.4,30.49,33.01,31.02,31.11,31.47,32.32,32.12,55.07,34.71,33.01,31.84,40.12,46.32,38.27,38.55,39.83,38.69,43.17,81.15
40929,100.87,99.94,31.2,29.33,30.4,30.49,32.81,31.02,31.02,31.47,32.32,32.12,56.22,34.59,33.01,31.84,40.12,46.32,38.41,38.55,39.68,38.69,43.17,81.15
40950,100.87,99.94,31.29,29.33,30.4,30.58,32.91,31.02,31.02,31.47,32.41,32.12,52.91,34.71,33.01,31.93,40.12,46.32,38.41,38.55,39.83,38.69,43.17,81.15
40968,102.8,99.94,31.2,29.33,30.4,30.58,33.42,31.02,31.02,31.47,32.32,32.12,53.97,34.71,33.01,31.84,40.12,46.32,38.27,38.55,39.83,38.69,43.17,89.2
40989,102.8,99.94,31.2,29.33,30.4,30.58,36.34,31.02,31.02,31.47,32.41,32.12,53.97,34.71,33.01,31.84,39.98,46.32,38.27,38.55,39.83,38.69,43.17,89.95
41007,102.8,99.02,31.2,29.33,30.4,30.49,33.01,31.02,31.02,31.47,32.41,32.12,53.43,34.71,33.01,31.93,40.12,46.32,38.27,38.41,39.83,38.69,43.17,89.95
41027,102.8,99.02,31.2,29.33,30.4,30.58,32.91,31.02,31.02,31.47,32.41,32.12,54.79,34.59,33.01,31.84,40.12,46.13,38.27,38.55,39.83,38.69,43.17,89.95
41048,101.83,99.02,31.2,29.33,30.4,30.49,47.34,31.02,31.02,31.47,32.32,32.12,53.97,34.71,33.01,31.93,40.12,46.32,38.27,38.41,39.83,38.69,43.17,89.95
41066,101.83,99.02,31.2,29.33,30.4,30.49,51.15,31.02,31.02,31.47,32.32,32.12,55.64,34.71,33.01,31.93,40.12,46.13,38.41,38.55,39.83,38.69,43.17,89.95
41087,101.83,99.02,31.2,29.33,30.49,30.58,51.4,30.93,31.02,31.47,32.41,32.12,54.51,34.71,33.01,31.84,40.12,46.13,38.27,38.55,39.83,38.69,43.17,89.95
41105,101.83,99.02,31.2,29.33,30.4,30.49,51.4,31.02,31.02,31.47,32.32,32.12,52.4,34.71,32.91,31.84,39.98,46.32,38.41,38.55,39.98,38.69,43.17,89.95
41126,101.83,99.02,31.2,29.33,30.49,30.49,51.64,31.02,31.02,31.47,32.41,32.12,54.79,34.59,33.01,31.84,40.12,46.13,38.27,38.41,39.83,38.69,43.17,89.95
41146,101.83,99.02,31.2,29.41,30.49,30.49,49.97,31.02,31.02,31.47,32.41,32.12,55.92,34.71,33.01,31.84,40.12,46.13,38.27,38.55,39.83,38.69,43.17,89.2
41165,101.83,99.02,31.2,29.33,30.4,30.58,50.67,31.02,31.02,31.47,32.41,32.12,55.07,34.71,33.01,31.84,40.12,46.13,38.41,38.55,39.83,38.69,43.17,89.95
41185,101.83,99.02,31.2,29.33,30.4,30.49,50.44,31.02,31.02,31.47,32.41,32.12,55.07,34.71,32.91,31.84,40.12,46.13,38.41,38.55,39.83,38.69,43.17,89.95
41204,101.83,98.12,31.29,29.33,30.4,30.49,49.29,31.02,31.29,31.47,32.32,32.12,53.17,34.59,33.01,31.84,40.12,46.13,38.41,38.55,39.83,38.69,43.17,89.95
41224,102.8,98.12,31.29,29.33,30.4,30.49,49.97,31.02,31.02,31.47,32.32,32.12,54.79,34.71,33.01,31.84,40.12,46.32,38.41,38.55,39.83,38.69,43.17,89.95
41243,101.83,99.02,31.29,29.33,30.49,30.58,35.27,31.02,31.02,31.47,32.32,32.12,54.24,34.71,32.91,31.84,40.12,46.32,38.41,38.55,39.98,38.69,43.17,89.95
41263,101.83,99.94,31.29,29.33,30.4,30.58,32.91,31.02,31.2,31.47,32.32,32.12,53.17,34.71,33.01,31.84,40.27,46.32,38.41,38.55,39.83,38.69,43.17,89.95
41283,101.83,99.02,31.29,29.33,30.4,30.58,44.79,31.02,31.11,31.47,32.32,32.12,54.51,34.71,33.01,31.84,40.12,46.32,38.41,38.55,39.83,38.69,43.17,89.95
41302,101.83,99.02,31.29,29.33,30.4,30.58,32.91,31.02,31.29,31.47,32.32,32.12,54.79,34.71,33.01,31.84,40.12,46.32,38.41,38.55,39.83,38.69,43.17,89.95
41322,101.83,99.02,31.29,29.33,30.4,30.49,50.44,31.02,31.29,31.47,32.32,32.12,55.92,34.71,33.01,31.84,40.27,46.32,38.41,38.55,39.83,38.69,43.17,90.7
41341,101.83,98.12,31.29,29.33,30.4,30.49,50.67,31.02,31.11,31.47,32.32,32.12,56.81,34.71,33.01,31.75,40.12,46.32,38.41,38.55,39.83,38.69,43.17,89.95
41361,100.87,98.12,31.29,29.33,30.4,30.49,52.14,31.02,31.02,31.47,32.32,32.12,54.79,34.71,33.01,31.84,40.27,46.32,38.41,38.55,39.83,38.69,43.17,90.7
41380,100.87,97.24,31.29,29.33,30.4,30.49,57.41,31.02,31.02,31.47,32.41,32.12,53.97,34.71,33.01,31.84,40.27,46.52,38.41,38.55,39.83,38.69,43.17,89.95
41400,99.94,97.24,31.2,29.33,30.4,30.49,58.03,31.02,31.02,31.47,32.32,32.12,59.31,34.71,33.01,31.84,40.27,46.52,38.41,38.55,39.98,38.69,43.17,89.95
41421,100.87,97.24,31.29,29.33,30.4,30.49,56.22,31.02,31.11,31.47,32.32,32.12,58.03,34.71,33.01,31.84,40.12,46.52,38.41,38.55,39.83,38.69,43.17,90.7
41439,100.87,97.24,31.29,29.33,30.4,30.49,56.81,31.02,31.11,31.47,32.41,32.12,69.19,34.71,33.01,31.84,40.27,46.52,38.41,38.55,39.83,38.69,43.17,89.95
41460,100.87,97.24,31.29,29.33,30.4,30.49,56.22,31.02,31.11,31.47,32.32,32.12,61.33,34.71,33.01,31.84,40.27,46.52,38.41,38.55,39.83,38.69,43.17,90.7
41478,99.94,96.37,31.2,29.33,30.4,30.49,55.92,31.02,31.38,31.47,32.41,32.12,68.75,34.71,33.01,31.84,40.12,46.52,38.41,38.55,39.83,38.69,43.17,89.95
41499,98.12,95.52,31.2,29.33,30.4,30.49,51.4,31.02,31.02,31.47,32.32,32.12,68.31,34.71,33.01,31.84,40.27,46.52,38.41,38.55,39.68,38.69,43.17,89.95
41519,97.24,94.68,31.29,29.33,30.4,30.49,41.04,31.02,31.11,31.47,32.32,32.12,67.46,34.71,33.01,31.84,40.27,46.52,38.41,38.55,39.83,38.69,43.17,89.95
41537,97.24,93.86,31.2,29.33,30.4,30.49,35.5,30.93,31.11,31.47,32.32,32.12,69.64,34.71,32.91,31.84,40.27,46.73,38.41,38.55,39.83,38.55,43.17,89.95
41558,98.12,94.68,31.2,29.33,30.4,30.49,47.55,31.02,31.02,31.47,32.32,32.12,71.01,34.71,33.01,31.84,40.27,46.52,38.41,38.55,39.83,38.69,43,89.95
41576,98.12,94.68,31.2,29.33,30.4,30.49,41.84,30.93,31.02,31.47,32.32,32.12,68.75,34.71,33.01,31.84,40.12,46.73,38.41,38.55,39.83,38.55,43.17,89.95
41597,99.02,95.52,31.29,29.41,30.4,30.49,48.62,30.93,31.02,31.56,32.32,32.12,72.44,34.71,33.01,31.84,40.12,46.73,38.27,38.55,39.83,38.69,43.17,89.95
41615,99.02,95.52,31.29,29.33,30.4,30.49,50.2,30.93,31.02,31.56,32.32,32.12,71.96,34.71,33.01,31.84,40.12,46.73,38.41,38.55,39.83,38.69,43.17,89.95
41636,98.12,95.52,31.29,29.41,30.4,30.49,49.97,30.93,31.02,31.56,32.32,32.12,71.48,34.71,33.01,31.84,40.12,46.73,38.41,38.55,39.83,38.69,43.17,90.7
41656,98.12,95.52,31.29,29.41,30.4,30.49,50.67,30.93,31.02,31.47,32.32,32.12,71.96,34.71,32.91,31.84,40.12,46.52,38.41,38.55,39.83,38.69,43.17,89.95
41675,98.12,93.86,31.29,29.33,30.4,30.49,34.48,30.93,30.93,31.47,32.32,32.12,58.66,34.71,33.01,31.84,40.27,46.73,38.41,38.55,39.83,38.69,43.17,89.95
41695,95.52,93.05,31.29,29.33,30.49,30.4,33.84,30.93,31.02,31.47,32.41,32.12,58.34,34.71,33.01,31.84,40.27,46.73,38.41,38.55,39.83,38.69,43.17,89.95
41714,95.52,92.25,31.29,29.33,30.4,30.4,33.84,30.93,31.02,31.47,32.32,32.12,56.22,34.71,32.91,31.84,40.27,46.73,38.41,38.55,39.83,38.69,43.17,89.2
41734,95.52,92.25,31.2,29.33,30.49,30.49,35.04,30.93,31.02,31.47,32.32,32.12,58.34,34.71,32.91,31.84,40.27,46.73,38.41,38.55,39.83,38.41,43.17,89.95
41752,95.52,92.25,31.2,29.33,30.4,30.49,44.97,30.93,31.02,31.47,32.32,32.12,55.92,34.71,32.91,31.84,40.27,46.73,38.41,38.55,39.83,38.69,43.17,89.95
41773,95.52,93.05,31.2,29.33,30.4,30.49,59.31,30.93,31.02,31.56,32.32,32.12,53.7,34.71,32.91,31.84,40.27,46.73,38.41,38.55,39.83,38.69,43.17,89.2
41793,95.52,93.05,31.2,29.33,30.4,30.49,59.63,30.93,31.02,31.56,32.32,32.12,55.07,34.71,32.91,31.75,40.12,46.73,38.41,38.55,39.83,38.69,43.17,89.95
41812,94.68,93.05,31.29,29.33,30.49,30.49,52.65,30.93,31.02,31.47,32.32,32.12,57.41,34.71,32.91,31.84,40.27,46.73,38.41,38.55,39.83,38.69,43.17,89.95
41832,94.68,93.05,31.2,29.33,30.49,30.49,33.01,30.93,31.02,31.47,32.32,32.12,57.41,34.71,33.01,31.84,40.12,46.73,38.41,38.41,39.83,38.69,43.17,89.2
41851,94.68,92.25,31.29,29.33,30.4,30.49,32.91,30.93,31.02,31.47,32.32,32.12,57.72,34.71,33.01,31.75,40.27,46.73,38.41,38.55,39.83,38.69,43,89.95
41871,93.86,92.25,31.29,29.33,30.4,30.49,47.34,30.93,31.02,31.47,32.32,32.12,56.81,34.71,33.01,31.75,40.27,46.73,38.41,38.55,39.98,38.69,43.17,89.95
41892,94.68,93.05,31.29,29.33,30.4,30.49,32.91,31.02,31.02,31.47,32.32,32.12,56.22,34.71,33.01,31.75,40.12,46.73,38.41,38.55,39.83,38.69,43.17,89.95
41910,95.52,92.25,31.29,29.33,30.4,30.49,33.21,30.93,31.02,31.47,32.32,32.12,57.41,34.71,32.91,31.75,40.27,46.73,38.41,38.55,39.83,38.69,43.17,89.95
41931,96.37,93.05,31.29,29.33,30.4,30.49,32.91,31.02,31.11,31.56,32.32,32.12,56.81,34.71,33.01,31.75,40.27,46.73,38.41,38.55,39.83,38.69,43.17,89.95
41949,96.37,93.05,31.29,29.33,30.4,30.49,32.91,31.02,31.11,31.56,32.32,32.12,55.64,34.71,33.01,31.75,40.27,46.73,38.41,38.55,39.83,38.69,43.17,89.2
41970,96.37,93.05,31.29,29.33,30.4,30.49,32.91,31.02,31.02,31.47,32.32,32.12,54.79,34.71,33.01,31.75,40.12,46.73,38.55,38.55,39.83,38.83,43.17,89.2
41988,96.37,93.05,31.29,29.33,30.4,30.49,32.91,31.02,31.02,31.47,32.41,32.12,54.79,34.71,33.01,31.75,40.27,46.73,38.55,38.55,39.98,38.69,43.17,89.2
42008,96.37,93.05,31.29,29.33,30.4,30.49,32.91,31.02,31.02,31.47,32.32,32.12,57.72,34.71,33.01,31.84,40.27,46.73,38.41,38.55,39.83,38.69,43.17,80.55
42029,94.68,93.05,31.29,29.33,30.4,30.49,32.91,31.02,31.11,31.47,32.41,32.12,57.41,34.71,33.01,31.75,40.12,46.73,38.41,38.55,39.83,38.69,43.17,81.15
42047,94.68,93.86,31.29,29.33,30.4,30.49,32.91,31.02,31.02,31.47,32.32,32.12,59.31,34.71,33.01,31.75,40.27,46.73,38.41,38.55,39.83,38.69,43.17,91.47
42068,97.24,93.86,31.29,29.33,30.4,30.49,32.91,31.02,31.02,31.47,32.32,32.12,63.49,34.71,33.01,31.84,40.27,46.93,38.41,38.55,39.83,38.69,43.17,85.66
42086,97.24,94.68,31.2,29.33,30.4,30.49,53.97,31.02,31.02,31.47,32.32,32.12,59.31,34.71,33.01,31.84,40.12,46.73,38.41,38.55,39.83,38.69,43.17,89.95
42107,97.24,95.52,31.2,29.33,30.49,30.49,33.01,31.02,31.02,31.47,32.32,32.12,58.66,34.71,33.01,31.75,40.12,46.73,38.41,38.55,39.83,38.55,43.17,89.2
42127,98.12,94.68,31.2,29.33,30.4,30.49,33.01,30.93,31.02,31.47,32.32,32.12,57.72,34.71,33.01,31.84,40.12,46.73,38.41,38.55,39.83,38.69,43.17,89.95
42146,98.12,94.68,31.2,29.33,30.49,30.49,32.91,30.93,31.02,31.47,32.32,32.12,55.64,34.71,33.01,31.84,40.12,46.73,38.27,38.55,39.83,38.69,43.17,89.95
42166,96.37,94.68,31.2,29.33,30.49,30.49,33.01,31.02,31.02,31.47,32.41,32.12,56.81,34.71,33.01,31.84,40.12,46.73,38.41,38.55,39.83,38.69,43.17,89.2
42185,97.24,94.68,31.2,29.33,30.4,30.49,32.91,30.93,31.02,31.47,32.32,32.12,55.35,34.71,33.01,31.84,40.12,46.52,38.41,38.55,39.83,38.69,43.17,89.95
42205,96.37,94.68,31.2,29.33,30.49,30.49,33.31,30.93,31.02,31.56,32.32,32.12,53.43,34.71,33.01,31.84,40.12,46.52,38.41,38.55,39.83,38.55,43.17,89.95
42224,97.24,94.68,31.2,29.33,30.49,30.49,32.91,30.93,31.02,31.56,32.41,32.12,55.07,34.71,32.91,31.84,40.12,46.52,38.41,38.55,39.83,38.69,43.17,80.55
42244,98.12,94.68,31.11,29.33,30.49,30.49,32.91,30.93,31.02,31.56,32.32,32.12,53.97,34.71,32.91,31.84,40.12,46.52,38.27,38.55,39.83,38.69,43.17,89.2
42264,98.12,94.68,31.2,29.33,30.49,30.49,32.91,30.93,30.93,31.47,32.32,32.12,52.65,34.71,32.91,31.84,39.98,46.52,38.41,38.55,39.83,38.55,43.17,89.95
42283,97.24,94.68,31.11,29.33,30.49,30.49,32.91,30.93,30.93,31.56,32.32,32.12,52.4,34.71,32.91,31.84,40.12,46.52,38.27,38.55,39.98,38.69,43.17,89.95
42303,97.24,95.52,31.2,29.33,30.4,30.49,32.91,30.93,30.93,31.47,32.32,32.12,53.7,34.71,32.91,31.84,40.12,46.52,38.27,38.41,39.83,38.55,43.17,89.95
42322,97.24,95.52,31.11,29.33,30.4,30.49,33.01,30.93,30.93,31.56,32.32,32.12,53.43,34.71,32.91,31.84,40.12,46.52,38.41,38.41,39.83,38.69,43.17,89.95
42342,98.12,94.68,31.2,29.33,30.49,30.49,33.01,30.93,31.02,31.56,32.32,32.12,54.51,34.71,33.01,31.84,39.98,46.52,38.41,38.41,39.83,38.69,43,89.2
42361,99.02,95.52,31.2,29.41,30.49,30.49,32.91,30.93,31.02,31.56,32.32,32.12,53.17,34.71,33.01,31.84,40.12,46.52,38.41,38.55,39.98,38.69,43.17,89.95
42381,99.02,96.37,31.2,29.33,30.49,30.49,33.84,30.93,31.02,31.56,32.32,32.12,54.79,34.71,33.01,31.84,40.12,46.52,38.41,38.55,39.83,38.69,43,89.95
42402,99.02,97.24,31.2,29.33,30.4,30.49,45.54,30.93,31.02,31.56,32.32,32.12,54.51,34.71,32.91,31.84,40.12,46.52,38.41,38.55,39.83,38.69,43.17,89.95
42420,99.02,97.24,31.2,29.33,30.4,30.49,51.4,31.02,31.02,31.56,32.32,32.12,52.65,34.71,32.91,31.84,40.12,46.52,38.41,38.55,39.83,38.69,43,89.95
42441,99.94,97.24,31.2,29.33,30.49,30.49,53.43,31.02,31.02,31.47,32.41,32.12,55.07,34.71,32.91,31.84,40.12,46.52,38.27,38.55,39.83,38.69,43,89.95
42459,99.94,96.37,31.2,29.33,30.49,30.49,48.84,30.93,31.02,31.56,32.32,32.12,56.81,34.71,32.91,31.84,40.12,46.52,38.41,38.55,39.83,38.69,43,89.2
42480,99.02,97.24,31.2,29.33,30.49,30.49,51.4,31.02,31.02,31.47,32.32,32.12,55.64,34.71,33.01,31.84,40.12,46.52,38.27,38.55,39.98,38.69,43,89.95
42498,99.94,97.24,31.2,29.33,30.49,30.49,32.91,31.02,31.02,31.56,32.32,32.12,55.92,34.71,33.01,31.84,39.98,46.52,38.27,38.55,39.98,38.69,43.17,89.95
42518,99.94,97.24,31.2,29.33,30.49,30.49,39.54,31.02,31.02,31.56,32.32,32.12,55.35,34.71,33.01,31.84,40.12,46.73,38.41,38.55,39.83,38.69,43,89.95
42539,100.87,95.52,31.2,29.33,30.4,30.49,32.91,31.02,31.02,31.47,32.41,32.12,52.4,34.71,33.01,31.84,40.12,46.52,38.41,38.55,39.98,38.69,43.17,89.95
42557,100.87,96.37,31.2,29.33,30.4,30.49,49.74,31.02,31.02,31.56,32.32,32.12,54.79,34.71,33.01,31.84,40.12,46.73,38.27,38.55,39.83,38.69,43.17,89.95
42578,99.94,96.37,31.2,29.33,30.49,30.49,52.14,31.02,31.02,31.56,32.41,32.12,55.64,34.71,33.01,31.84,40.12,46.73,38.41,38.55,39.83,38.69,43.17,89.95
42596,99.02,96.37,31.29,29.33,30.49,30.49,48.62,31.02,31.02,31.56,32.32,32.12,53.43,34.71,33.01,31.84,40.12,46.73,38.41,38.41,39.83,38.69,43,89.95
42617,99.02,95.52,31.29,29.33,30.4,30.49,58.34,30.93,31.02,31.56,32.32,32.12,57.11,34.71,33.01,31.84,40.12,46.73,38.41,38.55,39.83,38.69,43.17,89.95
42637,98.12,95.52,31.2,29.33,30.4,30.49,47.97,30.93,31.02,31.47,32.32,32.12,57.41,34.71,33.01,31.84,39.98,46.73,38.41,38.55,39.98,38.69,43.17,89.95
42656,97.24,95.52,31.29,29.33,30.49,30.49,49.06,30.93,31.02,31.47,32.32,32.12,55.64,34.71,32.91,31.84,40.27,46.73,38.41,38.55,39.83,38.69,43.17,89.95
42676,98.12,95.52,31.2,29.33,30.49,30.49,48.84,30.93,31.02,31.56,32.32,32.12,56.81,34.59,32.91,31.84,40.27,46.73,38.41,38.55,39.83,38.69,43.17,89.95
42695,98.12,95.52,31.2,29.33,30.4,30.49,50.2,30.93,31.02,31.56,32.41,32.12,56.81,34.71,33.01,31.75,40.12,46.73,38.41,38.55,39.98,38.69,43,89.95
42715,98.12,95.52,31.2,29.33,30.4,30.49,49.74,30.93,31.02,31.56,32.32,32.12,67.04,34.71,33.01,31.84,40.12,46.73,38.27,38.55,39.83,38.69,43.17,89.95
42733,98.12,94.68,31.29,29.33,30.4,30.49,48.62,30.93,31.02,31.56,32.32,32.12,58.03,34.71,33.01,31.84,40.12,46.73,38.41,38.55,39.83,38.55,43,89.95
42754,97.24,93.86,31.2,29.33,30.4,30.49,48.19,30.93,31.02,31.56,32.32,32.12,57.11,34.71,33.01,31.84,40.12,46.73,38.41,38.41,39.83,38.69,43.17,89.95
42774,98.12,94.68,31.2,29.33,30.49,30.49,52.14,30.93,31.02,31.56,32.41,32.12,58.66,34.71,33.01,31.84,40.12,46.73,38.27,38.41,39.83,38.55,43.17,89.95
42793,95.52,94.68,31.2,29.33,30.49,30.49,38.69,30.93,31.02,31.56,32.32,32.12,58.34,34.71,32.91,31.75,40.12,46.73,38.41,38.55,39.83,38.69,43.17,89.2
42813,95.52,93.86,31.2,29.33,30.49,30.49,40.58,30.93,31.02,31.56,32.32,32.12,57.72,34.71,32.91,31.84,40.12,46.73,38.27,38.55,39.83,38.55,43.17,89.95
42832,95.52,93.86,31.2,29.33,30.4,30.49,49.06,30.93,31.02,31.56,32.41,32.12,58.66,34.71,33.01,31.75,40.12,46.73,38.27,38.55,39.83,38.55,43.17,89.2
42852,96.37,94.68,31.29,29.33,30.49,30.49,39.25,30.93,31.02,31.56,32.41,32.12,58.03,34.71,32.91,31.84,40.12,46.93,38.27,38.55,39.83,38.55,43.17,88.47
42871,96.37,94.68,31.2,29.33,30.4,30.49,33.84,30.93,31.02,31.56,32.32,32.12,61.33,34.71,33.01,31.84,40.27,46.73,38.41,38.41,39.83,38.55,43.17,81.77
42891,97.24,94.68,31.29,29.33,30.49,30.49,32.32,30.93,30.93,31.56,32.32,32.12,58.98,34.71,33.01,31.84,40.27,46.93,38.41,38.55,39.83,38.55,43,81.15
42912,97.24,94.68,31.29,29.33,30.49,30.49,32.32,30.93,31.02,31.56,32.32,32.12,60.3,34.59,33.01,31.75,39.98,46.73,38.41,38.55,39.83,38.55,43.17,90.7
42930,97.24,94.68,31.2,29.33,30.49,30.49,32.32,30.93,31.02,31.56,32.32,32.12,58.34,34.71,33.01,31.75,40.12,46.73,38.41,38.55,39.68,38.55,43,90.7
42951,97.24,94.68,31.29,29.33,30.4,30.49,32.32,30.93,31.02,31.56,32.32,32.12,58.34,34.71,33.01,31.84,40.12,46.73,38.41,38.55,39.83,38.55,43,90.7
42969,97.24,94.68,31.29,29.33,30.49,30.49,32.32,30.93,31.02,31.56,32.41,32.12,58.66,34.71,33.01,31.75,40.12,46.73,38.41,38.55,39.83,38.55,43.17,81.15
42989,97.24,94.68,31.29,29.33,30.49,30.49,32.32,30.93,31.02,31.56,32.32,32.12,59.31,34.71,33.01,31.84,40.12,46.93,38.41,38.55,39.83,38.55,43,89.95
43010,97.24,94.68,31.29,29.33,30.49,30.49,32.32,30.93,31.02,31.56,32.32,32.12,58.66,34.71,32.91,31.84,40.12,46.93,38.41,38.55,39.83,38.55,43.17,90.7
43028,97.24,93.86,31.29,29.33,30.49,30.49,32.32,30.93,31.02,31.56,32.41,32.12,59.31,34.59,33.01,31.84,40.27,46.93,38.41,38.55,39.83,38.55,43.17,90.7
43049,97.24,94.68,31.29,29.33,30.49,30.49,32.32,30.93,31.02,31.47,32.32,32.12,64.25,34.71,33.01,31.75,40.27,46.73,38.41,38.55,39.83,38.69,43.17,89.95
43069,97.24,94.68,31.2,29.33,30.49,30.49,32.32,30.93,31.02,31.47,32.41,32.12,65.42,34.71,33.01,31.84,40.12,46.73,38.41,38.55,39.83,38.69,43.17,90.7
43088,98.12,95.52,31.2,29.33,30.49,30.49,32.32,30.93,31.02,31.47,32.41,32.12,68.75,34.71,33.01,31.84,40.27,46.73,38.41,38.55,39.83,38.55,43.17,90.7
43108,98.12,95.52,31.29,29.33,30.4,30.49,32.32,30.93,30.93,31.47,32.32,32.12,67.46,34.71,33.01,31.75,40.12,46.93,38.41,38.55,39.83,38.69,43.17,90.7
43127,98.12,95.52,31.29,29.33,30.49,30.49,32.32,30.93,31.02,31.47,32.32,32.12,67.46,34.71,33.01,31.84,40.27,46.93,38.41,38.55,39.83,38.69,43.17,90.7
43147,98.12,95.52,31.29,29.33,30.49,30.49,32.32,30.93,31.02,31.47,32.41,32.12,68.31,34.71,33.01,31.75,40.27,46.93,38.41,38.55,39.83,38.69,43.17,90.7
43168,99.02,95.52,31.29,29.33,30.49,30.58,32.32,30.93,31.02,31.47,32.32,32.12,68.75,34.71,33.01,31.84,40.12,46.93,38.41,38.55,39.83,38.69,43.17,89.95
43186,99.02,96.37,31.29,29.33,30.4,30.58,32.32,30.93,31.02,31.47,32.32,32.12,70.09,34.71,33.01,31.75,40.12,46.73,38.41,38.55,39.83,38.69,43,90.7
43207,99.94,96.37,31.29,29.33,30.49,30.49,33.01,30.93,31.02,31.47,32.41,32.12,71.01,34.71,33.01,31.84,40.27,46.93,38.41,38.55,39.83,38.69,43.17,90.7
43225,99.94,96.37,31.29,29.33,30.49,30.49,32.32,30.93,31.02,31.47,32.32,32.12,70.55,34.71,33.01,31.75,40.12,46.93,38.41,38.55,39.83,38.69,43.17,90.7
43245,99.02,96.37,31.29,29.33,30.4,30.58,32.91,30.93,31.02,31.47,32.32,32.12,71.48,34.71,33.01,31.84,40.27,46.93,38.41,38.55,39.83,38.69,43,90.7
43266,99.02,96.37,31.29,29.33,30.49,30.49,32.91,31.02,31.02,31.47,32.32,32.12,70.55,34.71,33.01,31.84,40.12,46.73,38.41,38.55,39.83,38.69,43.17,90.7
43284,99.02,96.37,31.2,29.33,30.4,30.49,33.01,31.02,31.02,31.47,32.32,32.12,70.55,34.71,33.01,31.84,40.27,46.93,38.41,38.41,39.83,38.69,43,90.7
43305,99.02,96.37,31.2,29.33,30.49,30.49,33.01,30.93,31.02,31.47,32.32,32.12,71.01,34.71,33.01,31.84,40.12,46.93,38.41,38.55,39.83,38.69,43,90.7
43323,99.02,96.37,31.29,29.33,30.49,30.49,33.01,30.93,31.02,31.47,32.32,32.12,71.01,34.71,33.01,31.84,40.12,46.93,38.41,38.55,39.83,38.69,43.17,89.95
43344,97.24,96.37,31.2,29.33,30.49,30.49,33.01,30.93,31.02,31.47,32.32,32.12,71.48,34.71,33.01,31.84,40.12,46.93,38.41,38.55,39.83,38.69,43,89.95
43362,98.12,97.24,31.2,29.33,30.49,30.49,33.11,30.93,31.02,31.47,32.32,32.12,70.09,34.71,33.01,31.84,40.12,46.73,38.41,38.55,39.83,38.69,43.17,90.7
43385,98.12,97.24,31.2,29.33,30.4,30.49,33.21,30.93,31.02,31.38,32.32,32.12,71.01,34.71,33.01,31.84,40.12,46.73,38.41,38.41,39.83,38.69,43,89.95
43403,97.24,97.24,31.2,29.33,30.49,30.49,33.01,30.93,30.93,31.38,32.41,32.12,68.75,34.71,33.01,31.84,40.12,46.93,38.41,38.55,39.83,38.69,43.17,89.95
43424,97.24,96.37,31.2,29.33,30.49,30.49,32.91,30.93,31.02,31.47,32.32,32.12,69.64,34.71,33.01,31.84,40.12,46.73,38.41,38.41,39.83,38.69,43,90.7
43444,98.12,97.24,31.2,29.33,30.49,30.49,33.01,30.93,31.02,31.38,32.41,32.12,68.75,34.71,33.01,31.84,40.12,46.73,38.41,38.55,39.83,38.69,43.17,89.95
43463,99.02,97.24,31.2,29.33,30.49,30.49,33.01,30.93,31.02,31.38,32.32,32.12,70.09,34.71,33.01,31.84,40.12,46.52,38.27,38.55,39.83,38.69,43.17,89.95
43483,99.94,96.37,31.2,29.33,30.49,30.49,33.21,30.93,30.93,31.47,32.32,32.12,69.64,34.71,33.01,31.84,39.98,46.13,38.27,38.55,39.83,38.69,43.17,89.95
43501,99.94,97.24,31.2,29.33,30.49,30.49,45.54,30.84,30.93,31.47,32.32,32.12,68.75,34.71,33.01,31.84,40.12,46.32,38.41,38.41,39.83,38.69,43,90.7
43522,99.94,97.24,31.2,29.33,30.49,30.49,44.6,30.84,30.93,31.38,32.32,32.12,68.75,34.71,32.91,31.84,40.12,46.13,38.27,38.55,39.83,38.69,43,89.95
43542,100.87,97.24,31.2,29.33,30.49,30.49,33.01,30.84,30.93,31.38,32.41,32.12,64.63,34.71,32.91,31.84,40.12,46.13,38.27,38.55,39.83,38.55,43,89.95
43561,99.94,97.24,31.2,29.41,30.49,30.49,32.91,30.93,30.93,31.38,32.32,32.12,57.11,34.71,32.91,31.84,40.12,46.13,38.27,38.55,39.83,38.55,43,89.95
43581,99.94,97.24,31.2,29.41,30.49,30.49,33.01,30.93,30.93,31.56,32.32,32.12,57.11,34.71,32.91,31.84,40.12,46.13,38.27,38.55,39.83,38.55,43,89.95
43600,99.02,97.24,31.2,29.41,30.49,30.49,33.21,30.93,30.93,31.47,32.41,32.12,58.34,34.71,32.91,31.93,40.12,46.13,38.27,38.55,39.83,38.55,43,89.2
43620,99.02,97.24,31.2,29.41,30.49,30.49,46.73,30.93,30.93,31.56,32.32,32.12,57.72,34.59,32.91,31.93,39.98,45.93,38.27,38.55,39.83,38.69,43.17,90.7
43639,99.94,98.12,31.2,29.41,30.49,30.49,60.64,30.84,31.02,31.47,32.32,32.12,56.81,34.59,32.91,31.93,40.12,46.13,38.27,38.55,39.83,38.55,43.17,90.7
43659,99.94,97.24,31.2,29.41,30.49,30.49,61.33,30.84,31.02,31.56,32.32,32.12,58.03,34.71,32.91,31.84,39.98,46.13,38.27,38.55,39.83,38.55,43,89.95
43680,99.94,97.24,31.2,29.41,30.49,30.49,61.33,30.93,30.93,31.56,32.41,32.12,58.34,34.71,32.91,31.84,39.83,46.13,38.27,38.55,39.83,38.69,43,90.7
43698,99.94,97.24,31.2,29.41,30.49,30.49,61.68,30.93,31.02,31.56,32.32,32.12,57.11,34.71,32.91,31.84,39.83,46.13,38.41,38.41,39.83,38.69,43,89.95
43719,100.87,97.24,31.2,29.41,30.49,30.49,61.68,30.93,31.02,31.47,32.32,32.12,54.51,34.71,32.91,31.84,40.12,46.13,38.41,38.55,39.83,38.69,43,89.95
43737,99.94,96.37,31.2,29.33,30.49,30.49,33.01,30.93,31.02,31.47,32.32,32.12,56.22,34.71,32.91,31.84,40.12,46.13,38.41,38.41,39.83,38.69,43,89.95
43757,99.94,96.37,31.2,29.33,30.49,30.49,33.11,30.93,31.02,31.47,32.32,32.12,56.22,34.59,32.91,31.84,40.12,46.13,38.27,38.55,39.83,38.69,43,89.95
43776,99.94,96.37,31.29,29.33,30.49,30.49,33.01,30.93,31.02,31.47,32.32,32.12,55.92,34.71,33.01,31.84,40.12,46.13,38.27,38.55,39.83,38.55,43,89.95
43796,99.94,95.52,31.29,29.33,30.49,30.49,36.22,30.93,31.11,31.47,32.32,32.12,56.22,34.71,32.91,31.84,40.12,46.13,38.41,38.55,39.83,38.69,43,90.7
43817,99.02,95.52,31.29,29.33,30.49,30.49,44.6,30.93,31.2,31.38,32.32,32.12,57.11,34.59,33.01,31.84,40.12,46.13,38.41,38.55,39.83,38.69,43,89.95
43835,99.02,95.52,31.29,29.33,30.49,30.49,49.29,30.93,31.2,31.38,32.32,32.12,55.35,34.71,32.91,31.75,40.12,46.13,38.41,38.55,39.83,38.69,43,89.2
43856,99.02,94.68,31.29,29.33,30.49,30.49,33.01,30.93,31.2,31.38,32.32,32.12,56.22,34.71,33.01,31.84,40.12,46.13,38.27,38.55,39.83,38.69,43,89.95
43874,99.02,95.52,31.29,29.33,30.4,30.49,49.97,30.93,31.02,31.38,32.32,32.12,57.11,34.71,33.01,31.84,40.12,46.13,38.41,38.41,39.83,38.55,43.17,89.95
43895,99.02,94.68,31.29,29.33,30.4,30.49,33.01,30.93,31.02,31.38,32.32,32.12,57.11,34.71,33.01,31.84,40.12,46.13,38.41,38.41,39.83,38.69,43.17,89.95
43915,99.02,95.52,31.29,29.33,30.4,30.49,33.11,30.93,31.02,31.38,32.32,32.12,57.11,34.71,33.01,31.75,40.12,46.13,38.41,38.41,39.83,38.69,43,89.95
43934,99.02,95.52,31.29,29.33,30.49,30.49,34.82,30.93,31.02,31.38,32.32,32.12,57.72,34.59,33.01,31.84,40.27,46.13,38.27,38.41,39.83,38.69,43.17,89.95
43954,99.02,94.68,31.29,29.33,30.4,30.49,33.01,30.93,31.11,31.47,32.41,32.12,57.72,34.71,33.01,31.75,40.12,46.32,38.41,38.55,39.83,38.69,43.17,89.95
43973,98.12,94.68,31.29,29.33,30.4,30.49,33.01,31.02,31.11,31.47,32.32,32.12,58.34,34.71,33.01,31.75,40.27,46.32,38.41,38.41,39.83,38.69,43.17,89.95
43993,98.12,94.68,31.29,29.33,30.4,30.49,33.01,30.93,31.11,31.38,32.32,32.12,57.41,34.59,32.91,31.84,39.98,46.13,38.41,38.55,39.83,38.69,43.17,89.95
44011,98.12,93.86,31.29,29.33,30.4,30.49,32.91,30.93,31.11,31.47,32.32,32.12,58.34,34.71,32.91,31.75,40.12,46.32,38.41,38.55,39.83,38.69,43.17,89.95
44032,98.12,94.68,31.29,29.33,30.4,30.49,43,31.02,31.11,31.47,32.32,32.12,57.72,34.71,32.91,31.75,40.12,46.13,38.41,38.41,39.83,38.69,43.17,89.95
44052,98.12,94.68,31.29,29.33,30.49,30.58,44.42,31.02,31.02,31.47,32.32,32.12,58.34,34.71,33.01,31.75,40.12,46.13,38.41,38.41,39.83,38.55,43,89.95
44071,97.24,94.68,31.29,29.33,30.49,30.49,33.21,31.02,31.11,31.47,32.32,32.12,59.63,34.71,33.01,31.75,40.27,46.13,38.41,38.55,39.83,38.69,43,90.7
44091,97.24,93.86,31.29,29.33,30.4,30.49,38.27,31.02,31.11,31.38,32.32,32.12,59.96,34.71,33.01,31.75,40.27,46.13,38.41,38.41,39.83,38.69,43.17,90.7
44110,98.12,94.68,31.29,29.33,30.4,30.58,32.91,31.02,31.02,31.47,32.32,32.12,62.39,34.71,33.01,31.75,40.27,46.13,38.41,38.55,39.83,38.69,43,89.95
44130,97.24,93.86,31.29,29.33,30.4,30.49,32.91,31.02,31.11,31.47,32.32,32.12,60.64,34.71,33.01,31.75,40.12,46.13,38.41,38.55,39.83,38.69,43.17,90.7
44149,98.12,93.86,31.29,29.33,30.4,30.49,32.91,31.02,31.11,31.47,32.32,32.12,62.03,34.71,33.01,31.75,40.12,46.13,38.41,38.55,39.83,38.69,43.17,90.7
44169,98.12,94.68,31.29,29.33,30.4,30.49,47.76,30.93,31.11,31.47,32.32,32.12,63.87,34.71,33.01,31.75,40.12,46.13,38.41,38.55,39.83,38.69,43,90.7
44190,98.12,94.68,31.29,29.33,30.4,30.49,49.51,30.93,31.11,31.47,32.32,32.12,65.42,34.71,33.01,31.75,40.12,46.13,38.41,38.55,39.83,38.69,43.17,89.95
44208,98.12,94.68,31.2,29.33,30.49,30.49,50.44,30.93,31.11,31.47,32.32,32.12,67.46,34.71,33.01,31.84,40.12,46.13,38.41,38.55,39.83,38.69,43.17,90.7
44229,98.12,94.68,31.29,29.33,30.49,30.49,52.65,30.93,31.11,31.47,32.32,32.12,68.31,34.71,33.01,31.84,40.12,46.13,38.41,38.55,39.83,38.69,43.17,90.7
44247,98.12,95.52,31.29,29.33,30.49,30.49,52.4,30.93,31.11,31.56,32.32,32.12,67.88,34.71,33.01,31.84,40.12,46.13,38.41,38.55,39.83,38.69,43.17,89.95
44267,98.12,95.52,31.2,29.41,30.49,30.49,52.91,31.02,31.11,31.47,32.32,32.12,67.88,34.71,33.01,31.75,40.12,46.13,38.41,38.55,39.83,38.69,43.17,90.7
44288,99.02,96.37,31.29,29.33,30.49,30.49,52.4,31.02,31.11,31.47,32.32,32.12,67.04,34.71,33.01,31.84,40.12,46.13,38.41,38.55,39.83,38.69,43.17,90.7
44306,98.12,95.52,31.29,29.33,30.49,30.49,33.62,31.02,31.11,31.56,32.32,32.12,69.64,34.71,33.01,31.75,39.98,46.13,38.41,38.41,39.83,38.69,43.17,90.7
44327,99.02,96.37,31.29,29.33,30.49,30.49,34.48,31.02,31.11,31.56,32.32,32.12,71.01,34.71,33.01,31.84,40.12,46.13,38.41,38.41,39.83,38.69,43.17,90.7
44345,99.94,96.37,31.29,29.33,30.49,30.49,32.91,31.02,31.11,31.56,32.32,32.12,70.09,34.71,33.01,31.75,40.12,46.13,38.41,38.55,39.83,38.69,43.17,90.7
44366,99.02,96.37,31.29,29.41,30.4,30.49,32.81,31.02,31.2,31.47,32.32,32.12,71.48,34.71,33.01,31.84,40.12,46.13,38.41,38.55,39.83,38.69,43,90.7
44384,99.02,95.52,31.29,29.41,30.49,30.49,32.91,31.02,31.11,31.47,32.32,32.12,71.48,34.71,33.01,31.84,40.12,46.13,38.41,38.55,39.83,38.69,43.17,90.7
44405,99.02,95.52,31.29,29.33,30.4,30.49,32.81,31.02,31.11,31.47,32.32,32.12,72.44,34.71,33.01,31.84,40.12,46.13,38.41,38.55,39.83,38.69,43.17,90.7
44425,99.02,95.52,31.29,29.33,30.49,30.49,32.91,31.02,31.38,31.47,32.32,32.12,73.43,34.71,33.01,31.75,40.12,46.13,38.41,38.55,39.83,38.69,43.17,90.7
44444,98.12,95.52,31.29,29.41,30.4,30.58,32.91,31.02,31.29,31.56,32.32,32.12,72.93,34.71,33.01,31.84,40.12,46.13,38.41,38.55,39.68,38.69,43.17,90.7
44464,99.02,95.52,31.29,29.33,30.4,30.58,32.81,31.02,31.2,31.56,32.32,32.12,72.44,34.71,33.01,31.75,40.12,45.93,38.41,38.55,39.83,38.69,43,89.95
44482,99.02,96.37,31.29,29.41,30.4,30.58,32.81,31.02,31.11,31.56,32.32,32.12,72.44,34.71,33.01,31.75,40.27,46.13,38.41,38.55,39.83,38.69,43.17,90.7
44503,99.02,97.24,31.29,29.41,30.4,30.58,32.81,31.11,31.11,31.56,32.41,32.12,72.93,34.71,33.01,31.75,40.12,46.13,38.41,38.55,39.83,38.69,43.17,90.7
44521,99.94,97.24,31.29,29.41,30.4,30.58,32.91,31.11,31.11,31.47,32.41,32.12,71.96,34.71,33.11,31.84,40.12,46.13,38.41,38.55,39.83,38.69,43.17,90.7
44542,100.87,97.24,31.38,29.33,30.4,30.58,32.81,31.11,31.29,31.56,32.32,32.12,71.96,34.71,33.11,31.84,40.12,46.13,38.41,38.55,39.83,38.69,43.17,90.7
44562,100.87,97.24,31.29,29.33,30.4,30.58,32.81,31.11,31.38,31.56,32.32,32.12,71.48,34.71,33.11,31.84,40.27,46.32,38.41,38.55,39.83,38.83,43,92.25
44581,100.87,97.24,31.29,29.41,30.4,30.58,32.71,31.11,31.47,31.56,32.41,32.12,70.55,34.71,33.11,31.84,40.27,46.13,38.27,38.55,39.83,38.83,43.17,92.25
44601,100.87,98.12,31.29,29.33,30.4,30.49,32.81,31.11,31.47,31.56,32.41,32.12,70.09,34.71,33.11,31.84,40.27,46.13,38.41,38.55,39.83,38.83,43.17,91.47
44620,100.87,98.12,31.29,29.33,30.49,30.49,32.91,31.11,31.47,31.56,32.32,32.12,70.09,34.71,33.11,31.84,40.12,46.13,38.41,38.55,39.83,38.69,43.17,92.25
44640,100.87,99.02,31.29,29.41,30.4,30.49,32.81,31.11,31.47,31.56,32.41,32.12,71.48,34.71,33.01,31.84,40.27,46.13,38.41,38.41,39.83,38.69,43.17,92.25
44661,101.83,99.02,31.29,29.41,30.49,30.49,32.81,31.11,31.38,31.47,32.32,32.12,72.93,34.71,33.11,31.84,40.12,46.13,38.41,38.55,39.83,38.69,43.17,92.25
44679,100.87,99.02,31.2,29.41,30.49,30.49,32.81,31.11,31.38,31.47,32.41,32.12,72.44,34.71,33.11,31.93,40.12,46.13,38.41,38.55,39.83,38.69,43.17,93.05
44700,101.83,99.94,31.2,29.41,30.49,30.49,32.81,31.11,31.38,31.47,32.41,32.12,72.44,34.71,33.01,31.93,40.27,46.13,38.41,38.55,39.83,38.69,43.17,81.15
44718,101.83,99.94,31.11,29.41,30.49,30.49,32.91,31.11,31.47,31.56,32.41,32.22,70.55,34.71,33.01,31.84,40.12,46.32,38.41,38.55,39.83,38.69,43.17,91.47
44738,102.8,100.87,31.2,29.41,30.49,30.49,32.91,31.11,31.38,31.56,32.32,32.22,68.31,34.71,33.01,31.93,40.12,46.13,38.41,38.41,39.83,38.69,43.17,89.2
44757,102.8,100.87,31.2,29.41,30.49,30.49,33.01,31.11,31.38,31.65,32.41,32.22,59.96,34.71,33.01,31.93,39.98,46.13,38.41,38.55,39.83,38.69,43.17,91.47
44777,102.8,100.87,31.2,29.33,30.49,30.49,32.81,31.11,31.11,31.65,32.41,32.12,57.41,34.71,33.01,31.93,40.12,46.13,38.41,38.55,39.83,38.69,43.17,91.47
44798,101.83,99.94,31.2,29.41,30.49,30.49,33.01,31.11,31.11,31.56,32.41,32.22,54.51,34.71,33.01,31.84,40.12,46.13,38.41,38.55,39.83,38.69,43.17,90.7
44816,99.94,63.12,31.2,29.41,30.49,30.49,33.11,31.02,31.02,31.56,32.41,32.12,54.24,34.71,33.01,31.93,40.12,46.13,38.41,38.55,39.83,38.69,43,80.55
44837,101.83,96.37,31.2,29.41,30.49,30.49,33.01,31.02,31.02,31.56,32.32,32.12,55.64,34.71,33.01,31.93,40.12,46.13,38.41,38.55,39.83,38.55,43.17,80.55
44855,42.83,98.12,31.2,29.41,30.58,30.49,52.14,31.02,31.11,31.56,32.32,32.12,54.24,34.71,33.01,31.93,40.12,46.13,38.41,38.55,39.83,38.55,43.17,80.55
44876,39.54,98.12,31.2,29.41,30.58,30.49,33.01,31.02,31.11,31.56,32.41,32.12,54.51,34.71,33.01,31.93,40.12,46.32,38.27,38.55,39.83,38.55,43.17,79.95
44894,58.98,98.12,31.2,29.41,30.49,30.49,33.01,31.02,31.11,31.47,32.41,32.12,53.97,34.71,32.91,31.93,40.12,46.32,38.41,38.41,39.83,38.55,43.17,80.55
44915,58.98,98.12,31.2,29.41,30.49,30.49,46.93,31.02,31.11,31.56,32.32,32.12,54.51,34.71,33.01,31.93,40.12,46.32,38.27,38.41,39.83,38.55,43.17,82.39
44935,99.94,100.87,31.2,29.41,30.49,30.49,52.4,31.02,31.11,31.56,32.41,32.12,52.4,34.71,33.01,31.93,40.12,46.32,38.41,38.41,39.83,38.55,43.17,81.15
44954,100.87,101.83,31.2,29.41,30.49,30.58,53.43,31.02,31.11,31.56,32.41,32.22,55.07,34.71,33.01,31.93,40.12,46.32,38.41,38.55,39.83,38.41,43.17,83.03
44974,58.03,99.02,31.2,29.41,30.49,30.49,48.84,31.02,31.11,31.56,32.32,32.22,53.7,34.71,33.01,31.93,40.12,46.32,38.27,38.55,39.83,38.55,43.17,80.55
44992,42.33,98.12,31.2,29.41,30.49,30.49,51.64,31.02,31.11,31.56,32.41,32.12,55.92,34.71,33.01,31.93,40.12,46.32,38.41,38.41,39.83,38.69,43,90.7
45013,77.1,99.94,31.29,29.41,30.49,30.58,48.62,31.02,31.11,31.56,32.41,32.22,54.51,34.71,33.01,31.93,40.12,46.32,38.41,38.41,39.83,38.69,43.17,79.95
45033,45.16,98.12,31.29,29.41,30.49,30.58,46.52,31.02,31.11,31.56,32.32,32.12,52.91,34.71,33.01,31.93,40.12,46.32,38.41,38.55,39.83,38.55,43.17,90.7
45052,44.79,99.02,31.29,29.41,30.49,30.49,36.34,31.02,31.02,31.56,32.32,32.12,53.7,34.71,32.91,31.93,40.12,46.13,38.41,38.55,39.83,38.55,43,91.47
45072,44.79,99.02,31.29,29.41,30.49,30.58,35.86,31.02,31.02,31.56,32.32,32.12,53.97,34.71,33.01,31.93,40.12,46.32,38.27,38.55,39.83,38.69,43.17,92.25
45091,100.87,101.83,31.29,29.41,30.49,30.58,36.46,31.02,31.11,31.56,32.32,32.12,55.92,34.71,33.01,31.93,40.12,46.13,38.41,38.41,39.83,38.69,43.17,92.25
45111,101.83,101.83,31.29,29.33,30.49,30.58,35.5,31.02,31.02,31.56,32.32,32.22,56.22,34.71,32.91,31.93,40.12,46.13,38.41,38.41,39.83,38.69,43.17,92.25
45130,99.02,101.83,31.29,29.33,30.49,30.58,34.27,31.02,31.02,31.56,32.41,32.12,56.22,34.71,33.01,31.93,40.27,46.13,38.41,38.55,39.83,38.69,43.17,92.25
45150,100.87,101.83,31.38,29.33,30.49,30.58,36.1,31.02,31.02,31.56,32.32,32.12,55.35,34.71,33.01,31.84,40.12,46.13,38.41,38.55,39.83,38.69,43.17,92.25
45171,100.87,100.87,31.38,29.33,30.49,30.58,36.84,31.02,31.11,31.56,32.32,32.12,55.92,34.71,33.01,31.93,40.12,46.13,38.41,38.55,39.83,38.69,43.17,92.25
45189,100.87,100.87,31.38,29.33,30.49,30.58,36.46,31.02,31.02,31.56,32.32,32.22,56.51,34.71,33.01,31.93,40.27,46.13,38.41,38.55,39.83,38.55,43.17,92.25
45210,100.87,100.87,31.38,29.33,30.49,30.58,37.35,30.93,31.02,31.56,32.32,32.22,53.7,34.71,33.01,31.84,40.12,46.32,38.41,38.41,39.83,38.69,43.17,91.47
45228,101.83,100.87,31.38,29.33,30.49,30.58,34.37,31.02,31.02,31.84,32.41,32.22,57.72,34.71,33.01,31.84,40.12,46.32,38.41,38.55,39.83,38.69,43.17,91.47
45248,101.83,100.87,31.38,29.33,30.49,30.58,42.33,31.02,31.02,31.65,32.41,32.22,58.66,34.71,33.01,31.84,40.27,46.32,38.41,38.55,39.83,38.55,43.17,81.15
45267,100.87,100.87,31.38,29.33,30.49,30.66,62.75,30.93,31.02,31.65,32.32,32.12,58.34,34.71,33.01,31.84,40.12,46.32,38.41,38.55,39.83,38.55,43.17,90.7
45287,101.83,100.87,31.38,29.33,30.49,30.66,62.75,31.02,31.02,31.65,32.41,32.22,57.72,34.71,33.01,31.84,40.12,46.13,38.41,38.55,39.83,38.69,43.17,90.7
45308,101.83,100.87,31.38,29.33,30.4,30.58,59.63,31.02,31.02,31.65,32.32,32.12,59.63,34.71,33.01,31.84,40.27,46.32,38.41,38.55,39.83,38.69,43.17,90.7
45326,101.83,99.94,31.38,29.33,30.49,30.58,51.64,30.93,31.02,31.75,32.32,32.22,58.03,34.71,33.01,31.84,40.27,46.32,38.27,38.55,39.83,38.69,43.17,90.7
45347,100.87,99.94,31.38,29.33,30.49,30.58,33.01,30.93,31.11,31.84,32.41,32.12,65.81,34.71,33.01,31.84,40.12,46.32,38.27,38.55,39.83,38.69,43.17,90.7
45365,101.83,99.94,31.38,29.33,30.4,30.58,33.01,31.02,31.02,31.84,32.32,32.12,66.22,34.71,33.01,31.84,40.27,46.13,38.41,38.41,39.83,38.55,43.17,89.95
45386,101.83,99.94,31.38,29.33,30.4,30.66,40.43,30.93,31.11,31.84,32.32,32.12,65.81,34.71,33.01,31.84,40.27,46.13,38.41,38.55,39.83,38.69,43.17,90.7
45404,100.87,99.94,31.38,29.33,30.49,30.66,33.11,30.93,31.02,31.84,32.41,32.12,65.42,34.71,33.01,31.84,40.27,46.13,38.41,38.55,39.83,38.69,43.17,90.7
45425,99.94,99.94,31.38,29.33,30.4,30.58,40.27,31.02,31.02,31.84,32.41,32.12,67.46,34.71,33.01,31.84,40.12,46.13,38.41,38.55,39.83,38.69,43.17,90.7
45445,100.87,99.02,31.38,29.33,30.49,30.58,33.01,31.02,31.02,31.84,32.41,32.12,69.64,34.71,33.01,31.84,40.27,46.13,38.41,38.55,39.83,38.69,43.17,90.7
45463,100.87,99.94,31.38,29.33,30.49,30.58,33.11,30.93,31.02,31.75,32.32,32.12,69.19,34.71,33.01,31.84,40.27,46.13,38.41,38.55,39.83,38.55,43.17,90.7
45484,100.87,99.94,31.38,29.33,30.49,30.58,33.11,30.93,31.02,31.75,32.32,32.12,68.31,34.71,33.01,31.84,40.27,45.93,38.41,38.55,39.83,38.69,43.17,90.7
45502,100.87,100.87,31.38,29.33,30.49,30.58,33.11,30.93,31.11,31.84,32.32,32.12,67.88,34.71,33.01,31.84,40.27,46.13,38.41,38.55,39.98,38.69,43.17,90.7
45523,101.83,100.87,31.38,29.33,30.49,30.58,33.01,30.93,31.02,31.75,32.41,32.12,67.88,34.71,33.01,31.84,40.27,46.13,38.41,38.55,39.83,38.69,43.17,90.7
45541,101.83,100.87,31.38,29.33,30.4,30.66,35.74,30.93,31.02,31.56,32.32,32.12,67.88,34.71,33.01,31.75,40.12,46.13,38.41,38.55,39.83,38.69,43.17,89.95
45562,101.83,100.87,31.38,29.33,30.4,30.58,52.4,30.93,31.02,31.65,32.32,32.12,68.31,34.71,33.01,31.84,40.12,46.13,38.41,38.55,39.83,38.69,43.17,89.95
45582,101.83,100.87,31.38,29.33,30.49,30.66,49.97,30.93,31.02,31.65,32.32,32.12,67.46,34.71,33.01,31.84,40.27,46.13,38.41,38.55,39.83,38.55,43.17,90.7
45601,101.83,100.87,31.38,29.33,30.49,30.58,32.91,30.93,31.02,31.56,32.32,32.12,67.88,34.71,33.01,31.84,40.12,46.13,38.41,38.55,39.83,38.69,43.17,90.7
45621,101.83,100.87,31.38,29.33,30.49,30.58,33.84,30.93,31.02,31.56,32.32,32.12,68.31,34.71,33.01,31.84,40.27,46.13,38.41,38.55,39.98,38.69,43.17,90.7
45640,100.87,99.94,31.38,29.33,30.4,30.58,47.76,30.93,31.02,31.56,32.32,32.12,68.31,34.71,33.11,31.84,40.27,46.13,38.41,38.55,39.83,38.69,43.17,90.7
45660,100.87,100.87,31.38,29.33,30.49,30.58,32.91,30.93,31.11,31.56,32.32,32.12,68.31,34.71,33.01,31.84,40.12,46.13,38.41,38.55,39.98,38.69,43.17,90.7
45681,100.87,100.87,31.38,29.33,30.4,30.66,33.01,31.02,31.11,31.65,32.32,32.22,68.31,34.71,33.01,31.84,40.27,46.13,38.41,38.55,39.83,38.69,43.17,89.95
45699,101.83,100.87,31.38,29.33,30.49,30.66,37.09,31.02,31.11,31.65,32.32,32.12,67.46,34.71,33.01,31.84,40.27,46.13,38.41,38.55,39.83,38.69,43.17,89.95
45719,101.83,100.87,31.38,29.33,30.49,30.66,33.01,31.02,31.11,31.65,32.41,32.12,67.04,34.71,33.01,31.84,40.27,46.13,38.41,38.55,39.83,38.69,43.17,90.7
45738,101.83,100.87,31.38,29.41,30.4,30.66,63.49,31.02,31.11,31.47,32.32,32.22,66.22,34.71,33.11,31.84,40.12,46.13,38.41,38.55,39.83,38.69,43.17,89.95
45758,100.87,101.83,31.38,29.33,30.4,30.66,32.91,31.02,31.02,31.56,32.41,32.12,67.88,34.71,33.11,31.84,40.27,46.13,38.41,38.55,39.98,38.69,43.17,89.95
45777,101.83,101.83,31.38,29.33,30.49,30.66,32.91,31.02,31.02,31.56,32.41,32.22,70.09,34.59,33.11,31.84,40.12,46.13,38.41,38.41,39.83,38.69,43.17,90.7
45797,101.83,101.83,31.38,29.41,30.49,30.66,32.81,31.02,31.29,31.56,32.41,32.22,69.64,34.71,33.11,31.84,40.27,46.13,38.41,38.55,39.83,38.69,43.17,90.7
45818,100.87,101.83,31.38,29.33,30.4,30.66,32.81,31.02,31.11,31.65,32.32,32.12,69.64,34.71,33.11,31.84,40.27,46.13,38.41,38.55,39.98,38.69,43.17,89.95
45836,99.94,101.83,31.38,29.33,30.49,30.66,32.81,31.02,31.02,31.56,32.32,32.22,70.55,34.71,33.01,31.84,40.27,46.13,38.41,38.55,39.83,38.69,43.17,89.95
45857,100.87,101.83,31.38,29.33,30.49,30.66,32.81,31.02,31.02,31.65,32.32,32.12,70.55,34.71,33.11,31.84,40.12,46.13,38.41,38.55,39.98,38.69,43.17,89.95
45875,100.87,101.83,31.38,29.33,30.4,30.66,32.81,31.02,31.11,31.56,32.41,32.22,72.93,34.71,33.11,31.84,40.12,46.13,38.41,38.55,39.98,38.69,43.17,89.95
45896,100.87,101.83,31.38,29.33,30.49,30.58,32.91,30.93,31.02,31.56,32.32,32.12,72.93,34.71,33.11,31.84,40.12,46.13,38.41,38.55,39.83,38.69,43.17,90.7
45914,100.87,101.83,31.38,29.33,30.4,30.58,33.01,31.02,31.02,31.56,32.32,32.12,72.93,34.71,33.11,31.84,40.27,46.13,38.41,38.55,39.98,38.69,43.17,90.7
45935,101.83,101.83,31.38,29.33,30.4,30.58,33.01,30.93,31.02,31.56,32.32,32.12,72.44,34.71,33.11,31.84,40.12,46.13,38.41,38.55,39.98,38.69,43,90.7
45955,101.83,101.83,31.38,29.33,30.49,30.58,33.01,31.02,31.02,31.56,32.41,32.12,71.01,34.71,33.11,31.84,40.27,46.13,38.27,38.55,39.98,38.69,43.17,90.7
45973,101.83,101.83,31.29,29.33,30.49,30.58,33.01,30.93,31.02,31.56,32.32,32.12,70.09,34.71,33.01,31.84,40.12,46.13,38.41,38.55,39.98,38.69,43.17,89.95
45994,100.87,101.83,31.29,29.33,30.49,30.58,33.01,30.93,31.02,31.56,32.41,32.12,69.64,34.71,33.01,31.84,40.12,46.13,38.41,38.55,39.83,38.69,43.17,90.7
46012,100.87,101.83,31.29,29.33,30.49,30.58,32.91,30.93,31.02,31.56,32.32,32.12,68.31,34.71,33.01,31.93,40.12,46.13,38.41,38.55,39.98,38.69,43.17,89.95
46033,101.83,101.83,31.29,29.33,30.49,30.58,33.11,30.93,30.93,31.75,32.32,32.22,69.64,34.71,33.01,31.84,40.12,46.13,38.41,38.55,39.83,38.69,43.17,89.95
46053,101.83,101.83,31.2,29.33,30.49,30.58,33.01,30.93,30.93,31.47,32.32,32.12,68.31,34.71,33.01,31.84,40.12,46.13,38.41,38.55,39.83,38.69,43.17,89.2
46072,100.87,101.83,31.2,29.33,30.49,30.49,33.52,30.93,30.93,31.56,32.41,32.12,68.31,34.71,32.91,31.84,39.98,46.13,38.27,38.55,39.83,38.69,43.17,89.95
46092,100.87,100.87,31.2,29.33,30.58,30.58,52.4,30.84,31.02,31.47,32.41,32.12,58.03,34.71,32.91,31.93,40.12,46.32,38.41,38.55,39.83,38.55,43.17,89.95
46111,100.87,100.87,31.2,29.41,30.58,30.58,44.06,30.84,30.93,31.47,32.41,32.12,58.98,34.71,32.91,31.84,40.12,46.32,38.41,38.55,39.83,38.55,43.17,89.2
46131,100.87,99.94,31.2,29.41,30.58,30.58,36.1,30.84,30.93,31.47,32.41,32.12,55.35,34.71,32.91,31.93,40.12,46.13,38.27,38.55,39.83,38.55,43.17,89.95
46150,100.87,100.87,31.2,29.33,30.58,30.49,33.94,30.84,30.93,31.47,32.32,32.12,53.43,34.71,32.91,31.84,40.12,46.32,38.27,38.55,39.83,38.55,43.17,89.95
46170,100.87,99.94,31.2,29.33,30.58,30.58,45.54,30.84,31.02,31.47,32.41,32.22,55.35,34.71,32.91,31.93,40.12,46.32,38.41,38.55,39.83,38.55,43.17,89.2
46191,100.87,99.94,31.2,29.33,30.58,30.58,47.76,30.84,31.02,31.47,32.41,32.12,55.92,34.59,32.91,31.84,40.12,46.32,38.41,38.55,39.83,38.55,43.17,89.2
46209,100.87,99.94,31.2,29.33,30.58,30.58,47.34,30.93,31.02,31.47,32.32,32.12,53.17,34.71,32.91,31.93,40.12,46.32,38.41,38.55,39.83,38.55,43.17,89.2
46229,100.87,99.94,31.2,29.33,30.49,30.58,45.54,30.84,30.93,31.47,32.41,32.12,55.92,34.71,32.91,31.84,40.12,46.13,38.41,38.41,39.83,38.55,43,89.95
46248,99.94,99.94,31.2,29.33,30.49,30.58,48.4,30.93,30.93,31.47,32.41,32.12,54.51,34.71,32.91,31.93,40.12,46.32,38.41,38.55,39.83,38.55,43.17,89.95
46268,100.87,99.94,31.29,29.33,30.49,30.49,36.59,30.93,30.93,31.56,32.32,32.12,55.64,34.71,32.91,31.84,40.12,46.32,38.27,38.55,39.83,38.55,43.17,89.95
46287,100.87,99.94,31.29,29.33,30.49,30.49,33.94,30.93,30.93,31.56,32.32,32.12,57.41,34.71,32.91,31.84,40.12,46.13,38.27,38.41,39.83,38.55,43.17,89.95
46307,100.87,99.94,31.29,29.33,30.49,30.49,59.63,30.93,31.02,31.56,32.32,32.12,54.79,34.71,32.91,31.84,40.12,46.32,38.27,38.55,39.83,38.55,43.17,89.95
46328,100.87,99.94,31.29,29.33,30.49,30.58,40.58,30.93,31.02,31.56,32.32,32.12,52.14,34.71,32.91,31.84,40.12,46.32,38.41,38.55,39.83,38.55,43.17,89.2
46346,100.87,99.94,31.29,29.33,30.49,30.58,33.01,30.93,30.93,31.56,32.41,32.12,54.24,34.59,32.91,31.84,40.12,46.32,38.41,38.55,39.83,38.55,43.17,89.95
46367,100.87,99.94,31.29,29.33,30.49,30.58,39.98,30.93,31.02,31.47,32.32,32.12,55.35,34.71,32.91,31.84,40.12,46.32,38.27,38.55,39.83,38.55,43.17,89.95
46385,100.87,99.02,31.29,29.33,30.49,30.58,32.32,30.93,31.02,31.47,32.32,32.12,55.07,34.71,33.01,31.75,40.12,46.32,38.41,38.55,39.83,38.69,43.17,89.95
46406,100.87,99.02,31.29,29.33,30.4,30.58,32.32,30.93,31.02,31.47,32.32,32.12,56.22,34.71,33.01,31.84,40.12,46.13,38.41,38.55,39.83,38.55,43.17,89.95
46426,100.87,99.02,31.29,29.33,30.4,30.58,32.41,30.93,31.02,31.47,32.41,32.12,56.81,34.71,32.91,31.84,40.12,46.13,38.41,38.55,39.83,38.55,43.17,89.2
46444,99.94,99.02,31.29,29.33,30.49,30.58,32.61,30.93,31.02,31.47,32.32,32.12,56.51,34.71,32.91,31.84,40.12,46.13,38.41,38.55,39.83,38.69,43.17,89.2
46465,100.87,99.02,31.29,29.33,30.49,30.58,32.71,30.93,31.02,31.56,32.32,32.12,55.92,34.71,32.91,31.84,40.12,46.13,38.41,38.55,39.83,38.69,43,89.95
46483,100.87,99.02,31.29,29.33,30.49,30.58,32.71,30.93,31.02,31.56,32.41,32.12,56.51,34.71,33.01,31.84,40.12,46.13,38.41,38.55,39.83,38.69,43,89.95
46504,100.87,99.02,31.38,29.33,30.49,30.58,32.81,30.93,31.02,31.56,32.32,32.12,56.22,34.71,32.91,31.84,40.12,46.13,38.27,38.55,39.83,38.55,43.17,89.95
46522,100.87,99.02,31.29,29.33,30.4,30.58,33.01,30.93,31.02,31.56,32.32,32.12,57.72,34.71,33.01,31.84,40.12,46.13,38.41,38.55,39.83,38.69,43.17,89.95
46543,100.87,99.02,31.29,29.33,30.49,30.58,42.49,30.93,31.02,31.65,32.32,32.12,58.34,34.71,32.91,31.84,40.27,46.13,38.41,38.55,39.83,38.69,43.17,89.2
46563,100.87,99.02,31.29,29.33,30.4,30.58,32.91,30.93,31.02,31.56,32.41,32.12,57.72,34.71,32.91,31.75,40.12,46.13,38.41,38.55,39.98,38.55,43.17,89.95
46582,100.87,99.94,31.38,29.33,30.4,30.58,48.4,31.02,31.02,31.56,32.32,32.12,58.98,34.71,33.01,31.84,40.12,46.13,38.41,38.55,39.83,38.69,43.17,89.95
46602,101.83,99.94,31.29,29.33,30.49,30.58,32.81,30.93,31.02,31.56,32.32,32.12,63.87,34.71,32.91,31.84,40.12,46.13,38.41,38.55,39.98,38.69,43.17,89.95
46621,100.87,99.94,31.29,29.33,30.4,30.58,32.81,31.02,31.02,31.56,32.32,32.12,65.02,34.71,33.01,31.75,40.12,46.13,38.41,38.55,39.83,38.69,43.17,91.47
46641,100.87,99.94,31.38,29.33,30.4,30.58,32.91,31.02,31.02,31.65,32.32,32.12,65.81,34.71,33.01,31.84,40.12,46.13,38.41,38.55,39.83,38.69,43.17,89.95
46659,102.8,99.02,31.29,29.33,30.4,30.58,32.91,31.02,31.02,31.65,32.32,32.12,67.88,34.71,33.01,31.84,39.98,46.13,38.41,38.41,39.83,38.69,43.17,90.7
46680,100.87,99.02,31.29,29.33,30.4,30.58,32.91,30.93,31.11,31.56,32.32,32.12,67.88,34.71,33.01,31.75,40.12,46.13,38.41,38.55,39.83,38.69,43.17,90.7
46700,100.87,99.02,31.29,29.33,30.4,30.58,33.01,30.93,31.11,31.65,32.32,32.12,69.19,34.71,32.91,31.84,40.12,46.13,38.41,38.55,39.83,38.69,43.17,90.7
46719,99.94,99.02,31.38,29.33,30.4,30.58,32.91,30.93,31.02,31.56,32.32,32.12,68.75,34.59,33.01,31.75,40.27,46.13,38.41,38.55,39.98,38.69,43.17,89.95
46739,100.87,98.12,31.29,29.33,30.49,30.58,32.91,30.93,31.02,31.65,32.32,32.12,68.75,34.71,32.91,31.84,40.27,46.13,38.41,38.55,39.98,38.69,43.17,89.95
46758,100.87,99.02,31.38,29.33,30.49,30.58,32.91,30.93,31.02,31.56,32.32,32.12,68.31,34.59,33.01,31.75,40.27,46.13,38.41,38.55,39.98,38.55,43.17,89.95
46778,100.87,99.02,31.38,29.33,30.4,30.58,32.91,30.93,31.02,31.65,32.32,32.12,59.31,34.71,33.01,31.84,40.12,46.13,38.41,38.41,39.83,38.69,43.17,89.95
46797,99.94,99.02,31.38,29.33,30.49,30.58,32.91,31.02,31.02,31.65,32.32,32.12,58.34,34.71,33.01,31.84,40.12,46.13,38.41,38.55,39.83,38.69,43.17,89.95
46817,100.87,99.02,31.29,29.33,30.49,30.58,32.91,30.93,31.11,31.65,32.32,32.12,57.11,34.71,32.91,31.84,40.12,46.13,38.41,38.55,39.83,38.69,43.17,89.95
46838,100.87,99.02,31.29,29.33,30.4,30.58,32.91,30.93,31.02,31.65,32.32,32.12,55.64,34.71,32.91,31.75,40.12,46.13,38.27,38.55,39.83,38.55,43,89.95
46856,99.94,99.02,31.29,29.33,30.49,30.58,32.91,31.02,31.02,31.65,32.32,32.12,55.64,34.71,33.01,31.84,40.27,46.13,38.41,38.55,39.83,38.69,43.17,89.95
46877,100.87,99.02,31.29,29.33,30.49,30.58,32.91,30.93,31.02,31.65,32.41,32.12,55.07,34.71,33.01,31.84,40.27,46.13,38.27,38.55,39.83,38.69,43.17,90.7
46895,100.87,99.02,31.29,29.33,30.4,30.58,32.91,30.93,31.02,31.65,32.41,32.12,57.11,34.71,33.01,31.84,40.27,46.13,38.41,38.55,39.83,38.69,43.17,90.7
46915,101.83,99.02,31.29,29.33,30.49,30.58,33.01,30.93,31.02,31.65,32.41,32.12,56.51,34.71,33.01,31.84,40.27,46.13,38.41,38.55,39.83,38.69,43.17,90.7
46936,99.94,99.02,31.29,29.33,30.49,30.58,33.01,31.02,31.11,31.56,32.32,32.12,58.34,34.71,33.01,31.84,40.12,46.13,38.41,38.55,39.98,38.69,43.17,89.95
46954,99.94,99.02,31.29,29.33,30.49,30.58,32.91,30.93,31.02,31.65,32.32,32.12,57.11,34.71,33.01,31.75,40.12,46.13,38.41,38.55,39.98,38.69,43.17,89.95
46975,100.87,99.94,31.38,29.33,30.4,30.58,37.74,31.02,31.02,31.65,32.41,32.12,57.72,34.71,33.01,31.84,39.83,46.13,38.41,38.55,39.83,38.69,43.17,90.7
46993,100.87,99.94,31.29,29.33,30.4,30.58,32.81,31.02,31.11,31.65,32.41,32.12,57.72,34.71,33.01,31.84,40.12,46.13,38.41,38.55,39.83,38.55,43.17,89.95
47014,100.87,99.94,31.29,29.33,30.49,30.58,32.81,31.02,31.02,31.65,32.32,32.12,57.72,34.71,33.01,31.84,39.98,46.13,38.41,38.55,39.83,38.69,43.17,90.7
47032,100.87,100.87,31.29,29.33,30.49,30.58,32.91,31.02,31.11,31.65,32.41,32.12,58.03,34.71,33.01,31.84,40.27,46.13,38.27,38.55,39.83,38.69,43.17,89.95
47053,101.83,100.87,31.38,29.33,30.4,30.58,62.39,31.02,31.02,31.65,32.41,32.12,58.03,34.71,33.01,31.84,40.12,46.13,38.41,38.55,39.83,38.69,43.17,89.95
47073,101.83,100.87,31.29,29.33,30.4,30.58,32.91,31.02,31.02,31.65,32.41,32.22,59.63,34.71,33.01,31.84,40.12,46.13,38.41,38.55,39.83,38.69,43,89.95
47092,100.87,100.87,31.29,29.33,30.49,30.58,36.1,31.02,31.02,31.56,32.32,32.12,58.98,34.71,33.01,31.84,39.98,46.13,38.41,38.55,39.83,38.69,43.17,89.95
47112,100.87,100.87,31.29,29.33,30.49,30.58,45.93,31.02,31.11,31.56,32.32,32.12,58.98,34.71,33.11,31.84,40.12,46.13,38.41,38.55,39.98,38.69,43.17,89.2
47131,101.83,100.87,31.38,29.33,30.49,30.58,47.55,31.02,31.02,31.56,32.41,32.12,57.72,34.71,33.11,31.84,40.12,46.13,38.41,38.55,39.83,38.69,43.17,89.2
47151,101.83,100.87,31.29,29.33,30.49,30.58,53.43,31.02,31.11,31.56,32.41,32.12,59.96,34.71,33.01,31.84,40.12,46.13,38.27,38.55,39.83,38.69,43.17,89.2
47169,101.83,100.87,31.29,29.33,30.49,30.58,55.07,31.02,31.02,31.56,32.32,32.12,58.66,34.71,33.01,31.84,40.12,46.13,38.41,38.55,39.83,38.69,43.17,89.95
47190,101.83,100.87,31.38,29.33,30.49,30.58,48.84,31.02,31.02,31.65,32.41,32.22,57.11,34.71,33.11,31.84,40.12,46.13,38.41,38.55,39.83,38.69,43.17,89.95
47210,101.83,100.87,31.38,29.33,30.49,30.58,42.49,31.02,31.02,31.65,32.41,32.12,58.66,34.71,33.11,31.93,40.12,46.13,38.41,38.55,39.98,38.69,43.17,90.7
47229,100.87,101.83,31.29,29.33,30.4,30.58,49.29,31.02,31.11,31.65,32.41,32.12,57.11,34.71,33.11,31.84,40.12,46.13,38.41,38.55,39.83,38.69,43.17,90.7
47249,101.83,100.87,31.38,29.33,30.49,30.58,48.62,31.02,31.11,31.65,32.41,32.22,57.72,34.71,33.11,31.84,40.12,46.13,38.41,38.55,39.83,38.69,43.17,89.95
47268,101.83,100.87,31.29,29.33,30.49,30.58,32.81,31.02,31.02,31.56,32.41,32.12,59.31,34.71,33.01,31.84,39.98,46.13,38.41,38.55,39.83,38.69,43.17,90.7
47288,101.83,100.87,31.29,29.33,30.49,30.58,32.81,31.02,31.02,31.65,32.41,32.22,52.4,34.71,33.01,31.84,40.12,46.13,38.41,38.55,39.83,38.69,43,89.2
47309,101.83,101.83,31.29,29.33,30.49,30.58,38.27,31.02,31.02,31.56,32.41,32.22,55.92,34.71,33.01,31.93,40.12,46.13,38.41,38.55,39.98,38.69,43.17,89.95
47327,101.83,101.83,31.29,29.33,30.49,30.58,32.81,31.02,31.02,31.47,32.32,32.12,54.79,34.71,33.01,31.84,40.12,46.13,38.27,38.55,39.83,38.69,43.17,89.95
47348,102.8,101.83,31.29,29.33,30.49,30.58,33.11,31.02,31.02,31.47,32.41,32.12,51.89,34.71,33.01,31.84,40.12,46.13,38.27,38.55,39.83,38.69,43.17,89.95
47366,101.83,101.83,31.2,29.33,30.49,30.58,42.16,30.93,31.02,31.47,32.41,32.12,55.07,34.71,33.01,31.93,40.12,46.13,38.27,38.41,39.83,38.69,43.17,89.95
47387,102.8,100.87,31.2,29.33,30.49,30.58,32.81,31.02,31.02,31.47,32.32,32.22,56.51,34.71,33.01,31.93,40.27,46.13,38.27,38.55,39.83,38.69,43,89.95
47405,102.8,99.94,31.2,29.33,30.49,30.58,32.91,31.02,31.02,31.47,32.32,32.22,56.81,34.71,33.01,31.84,40.12,46.13,38.27,38.55,39.83,38.69,43.17,89.95
47425,102.8,100.87,31.2,29.41,30.49,30.49,47.34,31.02,31.02,31.47,32.32,32.12,51.4,34.71,32.91,31.93,40.12,46.32,38.27,38.55,39.83,38.69,43.17,89.95
47446,102.8,100.87,31.11,29.33,30.49,30.49,34.27,30.93,31.02,31.47,32.32,32.12,56.51,34.71,33.01,31.93,40.12,46.13,38.41,38.55,39.83,38.69,43.17,89.2
47464,101.83,100.87,31.2,29.33,30.49,30.49,33.01,30.93,31.02,31.47,32.32,32.22,55.35,34.71,32.91,31.93,40.12,46.32,38.41,38.41,39.83,38.69,43.17,89.95
47485,102.8,100.87,31.2,29.41,30.58,30.49,42.16,31.02,31.02,31.56,32.32,32.22,53.7,34.71,33.01,31.84,39.98,46.32,38.27,38.55,39.83,38.55,43.17,90.7
47503,102.8,100.87,31.2,29.41,30.58,30.49,38.83,31.02,31.02,31.56,32.41,32.12,54.79,34.71,32.91,31.93,40.12,46.13,38.41,38.41,39.83,38.69,43.17,90.7
47524,101.83,100.87,31.2,29.41,30.58,30.58,33.21,31.02,31.11,31.56,32.41,32.22,54.24,34.71,32.91,31.84,40.12,46.13,38.27,38.55,39.83,38.55,43.17,89.95
47542,101.83,99.94,31.2,29.41,30.49,30.58,47.76,31.02,31.02,31.84,32.41,32.22,54.51,34.71,32.91,31.93,40.12,46.32,38.41,38.55,39.83,38.55,43.17,90.7
47563,101.83,99.94,31.2,29.33,30.49,30.49,40.73,31.02,31.02,31.84,32.32,32.22,55.64,34.71,33.01,31.84,40.12,46.32,38.41,38.41,39.83,38.55,43.17,89.95
47583,101.83,99.94,31.2,29.33,30.49,30.58,37.87,30.93,31.02,31.56,32.41,32.22,56.51,34.71,32.91,31.93,40.12,46.13,38.41,38.55,39.83,38.69,43.17,89.95
47602,101.83,99.94,31.29,29.33,30.49,30.58,32.91,31.02,31.02,31.47,32.32,32.12,56.51,34.71,32.91,31.84,40.12,46.32,38.41,38.55,39.83,38.69,43.17,89.95
47622,101.83,99.94,31.29,29.33,30.49,30.58,33.11,31.02,31.02,31.47,32.41,32.22,55.64,34.59,33.01,31.84,40.12,46.32,38.41,38.55,39.83,38.69,43.17,89.95
47640,101.83,99.02,31.29,29.33,30.49,30.58,32.91,31.02,31.02,31.47,32.41,32.22,54.79,34.71,32.91,31.93,40.12,46.32,38.27,38.55,39.83,38.69,43.17,89.95
47661,101.83,99.02,31.29,29.33,30.49,30.58,32.91,31.02,31.02,31.47,32.41,32.12,55.35,34.71,32.91,31.84,40.12,46.32,38.41,38.41,39.83,38.69,43.17,89.2
47681,101.83,99.02,31.29,29.33,30.49,30.58,33.84,31.02,31.02,31.56,32.32,32.22,55.07,34.71,32.91,31.84,40.12,46.32,38.41,38.55,39.83,38.69,43.17,89.95
47700,101.83,99.02,31.29,29.33,30.49,30.58,32.91,31.02,31.02,31.56,32.41,32.22,55.64,34.71,33.01,31.84,40.12,46.32,38.41,38.55,39.83,38.69,43.17,89.95
47720,101.83,98.12,31.29,29.33,30.4,30.58,32.91,31.02,31.02,31.56,32.41,32.22,53.43,34.71,33.01,31.84,40.12,46.32,38.41,38.55,39.83,38.69,43.17,89.95
47739,101.83,98.12,31.29,29.33,30.4,30.58,32.81,31.02,31.02,31.56,32.32,32.12,56.81,34.71,33.01,31.84,40.12,46.32,38.41,38.55,39.83,38.69,43.17,89.95
47759,99.94,97.24,31.29,29.33,30.4,30.58,32.91,31.02,31.02,31.65,32.41,32.22,56.81,34.71,33.01,31.84,40.12,46.13,38.41,38.55,39.83,38.69,43.17,89.95
47778,99.94,98.12,31.38,29.33,30.4,30.58,32.22,31.02,31.02,31.47,32.41,32.12,57.11,34.71,32.91,31.75,40.12,46.13,38.41,38.55,39.83,38.69,43.17,89.95
47798,99.94,97.24,31.29,29.33,30.4,30.58,32.61,31.02,31.11,31.47,32.32,32.12,55.64,34.71,32.91,31.84,40.27,46.13,38.41,38.55,39.83,38.69,43.17,89.95
47819,99.02,96.37,31.29,29.33,30.4,30.58,39.25,31.02,31.02,31.47,32.32,32.12,56.51,34.71,33.01,31.84,40.12,46.13,38.41,38.55,39.83,38.69,43.17,89.95
47837,98.12,96.37,31.29,29.33,30.4,30.58,49.29,31.02,31.02,31.47,32.32,32.12,57.72,34.71,33.01,31.84,40.27,46.13,38.41,38.55,39.83,38.69,43.17,89.95
47858,98.12,96.37,31.29,29.33,30.4,30.58,50.67,31.02,31.02,31.47,32.32,32.12,56.81,34.71,32.91,31.84,39.98,46.13,38.41,38.55,39.83,38.69,43.17,89.95
47876,98.12,96.37,31.29,29.33,30.49,30.58,52.14,31.02,31.11,31.47,32.32,32.22,53.97,34.71,32.91,31.84,40.27,46.13,38.41,38.55,39.83,38.69,43.17,89.2
47896,98.12,96.37,31.29,29.33,30.4,30.49,52.14,30.93,31.11,31.47,32.32,32.12,55.07,34.71,33.01,31.84,40.12,46.13,38.41,38.55,39.83,38.69,43.17,89.95
47915,98.12,95.52,31.29,29.33,30.4,30.49,52.14,30.93,31.02,31.47,32.32,32.22,55.64,34.71,33.01,31.84,40.12,46.13,38.41,38.55,39.83,38.69,43.17,89.2
47935,97.24,95.52,31.29,29.33,30.4,30.49,50.67,31.02,31.02,31.47,32.41,32.12,56.51,34.71,33.01,31.84,40.12,46.13,38.41,38.55,39.83,38.69,43.17,89.2
47956,97.24,94.68,31.29,29.33,30.4,30.49,51.89,31.02,31.02,31.47,32.41,32.12,51.4,34.59,33.01,31.84,40.27,46.13,38.41,38.55,39.83,38.55,43.35,82.39
47974,97.24,94.68,31.29,29.33,30.49,30.49,50.67,31.02,31.02,31.47,32.41,32.12,53.7,34.71,33.01,31.84,40.12,46.13,38.41,38.55,39.83,38.55,43.35,89.95
47995,97.24,94.68,31.29,29.33,30.49,30.49,49.97,30.93,31.02,31.47,32.41,32.22,55.07,34.71,32.91,31.84,40.27,46.13,38.41,38.55,39.83,38.55,43.17,89.2
48013,97.24,94.68,31.29,29.33,30.49,30.49,50.44,30.93,31.02,31.47,32.32,32.22,55.35,34.71,33.01,31.84,40.27,46.13,38.41,38.55,39.83,38.55,43.17,89.95
48034,97.24,93.86,31.29,29.33,30.49,30.49,51.4,30.93,31.02,31.47,32.32,32.12,56.22,34.71,32.91,31.75,40.27,45.93,38.41,38.55,39.83,38.55,43.17,81.15
48054,96.37,94.68,31.29,29.33,30.4,30.49,33.21,30.93,31.02,31.47,32.32,32.12,53.17,34.71,32.91,31.84,40.27,46.13,38.41,38.55,39.83,38.55,43.17,89.95
48073,97.24,95.52,31.29,29.33,30.49,30.49,36.96,30.93,31.02,31.47,32.41,32.22,55.35,34.71,32.91,31.84,40.12,46.13,38.41,38.55,39.83,38.55,43.17,89.2
48093,97.24,95.52,31.29,29.33,30.4,30.49,37.48,30.93,31.02,31.47,32.41,32.22,55.92,34.71,32.91,31.84,40.12,46.13,38.41,38.55,39.83,38.55,43.17,89.95
48112,97.24,94.68,31.29,29.33,30.49,30.49,54.51,30.93,31.02,31.47,32.41,32.12,53.97,34.71,32.91,31.75,40.27,45.93,38.41,38.55,39.83,38.55,43.17,90.7
48132,97.24,95.52,31.29,29.33,30.4,30.49,61.33,30.93,31.02,31.47,32.32,32.12,56.81,34.71,32.91,31.84,40.12,46.13,38.41,38.55,39.83,38.55,43.17,90.7
48150,97.24,94.68,31.29,29.33,30.4,30.49,60.3,30.93,31.02,31.47,32.41,32.12,58.03,34.71,32.91,31.84,40.27,45.93,38.41,38.55,39.83,38.69,43.17,89.95
48171,97.24,94.68,31.29,29.33,30.4,30.49,46.32,30.93,31.02,31.47,32.32,32.12,58.34,34.71,32.91,31.84,40.12,46.13,38.41,38.55,39.83,38.55,43.17,89.95
48191,96.37,94.68,31.29,29.33,30.49,30.49,61.33,30.93,31.02,31.47,32.32,32.12,55.64,34.71,32.91,31.75,40.27,46.13,38.41,38.55,39.83,38.55,43.17,89.95
48210,97.24,94.68,31.29,29.33,30.49,30.49,61.33,30.93,31.02,31.47,32.32,32.12,56.81,34.71,33.01,31.84,40.27,46.13,38.41,38.55,39.83,38.55,43.35,89.95
48230,96.37,94.68,31.29,29.33,30.49,30.49,61.68,30.93,31.02,31.47,32.41,32.12,58.98,34.71,32.91,31.84,40.27,46.13,38.41,38.55,39.83,38.55,43.17,89.95
48249,97.24,94.68,31.29,29.33,30.49,30.49,62.39,30.93,31.02,31.47,32.41,32.12,57.11,34.71,33.01,31.84,40.27,46.13,38.41,38.55,39.83,38.55,43.17,90.7
48269,97.24,94.68,31.29,29.33,30.4,30.49,63.49,30.93,31.02,31.56,32.41,32.12,57.72,34.71,33.01,31.84,40.12,46.13,38.41,38.55,39.83,38.69,43.17,87.04
48288,96.37,93.86,31.29,29.33,30.49,30.49,33.01,30.93,31.02,31.47,32.32,32.12,56.51,34.71,32.91,31.75,40.12,46.13,38.41,38.55,39.83,38.55,43.17,89.95
48308,96.37,94.68,31.29,29.33,30.49,30.49,49.74,30.93,31.02,31.47,32.32,32.12,56.22,34.71,33.01,31.84,40.12,46.13,38.41,38.55,39.83,38.69,43.17,90.7
48329,97.24,94.68,31.29,29.33,30.49,30.49,61.68,30.93,31.02,31.47,32.32,32.22,55.92,34.71,33.01,31.84,40.12,46.13,38.41,38.55,39.83,38.55,43.17,84.32
48347,97.24,94.68,31.29,29.33,30.49,30.58,32.91,31.02,31.02,31.47,32.32,32.12,53.7,34.71,32.91,31.84,40.27,46.13,38.41,38.55,39.83,38.69,43.17,89.95
48368,98.12,95.52,31.29,29.33,30.49,30.58,32.81,30.93,31.11,31.47,32.41,32.22,53.43,34.71,33.01,31.84,40.12,46.13,38.41,38.55,39.83,38.55,43,89.2
48386,97.24,95.52,31.29,29.33,30.49,30.58,33.01,31.02,31.11,31.47,32.41,32.22,57.11,34.71,33.01,31.84,40.12,46.13,38.41,38.55,39.83,38.69,43.17,90.7
48406,98.12,97.24,31.29,29.33,30.4,30.58,32.91,31.02,31.11,31.56,32.32,32.12,57.72,34.71,33.01,31.84,40.27,46.13,38.41,38.55,39.83,38.69,43.17,89.95
48427,99.02,96.37,31.29,29.33,30.49,30.58,32.81,31.02,31.11,31.47,32.41,32.12,57.41,34.71,33.01,31.84,40.12,46.13,38.41,38.55,39.83,38.69,43.17,89.95
48445,99.02,97.24,31.29,29.33,30.49,30.58,33.01,31.02,31.38,31.47,32.32,32.12,57.41,34.71,33.01,31.84,40.12,46.13,38.41,38.55,39.83,38.55,43.17,89.95
48466,99.94,98.12,31.29,29.33,30.49,30.58,32.81,31.11,31.38,31.47,32.41,32.22,58.34,34.71,33.01,31.84,40.12,46.13,38.41,38.55,39.83,38.69,43.17,89.95
48484,99.94,98.12,31.29,29.33,30.49,30.58,33.01,31.02,31.38,31.47,32.32,32.12,57.72,34.71,33.11,31.84,40.27,46.13,38.41,38.41,39.83,38.69,43.17,89.2
48505,99.94,98.12,31.29,29.33,30.49,30.58,33.11,31.11,31.38,31.56,32.32,32.12,56.51,34.71,33.01,31.84,40.27,46.13,38.41,38.55,39.83,38.69,43.17,86.35
48523,99.94,99.02,31.29,29.33,30.49,30.58,32.91,31.11,31.47,31.47,32.32,32.22,55.64,34.71,33.01,31.84,40.12,46.13,38.41,38.55,39.83,38.69,43.17,89.95
48544,101.83,99.02,31.38,29.33,30.49,30.58,32.91,31.11,31.47,31.56,32.32,32.22,56.51,34.82,33.01,31.93,40.27,46.13,38.41,38.55,39.83,38.69,43.17,89.95
48564,101.83,99.94,31.29,29.33,30.49,30.58,32.81,31.11,31.47,31.47,32.32,32.12,54.24,34.71,33.01,31.93,40.27,46.13,38.41,38.55,39.83,38.69,43.17,89.95
48583,100.87,99.94,31.38,29.33,30.49,30.58,32.81,31.11,31.47,31.47,32.41,32.22,56.22,34.71,33.01,31.93,40.12,46.13,38.41,38.55,39.83,38.69,43.17,89.95
48603,101.83,99.94,31.29,29.33,30.49,30.58,32.81,31.11,31.47,31.75,32.41,32.22,53.7,34.82,33.01,31.93,40.12,46.13,38.41,38.55,39.83,38.69,43.17,89.95
48621,102.8,100.87,31.29,29.33,30.49,30.58,32.81,31.11,31.47,31.84,32.41,32.22,57.11,34.71,33.01,31.93,40.27,46.13,38.41,38.55,39.83,38.69,43,89.95
48642,102.8,100.87,31.29,29.33,30.49,30.58,32.81,31.11,31.47,31.93,32.32,32.12,58.03,34.71,33.01,31.93,40.12,46.13,38.27,38.55,39.83,38.69,43.17,89.95
48660,102.8,100.87,31.29,29.33,30.49,30.58,32.91,31.11,31.38,31.84,32.32,32.22,54.79,34.71,33.01,31.93,40.12,46.13,38.27,38.55,39.83,38.69,43.17,89.95
48681,101.83,100.87,31.29,29.33,30.49,30.58,32.81,31.11,31.47,31.75,32.41,32.22,56.51,34.71,33.01,31.93,39.98,46.13,38.27,38.41,39.83,38.69,43.17,89.95
48701,102.8,100.87,31.29,29.33,30.49,30.58,42.16,31.11,31.47,31.75,32.41,32.12,52.65,34.71,33.01,31.93,40.12,46.13,38.27,38.55,39.83,38.69,43.17,89.95
48720,102.8,100.87,31.29,29.33,30.49,30.58,32.91,31.11,31.38,31.75,32.41,32.22,55.64,34.71,33.01,31.93,40.12,46.13,38.41,38.55,39.83,38.69,43.17,89.95
48740,102.8,100.87,31.29,29.33,30.49,30.58,32.81,31.11,31.11,31.84,32.41,32.12,55.35,34.71,33.01,31.93,40.12,46.13,38.27,38.55,39.83,38.69,43.17,89.95
48759,102.8,100.87,31.29,29.33,30.49,30.58,32.91,31.11,31.2,31.84,32.41,32.22,53.17,34.71,33.01,31.93,40.12,46.13,38.27,38.41,39.83,38.69,43.17,90.7
48779,102.8,100.87,31.29,29.33,30.49,30.58,32.91,31.02,31.11,31.84,32.41,32.12,55.92,34.71,33.01,31.93,40.12,46.13,38.27,38.55,39.83,38.69,43.17,90.7
48800,102.8,100.87,31.2,29.33,30.49,30.58,32.91,31.11,31.11,31.84,32.41,32.22,56.81,34.71,33.01,31.93,40.12,46.13,38.41,38.55,39.83,38.69,43.17,91.47
48818,101.83,100.87,31.2,29.33,30.49,30.58,32.91,31.11,31.11,31.84,32.32,32.22,55.92,34.71,32.91,31.93,40.12,46.13,38.27,38.55,39.83,38.69,43.17,91.47
48839,101.83,99.94,31.2,29.33,30.49,30.58,33.01,31.02,31.02,31.65,32.32,32.12,53.7,34.71,33.01,31.93,40.12,46.13,38.41,38.55,39.83,38.69,43.17,91.47
48857,101.83,99.02,31.2,29.33,30.49,30.49,32.91,31.02,31.02,31.47,32.41,32.12,54.51,34.71,32.91,31.93,40.12,46.13,38.27,38.55,39.83,38.69,43.17,91.47
48877,101.83,99.94,31.11,29.33,30.49,30.58,50.91,31.02,31.11,31.56,32.32,32.12,53.97,34.71,33.01,31.93,40.12,46.13,38.41,38.55,39.83,38.69,43.17,91.47
48896,101.83,100.87,31.2,29.41,30.49,30.58,32.81,31.02,31.11,31.56,32.41,32.12,56.81,34.71,33.01,31.93,40.12,46.32,38.41,38.55,39.83,38.69,43.17,91.47
48916,95.52,99.94,31.2,29.33,30.49,30.58,32.81,31.02,31.11,31.56,32.41,32.22,54.79,34.71,33.01,31.93,40.12,46.13,38.41,38.55,39.83,38.69,43.17,91.47
48937,95.52,99.94,31.2,29.41,30.49,30.58,32.81,31.02,31.11,31.56,32.32,32.22,55.92,34.71,33.01,31.93,39.98,46.13,38.41,38.55,39.83,38.69,43.17,91.47
48955,94.68,99.94,31.2,29.33,30.49,30.58,32.91,31.02,31.02,31.56,32.32,32.22,55.64,34.71,33.01,31.93,40.12,46.32,38.41,38.55,39.83,38.69,43.17,91.47
48976,101.83,99.02,31.29,29.33,30.49,30.58,32.81,31.02,31.02,31.56,32.32,32.12,57.41,34.71,33.01,31.93,40.12,46.13,38.41,38.41,39.83,38.69,43.17,91.47
48994,101.83,99.02,31.29,29.33,30.49,30.58,32.91,31.02,31.02,31.65,32.32,32.12,53.97,34.71,33.01,31.93,40.27,46.13,38.41,38.55,39.83,38.69,43.17,91.47
49015,101.83,99.02,31.29,29.33,30.49,30.58,32.91,31.02,31.11,31.65,32.41,32.12,55.07,34.71,33.01,31.93,40.12,46.32,38.41,38.41,39.83,38.69,43.17,91.47
49033,101.83,99.02,31.29,29.33,30.49,30.58,33.01,31.02,31.02,31.75,32.41,32.12,51.4,34.71,33.01,31.93,40.12,46.32,38.41,38.55,39.83,38.69,43.17,91.47
49054,101.83,99.02,31.29,29.33,30.49,30.58,33.01,31.02,31.11,31.84,32.32,32.22,54.51,34.71,33.01,31.84,40.12,46.13,38.41,38.55,39.83,38.69,43.17,91.47
49074,100.87,98.12,31.38,29.33,30.49,30.58,33.01,31.02,31.11,31.93,32.32,32.22,56.22,34.71,33.01,31.84,40.27,46.13,38.41,38.55,39.83,38.69,43.17,92.25
49093,101.83,99.02,31.29,29.33,30.4,30.58,32.81,31.02,31.11,31.75,32.32,32.12,57.41,34.71,33.01,31.84,40.12,46.13,38.41,38.55,39.83,38.69,43.17,92.25
49113,101.83,98.12,31.38,29.33,30.49,30.58,32.81,31.02,31.11,31.93,32.32,32.22,57.11,34.71,33.01,31.84,39.98,46.13,38.41,38.55,39.83,38.69,43.17,92.25
49131,100.87,97.24,31.38,29.33,30.49,30.58,32.81,31.02,31.11,31.75,32.41,32.22,58.03,34.71,33.01,31.84,40.12,46.13,38.41,38.55,39.83,38.69,43.17,92.25
49152,100.87,97.24,31.29,29.33,30.49,30.58,32.81,31.02,31.02,31.93,32.41,32.12,65.02,34.71,33.01,31.84,40.12,46.13,38.41,38.55,39.83,38.69,43.17,92.25
49172,99.94,98.12,31.29,29.33,30.49,30.58,32.81,31.02,31.02,31.93,32.41,32.12,59.63,34.71,33.01,31.84,40.12,46.13,38.41,38.41,39.83,38.69,43.17,91.47
49191,99.94,97.24,31.38,29.33,30.4,30.58,32.91,31.02,31.02,31.75,32.32,32.12,62.75,34.71,33.01,31.75,40.27,46.13,38.41,38.55,39.83,38.69,43.17,92.25
49211,99.94,97.24,31.38,29.33,30.49,30.58,32.91,31.02,31.02,31.56,32.32,32.22,66.63,34.71,33.01,31.75,40.12,46.13,38.41,38.55,39.83,38.69,43.17,92.25
49230,99.94,97.24,31.29,29.33,30.49,30.66,33.01,31.02,31.02,31.47,32.32,32.12,66.22,34.71,33.01,31.84,40.12,46.13,38.41,38.55,39.98,38.69,43.17,91.47
49250,99.94,97.24,31.38,29.33,30.4,30.66,51.15,31.02,31.11,31.56,32.32,32.12,67.04,34.71,33.01,31.75,40.12,46.13,38.41,38.55,39.83,38.69,43.17,92.25
49269,99.94,97.24,31.38,29.33,30.4,30.58,53.97,31.02,31.11,31.56,32.41,32.12,65.81,34.71,33.01,31.84,40.27,46.13,38.41,38.55,39.83,38.69,43.17,91.47
49289,99.02,96.37,31.38,29.33,30.4,30.58,52.14,31.02,31.02,31.56,32.41,32.12,67.04,34.71,33.01,31.75,40.27,46.13,38.41,38.55,39.83,38.69,43.17,91.47
49310,98.12,96.37,31.29,29.33,30.4,30.58,55.35,30.93,31.02,31.47,32.41,32.12,70.55,34.71,33.01,31.75,40.12,46.13,38.41,38.55,39.83,38.69,43.17,92.25
49328,98.12,96.37,31.29,29.33,30.49,30.58,53.17,30.93,31.02,31.47,32.41,32.12,70.55,34.71,33.01,31.84,40.27,46.13,38.41,38.41,39.83,38.69,43.17,92.25
49349,96.37,95.52,31.29,29.33,30.49,30.58,32.91,31.02,31.02,31.47,32.32,32.12,70.55,34.71,33.01,31.75,40.12,46.13,38.41,38.55,39.83,38.69,43.17,91.47
49367,97.24,94.68,31.29,29.33,30.49,30.58,33.01,31.02,31.11,31.56,32.32,32.12,70.09,34.71,33.01,31.75,40.27,46.13,38.41,38.55,39.83,38.69,43.17,91.47
49387,97.24,94.68,31.29,29.33,30.4,30.49,32.91,30.93,31.02,31.47,32.41,32.12,71.01,34.71,32.91,31.84,40.27,46.13,38.41,38.55,39.83,38.69,43.17,92.25
49406,97.24,95.52,31.29,29.33,30.4,30.49,32.91,30.93,31.02,31.47,32.41,32.12,70.09,34.71,33.01,31.84,40.27,46.13,38.41,38.55,39.83,38.69,43.17,92.25
49426,98.12,96.37,31.29,29.33,30.4,30.49,32.91,30.93,31.02,31.56,32.32,32.12,70.55,34.71,32.91,31.75,40.12,46.13,38.27,38.55,39.83,38.69,43.17,91.47
49447,99.02,96.37,31.29,29.33,30.4,30.58,32.91,30.93,31.02,31.56,32.32,32.12,70.09,34.71,33.01,31.75,40.12,46.13,38.41,38.55,39.83,38.69,43.17,91.47
49465,99.02,96.37,31.29,29.33,30.49,30.58,33.01,30.93,31.02,31.47,32.41,32.12,70.55,34.71,32.91,31.75,40.27,46.13,38.41,38.55,39.83,38.69,43.17,91.47
49486,98.12,97.24,31.29,29.33,30.4,30.58,32.91,31.02,31.02,31.47,32.32,32.12,70.55,34.71,32.91,31.75,40.12,46.13,38.41,38.55,39.83,38.55,43.17,92.25
49504,98.12,96.37,31.29,29.33,30.4,30.58,33.01,30.93,31.02,31.56,32.32,32.12,71.48,34.71,32.91,31.75,40.27,46.13,38.41,38.55,39.83,38.69,43.17,92.25
49525,98.12,96.37,31.29,29.33,30.49,30.58,32.91,30.93,31.02,31.47,32.41,32.12,71.96,34.71,32.91,31.75,40.12,46.13,38.41,38.55,39.83,38.69,43.17,91.47
49545,98.12,95.52,31.29,29.33,30.4,30.49,32.91,30.93,31.02,31.47,32.32,32.12,71.48,34.71,32.91,31.84,40.27,46.13,38.41,38.55,39.83,38.69,43.17,92.25
49564,98.12,95.52,31.29,29.33,30.4,30.49,32.91,30.93,31.02,31.47,32.32,32.12,71.48,34.71,32.91,31.84,40.12,46.13,38.41,38.41,39.83,38.55,43.17,91.47
49584,97.24,95.52,31.29,29.33,30.49,30.49,33.01,30.93,31.02,31.56,32.41,32.12,72.44,34.71,32.91,31.84,40.12,46.13,38.41,38.55,39.83,38.69,43.17,91.47
49602,98.12,95.52,31.2,29.33,30.49,30.49,41.51,30.93,31.02,31.56,32.41,32.12,72.44,34.71,32.91,31.84,40.12,46.13,38.41,38.55,39.83,38.55,43.17,91.47
49623,98.12,95.52,31.2,29.33,30.49,30.49,32.91,30.93,31.02,31.56,32.32,32.22,72.44,34.71,32.91,31.84,40.12,46.13,38.41,38.55,39.83,38.69,43.17,92.25
49641,98.12,95.52,31.29,29.33,30.49,30.58,41.04,30.93,31.02,31.47,32.41,32.12,72.93,34.71,32.91,31.84,40.12,46.13,38.41,38.41,39.83,38.55,43.17,92.25
49662,98.12,96.37,31.2,29.33,30.4,30.58,40.27,30.93,31.02,31.47,32.32,32.12,73.43,34.71,32.91,31.84,40.27,46.13,38.41,38.55,39.83,38.55,43.17,92.25
49682,97.24,95.52,31.2,29.33,30.4,30.49,44.97,30.93,31.02,31.47,32.41,32.12,73.93,34.71,33.01,31.84,40.27,46.13,38.41,38.55,39.83,38.69,43.17,91.47
49703,97.24,95.52,31.2,29.33,30.49,30.58,48.84,31.02,31.02,31.56,32.32,32.12,73.43,34.59,32.91,31.84,40.12,46.13,38.41,38.55,39.83,38.69,43.17,92.25
49721,98.12,96.37,31.2,29.33,30.49,30.58,62.39,31.02,31.02,31.65,32.32,32.12,73.93,34.71,32.91,31.84,40.12,46.13,38.41,38.55,39.83,38.69,43.17,92.25
49742,97.24,94.68,31.2,29.33,30.49,30.58,62.39,31.02,31.11,31.65,32.32,32.12,73.93,34.71,33.01,31.84,40.27,46.13,38.41,38.55,39.83,38.69,43,92.25
49760,99.02,95.52,31.2,29.33,30.49,30.58,62.39,31.02,31.11,31.65,32.41,32.12,74.44,34.71,32.91,31.84,39.98,46.13,38.41,38.55,39.83,38.69,43.17,92.25
49781,97.24,95.52,31.2,29.33,30.4,30.58,32.81,31.02,31.11,31.65,32.32,32.12,73.43,34.71,32.91,31.84,40.12,46.13,38.41,38.55,39.83,38.69,43.17,91.47
49801,97.24,95.52,31.2,29.33,30.49,30.58,37.61,31.02,31.29,31.65,32.32,32.22,73.43,34.71,32.91,31.84,40.12,46.13,38.41,38.55,39.83,38.69,43,91.47
49820,97.24,95.52,31.2,29.33,30.49,30.58,35.04,31.11,31.38,31.65,32.32,32.12,73.93,34.71,33.01,31.84,40.12,45.93,38.41,38.55,39.83,38.69,43.17,91.47
49840,97.24,95.52,31.2,29.33,30.49,30.58,34.71,31.11,31.47,31.65,32.41,32.12,72.93,34.71,33.01,31.84,40.12,46.13,38.41,38.55,39.83,38.69,43.17,91.47
49858,97.24,95.52,31.2,29.33,30.49,30.58,33.01,31.11,31.47,31.65,32.32,32.12,73.93,34.71,33.01,31.84,40.12,46.13,38.27,38.55,39.83,38.69,43.17,91.47
49879,97.24,95.52,31.11,29.33,30.49,30.49,32.91,31.11,31.47,31.65,32.32,32.12,74.44,34.71,33.01,31.84,40.12,46.13,38.41,38.55,39.83,38.69,43.17,91.47
49897,97.24,95.52,31.2,29.33,30.4,30.58,33.11,31.11,31.47,31.65,32.32,32.12,73.93,34.71,33.01,31.84,40.12,46.13,38.41,38.55,39.83,38.69,43.17,91.47
49918,96.37,94.68,31.2,29.33,30.4,30.49,32.91,31.11,31.47,31.65,32.32,32.12,73.93,34.71,33.01,31.93,40.12,46.13,38.41,38.55,39.83,38.69,43.17,89.2
49938,97.24,96.37,31.2,29.33,30.4,30.58,32.91,31.11,31.47,31.65,32.32,32.12,73.93,34.71,33.01,31.93,40.12,46.13,38.41,38.55,39.83,38.69,43.17,90.7
49957,98.12,96.37,31.2,29.33,30.49,30.58,32.91,31.11,31.47,31.65,32.32,32.12,72.93,34.71,33.01,31.93,39.98,46.13,38.27,38.55,39.83,38.69,43.17,90.7
49977,98.12,96.37,31.2,29.33,30.49,30.58,38.01,31.11,31.47,31.65,32.32,32.12,73.93,34.71,33.01,31.93,40.12,46.13,38.41,38.55,39.83,38.69,43.17,90.7
49996,98.12,96.37,31.2,29.41,30.49,30.58,32.81,31.11,31.47,31.84,32.32,32.12,73.43,34.71,33.01,31.93,40.12,46.32,38.27,38.55,39.83,38.69,43.17,91.47
50016,99.02,96.37,31.11,29.33,30.49,30.49,37.61,31.11,31.47,31.84,32.32,32.12,72.44,34.71,32.91,31.93,40.12,46.13,38.41,38.55,39.83,38.69,43.17,91.47
50037,99.94,96.37,31.11,29.33,30.49,30.49,32.91,31.11,31.47,31.84,32.32,32.12,73.43,34.71,33.01,31.93,40.12,46.13,38.41,38.55,39.83,38.69,43.17,83.03
50057,99.94,96.37,31.11,29.33,30.49,30.49,53.43,31.11,31.47,31.56,32.32,32.12,71.48,34.71,33.01,31.93,40.12,46.13,38.41,38.55,39.83,38.69,43.17,83.03
50076,99.94,97.24,31.11,29.33,30.49,30.49,32.81,31.11,31.47,31.47,32.32,32.12,74.44,34.71,33.01,31.93,40.12,46.13,38.41,38.41,39.83,38.69,43.17,81.77
50096,99.94,97.24,31.2,29.41,30.49,30.58,32.81,31.11,31.47,31.47,32.32,32.12,70.55,34.71,32.91,32.03,39.98,46.13,38.27,38.55,39.83,38.69,43.17,91.47
50114,99.94,97.24,31.2,29.41,30.49,30.49,32.81,31.11,31.47,31.56,32.32,32.12,65.02,34.71,32.91,32.03,40.12,46.13,38.27,38.55,39.83,38.69,43.17,90.7
50135,99.94,98.12,31.2,29.41,30.49,30.58,32.81,31.11,31.47,31.56,32.32,32.12,57.72,34.71,32.91,32.03,40.12,46.13,38.27,38.55,39.83,38.69,43,91.47
50153,99.02,97.24,31.2,29.41,30.49,30.58,32.81,31.11,31.47,31.56,32.32,32.12,57.11,34.71,32.91,32.03,40.12,46.13,38.27,38.41,39.83,38.69,43.17,91.47
50174,99.94,98.12,31.2,29.41,30.49,30.58,32.81,31.02,31.11,31.56,32.41,32.12,56.22,34.71,32.91,32.03,40.12,46.13,38.27,38.55,39.83,38.55,43.17,91.47
50194,98.12,98.12,31.2,29.41,30.49,30.58,32.91,31.02,31.11,31.47,32.32,32.12,50.91,34.71,33.01,32.03,39.98,46.13,38.27,38.55,39.83,38.69,43.17,91.47
50213,98.12,97.24,31.2,29.41,30.49,30.58,32.91,31.02,31.11,31.47,32.32,32.12,54.51,34.71,32.91,32.03,40.12,46.13,38.41,38.55,39.83,38.69,43.17,89.95
50233,97.24,97.24,31.2,29.41,30.49,30.49,48.62,31.02,31.11,31.47,32.32,32.12,53.43,34.71,32.91,32.03,39.68,46.13,38.27,38.55,39.83,38.69,43.17,90.7
50252,93.05,97.24,31.2,29.41,30.49,30.49,50.67,31.11,31.11,31.47,32.32,32.12,56.22,34.71,32.91,32.03,40.12,46.13,38.41,38.55,39.83,38.69,43.17,91.47
50272,92.25,98.12,31.2,29.41,30.49,30.58,50.44,31.02,31.11,31.47,32.32,32.12,53.17,34.71,33.01,32.03,40.12,46.13,38.27,38.55,39.83,38.69,43.17,90.7
50291,93.86,98.12,31.2,29.41,30.49,30.58,50.67,31.11,31.47,31.47,32.32,32.12,54.79,34.71,32.91,32.03,40.12,46.13,38.27,38.41,39.83,38.69,43.17,90.7
50311,93.05,97.24,31.29,29.41,30.49,30.58,49.74,31.11,31.38,31.47,32.32,32.12,54.24,34.71,33.01,32.03,40.12,46.13,38.27,38.41,39.83,38.69,43.17,90.7
50332,98.12,97.24,31.2,29.41,30.49,30.58,47.76,31.11,31.38,31.47,32.32,32.12,54.51,34.71,33.01,31.93,40.12,46.13,38.27,38.41,39.83,38.69,43.17,90.7
50350,99.94,97.24,31.29,29.41,30.49,30.58,38.27,31.02,31.38,31.47,32.32,32.12,55.92,34.71,33.01,31.93,40.12,46.13,38.41,38.41,39.83,38.69,43.17,90.7
50370,99.94,97.24,31.29,29.33,30.49,30.58,32.91,31.02,31.38,31.47,32.32,32.12,57.11,34.71,33.01,31.93,40.12,46.13,38.41,38.55,39.83,38.69,43.17,91.47
50389,100.87,97.24,31.29,29.33,30.49,30.58,38.01,31.11,31.38,31.47,32.32,32.12,56.81,34.71,32.91,31.93,40.12,46.13,38.41,38.55,39.83,38.69,43.17,89.95
50409,100.87,98.12,31.29,29.33,30.49,30.58,32.81,31.11,31.38,31.47,32.32,32.12,58.03,34.71,33.01,31.93,40.12,46.13,38.41,38.55,39.83,38.69,43.17,91.47
50430,100.87,98.12,31.29,29.33,30.49,30.58,32.91,31.02,31.11,31.47,32.32,32.12,55.07,34.71,33.01,31.93,40.12,46.13,38.41,38.55,39.83,38.69,43.17,91.47
50448,101.83,98.12,31.38,29.33,30.4,30.58,32.81,31.02,31.38,31.47,32.32,32.22,56.81,34.71,33.01,31.93,40.12,46.13,38.41,38.41,39.83,38.69,43.17,91.47
50469,100.87,98.12,31.38,29.33,30.49,30.58,32.91,31.02,31.38,31.56,32.32,32.22,55.64,34.71,33.01,31.93,40.12,46.13,38.41,38.41,39.83,38.69,43.17,91.47
50487,100.87,97.24,31.38,29.33,30.4,30.58,32.91,31.02,31.38,31.56,32.32,32.12,55.64,34.71,33.01,31.93,40.12,46.13,38.41,38.41,39.83,38.69,43.17,91.47
50508,100.87,97.24,31.38,29.33,30.4,30.58,32.81,31.02,31.29,31.56,32.32,32.12,57.41,34.71,33.01,31.93,40.12,46.13,38.41,38.55,39.83,38.69,43.17,91.47
50526,100.87,97.24,31.29,29.33,30.49,30.58,32.91,31.02,31.11,31.56,32.32,32.12,56.22,34.71,33.01,31.93,40.12,46.13,38.41,38.55,39.83,38.69,43.17,91.47
50547,100.87,98.12,31.29,29.33,30.4,30.58,32.81,31.02,31.11,31.56,32.41,32.12,58.03,34.71,33.01,31.93,40.27,46.13,38.41,38.55,39.83,38.69,43.17,91.47
50567,100.87,97.24,31.29,29.33,30.4,30.66,32.81,31.02,31.11,31.56,32.41,32.12,58.34,34.71,33.01,31.84,40.12,46.13,38.41,38.55,39.83,38.69,43.17,91.47
50586,100.87,98.12,31.29,29.33,30.4,30.58,32.81,31.02,31.02,31.56,32.41,32.12,58.03,34.71,33.01,31.84,40.27,46.13,38.41,38.55,39.83,38.69,43.17,92.25
50606,101.83,97.24,31.29,29.33,30.4,30.58,32.81,31.02,31.11,31.56,32.32,32.12,67.88,34.71,33.01,31.84,40.12,46.13,38.41,38.27,39.83,38.69,43.17,91.47
50626,101.83,98.12,31.29,29.33,30.4,30.66,32.81,31.02,31.11,31.65,32.32,32.12,69.19,34.71,33.01,31.84,40.12,46.13,38.41,38.55,39.83,38.69,43.17,91.47
50645,101.83,98.12,31.38,29.33,30.49,30.58,32.91,31.02,31.02,31.56,32.41,32.12,68.75,34.59,33.01,31.84,40.12,46.13,38.41,38.55,39.83,38.55,43.17,91.47
50665,100.87,98.12,31.29,29.33,30.49,30.58,32.91,31.02,31.11,31.56,32.32,32.12,68.75,34.71,33.01,31.84,40.12,46.13,38.41,38.55,39.83,38.69,43.17,81.15
50686,100.87,98.12,31.29,29.33,30.49,30.58,32.81,31.02,31.11,31.56,32.32,32.12,69.19,34.71,33.01,31.84,40.12,46.13,38.41,38.41,39.83,38.69,43.17,81.15
50704,100.87,98.12,31.29,29.33,30.4,30.58,32.81,31.02,31.11,31.56,32.32,32.12,71.01,34.59,33.01,31.84,40.12,46.13,38.41,38.41,39.83,38.69,43.17,81.15
50725,100.87,98.12,31.29,29.33,30.4,30.58,32.81,31.02,31.11,31.65,32.41,32.12,71.48,34.71,33.01,31.84,40.12,45.93,38.27,38.41,39.68,38.55,43.35,91.47
50743,101.83,98.12,31.29,29.33,30.4,30.58,42.83,31.02,31.11,31.65,32.32,32.12,71.48,34.71,33.01,31.84,40.12,46.13,38.41,38.55,39.83,38.69,43.17,91.47
50764,101.83,99.02,31.29,29.33,30.49,30.58,32.81,31.02,31.11,31.65,32.41,32.22,71.96,34.71,33.01,31.84,40.12,45.93,38.41,38.55,39.83,38.55,43.17,91.47
50782,99.02,98.12,31.29,29.33,30.49,30.66,32.91,31.02,31.11,31.56,32.41,32.22,71.96,34.71,33.01,31.84,40.12,46.13,38.41,38.55,39.83,38.69,43.17,91.47
