Time_ms,Sensor 1,Sensor 2,Sensor 3,Sensor 4,Sensor 5,Sensor 6,Sensor 7,Sensor 8,Sensor 9,Sensor 10,Sensor 11,Sensor 12,Sensor 13,Sensor 14,Sensor 15,Sensor 16,Sensor 17,Sensor 18,Sensor 19,Sensor 20,Sensor 21,Sensor 22,Sensor 23,Sensor 24
57842,41.51,100.87,31.02,29.25,30.49,30.49,31.93,30.66,31.02,31.93,32.51,32.03,83.67,35.74,33.31,31.93,40.27,45.35,38.14,38.97,39.83,38.69,43,97.24
52091,102.8,102.8,31.47,29.33,30.58,30.58,33.11,30.75,42.83,32.03,32.51,32.12,40.88,36.84,33.21,31.93,40.43,44.79,38.01,39.11,39.25,38.69,43.17,98.12
52167,101.83,102.8,31.47,29.33,30.58,30.58,33.11,30.75,43.52,31.93,32.41,32.12,40.58,36.84,33.11,31.93,40.43,44.79,38.01,39.11,39.25,38.69,43,98.12
52185,101.83,102.8,31.47,29.25,30.58,30.58,33.11,30.75,43.7,31.93,32.51,32.12,41.04,36.84,33.21,31.84,40.43,44.79,38.01,39.11,39.25,38.69,43,99.02
52205,102.8,102.8,31.47,29.33,30.58,30.58,33.11,30.75,43.7,31.84,32.51,32.12,43,36.84,33.21,31.84,40.27,44.6,38.01,38.97,39.25,38.55,43,98.12
52226,102.8,102.8,31.47,29.33,30.58,30.58,33.11,30.75,42.33,31.84,32.51,32.12,45.35,36.84,33.21,31.93,40.43,44.6,38.01,38.97,39.25,38.69,43,98.12
52244,102.8,102.8,31.47,29.33,30.58,30.58,33.11,30.75,43.17,31.84,32.51,32.03,40.58,36.71,33.21,31.84,40.43,44.6,38.14,38.97,39.25,38.69,43,98.12
52265,101.83,101.83,31.47,29.33,30.58,30.66,33.21,30.75,43,31.84,32.51,32.12,40.58,36.71,33.21,31.84,40.43,44.79,38.01,39.11,39.25,38.69,43,98.12
52285,101.83,101.83,31.47,29.33,30.58,30.58,33.11,30.75,43.7,31.84,32.51,32.12,40.58,36.84,33.21,31.93,40.43,44.6,38.01,38.97,39.25,38.69,43,98.12
52304,101.83,101.83,31.47,29.33,30.58,30.66,33.11,30.75,42.66,31.84,32.51,32.12,40.58,36.84,33.21,31.93,40.27,44.6,38.14,39.11,39.11,38.69,43,99.02
52324,101.83,101.83,31.47,29.33,30.58,30.58,33.11,30.75,42.83,31.84,32.51,32.12,41.04,36.84,33.21,31.93,40.43,44.6,38.14,39.11,39.25,38.69,43,95.52
52343,101.83,101.83,31.47,29.33,30.58,30.66,33.11,30.75,42.83,31.84,32.51,32.12,40.58,36.84,33.21,31.84,40.27,44.6,38.01,38.97,39.25,38.69,43,99.94
52363,102.8,101.83,31.47,29.33,30.58,30.58,33.11,30.75,42.83,31.84,32.51,32.12,40.73,36.84,33.21,31.84,40.27,44.6,38.01,39.11,39.25,38.69,43,98.12
52384,101.83,101.83,31.47,29.33,30.58,30.66,33.11,30.75,42.66,31.84,32.51,32.12,40.73,36.96,33.21,31.93,40.43,44.6,38.01,38.97,39.25,38.69,43,98.12
52402,101.83,101.83,31.47,29.33,30.58,30.66,33.11,30.75,42.33,31.84,32.51,32.12,40.88,36.71,33.21,31.93,40.43,44.6,38.01,38.97,39.25,38.69,43,99.94
52423,101.83,101.83,31.47,29.33,30.58,30.66,33.11,30.75,42.66,31.84,32.51,32.12,40.58,36.84,33.21,31.84,40.43,44.79,38.01,38.97,39.25,38.69,43,99.94
52441,101.83,101.83,31.47,29.25,30.58,30.66,33.11,30.75,42.33,31.84,32.51,32.12,40.58,36.84,33.21,31.84,40.43,44.79,38.01,39.11,39.25,38.69,43,95.52
52461,101.83,101.83,31.47,29.33,30.58,30.66,33.11,30.75,42.66,31.84,32.51,32.12,40.58,36.84,33.21,31.93,40.43,44.79,38.01,39.11,39.25,38.69,43,95.52
52482,101.83,101.83,31.47,29.33,30.58,30.66,33.11,30.75,42.83,31.84,32.51,32.12,40.73,36.84,33.21,31.84,40.27,44.79,38.01,39.11,39.25,38.69,43,95.52
52500,100.87,101.83,31.47,29.33,30.58,30.66,33.11,30.75,42.33,31.84,32.51,32.03,40.58,36.84,33.21,31.93,40.27,44.6,38.01,39.11,39.25,38.69,43,94.68
52521,101.83,101.83,31.47,29.25,30.58,30.66,33.11,30.75,42.16,31.84,32.51,32.12,40.58,36.84,33.21,31.84,40.43,44.6,38.01,38.97,39.25,38.69,43.17,95.52
52539,101.83,101.83,31.47,29.33,30.58,30.66,33.21,30.75,41.84,31.84,32.51,32.12,40.58,36.84,33.21,31.84,40.27,44.79,38.01,38.97,39.25,38.69,43,95.52
52560,101.83,101.83,31.47,29.25,30.58,30.66,33.21,30.75,41.35,31.84,32.51,32.12,40.73,36.84,33.21,31.84,40.43,44.79,38.01,38.97,39.25,38.69,43,95.52
52578,101.83,101.83,31.47,29.25,30.58,30.66,33.21,30.75,40.88,31.84,32.51,32.12,40.73,36.84,33.21,31.93,40.43,44.79,38.01,38.97,39.25,38.69,43.17,95.52
52599,101.83,101.83,31.47,29.25,30.58,30.66,33.11,30.75,35.98,31.84,32.51,32.12,41.04,36.96,33.21,31.84,40.43,44.6,38.01,39.11,39.25,38.69,43.17,95.52
52619,101.83,101.83,31.47,29.33,30.58,30.66,33.21,30.75,31.75,31.84,32.51,32.12,41.84,36.84,33.21,31.93,40.43,44.6,38.01,38.97,39.25,38.55,43.17,95.52
52638,101.83,100.87,31.47,29.33,30.58,30.66,33.21,30.75,31.38,31.84,32.51,32.12,41.2,36.84,33.21,31.93,40.43,44.6,38.14,38.97,39.25,38.55,43,93.86
52658,101.83,100.87,31.47,29.33,30.58,30.66,33.11,30.75,31.38,31.84,32.51,32.12,40.88,36.84,33.21,31.84,40.43,44.6,38.01,38.97,39.25,38.69,43,95.52
52677,100.87,100.87,31.47,29.33,30.58,30.66,33.21,30.75,31.38,31.84,32.51,32.12,40.88,36.96,33.21,31.84,40.27,44.6,38.01,38.97,39.25,38.55,43.17,95.52
52697,101.83,101.83,31.47,29.25,30.58,30.66,33.21,30.75,31.38,31.84,32.51,32.12,40.88,36.96,33.21,31.93,40.43,44.6,38.01,39.11,39.25,38.69,43,97.24
52715,101.83,100.87,31.47,29.33,30.58,30.66,33.21,30.75,31.38,31.84,32.51,32.12,40.73,36.84,33.21,31.93,40.43,44.6,38.01,38.97,39.25,38.69,43,98.12
52736,101.83,100.87,31.47,29.33,30.58,30.66,33.21,30.75,31.38,31.84,32.51,32.12,40.88,36.84,33.21,31.93,40.43,44.6,38.01,38.97,39.25,38.69,43,99.02
52756,101.83,101.83,31.47,29.33,30.58,30.66,33.21,30.75,31.38,31.84,32.51,32.12,40.73,36.84,33.21,31.93,40.27,44.6,38.01,39.11,39.25,38.69,43.17,99.02
52775,101.83,100.87,31.47,29.33,30.58,30.66,33.21,30.75,31.38,31.84,32.51,32.12,40.73,36.84,33.21,31.93,40.27,44.6,38.01,38.97,39.25,38.69,43,99.02
52795,101.83,100.87,31.47,29.33,30.58,30.58,33.11,30.75,31.38,31.84,32.51,32.12,40.73,36.84,33.21,31.93,40.43,44.6,38.14,39.11,39.25,38.69,43.17,98.12
52814,101.83,100.87,31.47,29.33,30.58,30.66,33.21,30.75,31.38,31.84,32.51,32.12,40.73,36.84,33.21,31.93,40.43,44.6,38.01,39.11,39.25,38.69,43,99.02
52834,101.83,99.94,31.47,29.33,30.58,30.66,33.21,30.75,31.38,31.84,32.51,32.12,40.88,36.84,33.21,31.93,40.43,44.6,38.01,38.97,39.25,38.55,43,99.02
52853,101.83,100.87,31.47,29.33,30.58,30.66,33.11,30.75,31.38,31.84,32.51,32.12,41.51,36.84,33.21,31.93,40.43,44.6,38.01,39.11,39.25,38.69,43,99.02
52873,101.83,100.87,31.56,29.33,30.58,30.58,33.11,30.75,31.38,31.84,32.51,32.12,47.55,36.84,33.21,31.93,40.43,44.6,38.01,38.97,39.25,38.69,43,99.02
52894,101.83,100.87,31.47,29.33,30.58,30.58,33.11,30.75,31.38,31.84,32.51,32.12,41.2,36.84,33.21,31.93,40.43,44.6,38.01,38.97,39.25,38.55,43,99.02
52914,101.83,100.87,31.47,29.33,30.58,30.58,33.21,30.75,31.38,31.84,32.51,32.12,40.88,36.84,33.21,31.84,40.43,44.6,38.01,38.97,39.11,38.69,43,98.12
52933,101.83,100.87,31.47,29.25,30.58,30.66,33.21,30.75,31.38,31.84,32.51,32.12,41.04,36.84,33.21,31.84,40.43,44.6,38.01,38.97,39.11,38.69,43.17,98.12
52953,101.83,99.94,33.11,29.33,30.58,30.58,33.11,30.75,31.38,31.84,32.51,32.12,41.04,36.84,33.21,31.93,40.27,44.6,38.01,38.97,39.25,38.69,43.17,99.02
52971,101.83,100.87,37.87,29.33,30.58,30.58,33.11,30.75,31.38,31.84,32.51,32.12,40.88,36.84,33.21,31.84,40.43,44.6,38.01,39.11,39.11,38.69,43.17,99.02
52992,101.83,100.87,38.01,29.33,30.58,30.58,33.11,30.75,31.38,31.84,32.51,32.12,40.88,36.84,33.21,31.93,40.43,44.6,38.01,38.97,39.25,38.69,43.17,98.12
53012,101.83,100.87,38.69,29.33,30.58,30.58,33.11,30.75,31.38,31.84,32.51,32.12,40.73,36.84,33.21,31.93,40.43,44.79,38.01,38.97,39.25,38.69,43.17,98.12
53031,101.83,100.87,38.27,29.25,30.58,30.58,33.11,30.75,31.38,31.84,32.51,32.03,41.04,36.84,33.21,31.93,40.43,44.79,38.01,38.97,39.25,38.69,43.17,99.02
53051,101.83,100.87,40.88,29.33,30.58,30.58,33.11,30.75,32.91,31.84,32.51,32.12,40.88,36.96,33.21,31.84,40.27,44.79,38.01,38.97,39.25,38.69,43.17,99.02
53070,101.83,100.87,40.73,29.33,30.58,30.58,33.11,30.75,39.98,31.84,32.51,32.12,41.04,36.84,33.21,31.93,40.12,44.79,38.01,38.97,39.11,38.69,43,95.52
53090,101.83,100.87,38.97,29.33,30.58,30.58,33.11,30.75,37.35,31.84,32.51,32.12,41.2,36.84,33.21,31.93,40.27,44.79,38.01,39.11,39.25,38.69,43.17,95.52
53109,100.87,101.83,40.73,29.33,30.58,30.58,33.11,30.75,38.01,31.84,32.51,32.12,40.73,36.84,33.21,31.84,40.43,44.79,38.01,38.97,39.25,38.55,43.17,96.37
53129,102.8,100.87,38.14,29.33,30.58,30.58,33.11,30.75,35.16,31.84,32.51,32.12,40.88,36.84,33.21,31.93,40.43,44.79,38.01,38.97,39.25,38.69,43.17,96.37
53150,101.83,100.87,31.47,29.33,30.58,30.58,33.11,30.75,35.04,31.84,32.51,32.12,41.04,36.84,33.21,31.93,40.43,44.79,38.01,38.83,39.25,38.69,43,96.37
53168,101.83,100.87,31.56,29.33,30.58,30.58,33.11,30.75,32.32,31.84,32.51,32.12,40.88,36.84,33.21,31.93,40.27,44.79,38.01,39.11,39.25,38.69,43,96.37
53189,101.83,101.83,36.46,29.33,30.58,30.58,33.11,30.75,38.27,31.84,32.51,32.12,40.88,36.84,33.21,31.93,40.43,44.97,38.01,38.97,39.25,38.69,43.17,96.37
53207,102.8,101.83,45.54,29.33,30.58,30.58,33.11,30.75,34.71,31.84,32.51,32.12,40.88,36.84,33.21,31.93,40.43,45.35,37.87,38.97,39.25,38.69,43.17,99.02
53227,101.83,101.83,33.84,29.33,30.58,30.58,33.11,30.75,33.73,31.84,32.51,32.12,40.73,36.96,33.21,31.93,40.43,45.54,38.01,38.97,39.25,38.69,43,99.02
53248,101.83,101.83,38.27,29.25,30.58,30.58,33.11,30.75,36.1,31.84,32.51,32.12,40.88,36.84,33.21,31.93,40.43,45.93,38.01,38.97,39.25,38.69,43,99.02
53268,102.8,101.83,36.96,29.33,30.58,30.58,33.11,30.75,36.71,31.84,32.51,32.12,40.73,36.84,33.11,31.84,40.27,46.32,38.01,38.97,39.25,38.55,43,99.02
53287,102.8,101.83,38.41,29.33,30.58,30.58,33.11,30.75,35.74,31.84,32.51,32.12,40.73,36.84,33.21,31.93,40.27,46.52,38.01,38.97,39.25,38.69,43,99.02
53307,102.8,101.83,31.56,29.33,30.58,30.58,33.11,30.66,35.74,31.84,32.51,32.12,40.73,36.84,33.21,31.93,40.27,44.97,38.01,38.97,39.25,38.69,43,99.02
53326,102.8,101.83,36.59,29.33,30.58,30.58,33.21,30.75,31.38,31.93,32.51,32.12,40.73,36.84,33.21,31.93,40.43,44.79,38.01,38.97,39.25,38.69,43,99.02
53346,102.8,100.87,37.35,29.33,30.58,30.58,33.21,30.75,31.38,31.93,32.51,32.12,40.73,36.84,33.21,31.93,40.43,44.97,38.01,38.97,39.25,38.69,43,99.02
53365,102.8,100.87,31.38,29.33,30.58,30.58,33.11,30.75,31.38,32.03,32.51,32.12,40.73,36.84,33.21,31.93,40.43,44.97,38.01,38.97,39.25,38.55,43,99.02
53385,102.8,100.87,31.29,29.33,30.58,30.58,33.11,30.75,31.38,32.03,32.51,32.12,40.73,36.84,33.21,31.93,40.43,44.97,38.01,38.97,39.11,38.69,43,99.02
53406,102.8,100.87,31.29,29.33,30.58,30.58,33.11,30.75,31.29,32.03,32.51,32.12,40.73,36.84,33.21,31.93,40.27,44.79,38.01,38.97,39.11,38.69,43,98.12
53424,99.94,53.17,31.38,29.33,30.58,30.58,33.11,30.75,31.29,31.93,32.51,32.12,40.88,36.84,33.21,31.93,40.43,44.97,38.01,38.97,39.11,38.69,43,99.02
53445,101.83,100.87,31.38,29.33,30.58,30.58,33.11,30.75,31.29,31.93,32.51,32.12,40.88,36.96,33.21,31.93,40.27,44.97,37.87,38.97,39.25,38.69,43,97.24
53463,100.87,53.7,31.29,29.33,30.58,30.58,33.21,30.75,31.11,31.93,32.51,32.12,40.73,36.84,33.21,31.93,40.43,44.97,38.01,38.97,39.25,38.69,43,99.02
53483,100.87,100.87,31.29,29.33,30.58,30.58,33.11,30.75,31.11,31.93,32.51,32.12,41.04,36.96,33.21,31.93,40.43,44.97,38.01,38.97,39.25,38.55,42.83,99.94
53504,100.87,99.02,31.29,29.33,30.58,30.58,33.11,30.75,31.11,31.93,32.51,32.12,41.04,36.84,33.11,31.93,40.27,44.97,38.01,38.97,39.11,38.69,43,100.87
53524,101.83,100.87,31.2,29.33,30.58,30.58,33.11,30.75,32.32,31.93,32.51,32.12,40.88,36.84,33.11,31.93,40.43,44.97,38.01,38.97,39.25,38.69,43,100.87
53543,99.94,62.03,31.2,29.33,30.58,30.58,33.11,30.75,31.11,31.93,32.51,32.12,40.43,36.84,33.11,31.93,40.27,44.97,38.01,38.97,39.11,38.55,43,100.87
53563,99.94,99.94,31.2,29.33,30.58,30.58,33.11,30.75,31.11,31.93,32.51,32.12,40.58,36.84,33.11,31.93,40.27,44.97,38.01,38.97,39.25,38.55,43,99.94
53582,62.39,67.88,31.29,29.33,30.58,30.58,33.01,30.75,31.11,31.93,32.51,32.12,40.73,36.84,33.11,31.93,40.43,44.79,38.01,38.97,39.25,38.69,43,100.87
53602,59.31,98.12,31.29,29.33,30.58,30.58,33.11,30.66,31.11,31.93,32.51,32.12,40.88,36.84,33.11,31.93,40.27,44.97,38.01,38.97,39.11,38.41,43,99.02
53621,60.64,71.96,31.29,29.25,30.58,30.49,33.11,30.66,31.11,31.84,32.41,32.12,40.73,36.84,33.11,31.93,40.27,44.97,38.01,38.97,39.25,38.55,43,99.02
53641,69.64,72.44,31.2,29.25,30.58,30.58,32.91,30.75,31.11,31.84,32.51,32.12,40.88,36.84,33.11,31.93,40.27,44.97,38.01,38.97,39.11,38.55,43,99.94
53662,52.65,79.36,31.29,29.33,30.58,30.58,32.91,30.66,31.11,31.84,32.51,32.12,40.43,36.84,33.01,31.93,40.27,44.97,38.01,38.97,39.11,38.55,43,99.94
53680,48.62,87.04,31.2,29.33,30.58,30.58,33.01,30.66,31.11,31.84,32.51,32.12,40.12,36.84,33.11,32.03,40.43,45.16,38.01,38.97,39.25,38.55,43,94.68
53701,47.13,98.12,31.2,29.33,30.58,30.58,33.11,30.66,31.75,31.84,32.51,32.12,40.27,36.84,33.11,31.93,40.43,45.16,38.01,38.97,39.11,38.69,43,96.37
53719,96.37,99.94,31.2,29.33,30.58,30.58,33.01,30.75,31.11,31.84,32.51,32.12,40.58,36.96,33.11,31.93,40.43,45.16,38.01,38.97,39.11,38.55,43,94.68
53739,97.24,56.22,31.29,29.25,30.58,30.58,33.11,30.75,31.11,31.84,32.51,32.12,40.88,36.84,33.11,31.93,40.43,45.16,37.87,38.97,39.11,38.55,43,95.52
53758,97.24,57.41,31.29,29.33,30.58,30.58,33.01,30.66,31.11,31.84,32.51,32.12,41.51,36.84,33.11,32.03,40.43,44.97,37.87,38.97,39.11,38.55,43,95.52
53778,98.12,54.24,31.29,29.33,30.58,30.58,32.91,30.66,31.2,31.84,32.51,32.12,41.67,36.84,33.11,31.93,40.43,44.97,38.01,38.97,39.11,38.55,43,95.52
53799,98.12,93.05,31.29,29.33,30.58,30.58,33.01,30.66,31.2,31.93,32.51,32.12,41.84,36.96,33.11,31.93,40.43,44.79,38.01,38.83,39.11,38.55,43,96.37
53817,97.24,99.94,31.29,29.33,30.58,30.58,33.01,30.66,31.2,31.84,32.51,32.12,42.66,36.84,33.11,31.93,40.43,44.79,38.01,38.97,39.25,38.69,43,94.68
53838,52.91,97.24,31.29,29.33,30.58,30.49,33.01,30.66,31.2,31.93,32.51,32.12,43,36.84,33.11,31.93,40.27,44.97,38.01,38.83,39.11,38.55,43,95.52
53856,48.62,98.12,31.29,29.33,30.58,30.58,33.01,30.66,31.29,31.93,32.51,32.12,43.52,36.84,33.11,32.03,40.27,44.79,38.01,38.97,39.11,38.55,43,95.52
53877,53.17,96.37,31.29,29.33,30.58,30.58,33.01,30.75,31.29,31.93,32.51,32.12,43.52,36.84,33.11,32.03,40.43,44.79,38.01,38.97,39.11,38.55,43,94.68
53897,52.4,85.66,31.29,29.25,30.58,30.58,33.11,30.75,31.29,31.93,32.51,32.12,44.79,36.84,33.11,31.93,40.27,44.79,38.01,38.97,39.11,38.55,43,94.68
53916,53.97,97.24,31.29,29.33,30.58,30.58,33.11,30.75,31.29,31.93,32.51,32.12,44.97,36.84,33.11,32.03,40.43,44.97,37.87,38.97,39.25,38.55,43,95.52
53936,59.31,98.12,31.29,29.33,30.58,30.58,33.21,30.75,31.29,31.93,32.51,32.12,45.74,36.84,33.11,32.03,40.43,44.97,37.87,38.97,39.11,38.55,43,95.52
53954,63.12,98.12,31.29,29.33,30.58,30.58,33.42,30.75,31.11,31.93,32.51,32.12,45.74,36.84,33.11,31.93,40.43,44.97,38.01,38.97,39.11,38.55,43,96.37
53975,89.95,99.02,31.29,29.33,30.58,30.58,33.11,30.66,31.11,31.93,32.51,32.12,45.54,36.84,33.11,31.93,40.43,44.97,38.01,38.97,39.11,38.55,43.17,96.37
53993,100.87,97.24,48.19,29.25,30.58,30.58,33.11,30.66,31.11,31.93,32.51,32.12,45.35,36.84,33.21,31.93,40.43,45.16,38.01,38.97,39.11,38.69,43,95.52
54014,100.87,99.02,31.29,29.33,30.58,30.58,33.11,30.66,31.11,31.93,32.51,32.12,45.93,36.84,33.11,31.93,40.43,45.16,38.01,38.97,39.11,38.69,43,101.83
54034,100.87,100.87,31.29,29.33,30.58,30.49,63.87,30.75,31.2,31.93,32.51,32.12,45.74,36.84,33.11,31.93,40.43,45.16,38.01,38.97,39.25,38.69,43,100.87
54053,96.37,99.94,31.29,29.33,30.58,30.49,41.35,30.75,31.29,31.93,32.51,32.12,45.74,36.84,33.21,31.93,40.43,45.54,38.01,38.97,39.25,38.55,43,101.83
54073,96.37,99.94,31.29,29.33,30.58,30.49,33.21,30.75,31.29,31.84,32.51,32.12,45.54,36.84,33.11,31.93,40.43,45.16,37.87,38.97,39.11,38.69,43,100.87
54092,97.24,99.94,31.29,29.33,30.58,30.58,33.31,30.75,31.29,31.93,32.51,32.12,45.93,36.84,33.21,31.93,40.43,45.35,38.01,38.97,39.25,38.55,43,101.83
54112,96.37,93.86,37.22,29.33,30.58,30.58,33.31,30.66,31.93,31.84,32.51,32.12,46.13,36.84,33.21,31.93,40.43,45.16,38.01,38.97,39.11,38.69,43,100.87
54131,101.83,100.87,45.16,29.33,30.58,30.58,33.31,30.75,36.34,31.93,32.51,32.12,46.13,36.84,33.21,31.93,40.43,45.54,38.01,38.97,39.25,38.69,43,100.87
54151,100.87,99.94,31.29,29.33,30.58,30.49,32.32,30.75,40.12,31.93,32.51,32.12,45.93,36.84,33.21,31.93,40.43,45.93,38.01,38.97,39.11,38.69,43,100.87
54172,100.87,101.83,45.54,29.33,30.58,30.49,33.31,30.75,39.54,31.93,32.51,32.12,47.13,36.84,33.21,31.93,40.43,46.13,38.01,38.97,39.11,38.69,43,100.87
54190,100.87,100.87,31.29,29.25,30.58,30.49,33.21,30.66,39.25,31.93,32.51,32.12,46.32,36.84,33.11,31.93,40.43,45.35,38.01,38.97,39.11,38.69,43,99.94
54210,99.94,63.87,31.29,29.33,30.58,30.49,33.11,30.66,38.55,31.93,32.51,32.12,46.13,36.84,33.11,31.93,40.43,44.97,38.01,38.97,39.11,38.69,43,100.87
54229,100.87,68.75,31.29,29.25,30.58,30.49,33.21,30.75,31.29,31.84,32.51,32.12,46.52,36.84,33.21,31.93,40.43,44.79,38.01,38.97,39.11,38.69,43,99.94
54249,99.02,99.02,31.29,29.25,30.58,30.49,33.11,30.66,31.29,31.93,32.51,32.12,43.52,36.84,33.21,31.93,40.43,44.79,38.01,38.97,39.11,38.69,43,99.94
54270,100.87,98.12,31.29,29.25,30.58,30.49,33.21,30.75,41.04,31.93,32.51,32.12,43.52,36.84,33.21,31.93,40.43,44.79,38.01,38.97,39.25,38.55,43,100.87
54288,100.87,99.02,31.29,29.33,30.58,30.49,33.21,30.75,40.43,31.93,32.51,32.12,43.35,36.84,33.21,31.93,40.43,44.79,38.01,38.97,39.25,38.69,43,99.94
54309,100.87,100.87,31.29,29.33,30.58,30.58,33.11,30.75,31.29,31.93,32.51,32.12,43.35,36.84,33.21,31.93,40.43,44.79,38.01,38.97,39.25,38.69,43,99.94
54327,101.83,100.87,31.29,29.33,30.58,30.49,33.11,30.75,41.04,31.93,32.51,32.12,43.52,36.84,33.21,31.93,40.43,44.6,38.01,38.97,39.25,38.69,43,99.94
54348,100.87,100.87,31.38,29.33,30.58,30.49,33.11,30.75,41.2,31.93,32.51,32.12,43.17,36.84,33.21,31.93,40.43,44.6,38.01,39.11,39.25,38.69,43,99.94
54366,100.87,100.87,31.29,29.33,30.58,30.58,33.11,30.75,40.88,32.03,32.51,32.12,43.17,36.84,33.21,31.93,40.43,44.6,38.01,38.97,39.25,38.69,43,99.94
54387,100.87,100.87,31.38,29.33,30.58,30.49,33.01,30.75,40.88,32.03,32.51,32.12,43.88,36.84,33.21,31.93,40.43,44.6,38.01,39.11,39.11,38.69,43.17,99.94
54407,100.87,100.87,31.38,29.33,30.58,30.58,33.11,30.75,41.2,31.93,32.51,32.12,43.7,36.84,33.21,31.93,40.43,44.6,38.01,39.11,39.25,38.69,43,99.94
54426,100.87,100.87,31.38,29.25,30.58,30.49,33.11,30.75,40.12,31.84,32.51,32.12,45.16,36.84,33.21,31.93,40.43,44.79,38.01,39.11,39.25,38.69,43.17,100.87
54446,100.87,100.87,31.38,29.25,30.58,30.58,33.11,30.75,33.01,31.84,32.51,32.12,43.7,36.84,33.21,31.93,40.43,44.6,38.01,39.11,39.25,38.69,43.17,100.87
54464,100.87,100.87,31.38,29.33,30.58,30.58,33.11,30.75,31.38,31.84,32.51,32.12,42.83,36.96,33.11,31.84,40.43,44.6,37.87,38.97,39.25,38.69,43.17,99.94
54485,99.94,100.87,31.38,29.33,30.58,30.58,33.01,30.75,31.38,31.93,32.51,32.12,43,36.84,33.21,31.93,40.43,44.6,38.01,38.97,39.25,38.69,43,99.94
54503,100.87,100.87,31.38,29.25,30.58,30.58,33.01,30.75,31.38,31.93,32.51,32.12,43.52,36.96,33.21,31.93,40.43,44.6,38.01,38.97,39.25,38.69,43,100.87
54524,100.87,99.94,31.38,29.33,30.58,30.58,32.91,30.75,32.32,31.84,32.51,32.12,42.83,36.96,33.21,31.93,40.43,44.6,38.01,38.97,39.25,38.69,43.17,100.87
54544,99.94,100.87,31.38,29.33,30.58,30.58,32.91,30.75,32.51,31.93,32.51,32.12,43,36.84,33.21,31.93,40.43,44.6,38.01,38.97,39.25,38.69,43,99.94
54563,100.87,100.87,31.38,29.33,30.58,30.58,32.91,30.75,31.29,31.93,32.51,32.12,43,36.84,33.21,31.93,40.43,44.6,38.01,38.97,39.25,38.69,43.17,99.94
54583,99.94,83.67,31.38,29.33,30.58,30.58,32.91,30.75,31.29,31.93,32.51,32.12,43.35,36.96,33.21,31.93,40.43,44.6,38.01,39.11,39.25,38.69,43.17,99.94
54602,100.87,100.87,31.38,29.33,30.58,30.58,32.91,30.75,31.38,31.93,32.51,32.12,43.17,36.84,33.21,31.93,40.43,44.79,38.14,39.11,39.25,38.69,43,99.94
54622,99.94,72.44,31.38,29.25,30.58,30.58,32.91,30.75,31.38,31.93,32.51,32.12,43.52,36.84,33.21,31.93,40.43,44.6,38.01,39.11,39.25,38.69,43.17,99.94
54643,100.87,100.87,31.38,29.33,30.58,30.58,32.91,30.75,31.38,31.93,32.51,32.12,43.17,36.84,33.21,31.84,40.43,44.6,38.14,38.97,39.25,38.69,43.17,99.94
54661,100.87,100.87,31.38,29.33,30.58,30.58,33.01,30.75,31.38,31.93,32.51,32.12,43.17,36.84,33.21,31.93,40.43,44.79,38.14,38.97,39.25,38.69,43.17,99.94
54682,100.87,100.87,31.38,29.33,30.58,30.58,33.11,30.75,31.38,31.93,32.51,32.12,43.17,36.96,33.21,31.93,40.43,44.79,38.01,39.11,39.25,38.69,43.17,99.94
54700,100.87,100.87,31.38,29.25,30.58,30.58,33.11,30.75,31.38,31.93,32.51,32.12,43.17,36.96,33.21,31.93,40.43,44.79,38.01,39.11,39.25,38.69,43.17,100.87
54720,100.87,100.87,31.38,29.25,30.58,30.58,33.31,30.75,31.38,31.93,32.51,32.12,43.52,36.96,33.21,31.84,40.43,44.6,38.14,39.11,39.25,38.69,43.17,99.94
54739,101.83,100.87,31.38,29.33,30.58,30.66,33.42,30.75,31.38,31.93,32.51,32.12,43.17,36.84,33.21,31.93,40.43,44.79,38.01,38.97,39.25,38.69,43,100.87
54759,100.87,100.87,31.47,29.33,30.58,30.66,33.42,30.75,31.38,31.93,32.51,32.12,43.17,36.84,33.21,31.93,40.43,44.79,38.14,39.11,39.25,38.69,43,99.94
54780,101.83,100.87,31.47,29.33,30.58,30.66,33.31,30.75,31.38,31.93,32.51,32.12,42.83,36.84,33.21,31.84,40.43,45.16,38.01,39.11,39.25,38.69,43.17,99.94
54798,101.83,101.83,31.47,29.33,30.58,30.58,33.42,30.75,31.29,31.93,32.51,32.12,43.17,36.84,33.21,31.93,40.43,45.54,38.01,38.97,39.25,38.69,43.17,99.94
54819,101.83,101.83,31.47,29.33,30.58,30.66,33.21,30.75,31.38,31.93,32.51,32.12,43,36.84,33.21,31.93,40.43,45.54,38.01,39.11,39.25,38.69,43.17,99.94
54837,101.83,101.83,31.47,29.33,30.58,30.66,33.21,30.75,31.38,31.93,32.51,32.12,43.17,36.84,33.21,31.84,40.27,45.35,38.01,39.11,39.25,38.83,43.17,100.87
54858,100.87,101.83,31.47,29.33,30.58,30.66,33.11,30.75,31.38,32.03,32.51,32.12,43,36.96,33.21,31.93,39.98,45.16,38.01,38.97,39.25,38.69,43,99.94
54876,100.87,100.87,31.47,29.33,30.58,30.66,33.11,30.75,31.38,32.03,32.51,32.12,43.17,36.96,33.21,31.93,40.43,45.54,38.01,39.11,39.25,38.69,43,100.87
54897,100.87,100.87,31.47,29.33,30.58,30.66,33.11,30.75,31.38,32.03,32.51,32.12,43.17,36.96,33.21,31.93,40.43,45.16,38.01,38.97,39.25,38.69,43.17,100.87
54917,100.87,101.83,31.47,29.33,30.58,30.66,32.32,30.75,31.38,32.03,32.51,32.12,43.35,36.96,33.21,31.84,40.43,45.16,38.01,39.11,39.25,38.69,43,99.94
54935,100.87,100.87,31.47,29.33,30.58,30.66,32.91,30.75,31.38,32.03,32.51,32.12,43.35,36.84,33.21,31.93,40.43,45.35,38.01,39.11,39.25,38.69,43.17,99.94
54956,100.87,101.83,31.47,29.33,30.58,30.66,33.21,30.75,31.38,32.03,32.51,32.12,43.52,36.96,33.21,31.93,40.27,45.35,38.01,38.97,39.25,38.69,43.17,99.94
54974,100.87,100.87,31.47,29.33,30.58,30.66,33.21,30.75,31.38,32.03,32.51,32.12,43.17,36.84,33.21,31.84,40.43,44.97,38.01,39.11,39.25,38.69,43.17,99.94
54995,100.87,100.87,31.47,29.33,30.58,30.66,33.21,30.75,31.38,32.03,32.51,32.12,43.35,36.84,33.21,31.93,40.43,44.6,38.01,39.11,39.25,38.69,43.17,99.94
55015,100.87,100.87,31.47,29.33,30.58,30.66,33.11,30.75,31.38,32.03,32.51,32.12,43.35,36.84,33.21,31.84,40.43,44.6,38.01,38.97,39.25,38.69,43.17,99.94
55034,100.87,100.87,31.47,29.33,30.58,30.66,33.31,30.75,31.38,32.03,32.51,32.12,43,36.96,33.21,31.84,40.43,44.79,38.01,39.11,39.25,38.69,43.17,99.94
55054,100.87,100.87,31.47,29.33,30.58,30.66,33.21,30.75,31.38,32.03,32.51,32.12,43.52,36.96,33.21,31.84,40.43,46.13,38.01,39.11,39.25,38.69,43.17,99.94
55073,100.87,99.94,31.47,29.33,30.58,30.66,33.21,30.75,31.38,32.03,32.51,32.12,43.35,36.84,33.21,31.84,40.43,46.13,38.01,38.97,39.25,38.69,43.17,99.94
55093,100.87,100.87,31.47,29.25,30.58,30.66,33.21,30.75,31.38,32.03,32.51,32.12,43.17,36.96,33.21,31.93,40.12,46.13,38.01,38.97,39.25,38.69,43.17,100.87
55112,100.87,99.94,31.47,29.33,30.58,30.66,33.11,30.75,31.29,32.03,32.51,32.12,43.17,36.96,33.21,31.84,40.43,46.13,38.14,39.11,39.25,38.69,43.17,100.87
55132,100.87,100.87,31.47,29.33,30.58,30.66,33.11,30.75,31.29,31.84,32.51,32.12,43.17,36.84,33.21,31.93,40.43,46.13,38.01,39.11,39.25,38.69,43,100.87
55153,100.87,99.94,31.47,29.25,30.58,30.66,33.21,30.75,31.29,31.84,32.51,32.12,43.52,36.84,33.21,31.84,40.43,46.13,38.01,39.11,39.25,38.69,43,99.94
55171,100.87,99.94,31.47,29.33,30.58,30.58,33.11,30.75,31.29,31.84,32.51,32.12,43.52,36.84,33.21,31.84,40.43,46.13,38.14,39.11,39.25,38.69,43,99.94
55191,100.87,100.87,31.47,29.33,30.58,30.58,33.01,30.75,31.29,31.84,32.51,32.12,44.42,36.96,33.21,31.84,40.43,46.13,38.01,39.11,39.25,38.55,43.17,99.94
55210,100.87,100.87,31.47,29.33,30.58,30.66,33.01,30.75,31.29,31.93,32.51,32.12,44.24,36.96,33.21,31.93,40.43,46.13,38.01,39.11,39.25,38.69,43.17,99.94
55230,100.87,100.87,31.47,29.33,30.58,30.66,40.27,30.75,31.29,31.84,32.51,32.12,44.24,36.84,33.21,31.84,40.43,46.13,38.01,39.11,39.25,38.69,43,99.94
55249,100.87,100.87,31.47,29.33,30.58,30.66,41.35,30.75,31.38,31.93,32.51,32.12,44.06,36.84,33.21,31.84,40.43,46.13,38.01,39.11,39.25,38.69,43,99.02
55269,99.94,100.87,31.47,29.25,30.58,30.66,38.01,30.75,31.38,31.93,32.51,32.12,43.88,36.84,33.21,31.84,40.43,46.13,38.01,38.97,39.11,38.69,43.17,100.87
55290,100.87,100.87,31.47,29.33,30.58,30.66,33.21,30.75,31.38,32.03,32.51,32.12,44.24,36.84,33.21,31.93,40.43,46.13,38.14,39.11,39.25,38.55,43.17,99.94
55308,100.87,100.87,31.47,29.25,30.58,30.58,33.01,30.75,31.38,31.93,32.51,32.12,44.24,36.84,33.21,31.84,40.43,46.13,38.14,39.11,39.11,38.55,43,99.94
55329,99.94,99.94,31.47,29.33,30.58,30.66,32.91,30.75,31.38,31.93,32.51,32.12,44.24,36.84,33.21,31.84,40.58,46.13,38.14,38.97,39.25,38.69,43.17,99.94
55347,100.87,100.87,31.47,29.25,30.58,30.66,33.01,30.75,31.47,31.93,32.51,32.12,43.88,36.84,33.21,31.93,40.43,46.13,38.14,39.11,39.25,38.55,43.17,100.87
55368,100.87,100.87,31.47,29.33,30.58,30.66,33.01,30.75,31.47,31.93,32.51,32.12,44.24,36.84,33.21,31.84,40.43,46.13,38.14,39.11,39.25,38.69,43,100.87
55388,100.87,100.87,31.47,29.33,30.58,30.58,32.91,30.75,31.38,31.93,32.51,32.03,44.06,36.84,33.21,31.93,40.43,46.13,38.01,39.11,39.25,38.69,43.17,100.87
55407,100.87,100.87,31.47,29.33,30.58,30.66,32.91,30.75,31.38,31.93,32.51,32.12,44.24,36.84,33.11,31.93,40.43,46.13,38.01,39.11,39.25,38.55,43,99.94
55427,100.87,101.83,34.71,29.25,30.58,30.66,32.91,30.75,33.73,31.93,32.51,32.12,44.42,36.84,33.21,31.84,40.43,46.13,38.01,39.11,39.25,38.69,43,99.94
55445,101.83,100.87,36.96,29.33,30.58,30.58,32.91,30.75,36.34,31.93,32.51,32.12,44.42,36.84,33.21,31.93,40.43,46.13,38.01,38.97,39.25,38.69,43.17,99.94
55466,101.83,101.83,37.48,29.33,30.58,30.66,33.01,30.75,36.46,31.93,32.51,32.12,44.24,36.84,33.21,31.84,40.43,46.13,38.01,38.97,39.25,38.69,43.17,100.87
55484,101.83,101.83,35.62,29.33,30.58,30.58,33.01,30.75,35.98,32.03,32.51,32.12,44.24,36.84,33.21,31.84,40.43,46.13,38.14,39.11,39.25,38.69,43.17,99.94
55505,100.87,101.83,36.84,29.25,30.58,30.66,42.66,30.75,36.1,32.03,32.51,32.12,44.06,36.84,33.21,31.93,40.43,46.13,38.01,39.11,39.25,38.69,43.17,99.94
55525,101.83,101.83,36.46,29.33,30.58,30.66,40.27,30.75,35.74,32.03,32.51,32.12,44.06,36.84,33.21,31.93,40.43,46.13,38.01,38.97,39.25,38.69,43,100.87
55544,101.83,101.83,36.84,29.33,30.58,30.58,42.66,30.75,35.39,31.93,32.51,32.12,43.88,36.84,33.21,31.93,40.43,46.13,38.14,39.11,39.25,38.69,43.17,100.87
55564,100.87,101.83,38.55,29.33,30.58,30.66,41.51,30.75,35.27,31.93,32.51,32.12,44.06,36.84,33.21,31.93,40.43,46.13,38.14,38.97,39.25,38.69,43.17,99.94
55583,101.83,100.87,39.25,29.33,30.58,30.58,38.41,30.75,35.5,31.93,32.51,32.12,44.06,36.84,33.21,31.93,40.43,46.13,38.01,39.11,39.25,38.55,43,100.87
55603,101.83,101.83,40.27,29.25,30.58,30.58,42.33,30.75,35.86,31.93,32.51,32.12,44.24,36.84,33.21,31.93,40.43,46.13,38.01,39.11,39.25,38.69,43.17,100.87
55622,101.83,101.83,39.83,29.25,30.58,30.58,33.11,30.75,35.5,31.93,32.51,32.12,44.79,36.84,33.21,31.93,40.43,46.13,38.01,38.97,39.25,38.69,43.17,100.87
55642,101.83,101.83,38.14,29.33,30.58,30.58,33.11,30.75,35.27,31.93,32.51,32.12,44.42,36.84,33.21,31.93,40.43,46.13,38.01,38.97,39.25,38.55,43.17,100.87
55663,101.83,101.83,39.83,29.25,30.58,30.58,33.01,30.75,35.5,32.03,32.51,32.12,44.24,36.84,33.21,31.93,40.43,46.32,38.14,38.97,39.25,38.69,43,100.87
55681,101.83,101.83,40.43,29.33,30.58,30.58,33.11,30.75,36.22,31.93,32.51,32.12,44.24,36.84,33.21,31.93,40.43,46.13,38.01,39.11,39.25,38.69,43.17,99.94
55701,101.83,101.83,40.27,29.33,30.58,30.58,33.01,30.75,36.84,32.03,32.51,32.12,44.42,36.84,33.21,31.93,40.43,44.79,38.01,38.97,39.25,38.69,43.17,100.87
55720,101.83,102.8,40.43,29.25,30.58,30.58,33.11,30.75,36.96,31.93,32.51,32.12,44.6,36.96,33.21,31.84,40.43,44.79,38.01,38.97,39.25,38.69,43.17,100.87
55740,101.83,102.8,40.12,29.33,30.58,30.58,33.11,30.75,37.35,32.03,32.51,32.12,44.6,36.84,33.21,31.93,40.43,44.79,38.01,38.97,39.25,38.69,43.17,100.87
55761,100.87,101.83,39.54,29.25,30.58,30.58,33.01,30.75,37.35,31.93,32.51,32.12,44.6,36.84,33.21,31.93,40.43,44.79,38.01,38.97,39.25,38.69,43.17,100.87
55779,101.83,102.8,34.37,29.33,30.58,30.58,33.01,30.75,37.22,31.93,32.51,32.12,44.97,36.84,33.21,31.93,40.27,44.97,38.01,38.97,39.25,38.69,43,99.94
55800,101.83,101.83,31.47,29.33,30.58,30.58,32.22,30.75,37.48,32.03,32.51,32.12,44.79,36.84,33.21,31.93,40.43,44.79,38.01,38.97,39.25,38.69,43,99.94
55818,101.83,102.8,31.47,29.33,30.58,30.58,33.11,30.75,37.61,31.93,32.51,32.12,44.42,36.84,33.21,31.93,40.27,44.6,38.01,38.97,39.25,38.69,43,98.12
55839,101.83,101.83,31.47,29.33,30.58,30.58,33.01,30.75,39.11,31.93,32.51,32.12,45.35,36.84,33.21,31.93,40.43,44.6,38.01,38.97,39.25,38.69,43,99.02
55857,101.83,102.8,31.47,29.33,30.58,30.58,33.01,30.75,38.55,31.93,32.51,32.12,44.42,36.84,33.21,31.93,40.43,44.6,38.01,38.97,39.25,38.69,43,100.87
55878,101.83,102.8,31.38,29.33,30.58,30.58,33.11,30.75,39.39,32.03,32.51,32.12,44.79,36.84,33.21,31.93,40.43,44.6,38.01,38.97,39.25,38.69,43,100.87
55898,89.2,101.83,31.47,29.33,30.58,30.58,33.01,30.75,39.54,31.93,32.51,32.12,44.24,36.84,33.21,31.93,40.43,44.42,38.01,38.97,39.11,38.55,43.17,98.12
55916,47.34,99.94,31.38,29.33,30.58,30.58,33.01,30.75,38.97,31.93,32.51,32.12,44.24,36.84,33.21,31.84,40.27,44.42,38.01,38.97,39.25,38.69,43,97.24
55937,39.11,99.94,31.38,29.25,30.58,30.58,33.01,30.75,38.97,31.93,32.51,32.12,49.29,36.84,33.21,31.93,40.43,44.6,38.01,38.97,39.25,38.69,43.17,98.12
55955,44.79,99.94,31.47,29.33,30.58,30.58,33.01,30.75,39.54,31.93,32.51,32.12,44.06,36.84,33.21,31.93,40.43,44.6,38.01,38.97,39.25,38.69,43,97.24
55976,39.98,99.94,31.38,29.25,30.58,30.58,33.01,30.75,39.39,31.93,32.51,32.12,44.06,36.84,33.21,31.93,40.43,44.6,38.01,38.97,39.25,38.69,43,98.12
55994,39.54,99.94,31.47,29.25,30.58,30.58,33.01,30.75,39.68,32.12,32.51,32.12,43.88,36.84,33.21,31.93,40.43,44.42,38.01,38.97,39.25,38.55,43,99.02
56015,99.02,101.83,31.47,29.33,30.58,30.58,33.11,30.75,39.68,32.12,32.51,32.12,44.06,36.84,33.21,31.93,40.43,44.6,38.01,38.97,39.25,38.69,43,99.02
56035,99.02,99.94,31.56,29.25,30.58,30.58,33.11,30.75,39.83,32.03,32.51,32.12,44.24,36.84,33.21,31.93,40.43,44.6,38.01,38.97,39.25,38.69,43,97.24
56054,93.86,49.29,35.04,29.25,30.58,30.58,33.11,30.75,40.12,32.03,32.51,32.12,44.42,36.84,33.21,31.93,40.43,44.6,38.01,38.97,39.25,38.69,43.17,97.24
56074,94.68,49.29,31.93,29.25,30.58,30.58,33.11,30.75,41.51,32.03,32.51,32.12,44.42,36.96,33.21,31.84,40.43,44.6,38.01,38.97,39.25,38.69,43,96.37
56093,98.12,101.83,31.84,29.33,30.58,30.58,33.31,30.75,41.84,32.03,32.51,32.12,44.42,36.84,33.21,31.93,40.43,44.6,38.01,38.97,39.25,38.69,43,98.12
56113,100.87,99.94,31.38,29.25,30.58,30.58,33.11,30.75,41.51,32.12,32.51,32.12,44.42,36.84,33.21,31.93,40.43,44.79,38.01,38.97,39.25,38.69,43,99.02
56134,100.87,102.8,31.38,29.33,30.58,30.58,33.11,30.75,32.71,32.12,32.51,32.12,44.6,36.84,33.21,31.93,40.43,44.79,38.01,38.97,39.25,38.69,43,97.24
56152,93.05,70.55,31.47,29.33,30.58,30.58,33.11,30.75,33.31,32.12,32.51,32.12,44.6,36.84,33.21,31.93,40.43,44.6,38.01,38.97,39.25,38.69,43,98.12
56172,93.86,66.22,37.35,29.33,30.58,30.58,33.01,30.75,41.2,32.03,32.51,32.12,48.4,36.84,33.21,31.93,40.43,44.6,38.01,38.97,39.25,38.69,43,98.12
56191,95.52,101.83,36.71,29.33,30.58,30.58,33.11,30.75,31.38,32.12,32.51,32.12,44.42,36.84,33.21,31.93,40.43,44.79,38.01,38.97,39.25,38.69,43,98.12
56211,94.68,95.52,31.29,29.25,30.58,30.58,33.11,30.75,31.29,32.03,32.51,32.12,44.24,36.84,33.21,31.93,40.43,44.6,38.01,38.97,39.11,38.69,43,98.12
56230,93.05,62.39,31.29,29.33,30.58,30.58,33.01,30.75,31.29,32.03,32.51,32.12,44.79,36.84,33.21,31.93,40.43,44.79,38.01,38.97,39.25,38.55,43,98.12
56250,53.43,94.68,35.5,29.33,30.58,30.58,33.11,30.75,31.29,31.93,32.51,32.12,44.42,36.84,33.21,31.93,40.43,44.6,38.01,38.97,39.11,38.69,43,96.37
56271,38.41,63.87,31.2,29.33,30.58,30.58,33.01,30.75,31.11,31.93,32.51,32.12,44.42,36.84,33.21,31.93,40.43,44.6,38.01,38.97,39.11,38.55,43,97.24
56289,38.55,99.02,31.29,29.33,30.58,30.58,33.01,30.75,31.11,32.03,32.51,32.12,44.6,36.84,33.21,31.93,40.27,44.6,38.01,38.97,39.25,38.69,43,99.02
56310,93.05,101.83,31.29,29.33,30.58,30.58,33.01,30.75,31.11,32.03,32.51,32.12,44.42,36.84,33.11,32.03,40.27,44.6,38.01,38.97,39.11,38.69,43,97.24
56328,38.41,99.02,31.29,29.33,30.58,30.58,33.01,30.75,31.11,32.03,32.51,32.12,44.42,36.84,33.21,31.93,40.27,44.6,38.01,38.97,39.25,38.69,43,98.12
56349,49.97,98.12,31.29,29.33,30.58,30.58,33.11,30.75,31.11,31.93,32.51,32.12,44.79,36.84,33.21,32.03,40.27,44.6,38.01,38.97,39.25,38.55,43,99.02
56367,39.54,99.94,31.29,29.25,30.58,30.58,32.91,30.75,31.11,31.93,32.51,32.12,44.79,36.96,33.11,31.93,40.27,44.6,38.01,38.97,39.25,38.69,43,99.02
56387,38.69,99.94,31.29,29.33,30.58,30.58,32.91,30.75,31.11,31.93,32.51,32.12,44.97,36.84,33.21,32.03,40.43,44.6,38.01,38.97,39.25,38.69,43,99.02
56408,74.95,99.02,31.29,29.33,30.58,30.58,33.01,30.75,31.11,31.93,32.51,32.12,44.79,36.84,33.11,31.93,40.27,44.6,38.01,38.97,39.11,38.55,43,99.02
56426,38.83,99.02,31.2,29.33,30.58,30.58,33.01,30.75,31.11,31.93,32.51,32.12,45.16,36.84,33.11,31.93,40.27,44.6,38.01,38.97,39.25,38.55,43,99.94
56447,40.43,99.94,31.2,29.33,30.58,30.58,33.01,30.75,31.11,31.93,32.51,32.12,44.97,36.84,33.11,32.03,40.43,44.6,38.01,38.97,39.11,38.69,43,99.94
56465,56.51,99.94,31.2,29.33,30.58,30.58,33.01,30.75,31.11,31.93,32.51,32.12,45.35,36.84,33.21,31.93,40.43,44.6,38.01,38.83,39.11,38.55,43,99.02
56486,62.03,100.87,31.29,29.33,30.58,30.58,33.01,30.75,31.11,31.93,32.51,32.12,45.35,36.84,33.21,31.93,40.12,44.6,38.01,38.97,39.25,38.69,43,99.02
56504,62.03,100.87,31.2,29.25,30.58,30.58,33.01,30.75,31.11,31.93,32.51,32.12,45.35,36.84,33.11,32.03,40.27,44.6,38.01,38.97,39.11,38.55,43,99.94
56525,63.87,100.87,31.29,29.33,30.58,30.58,33.11,30.75,31.11,31.93,32.51,32.12,45.16,36.84,33.21,32.03,40.43,44.6,38.01,38.97,39.11,38.55,43,99.94
56545,64.63,100.87,31.29,29.25,30.58,30.58,33.01,30.75,31.11,31.93,32.51,32.12,45.35,36.84,33.21,32.03,40.43,44.6,38.01,38.97,39.11,38.69,43,99.94
56564,67.88,100.87,31.29,29.33,30.58,30.58,33.11,30.75,31.11,31.93,32.51,32.12,44.97,36.84,33.11,32.03,40.43,44.6,38.01,38.97,39.11,38.55,43,99.94
56584,68.75,100.87,31.29,29.25,30.58,30.58,33.11,30.75,31.11,31.93,32.51,32.12,44.79,36.84,33.11,31.93,40.43,44.79,37.87,38.97,39.11,38.69,43,99.94
56603,71.96,100.87,31.2,29.33,30.58,30.58,33.01,30.75,31.11,31.93,32.51,32.12,44.97,36.84,33.21,31.93,40.43,44.6,38.01,38.97,39.11,38.69,42.83,99.94
56623,74.44,100.87,31.29,29.33,30.58,30.58,33.11,30.75,31.11,31.93,32.51,32.12,45.16,36.96,33.21,31.93,40.43,44.79,38.01,38.97,39.11,38.69,43,99.94
56643,78.21,100.87,31.29,29.33,30.58,30.49,33.11,30.75,31.11,31.93,32.51,32.12,44.79,36.96,33.11,31.93,40.43,44.79,38.01,38.97,39.11,38.69,43,99.94
56662,82.39,101.83,31.29,29.33,30.58,30.58,33.11,30.75,31.11,31.93,32.51,32.12,44.79,36.84,33.11,31.93,40.43,44.79,38.01,38.97,39.11,38.69,43,99.94
56682,81.77,100.87,31.29,29.33,30.58,30.58,40.43,30.75,31.11,31.93,32.51,32.12,44.6,36.84,33.21,31.93,40.43,44.79,38.01,38.97,39.11,38.69,43,100.87
56701,82.39,100.87,31.29,29.25,30.58,30.49,38.27,30.75,31.11,31.93,32.51,32.12,44.42,36.84,33.21,31.93,40.43,44.79,38.01,38.97,39.25,38.69,43,100.87
56721,96.37,102.8,31.29,29.33,30.58,30.58,46.93,30.75,31.11,31.93,32.51,32.12,44.6,36.96,33.21,31.93,40.43,44.79,38.01,38.97,39.25,38.55,43,100.87
56740,96.37,101.83,31.29,29.25,30.58,30.58,41.35,30.75,31.11,31.93,32.51,32.12,44.6,36.84,33.11,31.93,40.43,44.79,38.01,38.97,39.11,38.69,43,100.87
56760,95.52,101.83,31.29,29.33,30.58,30.58,35.74,30.75,31.11,31.93,32.51,32.12,44.6,36.96,33.21,31.93,40.43,44.79,38.01,38.97,39.25,38.69,43,100.87
56781,95.52,100.87,31.29,29.33,30.58,30.58,39.98,30.75,31.11,31.93,32.51,32.12,44.79,36.96,33.21,31.93,40.27,44.79,38.01,38.97,39.11,38.69,43,99.94
56799,96.37,101.83,31.29,29.33,30.58,30.49,41.35,30.75,31.11,31.93,32.51,32.12,44.6,36.84,33.21,31.93,40.43,44.79,38.01,38.97,39.11,38.69,43,99.94
56820,96.37,101.83,31.29,29.33,30.58,30.49,41.84,30.75,31.11,31.93,32.51,32.12,44.6,36.84,33.21,31.93,40.43,44.79,38.01,38.97,39.25,38.69,43,100.87
56838,96.37,101.83,31.29,29.33,30.58,30.58,43,30.75,31.11,31.93,32.51,32.12,44.6,36.96,33.11,31.93,40.43,44.79,38.01,38.83,39.11,38.55,42.83,100.87
56859,96.37,102.8,31.29,29.33,30.58,30.58,46.32,30.75,31.11,31.93,32.51,32.12,44.79,36.96,33.21,31.93,40.27,44.79,38.01,38.97,39.11,38.69,43,99.94
56877,96.37,102.8,31.29,29.33,30.58,30.58,40.27,30.75,31.11,31.93,32.51,32.12,44.79,36.96,33.21,32.03,40.43,44.6,38.01,38.97,39.25,38.69,43,99.94
56897,96.37,101.83,31.29,29.33,30.58,30.58,43.35,30.75,31.11,31.93,32.51,32.12,44.6,36.84,33.21,31.93,40.43,44.6,38.01,38.97,39.25,38.55,43,100.87
56918,94.68,101.83,31.29,29.33,30.58,30.58,51.4,30.75,31.11,32.03,32.51,32.12,44.79,36.84,33.21,31.93,40.43,44.6,38.01,38.97,39.11,38.69,43,100.87
56936,95.52,100.87,31.29,29.25,30.58,30.58,49.74,30.66,31.11,32.03,32.51,32.12,44.6,36.96,33.11,31.93,40.43,44.79,38.01,38.97,39.11,38.69,43,100.87
56957,95.52,101.83,31.29,29.33,30.58,30.58,44.24,30.75,31.2,32.03,32.51,32.12,44.6,36.84,33.21,31.93,40.43,44.79,38.01,38.97,39.25,38.55,43,99.94
56975,94.68,101.83,36.1,29.33,30.58,30.58,45.93,30.66,31.75,32.03,32.51,32.12,44.97,36.84,33.21,31.93,40.43,44.79,38.01,38.97,39.25,38.69,43,100.87
56996,99.02,101.83,31.29,29.33,30.58,30.49,33.52,30.75,31.38,32.03,32.51,32.12,44.79,36.84,33.21,31.93,40.43,44.79,38.01,38.97,39.25,38.69,42.83,99.94
57016,100.87,99.94,31.29,29.33,30.58,30.58,34.05,30.75,34.82,32.03,32.51,32.12,44.6,36.96,33.21,31.93,40.43,44.97,38.01,38.97,39.11,38.69,43,100.87
57035,100.87,93.86,31.29,29.33,30.58,30.58,40.73,30.75,31.38,32.03,32.51,32.12,44.79,36.96,33.21,31.93,40.43,44.97,38.01,38.97,39.25,38.69,43,100.87
57055,100.87,101.83,31.38,29.33,30.58,30.58,65.02,30.66,31.29,32.03,32.51,32.12,44.6,36.96,33.21,31.93,40.43,45.16,38.01,38.97,39.11,38.69,43,99.02
57074,101.83,100.87,31.29,29.25,30.58,30.49,64.63,30.75,31.38,32.03,32.51,32.12,44.79,36.96,33.21,31.93,40.27,44.79,38.01,38.97,39.25,38.55,43,100.87
57094,101.83,100.87,31.38,29.33,30.58,30.49,65.02,30.75,31.38,32.03,32.51,32.12,44.6,36.96,33.21,31.93,40.43,44.79,38.01,38.97,39.25,38.69,43,100.87
57112,101.83,100.87,31.29,29.33,30.58,30.58,65.02,30.75,31.38,32.03,32.51,32.12,44.79,36.84,33.21,31.93,40.43,44.79,38.01,38.97,39.25,38.69,43,100.87
57133,101.83,102.8,31.29,29.33,30.58,30.58,64.25,30.75,31.29,32.03,32.51,32.12,44.97,36.96,33.21,31.93,40.43,44.6,38.01,38.97,39.11,38.69,43,99.94
57153,100.87,101.83,31.29,29.33,30.58,30.58,46.13,30.75,31.38,32.03,32.51,32.12,45.16,36.96,33.21,31.93,40.43,44.79,38.01,38.97,39.11,38.55,43,100.87
57172,100.87,100.87,31.38,29.33,30.58,30.58,56.81,30.75,31.38,32.03,32.51,32.12,44.79,36.96,33.21,31.93,40.43,44.6,38.01,38.97,39.25,38.69,43,99.94
57192,100.87,101.83,31.38,29.33,30.58,30.58,53.17,30.75,31.38,32.03,32.51,32.12,45.16,36.96,33.21,31.93,40.43,44.6,38.01,38.97,39.11,38.55,43,101.83
57211,100.87,101.83,31.38,29.33,30.58,30.58,33.31,30.75,31.38,32.03,32.51,32.12,45.35,36.96,33.21,31.93,40.43,44.6,38.01,38.97,39.25,38.69,43,101.83
57231,100.87,101.83,31.38,29.33,30.58,30.58,32.32,30.75,31.38,32.03,32.51,32.12,44.79,36.96,33.21,31.93,40.43,44.6,38.01,38.97,39.25,38.69,43,101.83
57250,100.87,101.83,31.47,29.33,30.58,30.58,32.32,30.75,31.38,32.03,32.51,32.12,44.97,36.84,33.21,31.93,40.43,44.6,38.01,38.97,39.25,38.69,43,99.94
57270,100.87,93.86,31.47,29.33,30.58,30.58,32.32,30.75,31.38,32.03,32.51,32.12,44.79,36.84,33.21,31.93,40.43,44.6,38.01,38.97,39.11,38.69,43,100.87
57291,101.83,101.83,31.47,29.25,30.58,30.58,33.11,30.75,31.29,32.03,32.51,32.12,45.93,36.96,33.21,31.93,40.43,44.6,38.01,38.97,39.25,38.69,43,101.83
57309,100.87,100.87,31.38,29.33,30.58,30.58,33.11,30.75,31.29,32.03,32.51,32.12,46.93,36.84,33.21,31.93,40.43,44.6,38.01,38.97,39.25,38.69,43,101.83
57330,100.87,101.83,31.47,29.25,30.58,30.58,33.11,30.75,31.38,32.03,32.51,32.12,45.35,36.84,33.21,31.93,40.43,44.6,38.01,38.97,39.25,38.69,43,100.87
57348,100.87,101.83,31.47,29.25,30.58,30.66,34.48,30.75,31.38,32.03,32.51,32.12,45.35,36.96,33.21,31.93,40.43,44.6,38.01,39.11,39.25,38.69,43,100.87
57368,100.87,101.83,31.47,29.33,30.58,30.58,35.62,30.75,31.38,32.03,32.51,32.12,46.32,36.84,33.21,31.93,40.43,44.6,38.01,38.97,39.25,38.69,43,100.87
57389,101.83,99.94,31.47,29.33,30.58,30.58,35.04,30.75,31.38,32.03,32.51,32.12,45.54,36.84,33.21,31.93,40.43,44.6,38.01,38.97,39.25,38.69,43,100.87
57407,100.87,101.83,31.38,29.25,30.58,30.66,33.94,30.75,31.38,31.93,32.51,32.12,45.74,36.96,33.21,31.93,40.43,44.79,38.01,38.97,39.25,38.69,43,100.87
57428,101.83,101.83,31.38,29.33,30.58,30.66,33.11,30.75,31.38,31.93,32.51,32.12,45.54,36.84,33.21,31.93,40.43,44.6,38.01,38.97,39.25,38.69,43,100.87
57446,101.83,101.83,31.38,29.33,30.58,30.66,33.11,30.75,31.38,32.03,32.51,32.12,45.74,36.96,33.21,31.93,40.43,44.6,38.01,38.97,39.25,38.69,43,100.87
57467,101.83,99.94,31.38,29.33,30.58,30.66,33.11,30.75,31.38,31.93,32.51,32.12,45.54,36.96,33.21,31.93,40.43,44.6,38.01,38.97,39.11,38.69,43,99.94
57485,101.83,100.87,31.38,29.25,30.58,30.66,33.11,30.75,31.29,31.93,32.51,32.12,45.54,36.96,33.21,31.93,40.43,47.13,38.01,38.97,39.25,38.69,42.83,99.94
57506,101.83,102.8,31.47,29.33,30.58,30.66,33.01,30.75,31.38,32.03,32.51,32.03,45.74,36.84,33.21,31.93,40.43,44.6,38.01,38.97,39.11,38.55,43,100.87
57526,100.87,101.83,31.38,29.25,30.58,30.66,33.01,30.75,31.38,31.93,32.51,32.12,48.84,36.96,33.21,31.93,40.43,44.97,38.01,38.97,39.11,38.69,43,100.87
57545,101.83,101.83,31.47,29.33,30.58,30.66,33.01,30.75,31.38,32.03,32.51,32.12,49.06,36.96,33.21,31.93,40.43,44.6,38.01,38.97,39.25,38.55,43.17,100.87
57565,101.83,101.83,31.38,29.25,30.58,30.66,33.01,30.75,31.38,32.03,32.51,32.12,49.06,36.84,33.21,31.93,40.43,44.6,38.01,39.11,39.25,38.69,43,100.87
57584,101.83,101.83,31.38,29.33,30.58,30.66,33.11,30.75,31.38,31.93,32.51,32.12,49.29,36.96,33.21,31.93,40.43,49.74,38.14,38.97,39.25,38.69,43,100.87
57604,101.83,101.83,31.47,29.25,30.58,30.66,33.11,30.75,31.38,31.93,32.51,32.12,49.51,36.96,33.21,31.93,40.43,63.12,38.01,38.97,39.25,38.69,43,100.87
57622,100.87,101.83,31.47,29.33,30.58,30.66,33.11,30.75,31.38,32.03,32.51,32.12,49.51,36.96,33.21,31.93,40.43,62.03,38.01,39.11,39.25,38.69,43,100.87
57643,101.83,101.83,31.47,29.25,30.58,30.66,33.01,30.75,31.38,32.03,32.51,32.12,47.13,36.96,33.21,31.93,40.43,44.97,38.01,39.11,39.11,38.69,43,100.87
57663,100.87,101.83,31.47,29.33,30.58,30.66,33.01,30.75,31.38,31.93,32.51,32.12,46.13,36.84,33.21,31.93,40.43,62.75,38.01,38.97,39.25,38.69,43,100.87
57682,100.87,101.83,31.47,29.33,30.58,30.66,33.11,30.75,31.38,32.03,32.51,32.12,45.93,36.84,33.21,31.93,40.43,44.79,38.01,38.97,39.25,38.69,43.17,100.87
57702,99.94,101.83,31.47,29.33,30.58,30.66,33.11,30.75,31.38,31.93,32.51,32.12,46.32,36.84,33.21,31.93,40.43,46.13,38.01,38.97,39.25,38.69,43.17,100.87
57721,100.87,101.83,31.47,29.33,30.58,30.66,33.11,30.75,31.38,32.03,32.51,32.12,47.13,36.84,33.21,31.93,40.43,45.93,38.01,38.97,39.25,38.69,43.17,100.87
57741,100.87,100.87,31.47,29.33,30.58,30.66,33.01,30.75,31.38,31.93,32.51,32.12,47.13,36.84,33.21,31.93,40.43,46.13,38.01,39.11,39.25,38.69,43,100.87
57762,100.87,100.87,31.47,29.25,30.58,30.66,33.01,30.75,31.29,31.93,32.51,32.12,47.13,36.84,33.21,31.84,40.43,46.13,38.01,38.97,39.25,38.69,43.17,100.87
57780,100.87,100.87,31.47,29.25,30.58,30.66,33.11,30.75,31.38,32.03,32.51,32.12,45.74,36.84,33.21,31.93,40.43,46.13,38.01,38.97,39.25,38.69,43.17,100.87
57801,100.87,100.87,31.47,29.33,30.58,30.66,33.01,30.75,31.38,32.03,32.51,32.12,45.74,36.84,33.21,31.93,40.43,46.13,38.01,38.97,39.25,38.69,43.17,100.87
57819,100.87,100.87,31.47,29.25,30.58,30.66,33.21,30.75,31.38,32.03,32.51,32.12,45.93,36.96,33.21,31.93,40.43,46.13,38.14,38.97,39.25,38.55,43.17,100.87
57840,100.87,100.87,31.47,29.33,30.58,30.66,33.11,30.75,31.38,32.03,32.51,32.12,45.54,36.84,33.11,31.93,40.27,46.13,38.01,38.97,39.25,38.69,43.17,100.87
57858,100.87,100.87,31.47,29.33,30.58,30.58,33.21,30.75,31.38,32.03,32.51,32.12,46.73,36.84,33.21,31.93,40.43,46.13,38.01,38.97,39.25,38.69,43.17,100.87
57878,100.87,100.87,31.47,29.33,30.58,30.66,33.31,30.75,31.29,32.03,32.51,32.12,45.74,36.84,33.21,31.93,40.43,46.13,38.01,38.97,39.25,38.69,43,100.87
57899,99.94,99.94,31.47,29.33,30.58,30.66,33.21,30.75,31.38,32.03,32.51,32.12,45.74,36.84,33.21,31.93,40.43,46.13,38.14,38.97,39.25,38.69,43,101.83
57917,100.87,100.87,31.47,29.25,30.58,30.66,33.21,30.75,31.38,32.03,32.51,32.12,45.54,36.96,33.21,31.93,40.43,46.13,38.01,38.97,39.25,38.69,43,100.87
57938,100.87,100.87,31.47,29.25,30.58,30.66,33.21,30.75,31.38,32.03,32.51,32.12,45.35,36.84,33.21,31.93,40.43,46.13,38.01,38.97,39.25,38.69,43,100.87
57956,100.87,101.83,31.47,29.33,30.58,30.66,33.11,30.75,31.29,32.03,32.51,32.12,45.54,36.96,33.21,31.84,40.43,47.34,38.01,39.11,39.25,38.69,43,100.87
57977,100.87,100.87,31.38,29.33,30.58,30.66,33.11,30.75,31.38,32.03,32.51,32.12,45.74,36.84,33.21,31.93,40.43,52.14,38.01,38.97,39.11,38.69,43,100.87
57995,100.87,100.87,31.38,29.25,30.58,30.58,33.11,30.75,31.38,32.03,32.51,32.12,45.74,36.84,33.21,31.93,40.27,46.13,38.01,38.97,39.25,38.69,43.17,100.87
58016,100.87,100.87,31.47,29.25,30.58,30.66,33.01,30.75,31.38,32.03,32.51,32.12,45.74,36.84,33.21,31.93,40.43,46.13,38.01,38.97,39.25,38.69,42.83,100.87
58036,100.87,100.87,31.38,29.33,30.58,30.58,33.01,30.75,31.38,32.03,32.51,32.12,45.54,36.84,33.21,32.03,40.58,46.13,38.14,38.97,39.25,38.69,43.17,100.87
58055,100.87,100.87,31.47,29.25,30.58,30.58,33.11,30.75,31.38,32.03,32.51,32.12,45.74,36.96,33.21,31.93,40.43,46.13,38.01,39.11,39.25,38.69,43,100.87
58075,100.87,100.87,31.38,29.25,30.58,30.58,33.01,30.75,31.38,31.93,32.51,32.12,45.54,36.84,33.21,31.84,40.43,45.93,38.01,38.97,39.11,38.55,43.17,99.94
58093,100.87,101.83,31.38,29.25,30.58,30.66,33.11,30.75,31.38,31.93,32.51,32.12,45.74,36.96,33.21,31.93,40.43,46.13,38.01,38.97,39.25,38.69,43,100.87
58114,100.87,101.83,31.38,29.33,30.58,30.58,33.11,30.75,31.38,31.93,32.51,32.12,45.54,36.84,33.11,31.84,40.43,46.13,38.01,38.97,39.25,38.69,43.17,100.87
58134,101.83,100.87,31.38,29.33,30.58,30.58,33.01,30.75,31.29,32.03,32.51,32.12,45.54,36.96,33.21,31.84,40.43,46.32,38.01,38.83,39.25,38.69,43,100.87
58153,101.83,101.83,31.38,29.33,30.58,30.58,33.01,30.75,31.29,31.93,32.51,32.12,45.54,36.84,33.21,31.93,40.43,46.13,38.01,38.97,39.25,38.69,43,99.94
58173,101.83,101.83,31.38,29.33,30.58,30.58,33.01,30.75,31.38,31.93,32.51,32.12,45.74,36.84,33.21,31.93,40.43,46.32,38.01,39.11,39.11,38.69,43.17,100.87
58192,101.83,101.83,31.38,29.33,30.58,30.58,33.01,30.75,31.38,31.93,32.51,32.12,45.54,36.84,33.21,31.93,40.43,46.13,38.01,38.97,39.25,38.69,43,100.87
58212,101.83,101.83,31.38,29.25,30.58,30.58,33.01,30.75,31.38,31.93,32.51,32.12,45.74,36.96,33.21,31.93,40.43,44.97,38.01,38.97,39.25,38.69,43.17,100.87
58231,101.83,101.83,31.38,29.25,30.58,30.58,33.01,30.75,31.38,31.93,32.51,32.12,46.13,36.84,33.21,31.93,40.43,44.79,38.01,39.11,39.11,38.69,43,100.87
58251,101.83,101.83,31.47,29.33,30.58,30.58,33.01,30.75,31.38,31.93,32.51,32.12,46.13,36.84,33.21,31.93,40.43,44.97,38.01,38.97,39.25,38.69,43,100.87
58272,101.83,101.83,31.38,29.25,30.58,30.58,33.01,30.75,31.38,32.03,32.51,32.12,45.74,36.84,33.21,31.84,40.43,44.79,38.01,38.83,39.25,38.69,43.17,100.87
58290,101.83,101.83,31.38,29.25,30.58,30.58,33.01,30.75,31.38,32.03,32.51,32.12,45.74,36.84,33.21,31.93,40.43,44.79,38.01,38.97,39.25,38.69,43,100.87
58311,101.83,101.83,31.47,29.33,30.58,30.58,33.01,30.75,31.38,32.03,32.51,32.12,45.74,36.84,33.21,31.93,40.27,44.97,38.01,38.97,39.11,38.69,43,100.87
58329,100.87,101.83,31.38,29.25,30.58,30.58,33.01,30.75,31.38,32.03,32.51,32.12,45.54,36.84,33.21,31.93,40.43,44.79,38.01,39.11,39.25,38.69,43,100.87
58349,101.83,100.87,31.38,29.25,30.58,30.58,33.01,30.75,31.29,31.93,32.51,32.12,45.74,36.96,33.21,31.93,40.43,44.97,38.01,38.97,39.25,38.69,43.17,100.87
58368,101.83,101.83,31.47,29.25,30.58,30.58,32.91,30.75,31.38,31.93,32.51,32.12,45.74,36.96,33.21,31.93,40.43,44.97,38.01,38.97,39.25,38.69,43.17,100.87
58388,101.83,101.83,31.38,29.25,30.58,30.58,33.01,30.75,31.38,31.93,32.51,32.12,45.93,36.84,33.21,31.93,40.43,44.97,38.01,38.97,39.11,38.69,43.17,100.87
58409,101.83,101.83,31.47,29.33,30.58,30.58,32.91,30.75,31.38,32.03,32.51,32.12,45.93,36.84,33.21,31.93,40.43,44.79,38.01,38.97,39.25,38.69,43,100.87
58427,101.83,101.83,31.38,29.33,30.58,30.58,33.01,30.75,31.38,32.03,32.51,32.12,46.13,36.84,33.21,31.93,40.27,44.79,38.01,38.97,39.25,38.69,43,99.94
58448,101.83,101.83,31.38,29.25,30.58,30.58,33.01,30.75,31.38,32.03,32.51,32.12,45.93,36.84,33.21,31.93,40.43,44.79,38.01,38.97,39.11,38.69,43,100.87
58466,102.8,101.83,31.38,29.25,30.58,30.58,33.01,30.75,33.73,31.93,32.51,32.12,45.93,36.96,33.21,31.93,40.43,44.79,38.01,39.11,39.25,38.69,43.17,100.87
58487,102.8,101.83,31.38,29.25,30.58,30.58,33.01,30.75,33.52,31.93,32.51,32.12,45.93,36.84,33.21,31.93,40.43,44.97,38.01,38.97,39.11,38.69,43,100.87
58507,102.8,102.8,31.38,29.33,30.58,30.58,33.01,30.75,35.16,31.93,32.51,32.12,46.13,36.84,33.21,31.93,40.43,44.97,38.01,39.11,39.25,38.69,43.17,100.87
58526,101.83,100.87,31.38,29.33,30.58,30.58,33.01,30.75,33.11,31.93,32.51,32.12,46.13,36.84,33.21,31.93,40.43,44.79,38.01,38.97,39.25,38.69,43,100.87
58546,102.8,102.8,31.38,29.33,30.58,30.58,33.01,30.75,31.38,31.93,32.51,32.12,46.13,36.84,33.21,31.93,40.43,44.79,38.01,38.97,39.25,38.69,43,100.87
58565,96.37,101.83,31.38,29.33,30.58,30.58,33.01,30.75,31.38,32.03,32.51,32.12,45.93,36.84,33.21,31.93,40.43,44.79,38.01,38.97,39.25,38.69,43,100.87
58585,96.37,101.83,31.38,29.25,30.58,30.58,33.01,30.75,31.38,31.93,32.51,32.12,45.74,36.84,33.21,31.93,40.43,44.97,38.01,38.97,39.11,38.69,43,100.87
58603,102.8,101.83,31.38,29.33,30.58,30.58,33.01,30.75,31.29,32.03,32.51,32.12,45.74,36.96,33.21,31.93,40.43,44.79,38.01,38.97,39.25,38.69,43.17,100.87
58624,102.8,102.8,31.38,29.25,30.58,30.58,33.01,30.75,31.38,32.03,32.51,32.12,45.93,36.84,33.21,31.93,40.43,44.79,38.01,38.97,39.11,38.69,43.17,100.87
58644,102.8,101.83,31.38,29.25,30.58,30.58,33.01,30.75,31.38,31.93,32.51,32.12,46.13,36.96,33.21,31.93,40.43,44.6,38.01,38.97,39.11,38.69,43,100.87
58665,96.37,102.8,31.38,29.33,30.58,30.58,33.01,30.75,31.29,31.93,32.51,32.12,45.93,36.84,33.11,31.93,40.27,44.79,38.01,38.97,39.11,38.69,43,99.94
58683,96.37,102.8,31.38,29.25,30.58,30.58,33.01,30.75,31.29,32.03,32.51,32.12,45.93,36.84,33.21,31.93,40.43,44.79,38.01,38.97,39.25,38.69,43,99.94
58704,96.37,101.83,31.38,29.25,30.58,30.58,33.01,30.75,31.29,31.93,32.51,32.12,45.93,36.84,33.21,31.93,40.43,44.79,38.01,38.97,39.25,38.69,43,100.87
58722,96.37,102.8,31.38,29.25,30.58,30.58,33.01,30.75,34.37,31.93,32.51,32.12,45.93,36.84,33.21,31.93,40.43,44.79,38.01,38.97,39.25,38.69,43,100.87
58743,96.37,102.8,31.38,29.25,30.58,30.58,33.01,30.75,34.37,31.93,32.51,32.12,45.74,36.84,33.21,31.93,40.43,44.79,38.01,38.97,39.25,38.55,43,99.94
58763,93.86,51.89,31.38,29.33,30.58,30.58,33.01,30.75,34.48,32.03,32.51,32.12,45.74,36.84,33.21,31.93,40.43,44.79,38.01,38.97,39.11,38.69,43,100.87
58782,96.37,101.83,31.38,29.25,30.58,30.58,33.01,30.75,35.27,31.93,32.51,32.12,44.79,36.84,33.21,31.93,40.43,44.97,38.01,38.97,39.25,38.69,43,99.94
58802,96.37,100.87,31.38,29.33,30.58,30.58,33.01,30.75,34.93,32.03,32.51,32.12,45.54,36.84,33.21,31.93,40.43,44.97,38.01,38.97,39.25,38.69,43,100.87
58821,95.52,78.78,31.38,29.25,30.58,30.58,33.01,30.75,35.5,31.93,32.51,32.12,45.54,36.96,33.21,31.93,40.43,44.79,38.01,38.97,39.25,38.69,43,99.94
58841,95.52,75.48,31.38,29.25,30.58,30.58,33.01,30.75,31.38,31.93,32.51,32.12,45.74,36.84,33.21,31.93,40.43,44.79,38.01,38.97,39.11,38.69,43,100.87
58859,94.68,87.75,31.38,29.33,30.58,30.58,33.01,30.75,31.38,31.93,32.51,32.12,45.74,36.84,33.21,31.93,40.43,44.79,38.01,38.97,39.25,38.69,43,100.87
58880,95.52,101.83,31.38,29.25,30.58,30.58,33.01,30.75,31.38,32.03,32.51,32.12,45.74,36.84,33.21,31.93,40.43,44.79,38.01,38.97,39.25,38.69,43.17,99.94
58900,95.52,101.83,31.38,29.25,30.58,30.58,33.01,30.75,31.38,32.03,32.51,32.12,45.74,36.84,33.21,31.93,40.43,44.97,38.01,38.83,39.25,38.69,43,99.94
58919,95.52,101.83,31.38,29.25,30.58,30.58,33.11,30.75,31.29,31.93,32.51,32.12,45.54,36.84,33.21,31.93,40.43,44.97,38.01,38.97,39.25,38.55,43,100.87
58939,95.52,101.83,31.38,29.33,30.58,30.58,33.01,30.75,31.38,31.93,32.51,32.12,45.74,36.84,33.21,31.93,40.43,45.16,38.01,38.97,39.25,38.69,43,99.94
58958,96.37,101.83,31.38,29.25,30.58,30.58,33.01,30.75,31.38,31.93,32.51,32.12,45.74,36.96,33.21,31.93,40.43,44.97,38.01,38.97,39.25,38.69,43,99.94
58978,96.37,99.94,31.29,29.33,30.58,30.58,33.31,30.75,31.38,31.93,32.51,32.12,45.93,36.84,33.21,31.93,40.27,44.97,38.01,38.97,39.11,38.69,43.17,100.87
58999,96.37,101.83,31.38,29.33,30.58,30.58,33.01,30.75,31.38,31.93,32.51,32.12,45.74,36.84,33.21,31.93,40.43,44.79,38.01,38.97,39.25,38.69,43,99.94
59017,96.37,102.8,31.38,29.33,30.58,30.58,34.48,30.75,31.38,31.93,32.51,32.12,45.54,36.84,33.21,31.93,40.27,44.79,38.01,38.97,39.11,38.69,43,99.94
59038,39.11,99.94,31.38,29.33,30.58,30.58,33.11,30.75,31.38,31.93,32.51,32.12,45.35,36.84,33.21,31.93,40.43,44.79,38.01,38.97,39.25,38.69,43,99.94
59056,51.15,100.87,31.29,29.33,30.58,30.58,33.31,30.75,31.11,31.93,32.51,32.12,45.74,36.96,33.11,31.93,40.43,44.79,38.01,38.97,39.25,38.69,43,99.02
59077,40.43,99.94,31.29,29.33,30.58,30.58,33.11,30.75,31.11,32.03,32.51,32.12,46.52,36.96,33.11,31.93,40.43,44.6,38.01,38.97,39.11,38.69,43,99.94
59097,46.32,100.87,31.29,29.33,30.58,30.58,33.11,30.75,31.11,31.93,32.51,32.12,45.74,36.96,33.11,31.93,40.43,44.6,38.01,38.97,39.25,38.69,43.17,99.94
59115,51.89,100.87,31.29,29.33,30.58,30.58,33.21,30.75,31.2,31.93,32.51,32.12,45.54,36.96,33.21,31.93,40.43,44.6,38.01,38.97,39.25,38.55,43,99.94
59136,53.97,100.87,31.29,29.33,30.58,30.58,33.73,30.75,31.2,32.03,32.51,32.12,46.52,36.96,33.21,31.93,40.43,44.79,38.01,38.97,39.25,38.69,43,99.94
59156,52.91,100.87,31.29,29.33,30.58,30.58,34.37,30.75,31.11,31.93,32.51,32.12,46.73,36.96,33.11,31.93,40.43,44.79,38.01,38.83,39.25,38.69,43,99.02
59175,52.14,100.87,31.29,29.33,30.58,30.58,33.42,30.75,31.2,31.93,32.51,32.12,46.52,36.96,33.11,31.93,40.43,44.6,38.01,38.97,39.25,38.69,43,99.94
59195,57.11,100.87,31.2,29.25,30.58,30.58,33.21,30.75,31.2,31.93,32.51,32.12,46.32,36.96,33.11,31.93,40.43,44.6,38.01,38.97,39.11,38.69,43,99.02
59214,56.81,100.87,31.29,29.33,30.58,30.58,33.21,30.75,31.2,31.93,32.51,32.12,46.52,36.96,33.11,31.93,40.43,44.79,38.01,38.97,39.25,38.69,43,100.87
59234,95.52,102.8,31.2,29.25,30.58,30.58,33.21,30.75,31.2,31.93,32.51,32.12,46.73,36.96,33.11,32.03,40.43,44.79,38.01,38.97,39.25,38.69,43,100.87
59255,96.37,102.8,42.83,29.33,30.58,30.58,44.06,30.75,31.2,31.93,32.51,32.12,47.34,36.96,33.21,32.03,40.43,44.79,38.01,38.97,39.25,38.69,43,99.94
59273,93.05,102.8,42.66,29.33,30.58,30.58,33.01,30.75,31.2,31.93,32.51,32.12,47.34,36.96,33.21,32.03,40.43,44.6,38.01,38.97,39.25,38.69,43,99.02
59294,95.52,101.83,39.98,29.33,30.58,30.58,33.01,30.75,31.2,31.93,32.51,32.12,47.34,36.84,33.11,32.03,40.27,44.79,38.01,38.97,39.25,38.69,43,99.94
59312,97.24,102.8,31.2,29.25,30.58,30.58,33.01,30.75,31.2,31.93,32.51,32.12,47.55,36.96,33.21,32.03,40.27,44.79,38.01,38.97,39.25,38.55,43.17,99.94
59333,97.24,103.78,31.2,29.33,30.58,30.58,33.01,30.75,31.2,31.93,32.51,32.12,47.55,36.96,33.21,32.03,40.43,44.79,38.01,38.97,39.25,38.69,43,99.94
59351,97.24,102.8,31.29,29.33,30.58,30.58,33.01,30.75,31.2,31.93,32.51,32.12,47.55,36.96,33.11,31.93,40.43,44.79,38.01,38.97,39.25,38.69,43,100.87
59371,97.24,102.8,31.29,29.33,30.58,30.58,33.11,30.75,31.2,31.93,32.51,32.12,47.55,36.96,33.21,31.93,40.43,44.79,38.01,38.97,39.11,38.69,43,99.94
59392,95.52,102.8,31.29,29.33,30.58,30.58,33.62,30.75,31.2,31.93,32.51,32.12,47.76,36.96,33.21,32.03,40.43,44.6,38.01,38.97,39.25,38.69,43,100.87
59410,93.86,102.8,31.29,29.33,30.58,30.58,33.94,30.75,31.2,31.93,32.51,32.12,47.34,36.96,33.21,32.03,40.43,44.6,38.01,38.97,39.25,38.55,43,99.94
59431,94.68,102.8,31.29,29.25,30.58,30.58,33.62,30.75,31.2,31.93,32.51,32.12,47.76,36.84,33.21,32.03,40.43,44.6,38.01,38.97,39.25,38.69,43,100.87
59449,95.52,102.8,31.29,29.33,30.58,30.58,33.62,30.75,31.2,31.93,32.51,32.12,47.76,36.96,33.21,31.93,40.43,44.97,38.01,38.83,39.25,38.69,43,100.87
59470,95.52,102.8,31.29,29.25,30.58,30.58,33.52,30.75,31.2,31.93,32.51,32.12,47.97,36.96,33.21,32.03,40.43,46.73,38.01,38.97,39.25,38.55,43,100.87
59488,95.52,102.8,31.29,29.33,30.58,30.58,33.42,30.75,31.29,31.93,32.51,32.12,47.76,36.96,33.21,32.03,40.43,46.93,38.01,38.97,39.11,38.55,43.17,99.94
59509,94.68,102.8,31.29,29.25,30.58,30.58,33.52,30.75,31.38,31.93,32.51,32.12,47.55,36.96,33.21,31.93,40.43,46.93,38.01,38.97,39.11,38.69,43.17,99.94
59529,92.25,102.8,31.29,29.25,30.58,30.58,33.42,30.75,31.29,31.93,32.51,32.12,47.34,36.96,33.21,31.93,40.43,47.13,38.01,38.97,39.25,38.69,43,100.87
59548,89.95,102.8,31.29,29.25,30.58,30.58,33.52,30.75,31.29,31.93,32.51,32.12,47.34,36.96,33.21,31.93,40.43,47.55,38.01,38.97,39.25,38.69,43,99.94
59568,87.04,102.8,31.29,29.33,30.58,30.58,33.42,30.75,31.38,31.93,32.51,32.12,47.55,36.96,33.21,32.03,40.27,49.51,38.01,38.97,39.25,38.69,43,100.87
59586,95.52,102.8,31.29,29.33,30.58,30.58,33.42,30.75,31.47,31.93,32.51,32.12,47.13,36.96,33.11,32.03,40.43,45.54,38.01,38.97,39.25,38.69,43,100.87
59607,94.68,102.8,31.29,29.33,30.58,30.58,33.42,30.75,38.41,31.93,32.51,32.12,47.34,36.96,33.21,32.03,40.43,44.6,38.01,38.97,39.25,38.69,43.17,100.87
59625,72.44,102.8,31.29,29.33,30.58,30.58,33.62,30.75,40.73,31.84,32.51,32.12,47.34,36.96,33.21,31.93,40.27,44.42,38.01,38.97,39.25,38.69,43,99.94
59646,63.49,101.83,31.29,29.25,30.58,30.58,33.84,30.75,40.88,31.93,32.51,32.12,46.73,36.96,33.21,31.93,40.43,44.6,38.01,38.97,39.25,38.69,43,99.94
59666,56.51,101.83,31.29,29.25,30.58,30.58,33.84,30.75,40.88,31.93,32.51,32.12,47.13,36.96,33.21,31.93,40.43,44.42,38.01,38.97,39.11,38.69,43,99.94
59685,55.07,100.87,31.29,29.33,30.58,30.58,33.11,30.75,40.88,31.93,32.51,32.12,47.34,36.96,33.21,31.93,40.43,44.6,38.01,38.97,39.25,38.69,43,100.87
59705,76.01,101.83,31.29,29.25,30.58,30.58,33.52,30.75,40.88,31.93,32.51,32.12,47.55,36.96,33.21,31.93,40.27,44.6,38.01,38.97,39.25,38.69,43,100.87
59726,95.52,102.8,31.29,29.33,30.58,30.58,33.94,30.75,40.88,31.93,32.51,32.12,47.55,36.96,33.21,32.03,40.43,44.6,38.01,38.97,39.25,38.69,43,100.87
59744,96.37,102.8,31.29,29.33,30.58,30.58,33.84,30.75,40.88,31.93,32.51,32.12,47.55,36.96,33.21,32.03,40.43,44.42,38.01,38.97,39.25,38.69,43,99.94
59765,97.24,103.78,31.38,29.25,30.58,30.58,33.94,30.75,40.88,31.93,32.51,32.12,47.34,36.96,33.21,31.93,40.43,44.6,38.01,38.97,39.25,38.69,43,100.87
59785,96.37,103.78,31.29,29.33,30.58,30.58,34.05,30.75,40.88,31.93,32.51,32.12,47.34,36.96,33.21,31.93,40.43,44.6,38.01,38.97,39.25,38.69,43,100.87
59804,96.37,102.8,31.29,29.33,30.58,30.58,34.16,30.75,40.88,31.93,32.51,32.12,47.34,36.96,33.21,31.93,40.43,44.6,38.01,38.97,39.25,38.69,43,100.87
59824,96.37,102.8,31.29,29.25,30.58,30.58,34.05,30.75,40.88,31.93,32.51,32.12,47.34,36.96,33.21,31.93,40.43,44.6,38.01,38.97,39.25,38.69,43.17,100.87
59842,96.37,102.8,31.38,29.33,30.58,30.58,34.16,30.75,40.88,31.93,32.51,32.12,47.55,36.96,33.21,32.03,40.43,44.6,38.01,38.97,39.11,38.69,43.17,100.87
59863,97.24,103.78,31.38,29.33,30.58,30.58,32.71,30.75,40.88,31.93,32.51,32.12,47.76,36.96,33.11,31.93,40.27,44.6,38.01,38.97,39.25,38.69,43,100.87
59881,96.37,103.78,34.27,29.33,30.58,30.66,33.94,30.75,40.88,31.93,32.51,32.12,47.97,36.96,33.21,31.93,40.43,44.42,38.01,38.97,39.25,38.69,43,100.87
59902,96.37,102.8,31.38,29.33,30.58,30.58,32.61,30.75,40.88,31.93,32.51,32.12,47.76,36.96,33.21,31.93,40.43,44.6,38.01,38.97,39.25,38.69,43,100.87
59922,95.52,103.78,49.97,29.33,30.58,30.58,32.51,30.75,40.73,31.93,32.51,32.12,47.55,36.96,33.21,31.93,40.43,44.42,38.01,38.97,39.25,38.69,43,100.87
59941,95.52,102.8,42.66,29.33,30.58,30.58,33.73,30.75,35.04,31.93,32.51,32.12,49.06,36.96,33.21,31.93,40.43,44.42,38.01,38.97,39.25,38.69,43.17,100.87
59961,85.66,101.83,41.67,29.25,30.58,30.58,33.84,30.75,32.41,31.93,32.51,32.12,47.76,36.96,33.21,31.93,40.27,44.6,38.01,38.97,39.25,38.69,43,100.87
59980,95.52,102.8,37.09,29.33,30.58,30.58,32.22,30.75,31.56,31.93,32.51,32.12,47.76,36.96,33.21,31.93,40.43,44.42,38.01,38.97,39.25,38.69,43,100.87
60000,96.37,102.8,31.47,29.25,30.58,30.58,33.01,30.75,31.47,31.93,32.51,32.12,47.34,36.96,33.21,31.93,40.27,44.6,38.01,38.97,39.25,38.69,43.17,100.87
60019,96.37,102.8,31.47,29.25,30.58,30.58,32.61,30.75,31.56,31.93,32.51,32.12,47.34,36.96,33.21,31.93,40.43,44.42,38.01,38.97,39.25,38.55,43,99.94
60039,60.3,100.87,31.38,29.33,30.58,30.58,32.61,30.75,31.75,31.93,32.51,32.12,47.34,36.96,33.21,31.93,40.43,44.6,38.01,38.97,39.25,38.69,43,99.94
60060,95.52,99.94,31.38,29.25,30.58,30.58,33.01,30.75,32.22,31.93,32.51,32.12,47.13,36.96,33.21,31.93,40.27,44.6,38.01,38.97,39.25,38.69,43,100.87
60078,94.68,82.39,31.47,29.33,30.58,30.58,33.01,30.75,32.32,31.93,32.51,32.12,47.13,36.96,33.21,31.93,40.43,44.6,38.01,38.97,39.25,38.69,43,100.87
60098,96.37,102.8,31.47,29.25,30.58,30.58,33.01,30.75,32.61,31.93,32.51,32.12,47.13,36.96,33.21,31.93,40.27,44.79,38.01,38.97,39.25,38.69,43,100.87
60117,97.24,102.8,31.47,29.33,30.58,30.58,33.01,30.75,31.65,31.93,32.51,32.12,47.13,36.96,33.21,31.93,40.27,46.13,38.01,38.97,39.25,38.69,43,100.87
60137,95.52,101.83,31.47,29.25,30.58,30.58,33.01,30.75,31.93,31.93,32.51,32.12,47.13,36.96,33.21,31.93,40.43,44.6,38.01,38.97,39.11,38.69,43,100.87
60156,96.37,101.83,31.38,29.33,30.58,30.58,33.11,30.75,36.46,31.93,32.51,32.12,47.13,36.84,33.21,31.93,40.43,44.6,38.01,38.97,39.11,38.69,43.17,100.87
60176,96.37,101.83,31.47,29.25,30.58,30.58,33.01,30.75,35.16,31.93,32.51,32.12,47.13,36.96,33.21,31.93,40.43,44.6,38.01,38.97,39.25,38.69,43,99.94
60197,95.52,100.87,31.47,29.25,30.58,30.58,33.01,30.75,34.93,31.93,32.51,32.12,47.13,36.96,33.21,31.93,40.27,44.6,38.01,38.97,39.11,38.69,43,100.87
60215,96.37,101.83,31.47,29.25,30.58,30.58,33.11,30.75,37.22,31.93,32.51,32.12,46.73,36.96,33.11,31.93,40.43,44.6,38.14,38.97,39.25,38.69,43,100.87
60236,96.37,100.87,31.47,29.33,30.58,30.58,33.11,30.75,38.41,32.03,32.51,32.12,47.13,36.96,33.11,31.93,40.43,44.6,38.01,39.11,39.25,38.69,43,99.94
60254,95.52,101.83,31.47,29.33,30.58,30.58,33.11,30.75,41.04,31.93,32.51,32.12,47.34,36.96,33.11,31.93,40.43,44.6,38.01,38.97,39.11,38.55,43.17,100.87
60275,96.37,100.87,31.38,29.25,30.58,30.58,33.11,30.75,41.35,31.93,32.51,32.12,47.34,36.96,33.21,31.93,40.43,44.6,38.01,39.11,39.25,38.69,43,99.94
60293,95.52,100.87,31.47,29.25,30.58,30.58,33.01,30.75,41.51,31.93,32.51,32.12,47.34,36.96,33.21,31.93,40.43,44.6,38.01,38.97,39.25,38.69,43.17,100.87
60314,96.37,100.87,31.47,29.33,30.58,30.58,35.98,30.75,41.35,32.03,32.51,32.12,50.67,36.96,33.21,31.93,40.43,44.79,38.14,38.97,39.25,38.69,43,100.87
60334,95.52,100.87,31.38,29.25,30.58,30.58,45.54,30.75,40.88,31.93,32.51,32.12,47.55,36.84,33.21,31.84,40.27,44.6,38.01,38.97,39.11,38.69,43,100.87
60352,95.52,100.87,31.47,29.25,30.58,30.58,40.88,30.75,41.35,31.93,32.51,32.12,47.34,36.96,33.21,31.84,40.43,45.35,38.01,38.97,39.25,38.55,43.17,100.87
60373,94.68,99.94,31.47,29.25,30.58,30.58,58.66,30.75,41.35,31.93,32.51,32.12,47.55,36.96,33.21,31.93,40.43,45.93,38.01,38.97,39.25,38.69,43.17,100.87
60391,94.68,99.94,31.47,29.25,30.58,30.58,41.35,30.75,41.2,31.93,32.51,32.12,47.13,36.84,33.11,31.93,40.43,45.93,38.14,39.11,39.25,38.69,43,99.94
60412,94.68,96.37,31.38,29.25,30.58,30.58,44.42,30.75,40.43,31.93,32.51,32.12,47.13,36.96,33.21,31.93,40.43,45.93,38.14,39.11,39.25,38.69,43,100.87
60430,93.86,99.02,31.38,29.25,30.58,30.58,58.34,30.75,41.35,31.93,32.51,32.12,47.34,36.96,33.21,31.93,40.43,45.93,38.01,38.97,39.25,38.69,43,99.94
60451,94.68,96.37,31.38,29.33,30.58,30.58,33.01,30.75,41.35,31.93,32.51,32.12,47.13,36.96,33.11,31.84,40.43,46.13,38.01,39.11,39.25,38.69,43.17,100.87
60471,93.86,99.02,31.38,29.25,30.58,30.58,32.12,30.75,36.22,31.93,32.51,32.12,49.74,36.96,33.21,31.84,40.43,45.93,38.01,38.97,39.25,38.55,43.17,100.87
60490,93.86,97.24,31.38,29.25,30.58,30.58,32.61,30.75,34.93,32.03,32.51,32.12,47.13,36.96,33.21,31.93,40.43,45.93,38.01,38.97,39.25,38.69,43.17,99.94
60510,93.86,99.02,31.38,29.25,30.58,30.58,34.37,30.75,41.35,31.84,32.51,32.12,47.76,36.96,33.11,31.93,40.43,45.74,38.01,38.97,39.25,38.69,43,100.87
60529,93.86,99.02,31.38,29.25,30.58,30.58,33.73,30.75,40.43,31.84,32.51,32.12,47.34,36.96,33.21,31.93,40.27,45.93,38.01,39.11,39.25,38.69,43.17,100.87
60549,93.86,99.02,31.38,29.25,30.58,30.49,33.21,30.75,31.29,31.84,32.51,32.12,47.76,36.96,33.21,31.84,40.43,45.93,38.14,39.11,39.25,38.69,43.17,99.94
60567,93.86,98.12,31.47,29.25,30.58,30.58,33.21,30.75,31.29,31.84,32.51,32.12,48.19,36.96,33.21,31.93,40.27,46.13,38.14,38.97,39.25,38.69,43.17,100.87
60588,99.02,99.02,31.38,29.25,30.58,30.58,33.11,30.75,31.38,31.84,32.51,32.12,50.67,36.96,33.21,31.93,40.27,45.93,38.14,39.11,39.25,38.69,43.17,100.87
60608,98.12,99.02,31.38,29.25,30.58,30.58,33.21,30.75,31.38,31.84,32.51,32.12,51.15,36.96,33.21,31.93,40.43,45.93,38.14,39.11,39.25,38.69,43,100.87
60629,99.02,99.02,31.38,29.25,30.58,30.58,33.21,30.75,31.38,31.84,32.51,32.12,51.15,36.84,33.21,31.93,40.43,45.93,38.01,38.97,39.25,38.69,43,100.87
60647,99.02,99.02,31.38,29.25,30.58,30.58,33.11,30.75,31.29,31.84,32.51,32.12,50.67,36.96,33.11,31.93,40.43,45.93,38.01,38.97,39.25,38.69,43,100.87
60668,99.02,99.94,31.38,29.25,30.58,30.49,35.62,30.75,31.29,31.84,32.51,32.12,50.44,36.96,33.21,31.84,40.27,45.93,38.01,38.97,39.25,38.69,43.17,100.87
60686,99.02,98.12,31.38,29.25,30.58,30.58,33.01,30.75,31.38,31.84,32.51,32.12,50.67,36.84,33.21,31.84,40.43,45.93,38.01,39.11,39.25,38.69,43.17,100.87
60707,99.02,99.02,31.38,29.33,30.58,30.58,33.01,30.75,31.38,31.84,32.51,32.12,50.44,36.96,33.21,31.93,40.43,45.93,38.01,38.97,39.25,38.69,43,100.87
60727,99.94,98.12,31.38,29.33,30.58,30.58,32.91,30.75,31.38,31.84,32.51,32.12,47.76,36.96,33.21,31.93,40.43,46.13,38.01,39.11,39.25,38.69,43,100.87
60746,99.02,99.02,31.47,29.25,30.58,30.58,32.91,30.75,31.29,31.84,32.51,32.12,47.76,36.96,33.21,31.84,40.43,45.93,38.01,38.97,39.25,38.69,43,101.83
60766,99.94,99.02,31.56,29.33,30.58,30.58,32.91,30.75,31.38,31.84,32.51,32.12,47.34,36.96,33.21,31.84,40.43,46.13,38.01,38.97,39.25,38.69,43,100.87
60785,99.02,99.02,33.52,29.33,30.58,30.58,32.91,30.75,31.38,31.84,32.51,32.12,47.76,36.96,33.21,31.84,40.43,45.93,38.01,39.11,39.25,38.69,43,100.87
60805,99.94,98.12,31.38,29.25,30.58,30.49,33.01,30.75,31.38,31.84,32.51,32.12,47.76,36.96,33.21,31.84,40.43,45.93,38.01,38.97,39.25,38.69,43,100.87
60823,99.94,99.02,31.47,29.33,30.58,30.49,32.91,30.75,31.38,31.84,32.51,32.12,47.76,36.96,33.11,31.84,40.27,45.93,38.14,38.97,39.25,38.69,43.17,99.94
60844,99.02,99.02,31.38,29.25,30.58,30.49,33.01,30.75,31.38,31.84,32.51,32.12,47.97,36.96,33.21,31.84,40.43,45.93,38.01,38.97,39.11,38.69,43.17,100.87
60864,99.94,99.94,31.47,29.25,30.58,30.58,32.91,30.75,31.38,31.84,32.51,32.12,48.19,36.96,33.21,31.84,40.27,46.13,38.01,38.97,39.25,38.69,43.17,100.87
60883,99.94,99.94,31.38,29.25,30.58,30.58,33.01,30.75,31.65,31.84,32.51,32.12,48.19,36.96,33.21,31.93,40.43,46.13,38.01,38.97,39.25,38.69,43,100.87
60903,100.87,99.94,31.38,29.25,30.58,30.49,33.01,30.75,31.75,31.84,32.51,32.12,47.97,36.84,33.21,31.93,40.27,46.13,38.01,39.11,39.25,38.69,43,100.87
60922,100.87,100.87,31.38,29.25,30.58,30.49,32.91,30.75,31.65,31.84,32.51,32.12,48.4,36.96,33.21,31.84,40.43,46.13,38.14,38.97,39.25,38.69,43,100.87
60942,100.87,100.87,31.38,29.25,30.58,30.49,33.01,30.75,31.75,31.84,32.51,32.12,48.4,36.96,33.21,31.93,40.43,46.13,38.01,38.97,39.25,38.69,43,100.87
60961,100.87,100.87,38.27,29.25,30.58,30.58,33.01,30.75,31.65,31.84,32.51,32.12,48.4,36.96,33.11,31.93,40.43,46.13,38.01,38.97,39.25,38.69,43.17,100.87
60981,100.87,100.87,36.84,29.25,30.58,30.58,33.01,30.75,32.61,31.84,32.51,32.12,48.62,36.96,33.21,31.84,40.43,46.13,38.01,39.11,39.25,38.69,43,99.94
61002,100.87,100.87,38.97,29.25,30.58,30.58,33.01,30.75,35.74,31.93,32.51,32.12,49.97,36.84,33.21,31.75,40.43,45.93,38.01,39.11,39.25,38.69,43,100.87
61020,100.87,100.87,37.35,29.25,30.58,30.49,33.01,30.75,37.74,31.84,32.51,32.12,50.67,36.96,33.11,31.84,40.27,46.13,38.01,38.97,39.25,38.55,43,100.87
61041,100.87,100.87,31.38,29.25,30.58,30.58,33.01,30.75,40.88,31.84,32.51,32.12,50.91,36.96,33.11,31.84,40.43,46.13,38.01,38.97,39.11,38.69,43,100.87
61059,101.83,99.94,31.38,29.25,30.58,30.58,44.6,30.75,37.22,31.84,32.51,32.12,50.91,36.96,33.21,31.84,40.43,46.13,38.01,38.97,39.25,38.69,43,100.87
61079,100.87,99.94,31.38,29.25,30.58,30.58,44.24,30.75,41.35,31.84,32.51,32.12,51.15,36.96,33.11,31.84,40.43,46.13,38.14,39.11,39.25,38.69,43.17,99.94
61100,95.52,99.94,31.38,29.25,30.58,30.58,34.48,30.75,31.38,31.84,32.51,32.12,51.15,36.96,33.21,31.84,40.43,45.93,38.14,38.97,39.11,38.69,43,100.87
61118,95.52,99.94,31.38,29.25,30.58,30.58,34.05,30.75,31.29,32.03,32.51,32.12,51.15,36.96,33.11,31.93,40.43,46.13,38.01,38.97,39.25,38.69,43,100.87
61139,95.52,99.94,31.38,29.25,30.58,30.58,42.49,30.66,31.29,32.03,32.51,32.03,47.55,36.96,33.11,31.84,40.43,46.13,38.01,38.97,39.25,38.69,43.17,100.87
61157,95.52,100.87,31.38,29.25,30.58,30.58,41.51,30.75,34.27,32.03,32.51,32.12,48.19,36.84,33.11,31.84,40.43,46.13,38.01,38.97,39.25,38.69,43,100.87
61178,96.37,100.87,31.38,29.25,30.58,30.58,33.42,30.66,38.41,32.03,32.51,32.12,47.97,36.96,33.11,31.93,40.43,46.13,38.01,39.11,39.25,38.69,43.17,99.94
61196,96.37,100.87,31.38,29.25,30.58,30.58,37.61,30.66,31.29,32.03,32.51,32.12,47.76,36.96,33.11,31.93,40.43,46.13,38.01,38.97,39.25,38.69,43.17,99.02
61217,96.37,100.87,35.16,29.25,30.58,30.58,38.69,30.75,33.84,32.03,32.51,32.12,47.76,36.96,33.11,31.84,40.43,46.13,38.01,39.11,39.25,38.69,43.17,100.87
61237,96.37,100.87,31.29,29.25,30.58,30.58,36.34,30.75,31.11,32.03,32.51,32.12,47.76,36.84,33.11,31.93,40.43,45.93,38.01,38.97,39.25,38.69,43.17,100.87
61258,96.37,101.83,31.29,29.25,30.58,30.58,38.01,30.75,31.11,31.93,32.51,32.12,46.93,36.84,33.01,31.93,40.43,46.13,38.01,38.97,39.25,38.69,43,99.94
61276,96.37,100.87,31.29,29.25,30.58,30.58,38.27,30.75,31.11,31.93,32.51,32.12,47.13,36.96,33.11,31.93,40.43,46.13,38.01,38.97,39.25,38.55,43,99.02
61297,94.68,66.22,31.29,29.25,30.58,30.58,45.54,30.75,31.02,31.93,32.51,32.12,48.4,36.96,33.11,31.93,40.43,51.4,38.01,38.97,39.25,38.55,43,100.87
61315,96.37,101.83,31.2,29.25,30.58,30.58,33.11,30.66,31.11,31.93,32.51,32.12,48.19,36.96,33.11,31.93,40.43,49.74,38.01,38.97,39.25,38.55,43.17,99.94
61335,96.37,99.94,31.2,29.25,30.58,30.58,56.51,30.75,31.11,31.93,32.51,32.12,48.19,36.96,33.11,31.93,40.43,53.43,38.01,38.97,39.25,38.55,43,99.94
61356,96.37,100.87,31.2,29.25,30.58,30.58,43.52,30.66,31.2,31.93,32.51,32.12,48.84,36.96,33.11,31.93,40.43,46.13,38.01,38.97,39.25,38.55,43.17,100.87
61374,97.24,101.83,31.2,29.25,30.58,30.58,47.97,30.66,31.2,31.93,32.51,32.12,48.84,36.96,33.01,31.93,40.43,46.13,38.01,38.97,39.11,38.55,43,99.02
61395,97.24,100.87,31.2,29.25,30.58,30.58,41.04,30.66,31.2,31.93,32.51,32.12,50.44,36.96,33.11,31.93,40.43,46.13,38.01,38.97,39.11,38.55,43.17,99.94
61413,95.52,78.21,31.2,29.25,30.58,30.58,32.91,30.66,31.11,31.93,32.51,32.12,47.97,36.96,33.01,31.93,40.43,45.93,37.87,38.97,39.25,38.55,43,99.94
61434,96.37,101.83,31.2,29.25,30.58,30.58,32.91,30.66,31.02,31.84,32.51,32.12,48.4,36.96,33.11,31.93,40.43,46.13,38.01,38.97,39.25,38.55,43.17,100.87
61452,96.37,99.02,31.2,29.25,30.58,30.58,33.01,30.66,31.02,31.84,32.51,32.12,49.29,36.96,33.11,31.93,40.27,45.93,38.01,38.97,39.25,38.55,43,99.02
61473,96.37,100.87,31.2,29.33,30.58,30.58,33.11,30.75,31.11,31.56,32.51,32.12,49.51,36.96,33.11,31.93,40.43,46.13,38.01,38.97,39.25,38.55,43,99.94
61491,97.24,102.8,31.2,29.25,30.58,30.58,41.67,30.66,31.11,31.56,32.51,32.12,49.06,36.96,33.11,32.03,40.43,45.93,38.01,38.97,39.11,38.55,43,99.94
61512,97.24,102.8,31.2,29.33,30.58,30.58,33.01,30.66,31.11,31.56,32.51,32.12,47.76,36.96,33.11,31.93,40.43,46.13,37.87,38.97,39.11,38.55,43,99.94
61532,96.37,84.99,31.11,29.25,30.58,30.58,46.13,30.66,31.11,31.56,32.51,32.12,47.13,36.96,33.11,32.03,40.43,46.32,38.01,38.97,39.25,38.55,43,99.94
61551,97.24,101.83,31.2,29.25,30.58,30.58,41.04,30.66,31.11,31.56,32.51,32.12,47.97,36.96,33.11,32.03,40.43,46.13,38.01,38.97,39.25,38.55,43.17,100.87
61571,97.24,101.83,31.11,29.25,30.58,30.58,45.16,30.66,31.11,31.56,32.51,32.12,47.97,36.96,33.11,32.03,40.43,46.13,38.01,38.97,39.25,38.55,43.17,100.87
61589,97.24,102.8,31.11,29.33,30.58,30.58,63.87,30.66,31.11,31.56,32.51,32.12,47.97,36.96,33.11,31.93,40.43,46.13,38.01,38.97,39.25,38.55,43,100.87
61610,97.24,102.8,31.2,29.33,30.58,30.58,64.63,30.66,31.11,31.56,32.51,32.12,46.73,36.96,33.11,32.03,40.43,46.13,38.01,38.97,39.11,38.55,43,100.87
61630,97.24,102.8,31.2,29.25,30.58,30.58,64.63,30.75,31.11,31.56,32.51,32.12,47.55,36.96,33.11,31.93,40.43,46.13,37.87,38.83,39.11,38.41,43,100.87
61649,97.24,102.8,31.2,29.33,30.58,30.58,64.25,30.66,31.11,31.56,32.51,32.12,47.76,36.96,33.11,32.03,40.43,46.13,37.87,38.97,39.11,38.55,43,100.87
61669,97.24,102.8,31.2,29.33,30.58,30.58,42.66,30.66,31.11,31.56,32.51,32.12,47.76,36.96,33.11,32.03,40.43,46.13,38.01,38.97,39.11,38.55,43.17,100.87
61688,97.24,102.8,31.2,29.33,30.58,30.58,38.55,30.66,31.11,31.56,32.51,32.12,47.55,36.96,33.11,32.03,40.43,46.13,38.01,38.97,39.25,38.55,43.17,100.87
61708,96.37,101.83,31.2,29.33,30.49,30.58,61.68,30.66,31.11,31.56,32.51,32.12,46.93,36.96,33.11,31.93,40.43,46.13,37.87,38.97,39.25,38.55,43,100.87
61727,97.24,101.83,31.2,29.25,30.58,30.58,59.63,30.66,31.11,31.56,32.51,32.12,47.13,36.96,33.11,32.03,40.43,46.13,37.87,38.97,39.25,38.55,43,99.94
61747,96.37,78.78,31.2,29.33,30.58,30.58,63.87,30.66,31.11,31.56,32.51,32.12,47.34,36.96,33.11,31.93,40.43,46.13,37.87,38.97,39.11,38.55,43,100.87
61768,97.24,102.8,31.2,29.33,30.58,30.58,63.87,30.75,31.11,31.56,32.51,32.12,47.76,36.96,33.11,32.03,40.43,45.93,38.01,38.97,39.11,38.41,43,99.94
61786,94.68,51.89,31.2,29.33,30.58,30.58,60.3,30.66,31.11,31.56,32.51,32.12,47.76,36.96,33.11,31.93,40.27,46.13,37.87,38.83,39.11,38.55,43,100.87
61807,96.37,101.83,31.2,29.33,30.58,30.58,56.22,30.66,31.11,31.56,32.51,32.12,47.55,36.84,33.11,31.93,40.43,45.93,38.01,38.97,39.25,38.55,43,100.87
61825,96.37,101.83,31.2,29.33,30.58,30.58,48.84,30.66,31.2,31.56,32.51,32.12,47.13,36.96,33.11,32.03,40.43,46.13,38.01,38.97,39.25,38.55,43,99.94
61845,49.51,99.94,31.2,29.33,30.58,30.58,46.52,30.66,31.2,31.56,32.51,32.12,47.34,36.96,33.11,32.03,40.43,45.35,38.01,38.83,39.25,38.55,43,99.02
61864,44.42,70.09,31.2,29.33,30.58,30.58,43.7,30.66,31.2,31.56,32.51,32.12,46.93,36.96,33.11,32.03,40.27,45.35,37.87,38.97,39.11,38.55,43,99.02
61884,75.48,60.98,31.2,29.33,30.58,30.58,42.66,30.66,31.2,31.56,32.51,32.12,47.97,36.96,33.11,32.03,40.43,46.52,38.01,38.97,39.25,38.55,43,100.87
61905,69.64,99.02,31.2,29.33,30.58,30.58,45.16,30.66,31.2,31.56,32.51,32.12,47.55,36.96,33.11,32.03,40.43,46.52,38.01,38.97,39.25,38.55,43,100.87
61923,96.37,101.83,31.2,29.33,30.58,30.58,51.89,30.66,31.2,31.47,32.51,32.12,47.76,36.96,33.11,31.93,40.43,44.97,38.01,38.97,39.11,38.55,43,100.87
61944,96.37,102.8,31.2,29.33,30.58,30.58,47.76,30.66,31.2,31.56,32.51,32.12,47.55,36.96,33.11,32.03,40.43,44.97,38.01,38.97,39.11,38.55,43,100.87
61962,96.37,102.8,31.29,29.25,30.58,30.58,46.93,30.66,31.2,31.56,32.51,32.12,47.34,36.96,33.11,32.03,40.43,44.79,38.01,38.97,39.11,38.55,43,99.02
61983,96.37,101.83,31.29,29.25,30.58,30.58,48.62,30.66,31.2,31.56,32.51,32.12,47.34,36.96,33.11,31.93,40.43,44.79,38.01,38.83,39.11,38.55,43,99.94
62003,96.37,102.8,31.2,29.33,30.58,30.58,46.13,30.66,31.2,31.56,32.51,32.12,47.55,36.96,33.11,31.93,40.43,44.79,38.01,38.97,39.25,38.55,43,100.87
62022,96.37,102.8,31.2,29.33,30.58,30.58,47.34,30.75,31.2,31.56,32.51,32.12,46.93,36.96,33.11,31.93,40.43,44.97,38.01,38.97,39.25,38.69,43.17,99.94
62042,96.37,102.8,31.2,29.33,30.58,30.58,47.34,30.66,31.2,31.56,32.51,32.12,47.55,36.96,33.11,32.03,40.43,44.97,38.01,38.97,39.25,38.55,43,100.87
62060,96.37,101.83,31.2,29.33,30.58,30.58,47.34,30.66,31.2,31.56,32.51,32.12,47.13,36.96,33.11,32.03,40.43,44.97,38.01,38.97,39.11,38.55,43,100.87
62081,96.37,102.8,31.29,29.33,30.58,30.58,49.74,30.66,31.2,31.56,32.51,32.12,47.34,36.96,33.21,32.03,40.43,44.97,38.01,38.97,39.25,38.69,43,100.87
62099,96.37,102.8,31.2,29.25,30.49,30.58,47.34,30.66,31.2,31.56,32.51,32.12,47.34,36.96,33.11,32.03,40.43,44.97,38.01,38.97,39.11,38.69,43,100.87
62120,96.37,101.83,31.29,29.25,30.58,30.58,49.29,30.66,31.2,31.56,32.51,32.12,47.55,36.96,33.11,31.93,40.43,44.79,38.01,38.97,39.25,38.69,43,100.87
62140,96.37,101.83,31.29,29.25,30.58,30.58,50.2,30.66,31.2,31.56,32.51,32.12,47.55,36.96,33.11,31.93,40.43,44.97,38.01,38.97,39.25,38.69,43,100.87
62159,96.37,101.83,31.29,29.25,30.58,30.58,47.34,30.66,31.2,31.84,32.51,32.12,47.55,36.96,33.11,31.93,40.43,44.97,38.01,38.97,39.25,38.55,43,100.87
62179,96.37,101.83,31.29,29.25,30.58,30.58,47.13,30.66,31.2,31.84,32.51,32.12,47.34,36.96,33.11,32.03,40.43,44.97,38.01,38.97,39.25,38.69,43,100.87
62198,96.37,100.87,31.29,29.33,30.58,30.58,46.32,30.75,31.29,31.84,32.51,32.12,47.34,36.96,33.21,31.93,40.43,44.97,38.01,38.97,39.25,38.69,43,100.87
62218,96.37,101.83,31.29,29.25,30.58,30.58,49.97,30.75,31.2,31.84,32.51,32.12,47.55,36.84,33.11,31.93,40.43,44.97,38.01,38.97,39.25,38.69,43,99.94
62237,95.52,83.67,31.29,29.33,30.58,30.58,56.81,30.66,31.2,31.84,32.51,32.12,47.55,36.84,33.21,31.93,40.43,44.97,38.01,38.97,39.25,38.69,43.17,101.83
62257,96.37,99.02,31.29,29.25,30.58,30.58,54.24,30.66,31.2,31.84,32.51,32.12,47.55,36.96,33.11,31.93,40.43,44.97,38.01,38.97,39.11,38.69,43,99.94
62278,96.37,85.66,45.93,29.25,30.58,30.58,53.7,30.66,31.2,31.84,32.51,32.12,47.76,36.96,33.11,31.93,40.27,44.97,38.01,38.97,39.11,38.69,43,99.94
62296,96.37,101.83,43.88,29.25,30.58,30.58,32.71,30.75,31.29,31.84,32.51,32.12,47.55,36.96,33.11,31.93,40.27,46.32,38.01,38.97,39.25,38.69,43,100.87
62316,95.52,101.83,45.93,29.33,30.58,30.58,43,30.66,31.2,31.84,32.51,32.12,47.76,36.96,33.11,31.93,40.43,49.97,38.01,38.97,39.25,38.69,43,100.87
62335,96.37,101.83,43.52,29.33,30.58,30.58,55.35,30.75,31.2,31.84,32.51,32.12,47.97,36.96,33.11,31.93,40.43,45.35,37.87,38.97,39.11,38.69,43,100.87
62355,95.52,101.83,43.17,29.33,30.58,30.58,51.89,30.75,31.2,31.84,32.51,32.12,47.97,36.96,33.11,31.93,40.43,45.16,38.01,38.97,39.25,38.69,43,100.87
62376,96.37,100.87,44.6,29.25,30.58,30.58,48.84,30.75,31.2,31.93,32.51,32.12,48.4,36.96,33.11,31.93,40.43,45.93,38.01,38.97,39.25,38.55,43.17,99.94
62394,93.86,53.43,31.29,29.25,30.58,30.58,48.84,30.66,31.2,31.93,32.51,32.12,47.97,36.96,33.11,31.93,40.43,45.93,38.01,38.97,39.25,38.69,43.17,100.87
62415,95.52,100.87,31.29,29.25,30.58,30.58,50.67,30.75,31.02,31.93,32.51,32.12,48.19,36.96,33.11,31.93,40.27,45.93,38.01,38.97,39.25,38.55,43.17,99.94
62433,93.86,50.67,31.29,29.33,30.58,30.58,49.74,30.75,31.02,31.84,32.51,32.12,47.97,36.96,33.11,31.93,40.43,55.64,38.01,38.83,39.25,38.55,43,100.87
62454,95.52,100.87,31.29,29.25,30.58,30.58,50.67,30.75,31.11,31.84,32.51,32.12,48.4,36.96,33.21,31.93,40.43,46.13,38.01,38.97,39.11,38.69,43,99.94
62472,95.52,100.87,31.29,29.33,30.66,30.49,51.64,30.75,31.29,31.93,32.51,32.12,48.19,36.96,33.11,31.93,40.43,46.13,37.87,38.97,39.25,38.55,43,99.94
62493,95.52,100.87,31.29,29.33,30.58,30.58,49.74,30.66,31.11,31.93,32.51,32.12,48.4,36.96,33.11,31.93,40.27,46.13,38.01,38.97,39.25,38.55,43,99.94
62513,94.68,100.87,31.29,29.33,30.58,30.58,50.67,30.75,31.11,31.93,32.51,32.12,48.4,36.96,33.11,31.93,40.43,46.13,38.01,38.97,39.25,38.69,43.17,100.87
62531,95.52,100.87,31.29,29.25,30.66,30.58,48.62,30.75,31.11,31.93,32.51,32.12,49.06,36.96,33.11,31.93,40.43,46.13,38.01,38.97,39.25,38.69,43,100.87
62552,94.68,57.72,31.29,29.25,30.58,30.58,51.64,30.66,31.11,31.93,32.51,32.12,48.62,36.96,33.21,31.93,40.43,46.13,38.01,38.97,39.11,38.55,43,100.87
62570,94.68,95.52,31.29,29.25,30.58,30.49,50.67,30.75,31.11,31.93,32.51,32.12,48.4,36.96,33.11,31.93,40.43,46.13,38.01,38.97,39.25,38.69,43.17,100.87
62591,94.68,99.02,31.29,29.25,30.58,30.58,51.64,30.66,31.11,31.93,32.51,32.12,47.55,36.96,33.11,31.93,40.43,45.93,38.01,38.97,39.25,38.69,43.17,100.87
62609,93.86,99.02,31.29,29.33,30.66,30.58,49.97,30.75,31.11,31.93,32.51,32.03,47.76,36.96,33.11,31.93,40.43,44.6,38.01,38.97,39.25,38.55,43.17,99.94
62630,93.86,97.24,31.29,29.33,30.58,30.49,49.29,30.75,31.11,31.93,32.51,32.12,47.76,36.84,33.11,31.93,40.43,44.6,38.01,38.97,39.11,38.69,43,100.87
62650,93.86,97.24,31.29,29.25,30.58,30.58,49.51,30.66,31.11,31.93,32.51,32.12,48.4,36.96,33.11,31.84,40.43,44.6,38.01,38.97,39.25,38.69,43.17,99.94
62669,93.86,96.37,31.38,29.25,30.58,30.58,49.74,30.75,31.38,31.93,32.51,32.12,48.4,36.96,33.11,31.84,40.43,44.42,38.01,38.97,39.25,38.69,43,100.87
62689,93.05,97.24,31.38,29.25,30.58,30.58,50.44,30.75,31.11,31.93,32.51,32.12,47.97,36.96,33.11,31.93,40.27,44.6,38.01,38.97,39.25,38.69,43,100.87
62708,92.25,96.37,31.38,29.25,30.58,30.58,50.67,30.66,31.11,31.93,32.51,32.12,47.97,36.96,33.11,31.84,40.43,44.79,38.01,38.97,39.25,38.69,43,100.87
62728,92.25,96.37,31.38,29.33,30.58,30.49,50.44,30.75,31.11,31.93,32.51,32.12,47.76,36.96,33.11,31.84,40.27,45.74,38.01,38.97,39.25,38.69,43,100.87
62749,93.05,94.68,31.38,29.33,30.66,30.58,49.97,30.75,31.11,31.93,32.51,32.12,48.19,36.96,33.21,31.84,40.43,45.74,38.01,38.97,39.25,38.55,43.17,100.87
62767,92.25,94.68,31.38,29.33,30.58,30.49,49.97,30.66,31.2,32.03,32.51,32.12,47.97,36.96,33.11,31.93,40.43,45.54,38.01,38.97,39.25,38.69,43,100.87
62787,92.25,94.68,31.38,29.25,30.58,30.58,51.15,30.75,31.56,31.93,32.51,32.12,47.97,36.96,33.11,31.93,40.43,44.6,38.01,38.97,39.11,38.55,43.17,100.87
62806,92.25,95.52,31.38,29.25,30.58,30.58,52.65,30.75,31.38,31.93,32.51,32.12,48.19,36.96,33.11,31.84,40.43,44.6,38.01,38.97,39.25,38.69,43,100.87
62826,92.25,94.68,31.38,29.33,30.58,30.58,53.17,30.66,31.2,31.93,32.51,32.12,48.4,36.96,33.11,31.93,40.43,44.79,38.01,38.97,39.25,38.55,43,100.87
62845,92.25,95.52,31.38,29.33,30.58,30.58,58.66,30.66,31.11,31.93,32.51,32.12,48.62,36.84,33.21,31.84,40.43,44.6,38.01,38.97,39.25,38.55,43,99.94
62865,92.25,95.52,31.38,29.33,30.66,30.58,49.74,30.75,31.11,32.03,32.51,32.12,47.97,36.96,33.11,31.84,40.43,44.6,38.01,38.97,39.25,38.69,43,100.87
62886,91.47,95.52,31.38,29.33,30.66,30.58,53.97,30.75,31.11,32.03,32.51,32.12,47.97,36.96,33.11,31.84,40.43,44.6,38.01,38.97,39.11,38.69,43,100.87
62904,91.47,95.52,31.38,29.25,30.66,30.58,32.61,30.75,31.38,32.03,32.51,32.12,47.97,36.96,33.11,31.93,40.43,44.6,38.01,38.97,39.25,38.55,43,100.87
62925,91.47,95.52,42.66,29.33,30.66,30.58,32.41,30.75,31.65,32.03,32.51,32.12,48.19,36.96,33.11,31.84,40.43,44.6,38.01,38.97,39.11,38.69,43,100.87
62943,90.7,94.68,31.38,29.25,30.66,30.58,32.51,30.66,31.29,31.93,32.51,32.12,48.19,36.96,33.11,31.84,40.43,44.6,38.01,38.97,39.25,38.69,43.17,100.87
62964,90.7,91.47,31.38,29.33,30.58,30.58,32.32,30.75,31.29,31.93,32.51,32.12,48.19,36.96,33.11,31.84,40.43,44.6,38.01,38.97,39.25,38.69,43,99.94
62982,91.47,94.68,31.38,29.33,30.66,30.58,32.41,30.66,31.29,31.93,32.51,32.12,48.4,36.84,33.11,31.84,40.43,44.6,38.01,38.97,39.25,38.69,43,100.87
63003,91.47,94.68,31.38,29.33,30.58,30.58,32.32,30.75,31.02,31.93,32.51,32.12,48.4,36.96,33.11,31.84,40.43,44.6,38.01,39.11,39.25,38.69,43,99.94
63023,91.47,94.68,31.38,29.33,30.66,30.49,32.51,30.75,31.2,31.93,32.51,32.12,48.62,36.96,33.11,31.93,40.27,44.42,38.01,38.97,39.11,38.69,43.17,100.87
63041,91.47,95.52,31.38,29.25,30.66,30.49,32.51,30.75,31.29,31.93,32.51,32.12,48.62,36.96,33.11,31.84,40.43,44.6,38.01,38.97,39.25,38.69,43,100.87
63062,92.25,95.52,31.38,29.25,30.58,30.58,32.32,30.75,31.11,31.93,32.51,32.12,48.4,36.96,33.11,31.84,40.43,44.6,38.01,38.97,39.25,38.69,43.17,100.87
63080,92.25,95.52,31.38,29.33,30.58,30.58,32.32,30.75,31.11,32.03,32.51,32.12,48.19,36.84,33.11,31.84,40.43,44.6,38.01,38.97,39.11,38.69,43,100.87
63101,92.25,95.52,31.38,29.33,30.58,30.58,32.51,30.75,31.02,31.93,32.51,32.12,48.4,36.96,33.11,31.84,40.27,44.6,38.01,38.97,39.25,38.69,43,100.87
63121,92.25,96.37,31.38,29.33,30.66,30.58,32.41,30.75,31.02,31.93,32.51,32.12,48.4,36.96,33.11,31.84,40.43,44.6,38.01,38.97,39.25,38.69,43,100.87
63140,92.25,97.24,31.38,29.25,30.58,30.58,32.61,30.75,31.02,31.93,32.51,32.12,48.4,36.96,33.11,31.84,40.43,44.6,38.01,38.97,39.25,38.55,43.17,100.87
63160,93.05,97.24,31.38,29.25,30.58,30.58,32.51,30.66,31.02,31.93,32.51,32.12,48.4,36.96,33.11,31.84,40.43,44.6,38.14,38.97,39.25,38.69,43,100.87
63179,93.05,97.24,31.38,29.33,30.66,30.58,32.61,30.66,31.02,31.93,32.51,32.12,48.19,36.96,33.11,31.84,40.43,44.6,38.01,38.97,39.11,38.69,43.17,100.87
63199,93.86,98.12,31.38,29.33,30.66,30.58,32.61,30.66,31.02,31.93,32.51,32.12,48.19,36.96,33.11,31.84,40.43,44.6,38.01,38.97,39.25,38.69,43,99.94
63218,93.86,98.12,31.38,29.25,30.58,30.66,32.71,30.66,31.02,31.93,32.51,32.12,48.4,36.96,33.11,31.84,40.43,44.6,38.01,38.97,39.25,38.69,43,100.87
63238,93.86,98.12,31.38,29.25,30.58,30.58,32.81,30.66,31.02,31.93,32.51,32.12,48.4,36.96,33.11,31.84,40.43,44.6,38.01,38.97,39.25,38.69,43,100.87
63259,93.86,99.02,31.38,29.33,30.58,30.66,32.61,30.75,31.02,31.93,32.51,32.12,48.19,36.96,33.11,31.93,40.43,44.6,38.01,38.97,39.25,38.69,43,100.87
63277,94.68,99.02,31.38,29.33,30.58,30.58,32.81,30.75,31.02,31.93,32.51,32.12,48.62,36.84,33.11,31.84,40.43,44.79,38.01,38.97,39.25,38.69,43,100.87
63297,94.68,99.94,31.38,29.33,30.66,30.58,32.61,30.75,31.02,31.93,32.51,32.12,48.4,36.96,33.11,31.84,40.43,44.6,38.01,38.97,39.25,38.69,43,99.94
63316,94.68,99.94,31.38,29.33,30.58,30.66,32.61,30.75,31.02,32.03,32.51,32.12,48.19,36.96,33.11,31.84,40.43,44.79,38.01,38.97,39.25,38.69,43.17,100.87
63336,95.52,99.94,31.38,29.33,30.58,30.58,32.61,30.75,31.02,32.03,32.51,32.12,48.4,36.96,33.11,31.84,40.43,44.79,38.01,38.97,39.25,38.69,43.17,100.87
63355,95.52,99.94,31.38,29.25,30.58,30.58,32.81,30.66,31.02,31.93,32.51,32.12,48.4,36.96,33.11,31.84,40.43,44.79,38.01,38.97,39.25,38.69,43.17,100.87
63377,95.52,99.94,31.38,29.33,30.58,30.66,50.2,30.75,31.02,32.03,32.51,32.12,48.4,36.96,33.11,31.84,40.43,45.16,38.01,38.97,39.25,38.55,43.17,100.87
63396,95.52,100.87,31.38,29.33,30.66,30.66,32.71,30.75,31.02,32.03,32.51,32.12,48.19,36.96,33.11,31.84,40.43,45.35,38.01,38.97,39.25,38.55,43.17,100.87
63416,95.52,100.87,31.38,29.33,30.58,30.66,32.71,30.66,31.02,32.03,32.51,32.12,48.19,36.96,33.11,31.84,40.43,45.35,38.01,38.97,39.25,38.55,43.17,100.87
63435,95.52,101.83,31.38,29.25,30.58,30.66,32.91,30.66,31.02,32.03,32.51,32.12,48.4,36.96,33.11,31.84,40.43,61.33,38.01,38.97,39.25,38.69,43.17,100.87
63455,96.37,101.83,31.47,29.33,30.58,30.66,32.61,30.75,31.02,32.03,32.51,32.12,48.19,36.96,33.11,31.84,40.43,49.06,38.01,38.97,39.25,38.69,43.17,100.87
63474,96.37,101.83,31.47,29.33,30.66,30.66,32.12,30.75,31.2,32.03,32.51,32.12,48.4,36.96,33.11,31.93,40.43,44.6,38.01,38.97,39.25,38.69,43,100.87
63494,96.37,101.83,31.47,29.33,30.58,30.66,32.12,30.66,31.11,32.03,32.51,32.12,48.4,36.96,33.21,31.93,40.12,44.6,38.01,38.97,39.25,38.69,43.17,100.87
63515,96.37,101.83,31.47,29.33,30.58,30.66,32.12,30.75,31.11,32.03,32.51,32.12,48.62,36.96,33.21,31.84,40.43,44.6,38.01,38.97,39.25,38.69,43.17,100.87
63533,102.8,101.83,39.98,29.25,30.58,30.66,32.12,30.75,31.11,31.93,32.51,32.12,48.62,36.96,33.21,31.93,40.43,44.6,38.01,38.97,39.25,38.55,43.17,100.87
63553,102.8,101.83,35.16,29.33,30.66,30.66,32.22,30.66,31.11,32.03,32.51,32.12,48.62,36.96,33.21,31.84,40.43,44.79,38.01,38.97,39.25,38.55,43.17,100.87
63572,103.78,101.83,38.55,29.25,30.58,30.66,33.01,30.66,31.11,31.93,32.51,32.12,51.15,36.96,33.21,31.93,40.43,44.79,38.01,38.97,39.25,38.55,43.17,100.87
63592,103.78,102.8,39.25,29.33,30.66,30.66,32.91,30.75,31.11,32.03,32.51,32.12,51.15,36.96,33.21,31.93,40.43,44.79,38.01,38.97,39.25,38.69,43.17,100.87
63611,102.8,101.83,38.83,29.25,30.58,30.66,32.91,30.75,31.2,31.93,32.51,32.12,51.4,36.96,33.21,31.93,40.43,44.79,38.01,38.97,39.25,38.69,43.17,100.87
63631,102.8,102.8,40.43,29.33,30.66,30.66,53.97,30.75,31.2,31.93,32.51,32.12,51.15,36.96,33.21,31.93,40.43,44.79,38.01,38.97,39.25,38.55,43.17,100.87
63652,102.8,102.8,40.58,29.25,30.66,30.66,39.98,30.66,31.11,31.93,32.51,32.12,51.15,36.96,33.21,31.93,40.43,44.6,38.01,38.97,39.25,38.69,43,100.87
63670,103.78,102.8,38.97,29.33,30.58,30.66,35.86,30.75,31.29,32.03,32.51,32.12,51.15,36.96,33.21,31.93,40.43,44.6,38.01,38.97,39.25,38.69,43.17,100.87
63691,103.78,101.83,35.04,29.25,30.66,30.66,53.17,30.66,31.65,32.03,32.51,32.12,51.15,37.09,33.21,31.93,40.43,44.6,38.01,38.97,39.25,38.69,43.17,100.87
63709,103.78,102.8,32.81,29.25,30.66,30.66,43,30.75,31.65,31.93,32.51,32.12,51.15,36.96,33.21,31.93,40.43,44.6,38.01,38.97,39.25,38.69,43.17,100.87
63730,103.78,102.8,31.47,29.25,30.66,30.66,56.51,30.75,31.11,31.93,32.51,32.12,51.15,36.96,33.21,31.93,40.43,44.79,38.01,38.97,39.25,38.69,43.17,101.83
63748,103.78,102.8,37.09,29.25,30.66,30.66,55.92,30.75,31.11,31.93,32.51,32.12,51.15,36.96,33.21,31.93,40.43,44.6,38.01,38.97,39.25,38.69,43.17,100.87
63768,102.8,102.8,40.43,29.25,30.58,30.66,53.43,30.66,31.11,31.93,32.51,32.12,51.4,36.96,33.21,31.93,40.43,44.6,38.01,38.97,39.25,38.69,43.17,100.87
63789,102.8,102.8,40.88,29.25,30.58,30.66,53.97,30.66,31.11,32.03,32.51,32.12,51.15,36.96,33.21,31.93,40.43,44.6,38.01,39.11,39.25,38.55,43.17,100.87
63807,103.78,102.8,41.04,29.25,30.58,30.66,53.17,30.75,31.2,31.93,32.51,32.12,51.4,36.96,33.21,31.84,40.43,44.6,38.01,38.97,39.25,38.69,43.17,100.87
63828,103.78,102.8,40.73,29.33,30.58,30.66,53.97,30.75,31.11,31.93,32.51,32.12,51.15,36.96,33.21,31.84,40.43,44.6,38.01,38.97,39.25,38.69,43.17,101.83
63846,103.78,102.8,41.2,29.33,30.66,30.58,52.91,30.75,31.11,32.03,32.51,32.12,51.15,36.96,33.21,31.93,40.43,44.6,38.01,38.97,39.25,38.69,43.17,101.83
63867,102.8,102.8,41.2,29.25,30.58,30.66,53.43,30.75,31.11,32.03,32.51,32.12,51.15,36.96,33.11,31.93,40.43,44.6,38.01,38.97,39.25,38.69,43.17,100.87
63885,96.37,101.83,42,29.25,30.58,30.58,53.7,30.75,31.11,31.93,32.51,32.12,50.67,36.96,33.21,31.93,40.43,44.42,38.01,38.97,39.25,38.69,43.17,101.83
63906,96.37,101.83,40.27,29.25,30.58,30.58,52.14,30.66,31.2,31.93,32.51,32.12,48.62,36.96,33.21,31.93,40.43,44.42,38.01,38.97,39.25,38.69,43,100.87
63926,96.37,101.83,41.2,29.25,30.58,30.66,52.14,30.75,31.65,31.93,32.51,32.12,48.62,36.96,33.21,31.93,40.43,44.6,38.01,38.97,39.25,38.69,43.17,101.83
63945,96.37,101.83,40.88,29.25,30.58,30.58,54.79,30.75,31.65,31.93,32.51,32.12,48.62,36.96,33.21,31.93,40.43,44.42,38.01,38.97,39.25,38.55,43,101.83
63965,96.37,94.68,42,29.25,30.58,30.58,53.17,30.75,31.65,31.93,32.51,32.12,48.62,36.96,33.21,31.93,40.27,44.42,38.01,38.97,39.11,38.69,43,99.94
63986,95.52,74.95,42,29.25,30.58,30.58,47.97,30.75,31.65,31.93,32.51,32.12,48.62,36.96,33.21,31.93,40.43,44.6,38.01,38.97,39.25,38.69,43,100.87
64004,96.37,101.83,41.35,29.25,30.58,30.58,35.86,30.75,31.65,31.93,32.51,32.12,48.4,36.96,33.21,31.93,40.43,44.42,38.01,38.97,39.11,38.69,43.17,101.83
64024,97.24,101.83,41.84,29.25,30.58,30.58,52.4,30.75,31.65,31.93,32.51,32.12,47.76,36.96,33.21,31.93,40.43,44.42,38.01,38.97,39.25,38.69,43.17,100.87
64045,94.68,51.64,45.54,29.33,30.58,30.58,53.43,30.75,31.65,31.93,32.51,32.12,48.4,36.96,33.21,31.93,40.43,44.6,38.01,38.97,39.25,38.69,43,100.87
64063,51.15,99.94,43.35,29.33,30.58,30.58,50.44,30.75,31.65,31.93,32.51,32.12,48.4,36.96,33.21,31.93,40.43,44.6,38.01,38.97,39.25,38.69,43.17,100.87
64084,94.68,55.35,31.38,29.25,30.58,30.58,49.51,30.75,31.65,31.93,32.51,32.12,48.4,36.96,33.21,31.93,40.43,44.6,38.01,38.97,39.25,38.69,43,100.87
64102,76.01,58.03,31.47,29.25,30.58,30.58,50.44,30.75,31.84,31.93,32.51,32.12,48.4,36.96,33.21,31.93,40.43,44.79,38.01,38.97,39.25,38.69,43,100.87
64123,44.06,98.12,31.38,29.25,30.58,30.58,47.13,30.75,31.65,31.93,32.51,32.12,48.4,36.96,33.21,31.93,40.27,44.79,38.01,38.97,39.25,38.69,43,100.87
64141,45.35,99.94,31.38,29.33,30.58,30.58,41.84,30.75,32.32,31.93,32.51,32.12,48.4,36.96,33.11,31.93,40.43,44.6,38.01,38.97,39.11,38.55,43,99.94
64162,40.43,99.02,31.29,29.33,30.58,30.58,52.14,30.66,32.61,31.93,32.51,32.12,48.4,36.96,33.21,31.93,40.43,44.79,38.01,38.97,39.11,38.69,43,100.87
64182,41.2,89.2,31.29,29.25,30.58,30.58,64.63,30.75,37.09,31.93,32.51,32.03,48.4,36.96,33.21,31.93,40.43,44.6,38.01,38.97,39.25,38.69,42.83,100.87
64201,39.39,99.94,31.29,29.25,30.58,30.58,40.27,30.66,37.74,31.93,32.51,32.12,48.19,36.96,33.11,31.93,40.43,44.6,38.01,38.97,39.25,38.69,43,99.02
64221,45.35,90.7,31.2,29.25,30.58,30.58,50.67,30.66,32.91,31.93,32.51,32.12,48.62,36.96,33.11,31.93,40.43,44.6,38.01,38.97,39.25,38.69,43,99.94
64240,94.68,77.65,31.2,29.25,30.58,30.58,51.64,30.66,32.03,31.93,32.51,32.12,49.74,36.96,33.11,31.93,40.43,44.6,38.01,38.97,39.25,38.69,43,100.87
64260,93.86,72.93,31.29,29.33,30.58,30.58,54.24,30.75,32.03,31.93,32.51,32.03,48.62,36.96,33.21,31.93,40.43,44.6,38.01,38.97,39.25,38.69,43,99.94
64280,38.27,99.02,31.2,29.25,30.58,30.58,49.06,30.66,32.03,31.93,32.51,32.12,48.62,36.96,33.21,31.93,40.43,44.6,38.01,38.97,39.11,38.69,43,99.94
64299,73.43,99.94,31.2,29.25,30.58,30.58,52.4,30.66,32.03,31.93,32.51,32.12,48.4,36.96,33.11,31.93,40.27,44.6,38.01,38.97,39.11,38.55,43,99.94
64319,41.2,93.05,31.29,29.33,30.58,30.58,52.14,30.66,32.12,31.93,32.51,32.12,48.4,36.96,33.11,31.93,40.43,44.6,38.01,38.83,39.25,38.69,43,100.87
64338,40.73,100.87,31.2,29.33,30.58,30.58,63.12,30.66,32.12,31.93,32.51,32.12,47.76,36.96,33.11,31.93,40.43,44.6,38.01,38.97,39.25,38.69,43,100.87
64358,47.76,100.87,31.2,29.33,30.58,30.58,64.25,30.75,32.12,31.93,32.51,32.12,47.34,36.84,33.21,31.93,40.43,44.6,38.01,38.97,39.25,38.69,43,99.94
64377,43.7,99.02,31.2,29.25,30.58,30.58,64.25,30.75,32.22,31.93,32.51,32.03,46.93,36.96,33.11,32.03,40.43,44.6,38.01,38.97,39.25,38.55,43,100.87
64397,94.68,67.46,31.29,29.33,30.58,30.58,64.25,30.75,32.12,31.93,32.51,32.12,47.34,36.96,33.11,31.93,40.43,44.6,38.01,38.83,39.25,38.69,43,99.94
64418,95.52,66.22,31.2,29.33,30.58,30.58,64.63,30.75,32.22,31.93,32.51,32.12,47.34,36.96,33.21,31.93,40.43,44.6,38.01,38.97,39.11,38.69,43.17,98.12
64436,95.52,49.74,31.2,29.33,30.58,30.58,64.25,30.66,32.22,31.93,32.51,32.12,47.34,36.96,33.21,31.93,40.27,44.6,38.01,38.97,39.25,38.69,43,100.87
64457,97.24,101.83,31.29,29.33,30.58,30.58,64.63,30.75,32.12,31.93,32.51,32.12,48.62,36.96,33.11,31.93,40.43,44.6,38.01,38.97,39.25,38.69,43,100.87
64475,97.24,102.8,31.29,29.25,30.58,30.49,64.63,30.75,32.22,31.93,32.51,32.12,48.4,36.96,33.11,31.93,40.43,44.42,38.01,38.97,39.11,38.69,43,99.94
64496,97.24,102.8,31.2,29.25,30.58,30.58,64.63,30.66,32.12,31.93,32.51,32.12,48.84,36.96,33.21,31.93,40.43,44.42,38.01,38.97,39.11,38.69,43,100.87
64514,83.03,99.94,31.29,29.33,30.58,30.58,64.25,30.66,32.12,31.93,32.51,32.12,48.4,36.96,33.11,31.93,40.43,44.42,38.01,38.97,39.11,38.69,43,100.87
64534,96.37,75.48,31.29,29.25,30.58,30.58,64.25,30.66,32.03,31.93,32.51,32.12,49.29,36.96,33.21,32.03,40.43,44.6,38.01,38.97,39.11,38.55,43,101.83
64555,97.24,102.8,31.29,29.33,30.58,30.58,64.25,30.75,31.75,31.84,32.51,32.12,51.89,36.96,33.11,32.03,40.43,44.6,38.01,38.97,39.11,38.69,43,101.83
64573,97.24,102.8,31.29,29.33,30.58,30.58,64.63,30.75,32.12,31.93,32.51,32.12,49.29,36.96,33.21,31.93,40.43,44.6,38.01,38.83,39.11,38.69,43,101.83
64594,97.24,102.8,31.29,29.25,30.58,30.58,64.63,30.75,32.12,31.84,32.51,32.12,48.62,36.96,33.11,31.93,40.43,44.6,38.01,38.97,39.11,38.69,43,101.83
64612,97.24,102.8,31.29,29.25,30.58,30.58,64.63,30.75,32.22,31.93,32.51,32.12,48.62,36.96,33.11,32.03,40.43,44.6,38.01,38.97,39.25,38.69,43,100.87
64633,96.37,102.8,32.91,29.33,30.58,30.58,64.25,30.75,32.12,31.93,32.51,32.12,48.4,36.96,33.21,32.03,40.43,44.6,38.01,38.97,39.25,38.69,42.83,100.87
64653,96.37,101.83,31.29,29.25,30.58,30.58,64.63,30.75,32.12,31.93,32.51,32.12,49.06,36.96,33.11,32.03,40.43,44.6,38.01,38.97,39.25,38.69,43,101.83
64672,97.24,102.8,31.29,29.25,30.58,30.58,64.25,30.75,32.12,31.93,32.51,32.12,47.97,36.96,33.21,32.03,40.43,44.6,38.01,38.97,39.25,38.69,43,101.83
64692,97.24,102.8,31.29,29.33,30.58,30.58,64.63,30.75,36.1,31.93,32.51,32.12,48.4,36.96,33.11,31.93,40.43,44.6,38.01,38.97,39.25,38.69,43,100.87
64711,96.37,102.8,31.2,29.33,30.58,30.58,64.63,30.75,36.84,31.93,32.51,32.12,48.4,36.96,33.11,32.03,40.43,44.6,38.01,38.97,39.25,38.55,43,100.87
64731,96.37,102.8,31.29,29.25,30.58,30.58,64.63,30.75,37.35,31.93,32.51,32.12,48.84,36.96,33.21,32.03,40.43,44.79,38.01,38.97,39.25,38.55,43,101.83
64749,96.37,102.8,31.29,29.33,30.58,30.58,64.63,30.75,38.27,31.93,32.51,32.12,48.84,36.96,33.21,32.03,40.43,44.79,38.01,38.97,39.11,38.69,43,101.83
64770,96.37,102.8,31.29,29.33,30.58,30.58,64.63,30.75,37.61,31.93,32.51,32.12,48.19,36.96,33.11,32.03,40.43,44.79,38.01,38.97,39.25,38.69,43,99.94
64790,96.37,102.8,31.2,29.33,30.58,30.58,64.63,30.75,38.01,31.93,32.51,32.12,48.4,36.96,33.11,32.03,40.43,44.79,37.87,38.97,39.11,38.69,43,101.83
64809,95.52,102.8,31.29,29.33,30.58,30.58,64.63,30.66,37.22,31.93,32.51,32.12,49.06,36.96,33.11,31.93,40.43,44.6,38.01,38.97,39.25,38.69,43,101.83
64829,96.37,102.8,31.29,29.33,30.58,30.58,64.63,30.75,37.09,31.93,32.51,32.12,47.34,36.96,33.21,31.93,40.43,44.79,38.01,38.97,39.25,38.69,43,100.87
64848,87.75,101.83,47.55,29.33,30.58,30.58,64.63,30.75,36.59,31.93,32.51,32.12,47.55,36.96,33.11,31.93,40.27,44.6,38.01,38.97,39.11,38.69,43,100.87
64868,56.51,99.94,46.52,29.33,30.58,30.58,64.63,30.75,32.22,31.93,32.51,32.12,47.55,36.96,33.11,32.03,40.43,44.6,38.01,38.97,39.11,38.69,43,101.83
64887,96.37,100.87,46.13,29.25,30.58,30.58,64.63,30.75,32.22,31.93,32.51,32.12,47.55,36.96,33.11,32.03,40.43,44.79,38.01,38.97,39.11,38.69,43,100.87
64907,46.52,100.87,45.93,29.25,30.58,30.49,64.63,30.75,32.22,31.93,32.51,32.12,47.34,36.96,33.21,32.03,40.27,44.97,38.01,38.97,39.25,38.69,43,100.87
64928,47.55,100.87,44.6,29.25,30.58,30.58,64.63,30.75,32.22,31.93,32.51,32.12,48.19,36.96,33.11,32.03,40.27,44.97,38.01,38.97,39.11,38.69,43,100.87
64946,50.91,101.83,47.97,29.33,30.58,30.58,64.25,30.75,32.22,31.93,32.51,32.12,47.76,36.96,33.11,32.03,40.12,44.97,38.01,38.97,39.25,38.69,43,100.87
64967,49.29,100.87,45.93,29.33,30.58,30.58,64.25,30.66,32.22,31.93,32.51,32.12,48.4,36.96,33.21,31.93,40.43,44.97,38.01,38.97,39.25,38.69,43,100.87
64985,60.64,100.87,31.29,29.25,30.58,30.49,64.63,30.75,32.22,31.93,32.51,32.12,47.97,36.96,33.21,31.93,40.27,44.79,38.01,38.97,39.25,38.69,43,100.87
65005,97.24,101.83,31.29,29.33,30.58,30.58,64.63,30.75,32.22,31.93,32.51,32.12,46.93,36.96,33.21,32.03,40.27,44.97,37.87,38.97,39.25,38.69,43,100.87
65026,96.37,102.8,31.29,29.25,30.58,30.58,64.63,30.75,31.84,32.03,32.51,32.12,47.13,36.96,33.21,32.03,40.43,45.16,38.01,38.97,39.11,38.69,43,100.87
65044,96.37,101.83,31.2,29.33,30.58,30.49,64.63,30.75,31.75,32.03,32.51,32.12,46.93,36.96,33.11,32.03,40.12,45.16,38.01,38.97,39.25,38.69,43,101.83
65065,91.47,102.8,31.29,29.25,30.58,30.58,64.63,30.75,31.84,32.03,32.51,32.12,47.34,36.84,33.21,32.03,39.98,45.16,38.01,38.97,39.11,38.69,43,101.83
65083,92.25,102.8,31.29,29.25,30.58,30.49,64.63,30.75,31.84,32.03,32.51,32.12,46.73,36.96,33.21,31.93,40.27,44.97,38.01,38.97,39.25,38.69,43,101.83
65104,95.52,101.83,31.29,29.25,30.58,30.58,64.63,30.75,31.2,32.03,32.51,32.12,46.52,36.96,33.11,32.03,40.43,46.13,38.01,38.97,39.25,38.69,43,101.83
65122,93.86,101.83,31.29,29.25,30.58,30.58,64.63,30.75,31.2,32.03,32.51,32.12,46.52,36.96,33.21,31.93,40.12,46.73,38.01,38.97,39.11,38.69,43,101.83
65143,69.64,97.24,31.29,29.33,30.58,30.58,64.63,30.75,31.2,32.03,32.51,32.12,46.93,36.96,33.11,31.93,40.43,46.73,38.01,38.97,39.11,38.55,43,100.87
65163,96.37,101.83,31.29,29.25,30.58,30.58,64.63,30.75,31.11,31.93,32.51,32.12,47.76,36.96,33.11,31.93,40.43,46.52,38.01,38.97,39.25,38.69,43,100.87
65182,95.52,101.83,31.29,29.33,30.58,30.58,64.63,30.75,31.11,32.03,32.51,32.12,47.34,36.96,33.11,32.03,40.43,46.52,38.01,38.97,39.25,38.69,43,100.87
65202,94.68,50.2,31.29,29.25,30.58,30.58,64.63,30.75,31.11,32.03,32.51,32.12,47.13,36.96,33.21,31.93,40.43,44.97,38.01,38.97,39.25,38.55,43,100.87
65221,94.68,66.63,31.29,29.25,30.58,30.58,64.63,30.75,31.11,32.03,32.51,32.12,48.4,36.96,33.11,31.93,40.43,44.97,38.01,38.97,39.25,38.69,43,101.83
65241,96.37,97.24,31.38,29.25,30.58,30.58,65.02,30.75,31.11,31.93,32.51,32.12,46.73,36.84,33.21,31.93,40.43,44.97,38.01,38.97,39.11,38.69,43,101.83
65259,96.37,102.8,31.38,29.25,30.58,30.58,65.02,30.75,31.11,31.93,32.51,32.12,47.13,36.96,33.21,31.93,40.27,44.6,38.01,38.97,39.11,38.55,43,100.87
65280,96.37,100.87,31.38,29.25,30.58,30.58,65.02,30.75,31.11,31.93,32.51,32.12,46.93,36.96,33.21,31.93,40.43,44.79,38.01,38.97,39.11,38.69,43,100.87
65300,96.37,99.94,31.29,29.25,30.58,30.58,57.41,30.75,31.11,31.93,32.51,32.12,46.93,36.96,33.21,31.93,40.27,44.6,38.01,38.97,39.25,38.69,43,100.87
65319,97.24,100.87,31.38,29.25,30.58,30.58,64.25,30.75,31.11,31.93,32.51,32.12,46.93,36.96,33.21,31.93,40.43,44.6,38.01,38.97,39.25,38.69,43,99.94
65339,94.68,59.96,31.38,29.33,30.58,30.58,33.94,30.75,31.11,31.93,32.51,32.12,47.34,36.84,33.21,31.93,40.43,44.6,37.87,38.97,39.25,38.69,43,101.83
65358,95.52,101.83,31.38,29.25,30.58,30.58,33.94,30.75,31.11,31.93,32.51,32.12,47.34,36.96,33.21,31.93,40.43,44.6,38.01,38.97,39.25,38.69,43,99.94
65378,96.37,102.8,31.47,29.25,30.58,30.66,33.94,30.75,31.11,31.93,32.51,32.12,47.13,36.96,33.21,31.93,40.43,44.6,38.01,38.97,39.11,38.69,43,99.94
65399,96.37,102.8,31.65,29.25,30.58,30.58,53.17,30.75,31.11,31.93,32.51,32.12,47.13,36.96,33.11,31.93,40.43,44.6,38.01,38.97,39.25,38.55,43,100.87
65417,96.37,102.8,32.03,29.25,30.58,30.58,54.51,30.75,31.11,31.93,32.51,32.12,47.55,36.96,33.21,31.93,40.43,44.6,38.01,38.97,39.25,38.69,43,101.83
65438,96.37,101.83,31.84,29.25,30.58,30.58,53.17,30.75,31.11,31.93,32.51,32.12,47.55,36.84,33.21,31.93,40.27,44.6,38.01,38.97,39.25,38.69,43,100.87
65456,95.52,102.8,31.75,29.33,30.58,30.58,41.67,30.75,31.11,31.93,32.51,32.12,47.55,36.96,33.21,31.93,40.43,44.42,38.01,38.83,39.25,38.55,43,100.87
65477,95.52,101.83,31.47,29.25,30.58,30.66,65.02,30.75,31.11,31.93,32.51,32.12,47.76,36.96,33.21,31.93,40.43,44.6,38.01,38.97,39.25,38.55,43,101.83
65495,97.24,102.8,31.47,29.25,30.58,30.66,64.25,30.75,31.2,31.93,32.51,32.12,47.34,36.96,33.11,31.93,40.43,45.93,38.01,38.97,39.25,38.55,43,100.87
65515,96.37,101.83,31.47,29.25,30.58,30.58,52.4,30.75,31.29,31.93,32.51,32.12,47.34,36.96,33.21,31.93,40.43,45.35,38.01,38.97,39.25,38.69,43,101.83
0,96.37,102.8,31.38,29.25,30.58,30.58,65.02,30.75,31.65,31.93,32.51,32.12,46.73,36.96,33.21,31.93,40.43,45.35,38.01,38.97,39.25,38.69,43.17,101.83
18,97.24,102.8,31.38,29.33,30.58,30.58,65.02,30.75,31.75,31.93,32.51,32.12,46.93,36.96,33.11,31.93,40.43,45.35,38.01,38.97,39.25,38.69,43.17,101.83
39,96.37,102.8,31.47,29.25,30.58,30.66,65.02,30.75,31.65,31.93,32.51,32.12,46.93,36.96,33.21,31.93,40.43,45.54,38.01,38.97,39.25,38.69,43.17,101.83
57,96.37,102.8,31.47,29.33,30.58,30.66,65.02,30.75,31.65,31.93,32.51,32.12,47.55,36.96,33.21,31.93,40.58,45.74,38.01,39.11,39.25,38.69,43,102.8
78,96.37,102.8,31.56,29.25,30.58,30.66,65.02,30.75,31.65,31.93,32.51,32.12,47.55,36.96,33.21,31.93,40.27,45.54,38.01,38.97,39.25,38.69,43,101.83
98,96.37,102.8,31.47,29.25,30.58,30.66,65.02,30.75,31.65,31.93,32.51,32.12,47.55,36.96,33.21,31.93,40.43,45.54,37.87,38.97,39.25,38.55,43,101.83
117,96.37,102.8,31.56,29.33,30.58,30.66,65.02,30.66,31.65,31.93,32.51,32.12,47.55,36.96,33.21,31.93,40.43,45.93,38.01,38.97,39.25,38.69,43.17,100.87
137,96.37,102.8,31.65,29.25,30.66,30.66,65.02,30.75,31.75,31.93,32.51,32.12,47.76,36.84,33.21,31.93,40.27,45.93,38.01,38.97,39.25,38.69,43,101.83
156,97.24,102.8,31.65,29.25,30.66,30.66,65.02,30.75,31.65,32.03,32.51,32.12,47.76,36.96,33.21,31.84,40.43,45.93,38.01,38.97,39.25,38.69,43,100.87
176,97.24,102.8,31.75,29.33,30.66,30.66,64.63,30.75,31.75,32.03,32.51,32.12,47.55,36.96,33.11,31.84,40.43,45.93,38.01,38.97,39.11,38.69,43,101.83
194,97.24,101.83,31.84,29.25,30.58,30.66,65.02,30.75,31.65,31.93,32.51,32.12,48.19,36.96,33.21,31.84,40.58,46.13,38.01,38.97,39.25,38.69,43,100.87
215,96.37,101.83,32.22,29.25,30.58,30.66,33.73,30.75,31.93,32.03,32.51,32.12,47.97,36.96,33.21,31.93,40.43,45.54,38.01,38.97,39.25,38.69,43.17,100.87
235,96.37,101.83,35.16,29.25,30.58,30.66,64.25,30.75,31.75,32.03,32.51,32.12,47.97,36.96,33.21,31.93,40.43,45.54,38.01,38.97,39.25,38.69,43.17,100.87
254,96.37,101.83,35.98,29.25,30.58,30.66,65.02,30.75,31.56,32.03,32.51,32.12,47.97,36.96,33.11,31.93,40.43,45.93,38.01,38.97,39.25,38.69,43.17,101.83
274,97.24,102.8,36.46,29.25,30.58,30.66,65.02,30.75,31.65,32.03,32.51,32.12,48.19,36.96,33.21,31.93,40.43,46.13,38.01,38.97,39.25,38.69,43.17,99.94
293,96.37,102.8,36.59,29.25,30.58,30.66,65.02,30.75,31.75,31.93,32.51,32.12,47.55,37.09,33.21,31.93,40.43,46.13,38.01,39.11,39.25,38.55,43,100.87
313,97.24,102.8,36.46,29.25,30.58,30.66,65.02,30.75,31.65,31.93,32.51,32.12,48.19,36.96,33.21,31.84,40.43,46.13,38.01,38.97,39.25,38.55,43,100.87
332,96.37,101.83,36.59,29.25,30.66,30.66,65.02,30.75,31.56,31.93,32.51,32.12,47.34,36.96,33.21,31.93,40.43,46.13,38.01,38.97,39.25,38.69,43.17,100.87
352,96.37,102.8,36.71,29.25,30.58,30.66,65.02,30.75,31.75,31.93,32.51,32.12,47.13,36.96,33.21,31.93,40.43,46.13,38.01,38.97,39.25,38.69,43,100.87
371,97.24,102.8,36.46,29.25,30.58,30.66,65.02,30.75,31.56,31.93,32.51,32.12,48.4,36.96,33.21,31.93,40.43,46.13,38.01,39.11,39.11,38.69,43.17,100.87
391,96.37,101.83,38.01,29.25,30.66,30.66,65.02,30.75,31.47,31.93,32.51,32.12,50.2,36.96,33.21,31.93,40.43,46.13,38.01,39.11,39.25,38.69,43.17,100.87
410,96.37,102.8,37.48,29.25,30.58,30.66,65.02,30.75,31.47,31.93,32.51,32.12,50.44,36.96,33.21,31.93,40.43,45.93,38.14,38.97,39.25,38.69,43,100.87
430,96.37,101.83,37.74,29.25,30.58,30.66,64.63,30.75,31.93,32.03,32.51,32.12,51.89,36.96,33.21,31.84,40.43,45.93,38.14,39.11,39.25,38.69,43.17,100.87
448,96.37,101.83,37.61,29.25,30.58,30.66,65.02,30.75,32.12,31.93,32.51,32.12,51.4,36.96,33.21,31.84,40.43,45.93,38.01,39.11,39.25,38.69,43.17,100.87
469,96.37,101.83,37.09,29.25,30.58,30.66,65.02,30.75,32.12,31.93,32.51,32.12,51.64,36.96,33.11,31.93,40.43,45.93,38.01,38.97,39.25,38.69,43,101.83
489,96.37,102.8,37.09,29.25,30.58,30.66,65.02,30.75,31.75,31.93,32.51,32.12,51.64,36.96,33.11,31.84,40.43,45.93,38.01,39.11,39.25,38.69,43.17,101.83
508,96.37,101.83,37.74,29.25,30.58,30.66,65.02,30.75,32.22,32.03,32.51,32.12,51.89,36.96,33.21,31.93,40.43,46.13,38.01,39.11,39.25,38.69,43.17,100.87
528,96.37,102.8,37.22,29.25,30.58,30.66,65.02,30.75,32.12,32.03,32.51,32.12,51.89,36.96,33.21,31.93,40.43,46.13,38.14,38.97,39.25,38.69,43.17,100.87
547,96.37,102.8,37.09,29.33,30.58,30.66,65.02,30.75,32.22,32.03,32.51,32.12,51.89,36.96,33.21,31.93,40.43,45.93,38.01,38.97,39.25,38.69,43.17,100.87
567,96.37,102.8,35.74,29.25,30.58,30.66,65.02,30.75,32.22,31.93,32.51,32.12,52.4,36.96,33.21,31.93,40.43,46.13,38.14,38.97,39.25,38.69,43.17,100.87
586,97.24,102.8,33.31,29.25,30.58,30.66,64.63,30.75,32.22,32.03,32.51,32.12,52.65,36.96,33.21,31.93,40.58,45.93,38.14,38.97,39.25,38.69,43.17,101.83
606,97.24,101.83,32.41,29.33,30.58,30.66,65.02,30.75,32.12,31.93,32.51,32.12,52.4,36.84,33.21,31.93,40.43,45.93,38.01,39.11,39.25,38.69,43,100.87
625,96.37,102.8,32.03,29.25,30.58,30.66,65.02,30.75,32.22,32.03,32.51,32.12,52.14,36.96,33.21,31.93,40.43,45.93,38.01,39.11,39.25,38.69,43.17,101.83
645,96.37,102.8,31.93,29.25,30.58,30.66,65.02,30.75,32.12,32.03,32.51,32.03,52.4,36.96,33.21,31.84,40.43,45.93,38.01,38.97,39.25,38.69,43.17,101.83
663,96.37,101.83,31.84,29.25,30.58,30.66,65.02,30.75,32.12,32.03,32.51,32.12,50.91,36.96,33.21,31.93,40.43,46.13,38.01,39.11,39.25,38.69,43.17,101.83
684,96.37,101.83,31.75,29.25,30.58,30.66,65.02,30.75,32.03,32.03,32.51,32.12,50.91,36.96,33.21,31.93,40.12,45.93,38.01,39.11,39.25,38.69,43.17,101.83
702,97.24,101.83,31.47,29.33,30.58,30.66,65.02,30.75,32.22,32.03,32.51,32.12,50.91,36.96,33.21,31.84,40.43,45.74,38.01,39.11,39.25,38.69,43,101.83
723,97.24,102.8,31.47,29.25,30.58,30.66,65.02,30.66,31.93,31.93,32.51,32.12,50.91,36.96,33.21,31.93,40.43,45.16,38.14,39.11,39.25,38.69,43.17,101.83
743,96.37,102.8,31.47,29.25,30.58,30.66,65.02,30.75,31.75,32.03,32.51,32.12,50.67,36.96,33.21,31.93,40.43,45.16,38.01,38.97,39.25,38.69,43,100.87
762,97.24,102.8,31.47,29.25,30.58,30.66,65.02,30.75,31.84,31.93,32.51,32.12,50.91,36.84,33.21,31.84,40.43,45.16,38.01,38.97,39.25,38.69,43.17,101.83
782,99.94,102.8,31.56,29.25,30.58,30.66,65.02,30.75,32.03,32.03,32.51,32.12,50.91,36.84,33.21,31.93,40.43,45.54,38.01,38.97,39.25,38.55,43.17,101.83
801,102.8,103.78,31.47,29.25,30.58,30.66,65.02,30.75,32.03,32.03,32.51,32.12,50.67,36.96,33.21,31.84,40.43,45.35,38.01,38.97,39.25,38.69,43,101.83
821,102.8,102.8,31.47,29.25,30.58,30.66,65.02,30.75,32.03,32.03,32.51,32.12,50.91,36.96,33.21,31.93,40.43,45.54,38.01,38.97,39.11,38.69,43,101.83
840,102.8,102.8,31.47,29.25,30.58,30.66,64.63,30.66,32.03,32.03,32.51,32.12,49.51,36.96,33.21,31.93,40.43,45.54,38.01,39.11,39.25,38.69,43,101.83
860,102.8,102.8,31.56,29.25,30.58,30.66,65.02,30.75,31.29,32.03,32.51,32.12,47.76,36.96,33.21,31.93,40.43,45.35,38.01,38.97,39.25,38.69,43.17,101.83
879,102.8,102.8,31.56,29.25,30.58,30.66,65.02,30.75,31.75,31.93,32.51,32.12,47.34,36.96,33.21,31.84,40.43,45.35,38.14,38.97,39.25,38.69,43.17,101.83
899,102.8,102.8,31.56,29.25,30.58,30.66,65.02,30.75,31.75,31.93,32.51,32.12,47.55,36.96,33.21,31.93,40.43,45.16,38.01,38.97,39.25,38.55,43,101.83
917,102.8,102.8,31.56,29.25,30.58,30.66,65.02,30.75,31.75,32.03,32.51,32.12,48.19,36.96,33.21,31.93,40.27,45.16,38.01,39.11,39.25,38.69,43,101.83
938,102.8,102.8,31.56,29.25,30.58,30.66,64.63,30.75,31.84,32.03,32.51,32.12,47.97,36.96,33.21,31.93,40.43,45.16,38.01,38.97,39.25,38.69,43,101.83
956,102.8,102.8,31.56,29.25,30.58,30.66,64.63,30.75,31.84,31.93,32.51,32.12,47.55,36.96,33.11,31.93,40.12,45.16,38.01,38.97,39.25,38.69,43.17,101.83
977,102.8,102.8,31.56,29.25,30.58,30.66,64.63,30.75,32.12,31.93,32.51,32.12,47.13,36.96,33.21,31.93,40.43,45.35,38.01,38.97,39.25,38.69,43,101.83
997,102.8,102.8,31.56,29.25,30.58,30.66,64.63,30.75,32.12,31.93,32.51,32.12,47.34,36.96,33.21,31.93,40.27,45.35,38.01,38.97,39.25,38.69,43,101.83
1016,97.24,102.8,31.65,29.25,30.58,30.66,64.25,30.75,31.38,31.93,32.51,32.12,47.76,36.96,33.21,31.93,40.43,45.35,38.01,38.97,39.25,38.69,43,100.87
1036,96.37,101.83,31.47,29.25,30.58,30.66,50.2,30.75,32.12,31.93,32.51,32.12,47.97,36.96,33.21,31.93,40.43,45.35,38.01,38.97,39.25,38.69,43,101.83
1055,96.37,101.83,31.56,29.25,30.58,30.66,56.22,30.75,32.32,32.03,32.51,32.12,48.4,36.96,33.21,31.93,40.43,45.54,38.01,38.97,39.25,38.69,43,100.87
1075,96.37,101.83,31.56,29.25,30.58,30.66,46.93,30.75,32.22,31.93,32.51,32.12,47.76,36.96,33.21,31.93,40.43,45.35,38.01,38.97,39.25,38.69,43,100.87
1094,96.37,101.83,31.47,29.25,30.58,30.66,50.67,30.75,32.22,32.03,32.51,32.12,47.97,36.84,33.11,31.93,40.43,45.35,38.01,38.97,39.25,38.69,43,99.94
1114,96.37,101.83,31.47,29.25,30.58,30.66,45.93,30.75,31.29,32.03,32.51,32.12,47.76,36.96,33.21,31.93,40.43,45.35,38.01,38.97,39.25,38.69,43,100.87
1132,97.24,101.83,31.56,29.25,30.58,30.66,44.06,30.75,31.29,32.03,32.51,32.12,47.76,36.96,33.21,31.93,40.43,45.35,38.01,38.97,39.11,38.69,43,99.94
1153,97.24,101.83,31.56,29.25,30.58,30.66,44.42,30.75,31.29,32.03,32.51,32.12,47.76,36.96,33.21,31.93,40.27,45.35,38.01,38.97,39.25,38.69,43,99.94
1173,96.37,101.83,31.47,29.25,30.58,30.66,46.52,30.75,31.29,31.93,32.51,32.12,48.19,36.96,33.21,31.93,40.43,45.16,38.01,38.97,39.25,38.69,43,100.87
1192,95.52,101.83,31.47,29.25,30.58,30.66,47.97,30.75,31.29,32.03,32.51,32.12,47.97,36.96,33.21,31.93,40.27,45.35,38.01,38.97,39.25,38.69,43,100.87
1212,96.37,102.8,31.47,29.25,30.58,30.66,49.97,30.75,31.29,32.03,32.51,32.12,47.76,36.96,33.11,31.93,40.43,45.35,38.01,38.97,39.25,38.69,43,100.87
1231,96.37,101.83,31.56,29.25,30.58,30.66,48.62,30.75,31.29,32.03,32.51,32.12,47.13,36.96,33.21,31.84,40.43,45.35,38.01,38.97,39.25,38.69,43,100.87
1251,96.37,101.83,31.56,29.25,30.58,30.66,51.15,30.66,31.38,32.03,32.51,32.12,47.55,36.96,33.21,31.93,40.43,45.35,38.01,38.97,39.25,38.69,43,100.87
1272,96.37,101.83,31.47,29.25,30.58,30.58,49.97,30.75,31.38,32.03,32.51,32.12,47.34,36.96,33.21,31.93,40.43,45.35,38.01,38.97,39.25,38.69,43,100.87
1290,96.37,101.83,31.47,29.25,30.58,30.58,49.29,30.75,31.38,32.03,32.51,32.12,47.13,36.96,33.21,31.93,40.43,45.93,38.01,38.97,39.25,38.55,43,100.87
1311,96.37,101.83,31.38,29.25,30.58,30.58,48.19,30.75,31.47,32.03,32.51,32.12,47.34,36.96,33.21,31.93,40.27,44.79,38.01,38.97,39.25,38.69,43.17,100.87
1331,97.24,102.8,31.38,29.25,30.58,30.58,58.03,30.75,31.47,32.03,32.51,32.12,47.13,36.96,33.21,31.93,40.27,44.79,38.01,38.97,39.11,38.69,43,100.87
1350,96.37,101.83,31.38,29.25,30.58,30.58,59.96,30.75,31.47,31.93,32.51,32.12,47.34,36.96,33.21,31.93,40.43,44.79,38.01,38.97,39.25,38.55,43,101.83
1370,96.37,101.83,31.47,29.25,30.58,30.58,52.14,30.75,31.47,32.03,32.51,32.12,47.97,36.96,33.21,31.93,40.27,44.79,38.01,38.97,39.25,38.69,43,99.94
1388,96.37,101.83,31.47,29.25,30.58,30.58,49.74,30.75,31.56,32.03,32.51,32.12,47.97,36.96,33.21,31.93,40.43,44.79,38.01,38.97,39.25,38.69,43,100.87
1409,96.37,101.83,31.47,29.25,30.58,30.58,53.17,30.75,31.56,32.03,32.51,32.12,47.55,36.96,33.21,31.93,40.43,44.79,38.01,38.97,39.25,38.69,43,100.87
1427,96.37,100.87,31.47,29.33,30.58,30.58,48.84,30.75,31.56,32.03,32.51,32.12,47.76,36.96,33.21,31.93,40.43,44.79,38.01,38.97,39.25,38.69,43,100.87
1448,96.37,101.83,31.38,29.25,30.58,30.58,49.06,30.75,31.56,31.93,32.51,32.12,47.76,36.96,33.21,31.93,40.43,44.79,38.01,38.97,39.25,38.69,43,100.87
1466,96.37,101.83,31.38,29.25,30.58,30.58,59.96,30.75,31.47,32.03,32.51,32.12,47.34,36.96,33.21,31.93,40.43,44.79,38.01,38.97,39.25,38.69,43,101.83
1487,96.37,101.83,31.47,29.25,30.58,30.58,49.97,30.75,31.56,32.03,32.51,32.12,47.34,36.96,33.21,31.93,40.43,44.79,38.01,38.97,39.25,38.69,43,99.94
1507,42.66,100.87,42.66,29.25,30.58,30.58,60.3,30.75,31.56,32.03,32.51,32.12,47.55,36.96,33.21,31.93,40.27,44.79,38.01,38.83,39.25,38.69,43,100.87
1526,77.1,101.83,31.38,29.25,30.58,30.58,60.3,30.75,31.56,32.03,32.51,32.12,47.55,36.84,33.21,31.93,40.43,44.79,38.01,38.97,39.25,38.69,43,100.87
1546,93.05,100.87,31.38,29.25,30.58,30.58,51.15,30.75,31.84,32.03,32.51,32.12,47.76,36.96,33.21,31.93,40.43,44.79,38.01,38.97,39.25,38.55,43,100.87
1565,87.75,101.83,31.38,29.25,30.58,30.58,60.64,30.75,31.65,32.03,32.51,32.12,47.55,36.84,33.21,31.93,40.27,44.79,38.01,38.97,39.11,38.55,43,100.87
1585,89.95,100.87,31.29,29.25,30.58,30.58,49.51,30.75,31.56,32.03,32.51,32.12,47.55,36.96,33.21,31.93,40.43,44.79,38.01,38.97,39.25,38.69,43,99.02
1603,57.41,49.06,31.29,29.33,30.58,30.58,62.03,30.66,31.56,32.03,32.51,32.12,47.76,36.96,33.21,31.93,40.43,44.79,38.01,38.97,39.25,38.55,43,99.94
1624,42.83,99.02,31.29,29.33,30.58,30.58,59.63,30.75,31.65,32.03,32.51,32.03,47.97,36.96,33.21,31.93,40.43,44.97,38.01,38.97,39.11,38.69,43,100.87
1642,93.86,101.83,31.29,29.25,30.58,30.58,51.15,30.75,31.29,32.03,32.51,32.12,48.19,36.96,33.11,31.93,40.43,44.79,38.01,38.97,39.11,38.69,43,99.94
1663,78.21,93.86,31.2,29.25,30.58,30.58,51.89,30.75,31.29,32.03,32.51,32.12,47.76,36.84,33.21,31.93,40.27,44.79,38.01,38.97,39.25,38.69,43,99.02
1683,39.25,59.31,31.29,29.25,30.58,30.58,49.74,30.75,31.11,32.03,32.51,32.12,49.74,36.96,33.21,31.93,40.43,44.79,38.01,38.97,39.25,38.69,43,100.87
1702,43,99.94,31.29,29.25,30.58,30.58,59.96,30.75,31.2,32.03,32.51,32.12,47.76,36.96,33.21,31.93,40.43,44.79,38.01,38.97,39.25,38.69,43,100.87
1722,93.05,100.87,31.29,29.25,30.58,30.58,61.33,30.75,31.2,32.03,32.51,32.12,47.76,36.96,33.21,32.03,40.43,44.97,38.01,38.97,39.25,38.69,43,100.87
1741,95.52,99.02,31.29,29.25,30.58,30.58,60.3,30.75,31.2,32.03,32.51,32.12,48.4,36.96,33.21,31.93,40.43,44.97,38.01,38.83,39.25,38.69,43,99.02
1761,93.86,55.92,31.29,29.25,30.58,30.58,49.29,30.66,31.11,32.03,32.51,32.12,47.97,36.96,33.21,31.93,40.43,44.79,38.01,38.97,39.25,38.55,43,100.87
1780,95.52,99.94,31.29,29.25,30.58,30.58,50.67,30.66,31.47,32.03,32.51,32.12,47.97,36.96,33.11,31.93,40.43,44.79,38.01,38.97,39.25,38.55,43,99.94
1800,95.52,101.83,31.2,29.25,30.58,30.58,48.19,30.66,31.56,32.03,32.51,32.12,48.19,36.84,33.21,31.93,40.43,44.97,38.01,38.97,39.25,38.55,43,99.94
1819,94.68,100.87,31.29,29.25,30.58,30.58,46.93,30.66,31.65,32.03,32.51,32.12,48.62,36.96,33.11,31.93,40.43,44.97,38.01,38.97,39.25,38.69,43,99.94
1839,89.2,100.87,31.2,29.33,30.58,30.58,47.55,30.75,31.65,32.03,32.51,32.12,48.4,36.96,33.11,32.03,40.27,44.97,38.01,38.97,39.25,38.69,43,99.94
1859,90.7,68.31,31.2,29.25,30.58,30.58,49.29,30.75,31.65,32.03,32.51,32.12,48.4,36.96,33.21,31.93,40.43,44.97,38.01,38.97,39.25,38.55,43,99.02
1878,60.3,58.34,31.29,29.25,30.58,30.58,49.97,30.66,31.65,32.03,32.51,32.12,48.4,36.96,33.11,31.93,40.43,44.79,37.87,38.97,39.11,38.55,43,99.02
1898,63.49,50.67,31.2,29.25,30.58,30.58,46.93,30.66,31.75,31.93,32.51,32.12,48.4,36.96,33.21,32.03,40.27,44.79,38.01,38.97,39.11,38.69,43,99.02
1917,60.3,65.02,31.2,29.25,30.58,30.58,49.74,30.75,31.75,32.03,32.51,32.12,47.76,36.96,33.21,32.03,40.27,44.97,38.01,38.97,39.25,38.55,43,99.94
1937,60.3,99.02,31.2,29.25,30.58,30.49,50.91,30.75,31.75,31.93,32.51,32.03,69.64,36.96,33.11,31.93,40.27,44.79,37.87,38.83,39.25,38.55,43,99.02
1956,49.97,98.12,31.2,29.25,30.58,30.58,53.17,30.75,31.75,32.03,32.51,32.12,47.55,36.96,33.11,31.93,40.27,45.35,38.01,38.97,39.11,38.55,43,98.12
1976,58.66,72.93,31.2,29.25,30.58,30.58,52.91,30.75,31.75,32.03,32.51,32.12,47.76,36.96,33.11,31.93,40.27,45.16,38.01,38.97,39.25,38.69,43,99.94
1995,58.98,84.99,31.2,29.25,30.58,30.58,51.64,30.75,31.75,32.03,32.51,32.12,47.76,36.96,33.21,31.93,40.43,45.16,38.01,38.97,39.11,38.69,43,98.12
2015,68.75,70.55,31.2,29.25,30.58,30.58,49.74,30.75,31.75,32.03,32.51,32.12,48.19,36.96,33.11,31.93,40.43,45.16,38.01,38.97,39.25,38.69,43,99.94
2034,60.98,72.44,31.2,29.25,30.58,30.49,52.14,30.75,31.84,32.03,32.51,32.12,48.19,36.96,33.11,31.93,40.43,44.97,38.01,38.97,39.11,38.69,43,99.02
2054,68.75,70.55,31.29,29.25,30.58,30.58,50.67,30.75,31.75,32.03,32.51,32.12,47.97,36.96,33.11,31.93,40.43,45.16,38.01,38.97,39.11,38.69,43,99.94
2075,72.93,91.47,31.2,29.25,30.58,30.58,49.74,30.66,31.75,32.03,32.51,32.12,48.4,36.96,33.11,31.93,40.43,44.97,38.01,38.97,39.11,38.55,43,99.02
2093,64.63,69.64,36.59,29.25,30.58,30.58,50.2,30.75,31.84,32.03,32.51,32.12,49.29,36.96,33.11,31.93,40.43,45.16,38.01,38.97,39.25,38.69,43,99.02
2113,81.15,65.81,31.29,29.25,30.58,30.58,52.91,30.75,31.75,32.03,32.51,32.12,49.51,36.96,33.11,31.93,40.43,45.16,38.01,38.97,39.11,38.69,43,99.94
2134,87.04,100.87,31.2,29.25,30.58,30.58,56.51,30.66,31.84,32.03,32.51,32.12,49.74,36.96,33.11,32.03,40.43,77.65,38.01,38.97,39.25,38.69,43,99.94
2152,56.51,94.68,31.2,29.25,30.58,30.58,56.51,30.75,31.84,31.93,32.51,32.12,49.74,36.96,33.21,31.93,40.43,76.01,38.01,38.97,39.25,38.69,43,99.94
2173,58.98,99.94,31.2,29.33,30.58,30.58,51.15,30.75,31.84,32.03,32.51,32.12,49.51,36.96,33.11,31.93,40.27,44.79,38.01,38.97,39.25,38.69,43,99.94
2191,66.22,98.12,31.2,29.25,30.58,30.58,50.91,30.75,31.84,32.03,32.51,32.12,49.74,36.96,33.21,32.03,40.43,44.6,38.01,38.97,39.11,38.69,43,99.94
2212,41.84,96.37,31.29,29.33,30.58,30.58,49.74,30.75,31.75,32.03,32.51,32.12,49.51,36.96,33.21,31.93,40.43,44.6,38.01,38.97,39.11,38.69,43,99.02
2232,74.44,100.87,31.29,29.33,30.58,30.58,51.4,30.75,31.84,32.03,32.51,32.12,49.51,36.96,33.21,31.93,40.43,49.74,37.87,38.83,39.11,38.69,43,100.87
2251,92.25,101.83,31.29,29.25,30.58,30.58,53.17,30.75,31.84,32.03,32.51,32.12,49.51,36.96,33.21,31.93,40.43,44.6,38.01,38.97,39.25,38.69,43,99.94
2271,69.64,76.01,31.29,29.25,30.58,30.58,52.14,30.75,31.84,32.03,32.51,32.12,49.51,36.96,33.21,32.03,40.43,44.6,38.01,38.97,39.11,38.69,43.17,99.02
2290,50.2,79.36,31.29,29.25,30.58,30.58,51.64,30.75,31.93,31.93,32.51,32.12,49.51,36.96,33.21,31.93,40.27,44.79,38.01,38.97,39.11,38.69,43,99.94
2310,95.52,84.32,31.2,29.33,30.58,30.58,50.2,30.75,31.84,31.93,32.51,32.12,49.51,36.96,33.11,32.03,40.43,44.97,38.01,38.97,39.25,38.69,43,99.94
2328,97.24,99.94,31.29,29.25,30.58,30.58,52.65,30.75,31.93,31.93,32.51,32.12,49.74,36.96,33.21,31.93,40.43,45.16,38.01,38.97,39.25,38.55,43,99.94
2349,95.52,68.75,31.29,29.33,30.58,30.58,50.67,30.75,31.93,31.93,32.51,32.12,49.51,36.96,33.21,31.93,40.43,45.16,38.01,38.97,39.25,38.69,43,99.94
2367,95.52,69.64,31.29,29.25,30.58,30.58,52.91,30.75,32.12,31.93,32.51,32.12,49.51,36.84,33.21,31.93,40.43,45.16,38.01,38.97,39.25,38.69,43,99.94
2388,97.24,102.8,31.29,29.33,30.58,30.58,51.15,30.75,31.75,31.93,32.51,32.12,49.51,36.96,33.21,32.03,40.43,44.6,38.01,38.97,39.25,38.69,42.83,100.87
2408,97.24,100.87,31.29,29.25,30.58,30.58,53.17,30.75,31.29,31.93,32.51,32.12,49.51,36.96,33.21,32.03,40.43,44.79,38.01,38.97,39.25,38.69,43,99.94
2427,97.24,101.83,31.29,29.25,30.58,30.58,50.2,30.75,31.2,31.93,32.51,32.12,49.29,36.96,33.21,31.93,40.43,44.6,38.01,38.97,39.25,38.69,43,100.87
2447,97.24,102.8,31.29,29.25,30.58,30.58,50.2,30.75,31.2,31.93,32.51,32.12,49.51,36.96,33.21,31.93,40.43,44.6,38.01,38.97,39.25,38.69,43,100.87
2466,97.24,101.83,31.29,29.25,30.58,30.58,53.17,30.66,31.2,31.93,32.51,32.12,49.29,36.96,33.21,31.93,40.43,44.6,38.01,38.97,39.11,38.69,43.17,100.87
2486,97.24,101.83,31.29,29.25,30.58,30.58,51.64,30.75,31.2,31.93,32.51,32.12,49.29,36.96,33.11,31.93,40.43,44.79,38.01,38.97,39.11,38.69,43,100.87
2505,96.37,81.15,31.29,29.25,30.58,30.58,52.14,30.75,31.2,31.93,32.51,32.12,48.84,36.96,33.21,31.93,40.27,44.79,38.01,38.97,39.11,38.69,43,99.94
2525,96.37,99.94,31.29,29.25,30.58,30.58,52.4,30.66,31.2,31.93,32.51,32.12,48.62,36.96,33.21,31.93,40.43,44.79,38.01,38.83,39.25,38.69,43,100.87
2544,97.24,101.83,31.29,29.25,30.58,30.58,32.71,30.75,31.2,31.93,32.51,32.12,48.62,36.96,33.21,31.93,40.43,44.79,38.01,38.97,39.25,38.69,43,100.87
2564,96.37,102.8,31.29,29.33,30.58,30.58,32.61,30.75,31.2,31.93,32.51,32.12,48.62,36.96,33.21,31.93,40.43,44.79,38.01,38.97,39.25,38.69,43,100.87
2584,97.24,102.8,31.38,29.33,30.58,30.58,32.51,30.75,31.2,31.93,32.51,32.12,48.84,36.96,33.11,31.93,40.43,44.79,38.01,38.97,39.11,38.69,43,100.87
2603,96.37,103.78,48.84,29.25,30.58,30.58,32.51,30.75,31.2,31.93,32.51,32.12,66.22,36.96,33.11,31.93,40.43,44.79,38.01,38.97,39.11,38.69,43,100.87
2623,97.24,102.8,48.84,29.25,30.58,30.58,32.61,30.75,31.29,31.93,32.51,32.12,49.51,36.96,33.21,31.93,40.43,44.6,38.01,38.97,39.25,38.55,43.17,98.12
2642,97.24,102.8,31.84,29.33,30.58,30.66,50.44,30.75,31.2,31.93,32.51,32.12,49.29,36.96,33.21,31.93,40.43,44.6,38.01,38.97,39.25,38.69,43,100.87
2662,97.24,102.8,31.38,29.25,30.58,30.58,49.06,30.75,31.29,31.93,32.51,32.12,49.51,36.96,33.11,31.93,40.43,44.6,38.01,38.97,39.11,38.69,43,100.87
2681,96.37,102.8,31.38,29.25,30.58,30.58,46.13,30.75,31.2,31.93,32.51,32.12,49.51,36.96,33.21,31.93,40.43,44.6,38.01,38.97,39.25,38.55,43.17,101.83
2701,97.24,102.8,31.38,29.25,30.58,30.58,48.4,30.75,31.29,31.93,32.51,32.03,49.51,36.96,33.21,32.03,40.27,44.6,38.01,38.97,39.25,38.69,43.17,100.87
2720,80.55,101.83,31.38,29.25,30.58,30.66,50.67,30.75,31.2,31.93,32.51,32.12,49.74,36.96,33.21,31.93,40.43,44.6,38.01,38.97,39.25,38.69,43.17,101.83
2740,86.35,102.8,31.38,29.25,30.58,30.58,48.4,30.75,31.2,31.93,32.51,32.12,49.97,36.96,33.11,31.93,40.43,44.6,38.01,38.97,39.25,38.69,43,101.83
2761,97.24,102.8,31.38,29.25,30.58,30.58,50.91,30.66,31.2,31.93,32.51,32.12,49.97,36.96,33.21,31.93,40.43,44.42,38.01,38.97,39.25,38.69,43,100.87
2779,97.24,103.78,31.38,29.25,30.58,30.58,54.24,30.75,31.29,31.93,32.51,32.12,49.74,36.96,33.21,31.93,40.27,44.42,37.87,38.97,39.25,38.69,43,100.87
2800,97.24,102.8,31.38,29.25,30.58,30.66,53.17,30.75,31.2,31.93,32.51,32.12,49.74,36.96,33.21,31.93,40.43,44.42,38.01,38.97,39.11,38.69,43,100.87
2818,97.24,102.8,31.29,29.25,30.58,30.58,52.14,30.75,31.2,31.93,32.51,32.12,49.74,36.96,33.21,31.93,40.43,76.55,38.01,38.97,39.25,38.69,43,100.87
2838,98.12,103.78,31.38,29.25,30.58,30.58,50.67,30.75,31.29,31.93,32.51,32.12,49.74,36.96,33.21,31.93,40.43,44.6,38.01,38.97,39.25,38.69,43,101.83
2857,97.24,102.8,31.38,29.33,30.58,30.66,51.64,30.75,31.29,32.03,32.51,32.12,49.51,36.96,33.21,31.93,40.43,44.6,38.01,38.97,39.25,38.69,43.17,100.87
2877,97.24,102.8,31.38,29.25,30.58,30.58,49.51,30.75,31.47,31.93,32.51,32.12,49.74,36.96,33.21,31.93,40.43,44.6,38.01,38.97,39.25,38.69,43,100.87
2896,97.24,102.8,31.38,29.25,30.58,30.58,51.89,30.75,31.84,31.93,32.51,32.12,49.74,36.96,33.21,31.93,40.43,44.6,38.01,38.97,39.25,38.69,43,100.87
2916,97.24,102.8,31.38,29.25,30.58,30.58,50.91,30.75,31.84,32.03,32.51,32.12,49.74,36.96,33.21,31.93,40.43,44.6,38.01,38.97,39.25,38.69,43,100.87
2937,97.24,102.8,31.38,29.33,30.58,30.66,55.92,30.75,31.84,31.93,32.51,32.12,49.74,36.96,33.21,31.93,40.27,44.6,38.01,38.97,39.25,38.69,43,100.87
2955,97.24,101.83,31.38,29.25,30.58,30.66,52.65,30.75,31.84,31.93,32.51,32.12,49.74,36.96,33.21,31.93,40.43,44.6,38.01,38.97,39.25,38.69,43,101.83
2976,97.24,102.8,31.38,29.25,30.58,30.58,52.65,30.75,31.84,31.93,32.51,32.12,49.74,36.96,33.21,31.93,40.43,44.42,38.01,38.97,39.25,38.69,43,100.87
2994,97.24,102.8,31.38,29.25,30.58,30.66,52.4,30.75,31.84,31.93,32.51,32.12,49.74,36.96,33.21,31.93,40.43,44.6,38.01,39.11,39.25,38.69,43,100.87
3015,97.24,101.83,31.47,29.25,30.58,30.58,53.43,30.75,31.84,31.93,32.51,32.12,49.97,36.96,33.21,31.93,40.43,44.6,38.01,38.97,39.25,38.69,43,100.87
3033,97.24,101.83,31.47,29.25,30.58,30.58,32.41,30.75,31.75,31.93,32.51,32.12,49.97,36.96,33.21,31.93,40.43,44.6,38.01,39.11,39.25,38.69,43,100.87
3053,97.24,102.8,31.47,29.25,30.58,30.58,54.24,30.66,31.56,32.03,32.51,32.12,49.29,36.96,33.21,31.93,40.43,46.32,38.01,38.97,39.25,38.69,43,100.87
3072,97.24,101.83,31.47,29.25,30.58,30.58,50.67,30.75,32.03,31.93,32.51,32.12,49.74,36.96,33.21,31.93,40.43,45.93,38.01,39.11,39.25,38.69,43,100.87
3092,100.87,102.8,31.47,29.25,30.58,30.58,50.44,30.66,32.22,32.03,32.51,32.12,50.67,36.96,33.21,31.84,40.27,45.93,38.01,38.97,39.25,38.69,43,101.83
3113,97.24,101.83,31.47,29.25,30.58,30.58,53.43,30.75,32.22,32.03,32.51,32.12,50.44,36.96,33.21,31.93,40.43,46.13,38.01,39.11,39.25,38.69,43,100.87
3131,97.24,101.83,31.47,29.25,30.58,30.58,53.7,30.75,32.22,32.03,32.51,32.12,51.15,36.96,33.21,31.93,40.43,45.93,38.01,39.11,39.25,38.69,43,100.87
3152,97.24,101.83,31.47,29.25,30.58,30.58,52.4,30.75,31.65,31.93,32.51,32.12,50.44,36.96,33.21,31.93,40.43,45.93,38.01,39.11,39.25,38.69,43,100.87
3170,96.37,101.83,31.47,29.25,30.58,30.58,47.34,30.75,31.65,32.03,32.51,32.12,49.51,36.96,33.21,31.93,40.43,45.93,38.01,39.11,39.25,38.69,43.17,100.87
3191,96.37,101.83,31.47,29.33,30.58,30.58,32.41,30.75,31.56,31.84,32.51,32.12,49.06,36.96,33.21,31.84,40.43,45.93,38.01,38.97,39.25,38.69,43,100.87
3209,97.24,101.83,31.47,29.25,30.58,30.58,32.32,30.75,31.38,31.84,32.51,32.12,49.74,36.96,33.21,31.84,40.43,45.93,38.01,38.97,39.25,38.69,43,100.87
3230,99.02,101.83,31.47,29.25,30.58,30.58,32.41,30.75,31.11,31.84,32.51,32.12,49.74,36.96,33.21,31.84,40.43,45.93,38.14,38.97,39.25,38.69,43,100.87
3248,95.52,100.87,31.47,29.25,30.58,30.58,32.41,30.75,31.11,31.84,32.51,32.12,49.97,36.96,33.11,31.84,40.43,45.93,38.14,39.11,39.25,38.69,43,100.87
3269,96.37,101.83,31.56,29.25,30.58,30.58,32.32,30.75,31.11,31.84,32.51,32.12,50.2,36.96,33.21,31.75,40.27,45.93,38.01,39.11,39.25,38.69,43,100.87
3289,101.83,101.83,31.56,29.25,30.58,30.58,32.51,30.75,31.11,31.84,32.51,32.12,49.06,36.96,33.21,31.84,40.43,45.93,38.14,39.11,39.25,38.69,43,100.87
3307,101.83,101.83,31.56,29.25,30.58,30.58,32.61,30.75,31.11,31.75,32.51,32.03,49.06,36.96,33.21,31.84,40.27,45.93,38.14,38.97,39.25,38.69,43.17,101.83
3328,101.83,101.83,31.56,29.25,30.58,30.58,32.51,30.75,31.11,31.84,32.51,32.12,49.51,36.96,33.21,31.84,40.12,45.93,38.01,38.97,39.25,38.69,43,101.83
3346,101.83,101.83,31.56,29.25,30.58,30.58,32.41,30.75,31.38,31.84,32.51,32.12,49.29,36.96,33.21,31.84,40.43,45.93,38.14,39.11,39.25,38.69,43,100.87
3367,101.83,101.83,31.56,29.25,30.58,30.58,32.41,30.75,31.47,31.84,32.51,32.12,49.29,36.96,33.21,31.84,40.43,45.93,38.01,38.97,39.25,38.55,43,101.83
3385,101.83,101.83,31.65,29.25,30.58,30.58,32.41,30.75,31.56,31.84,32.51,32.03,49.29,36.96,33.21,31.84,40.43,45.93,38.14,39.11,39.25,38.55,43.17,100.87
3406,101.83,101.83,31.75,29.25,30.58,30.58,32.32,30.75,31.56,31.84,32.51,32.12,50.67,36.96,33.21,31.84,40.43,45.93,38.14,39.11,39.25,38.69,43.17,101.83
3424,101.83,101.83,31.65,29.25,30.58,30.58,32.12,30.75,31.11,31.84,32.51,32.12,52.91,36.96,33.21,31.84,40.43,45.93,38.01,39.11,39.25,38.69,43,100.87
3445,101.83,101.83,31.65,29.25,30.58,30.58,32.32,30.75,31.11,31.84,32.51,32.03,52.4,36.96,33.21,31.84,40.43,45.93,38.14,38.97,39.25,38.69,43,101.83
3465,101.83,101.83,31.56,29.25,30.58,30.58,54.79,30.75,31.11,31.84,32.51,32.12,52.65,36.96,33.21,31.84,40.43,45.93,38.01,38.97,39.25,38.69,43.17,101.83
3484,101.83,101.83,31.47,29.25,30.58,30.58,32.91,30.75,31.2,31.84,32.51,32.12,52.91,36.96,33.21,31.84,40.43,45.93,38.14,39.11,39.25,38.69,43.17,101.83
3504,101.83,101.83,31.47,29.25,30.58,30.58,32.91,30.75,31.11,31.84,32.51,32.12,53.17,36.96,33.21,31.84,40.43,45.93,38.14,39.11,39.25,38.69,43.17,101.83
3522,102.8,102.8,31.47,29.25,30.58,30.58,32.91,30.75,31.38,31.84,32.51,32.12,52.91,36.96,33.21,31.84,40.43,45.93,38.14,39.11,39.25,38.69,43,100.87
3543,101.83,101.83,31.47,29.25,30.58,30.58,33.11,30.75,32.12,31.84,32.51,32.12,54.24,36.96,33.21,31.84,40.27,45.93,38.14,38.97,39.25,38.69,43.17,101.83
3561,102.8,102.8,31.47,29.25,30.58,30.58,33.21,30.75,32.22,31.84,32.51,32.12,54.24,36.96,33.11,31.84,40.27,45.93,38.01,38.97,39.11,38.69,43.17,101.83
3582,102.8,102.8,31.47,29.25,30.58,30.58,33.11,30.75,32.22,31.84,32.51,32.12,52.4,36.96,33.21,31.84,40.43,45.93,38.14,38.97,39.25,38.69,43.17,101.83
3600,102.8,102.8,31.47,29.25,30.58,30.58,39.39,30.75,32.03,32.03,32.51,32.12,52.65,36.96,33.21,31.93,40.43,44.6,38.01,38.97,39.25,38.69,43.17,101.83
3621,102.8,102.8,31.47,29.25,30.58,30.58,44.42,30.75,32.22,31.93,32.51,32.12,52.4,36.96,33.21,31.93,40.43,44.6,38.01,38.97,39.25,38.55,43,100.87
3641,101.83,102.8,31.47,29.25,30.58,30.58,43.52,30.75,32.22,32.03,32.51,32.12,52.4,36.96,33.21,31.84,40.43,44.6,38.01,38.97,39.25,38.69,43,101.83
3660,102.8,102.8,31.56,29.25,30.58,30.58,46.73,30.75,32.22,31.93,32.51,32.12,52.14,36.96,33.21,31.93,40.43,44.6,38.14,38.97,39.25,38.69,43,100.87
3680,101.83,101.83,31.56,29.25,30.58,30.58,45.74,30.75,32.22,31.93,32.51,32.12,52.4,36.96,33.21,31.93,40.43,44.6,38.01,38.97,39.25,38.69,43.17,101.83
3699,97.24,102.8,31.47,29.25,30.58,30.58,46.93,30.75,32.22,31.93,32.51,32.12,52.4,36.96,33.11,31.93,40.43,44.6,38.14,38.97,39.25,38.69,43.17,101.83
3719,97.24,102.8,31.47,29.25,30.58,30.58,48.62,30.75,32.22,31.93,32.51,32.12,50.67,36.96,33.21,31.93,40.43,44.6,38.01,38.97,39.11,38.69,43,101.83
3738,97.24,102.8,31.47,29.25,30.58,30.58,47.13,30.75,32.22,31.93,32.51,32.12,49.74,36.96,33.21,31.93,40.43,44.6,38.01,38.97,39.25,38.69,43.17,100.87
3758,97.24,102.8,31.47,29.25,30.58,30.66,48.4,30.75,32.22,32.03,32.51,32.12,49.29,36.96,33.21,31.93,40.43,44.6,38.01,38.97,39.11,38.69,43,101.83
3776,97.24,102.8,31.47,29.25,30.58,30.58,49.29,30.75,32.22,32.03,32.51,32.12,49.51,36.96,33.21,31.93,40.43,44.6,38.01,38.97,39.25,38.69,43,99.94
3797,43.35,100.87,31.47,29.25,30.58,30.66,48.19,30.75,32.22,32.03,32.51,32.12,49.51,36.96,33.21,31.93,40.27,44.42,38.01,38.97,39.25,38.69,43,100.87
3817,55.07,100.87,31.47,29.25,30.58,30.58,47.55,30.75,32.22,32.03,32.51,32.12,50.2,36.96,33.21,31.93,40.27,44.42,38.01,38.97,39.25,38.69,43,100.87
3836,96.37,102.8,31.47,29.25,30.58,30.58,47.76,30.75,32.22,32.03,32.51,32.12,49.06,36.96,33.21,31.93,40.43,44.6,38.01,38.97,39.25,38.69,43,100.87
3856,94.68,102.8,31.38,29.25,30.58,30.58,33.21,30.75,32.22,32.03,32.51,32.12,50.2,36.96,33.21,31.93,40.27,44.6,38.01,38.97,39.25,38.69,43,100.87
3875,96.37,102.8,31.47,29.25,30.58,30.58,33.01,30.75,32.22,32.03,32.51,32.12,51.64,36.96,33.21,31.93,40.27,44.6,38.01,38.97,39.11,38.69,43,99.02
3895,96.37,102.8,38.55,29.25,30.58,30.58,32.91,30.75,32.22,32.03,32.51,32.12,51.15,36.96,33.21,31.93,40.43,44.42,38.01,38.97,39.25,38.69,43,99.94
3914,97.24,102.8,35.27,29.25,30.58,30.58,33.01,30.75,32.22,32.03,32.51,32.12,52.14,36.96,33.21,31.93,40.43,44.6,38.01,38.97,39.11,38.69,43,100.87
3934,96.37,102.8,42.33,29.25,30.58,30.58,33.01,30.75,32.22,32.03,32.51,32.12,51.4,36.96,33.21,31.93,40.27,44.6,38.01,38.97,39.25,38.69,43,100.87
3955,96.37,102.8,35.16,29.25,30.58,30.58,33.01,30.75,32.22,32.03,32.51,32.12,52.14,36.96,33.21,31.93,40.43,44.42,38.01,38.97,39.25,38.69,43,99.94
3973,97.24,102.8,40.43,29.25,30.58,30.58,33.11,30.75,32.22,32.03,32.51,32.12,50.67,36.96,33.21,31.93,40.43,44.6,38.01,38.97,39.25,38.55,43,100.87
3994,96.37,102.8,33.31,29.25,30.58,30.58,33.11,30.75,31.29,32.03,32.51,32.12,51.15,36.96,33.21,32.03,40.43,44.42,38.01,38.97,39.25,38.69,43,100.87
4012,97.24,81.15,31.38,29.25,30.58,30.58,33.94,30.75,31.47,32.03,32.51,32.12,51.15,36.96,33.11,31.93,40.43,44.6,38.01,38.83,39.25,38.69,43.17,99.94
4032,97.24,99.02,31.29,29.25,30.58,30.58,33.01,30.75,31.29,32.03,32.51,32.12,51.89,36.96,33.11,31.93,40.43,44.6,38.01,38.97,39.25,38.69,43.17,100.87
4051,95.52,56.22,31.29,29.25,30.58,30.58,34.05,30.75,31.29,31.56,32.51,32.12,49.97,36.96,33.11,31.93,40.43,44.6,38.01,38.97,39.25,38.69,43,99.94
4071,95.52,70.09,31.2,29.25,30.58,30.58,37.09,30.75,31.11,31.56,32.51,32.12,50.67,36.96,33.21,31.93,40.43,44.42,38.01,38.97,39.25,38.69,43,100.87
4090,97.24,102.8,31.2,29.33,30.58,30.58,32.91,30.75,31.11,31.56,32.51,32.12,49.74,36.96,33.11,32.03,40.43,44.42,38.01,38.97,39.25,38.69,43,99.94
4110,94.68,56.22,31.2,29.25,30.58,30.58,33.01,30.75,31.11,31.56,32.51,32.12,49.74,36.96,33.11,32.03,40.43,44.6,38.01,38.97,39.25,38.69,43,100.87
4131,97.24,102.8,31.2,29.25,30.58,30.58,33.01,30.75,31.75,31.56,32.51,32.12,49.06,36.96,33.11,31.93,40.43,44.6,38.01,38.97,39.25,38.55,43,99.94
4149,94.68,51.4,31.2,29.33,30.58,30.58,32.91,30.75,31.75,31.56,32.51,32.12,50.2,36.96,33.11,32.03,40.43,49.74,38.01,38.97,39.25,38.55,43,100.87
4170,96.37,102.8,31.2,29.25,30.58,30.58,33.01,30.75,32.22,31.56,32.51,32.12,49.51,36.96,33.11,32.03,40.43,44.6,38.01,38.83,39.25,38.55,43,99.94
4188,93.86,56.22,31.2,29.25,30.58,30.58,33.11,30.75,31.11,31.65,32.51,32.12,49.97,36.96,33.11,32.03,40.43,44.6,38.01,38.83,39.25,38.55,43,100.87
4209,97.24,102.8,31.2,29.25,30.58,30.49,32.91,30.75,31.29,31.93,32.51,32.12,49.97,36.96,33.11,32.03,40.27,44.6,38.01,38.97,39.25,38.55,43,100.87
4227,96.37,102.8,31.2,29.25,30.58,30.58,32.91,30.75,31.29,31.93,32.51,32.12,51.64,36.96,33.11,32.03,40.43,44.6,38.01,38.83,39.25,38.41,43,100.87
4247,97.24,101.83,31.2,29.25,30.58,30.58,32.91,30.75,31.47,31.93,32.51,32.12,51.4,36.96,33.11,32.03,40.43,44.6,38.01,38.97,39.25,38.55,43,100.87
4266,97.24,102.8,31.2,29.25,30.58,30.58,63.12,30.75,31.02,31.93,32.51,32.12,52.4,36.84,33.11,32.03,40.43,44.79,38.01,38.97,39.11,38.55,43,101.83
4286,97.24,100.87,31.2,29.25,30.58,30.58,43.17,30.75,31.02,31.56,32.51,32.12,51.89,36.96,33.11,32.03,40.43,44.6,38.01,38.97,39.25,38.55,43,100.87
4307,96.37,87.04,31.11,29.33,30.58,30.49,32.91,30.75,31.11,31.56,32.51,32.12,51.89,36.96,33.11,32.03,40.43,44.6,38.01,38.83,39.25,38.55,43,100.87
4325,97.24,101.83,31.2,29.25,30.58,30.58,32.91,30.75,31.11,31.56,32.51,32.12,53.43,36.96,33.11,32.03,40.43,44.6,38.01,38.97,39.25,38.55,43,101.83
4346,97.24,101.83,31.2,29.25,30.58,30.58,33.01,30.75,31.38,31.56,32.51,32.12,55.92,36.96,33.11,32.03,40.27,44.6,38.01,38.97,39.25,38.55,43,101.83
4364,97.24,102.8,31.2,29.25,30.58,30.58,33.01,30.66,31.38,31.56,32.51,32.12,57.11,36.96,33.11,32.03,40.27,44.6,38.01,38.83,39.11,38.55,43,101.83
4385,97.24,102.8,31.2,29.25,30.58,30.58,32.81,30.75,31.02,31.56,32.51,32.12,57.72,36.96,33.11,32.03,40.27,44.79,38.01,38.97,39.25,38.55,43,101.83
4403,97.24,102.8,31.2,29.25,30.58,30.58,32.91,30.75,31.02,31.56,32.51,32.12,56.22,36.96,33.11,32.03,40.43,44.42,38.01,38.83,39.11,38.55,43,100.87
4424,97.24,102.8,31.2,29.33,30.58,30.58,32.91,30.75,31.11,31.56,32.51,32.12,54.79,36.96,33.01,32.03,40.43,44.42,37.87,38.97,39.25,38.55,43,99.94
4442,96.37,97.24,31.2,29.25,30.58,30.58,42.49,30.66,31.11,31.56,32.51,32.12,55.07,36.96,33.11,32.03,40.27,44.6,38.01,38.97,39.25,38.55,43,99.02
4463,93.86,49.06,31.2,29.25,30.58,30.58,32.91,30.75,31.11,31.56,32.51,32.12,54.24,36.96,33.11,32.03,40.43,44.6,38.01,38.97,39.25,38.55,43,100.87
4483,97.24,77.65,31.2,29.25,30.58,30.58,32.91,30.75,31.02,31.56,32.51,32.12,54.79,36.96,33.11,32.03,40.27,44.6,38.01,38.83,39.25,38.55,43,101.83
4501,97.24,100.87,31.2,29.25,30.58,30.49,32.91,30.75,31.11,31.56,32.51,32.12,54.24,36.96,33.11,32.03,40.43,44.42,38.01,38.97,39.11,38.55,43,101.83
4522,97.24,68.31,48.84,29.33,30.58,30.58,33.01,30.75,31.02,31.56,32.51,32.12,53.7,36.96,33.11,32.03,40.43,44.42,38.01,38.83,39.11,38.55,43,101.83
4540,97.24,100.87,37.74,29.33,30.58,30.58,32.91,30.75,31.11,31.56,32.51,32.12,53.43,36.96,33.11,32.03,40.43,44.42,37.87,38.97,39.25,38.55,43,100.87
4561,97.24,98.12,39.83,29.25,30.58,30.49,32.91,30.75,31.11,31.56,32.51,32.12,53.43,36.96,33.11,32.03,40.43,44.42,38.01,38.97,39.25,38.55,43,100.87
4579,98.12,102.8,33.84,29.33,30.58,30.58,32.91,30.75,31.2,31.56,32.51,32.12,53.43,36.96,33.11,32.03,40.43,44.6,38.01,38.83,39.11,38.55,43,100.87
4600,97.24,101.83,31.2,29.25,30.58,30.58,32.91,30.66,31.29,31.56,32.51,32.12,53.7,36.96,33.11,32.03,40.43,44.6,38.01,38.97,39.25,38.55,43,101.83
4618,97.24,101.83,31.2,29.33,30.58,30.58,32.91,30.66,31.29,31.56,32.51,32.12,53.43,36.96,33.11,32.03,40.43,44.6,37.74,38.83,39.11,38.55,43,101.83
4639,97.24,99.94,31.2,29.33,30.58,30.58,33.01,30.66,31.29,31.56,32.51,32.12,53.97,36.96,33.11,32.03,40.27,44.6,37.87,38.97,39.25,38.55,43,100.87
4659,97.24,102.8,31.2,29.25,30.58,30.58,33.01,30.66,31.29,31.56,32.51,32.12,54.24,36.96,33.11,32.03,40.27,44.6,38.01,38.83,39.11,38.55,43,101.83
4678,97.24,102.8,31.2,29.25,30.58,30.49,32.91,30.66,31.29,31.56,32.51,32.12,53.7,36.96,33.11,32.03,40.43,44.79,38.01,38.83,39.11,38.55,43,100.87
4698,97.24,102.8,31.2,29.25,30.58,30.58,32.91,30.75,31.29,31.56,32.51,32.12,54.24,36.96,33.11,32.03,40.43,44.6,38.01,38.97,39.11,38.55,43,101.83
4716,98.12,102.8,31.2,29.25,30.58,30.49,32.91,30.66,31.29,31.56,32.51,32.12,54.24,36.96,33.11,32.03,40.43,44.42,38.01,38.83,39.25,38.55,43,100.87
4737,96.37,102.8,31.2,29.33,30.58,30.58,32.91,30.66,31.29,31.56,32.51,32.12,53.97,36.96,33.11,32.03,40.43,44.42,38.01,38.83,39.25,38.55,43,100.87
4757,96.37,101.83,31.2,29.33,30.58,30.58,32.91,30.66,31.11,31.56,32.51,32.12,52.91,36.96,33.21,32.03,40.43,44.42,37.87,38.83,39.11,38.55,43,100.87
4776,97.24,101.83,31.2,29.25,30.58,30.58,33.01,30.75,31.11,31.56,32.51,32.12,53.7,36.96,33.21,32.03,40.43,44.42,38.01,38.97,39.25,38.69,43,101.83
4796,97.24,102.8,31.2,29.25,30.58,30.58,32.91,30.75,31.11,31.56,32.51,32.12,53.17,36.96,33.21,32.03,40.43,44.42,38.01,38.83,39.11,38.69,43,101.83
4815,96.37,102.8,31.2,29.25,30.58,30.58,32.91,30.75,31.11,31.56,32.51,32.12,53.43,36.96,33.21,32.03,40.43,44.42,38.01,38.83,39.25,38.69,43,101.83
4835,97.24,99.02,31.29,29.25,30.58,30.58,32.91,30.75,31.11,31.56,32.51,32.12,54.24,36.96,33.21,32.03,40.43,44.42,38.01,38.97,39.11,38.69,43,101.83
4856,97.24,100.87,31.29,29.25,30.58,30.58,32.91,30.75,31.2,31.56,32.51,32.12,54.79,36.96,33.21,32.03,40.43,44.42,38.01,38.83,39.25,38.69,43,100.87
4874,97.24,102.8,31.29,29.33,30.58,30.58,32.81,30.75,31.11,31.56,32.51,32.12,54.51,36.96,33.21,32.03,40.43,44.42,37.87,38.97,39.25,38.69,43,100.87
4895,96.37,101.83,31.38,29.25,30.58,30.58,32.91,30.75,31.11,31.93,32.51,32.12,54.24,36.96,33.21,32.03,40.27,44.42,38.01,38.97,39.25,38.69,43,100.87
4913,96.37,95.52,31.38,29.25,30.58,30.58,32.91,30.75,31.29,32.03,32.51,32.12,55.07,36.96,33.21,32.03,40.43,44.42,38.01,38.97,39.25,38.69,43,100.87
4934,96.37,101.83,31.38,29.33,30.58,30.58,32.91,30.75,31.29,32.03,32.51,32.12,55.64,36.96,33.21,32.03,40.43,44.42,38.01,38.97,39.25,38.69,43,100.87
4952,96.37,102.8,31.38,29.25,30.58,30.58,33.01,30.75,31.38,31.93,32.51,32.12,54.51,36.96,33.21,32.03,40.43,44.42,38.01,38.97,39.11,38.69,43,99.94
4972,96.37,102.8,31.38,29.25,30.58,30.58,32.91,30.75,31.29,32.03,32.51,32.12,54.79,36.96,33.21,31.93,40.43,44.24,38.01,38.83,39.25,38.69,43,100.87
4993,41.04,100.87,31.38,29.25,30.58,30.58,32.91,30.75,31.38,32.03,32.51,32.12,54.24,36.96,33.21,31.93,40.43,44.42,38.01,38.97,39.25,38.69,43,101.83
5011,96.37,102.8,31.38,29.25,30.58,30.58,32.91,30.75,31.29,32.03,32.51,32.12,55.35,36.96,33.21,31.93,40.43,44.42,38.01,38.97,39.11,38.69,43,101.83
5032,96.37,102.8,31.38,29.25,30.58,30.58,32.91,30.75,31.29,32.03,32.51,32.12,55.64,36.96,33.21,31.93,40.43,44.42,38.01,38.83,39.25,38.69,43,101.83
5050,94.68,102.8,31.38,29.33,30.58,30.58,33.01,30.75,31.29,31.93,32.51,32.12,56.51,36.96,33.21,32.03,40.43,44.42,38.01,38.97,39.25,38.69,43,101.83
5071,97.24,103.78,31.38,29.25,30.58,30.58,32.91,30.75,31.38,31.93,32.51,32.12,54.51,36.96,33.21,31.93,40.12,44.42,38.01,38.97,39.11,38.69,43,101.83
5089,96.37,102.8,31.38,29.33,30.58,30.58,32.91,30.75,31.11,32.03,32.51,32.12,55.07,36.96,33.21,31.93,40.43,44.42,38.01,38.97,39.25,38.55,43,101.83
5110,96.37,102.8,31.38,29.25,30.58,30.58,32.81,30.75,31.38,32.03,32.51,32.12,55.07,36.96,33.21,32.03,40.43,44.42,38.01,38.97,39.25,38.69,42.83,101.83
5128,96.37,101.83,31.47,29.33,30.58,30.58,32.32,30.75,31.29,32.03,32.51,32.12,55.07,36.96,33.21,31.93,40.43,44.42,38.01,38.97,39.25,38.69,43,100.87
5149,96.37,102.8,31.47,29.25,30.58,30.58,32.32,30.75,31.29,32.03,32.51,32.12,54.51,36.96,33.21,31.93,40.43,44.42,38.01,38.97,39.11,38.69,43,101.83
5167,96.37,102.8,31.47,29.33,30.58,30.58,32.22,30.75,31.29,32.12,32.51,32.12,54.51,36.96,33.21,31.93,40.43,44.42,38.01,38.97,39.25,38.69,43,101.83
5187,96.37,102.8,31.38,29.33,30.58,30.58,32.22,30.75,31.11,32.12,32.51,32.12,54.79,36.96,33.21,31.93,40.43,44.42,38.01,38.97,39.25,38.69,43,101.83
5208,96.37,102.8,31.38,29.25,30.58,30.58,32.22,30.75,31.11,32.03,32.51,32.12,54.51,36.84,33.21,31.93,40.43,44.6,38.01,38.97,39.11,38.69,43,101.83
5226,96.37,101.83,31.38,29.33,30.58,30.58,32.91,30.75,31.11,31.93,32.51,32.12,55.07,36.84,33.21,31.93,40.43,44.6,38.01,38.97,39.25,38.69,43,101.83
5247,96.37,101.83,31.38,29.33,30.58,30.66,32.91,30.75,31.11,31.93,32.51,32.12,55.07,36.96,33.21,31.93,40.27,44.6,38.01,38.97,39.11,38.69,43,101.83
5265,95.52,101.83,31.38,29.33,30.58,30.66,32.91,30.75,31.11,31.93,32.51,32.12,55.35,36.96,33.21,31.93,40.43,44.42,38.14,38.97,39.25,38.69,43,101.83
5286,95.52,102.8,31.38,29.25,30.58,30.66,33.11,30.75,31.11,31.93,32.51,32.12,55.64,36.96,33.21,31.93,40.27,44.42,38.14,38.97,39.25,38.55,43,101.83
5304,95.52,101.83,31.47,29.25,30.58,30.58,33.11,30.75,31.02,31.93,32.51,32.12,55.92,36.96,33.21,31.93,40.43,44.6,38.14,38.97,39.25,38.69,43,101.83
5325,95.52,100.87,31.38,29.25,30.58,30.58,33.11,30.75,31.11,31.93,32.51,32.12,55.35,36.96,33.21,31.93,40.43,44.6,38.14,38.97,39.25,38.55,43,100.87
5345,95.52,100.87,31.38,29.25,30.58,30.66,33.11,30.75,31.02,31.93,32.51,32.12,56.22,36.84,33.21,31.93,40.43,44.6,38.01,38.97,39.25,38.55,43.17,101.83
5364,95.52,100.87,31.47,29.25,30.58,30.66,33.11,30.75,31.11,31.93,32.51,32.12,55.35,36.96,33.21,31.93,40.43,45.93,38.14,38.97,39.25,38.55,43.17,100.87
5384,94.68,99.94,31.47,29.25,30.58,30.66,33.11,30.75,31.11,31.93,32.51,32.12,55.35,36.84,33.11,31.93,40.43,45.93,38.14,38.97,39.25,38.69,43,99.02
5403,94.68,100.87,31.47,29.25,30.58,30.66,33.01,30.75,31.2,31.93,32.51,32.12,56.51,36.96,33.21,31.84,40.43,45.93,38.14,39.11,39.25,38.69,43,99.02
5423,94.68,100.87,31.47,29.25,30.58,30.58,33.01,30.75,31.11,31.93,32.51,32.12,59.63,36.96,33.11,31.93,40.43,45.93,38.01,38.97,39.25,38.69,43,99.02
5441,94.68,99.94,31.47,29.25,30.58,30.58,33.01,30.75,31.11,31.93,32.51,32.12,55.64,36.96,33.21,31.93,40.43,45.93,38.14,38.97,39.25,38.69,43.17,99.02
5462,94.68,99.94,31.47,29.25,30.58,30.58,33.01,30.75,32.22,31.93,32.51,32.12,56.22,36.96,33.21,31.84,40.43,45.93,38.14,38.97,39.25,38.69,43,101.83
5480,93.86,99.94,31.47,29.33,30.58,30.58,33.01,30.66,31.47,31.93,32.51,32.12,55.64,36.96,33.21,31.93,40.27,45.93,38.14,39.11,39.25,38.69,43,101.83
5501,94.68,99.94,31.47,29.25,30.58,30.58,33.01,30.75,31.65,31.93,32.51,32.12,54.51,36.96,33.11,31.84,40.43,45.93,38.01,38.97,39.11,38.55,43.17,100.87
5521,93.05,99.02,31.56,29.25,30.58,30.58,33.01,30.66,31.65,31.93,32.51,32.12,54.24,36.96,33.11,31.84,40.43,45.93,38.14,38.97,39.25,38.55,43,100.87
5540,93.86,98.12,31.56,29.25,30.58,30.58,33.01,30.75,31.65,31.93,32.51,32.12,54.24,36.96,33.11,31.84,40.43,44.6,38.01,39.11,39.25,38.69,43.17,100.87
5560,93.86,98.12,31.56,29.25,30.58,30.58,33.01,30.75,31.2,31.93,32.51,32.12,55.35,36.96,33.21,31.93,40.43,44.6,38.01,38.97,39.25,38.69,43.17,101.83
5579,93.05,97.24,31.56,29.25,30.58,30.58,32.91,30.75,31.2,31.93,32.51,32.12,56.81,36.96,33.21,31.84,40.27,44.6,38.14,38.97,39.25,38.55,43.17,100.87
5599,93.05,97.24,31.47,29.25,30.58,30.58,32.91,30.75,31.11,31.93,32.51,32.12,56.81,36.96,33.11,31.84,40.43,44.6,38.14,38.97,39.25,38.69,43.17,101.83
5618,93.05,97.24,31.56,29.25,30.58,30.58,32.12,30.75,31.29,31.93,32.51,32.12,56.81,36.96,33.21,31.84,40.43,44.6,38.14,38.97,39.25,38.69,44.06,100.87
5638,93.05,97.24,31.56,29.25,30.58,30.58,32.12,30.75,31.2,31.93,32.51,32.12,56.81,36.96,33.21,31.84,40.43,44.6,38.01,38.97,39.25,38.69,44.6,101.83
5656,93.05,97.24,31.56,29.25,30.58,30.58,32.12,30.75,31.11,31.93,32.51,32.12,57.72,36.96,33.11,31.84,40.43,44.6,38.14,38.97,39.25,38.55,44.42,100.87
5677,93.05,97.24,31.56,29.25,30.58,30.58,32.22,30.75,31.11,31.93,32.51,32.12,58.66,36.96,33.21,31.84,40.43,44.6,38.14,39.11,39.25,38.69,43.35,101.83
5695,93.05,97.24,31.47,29.25,30.58,30.58,32.81,30.75,31.11,31.93,32.51,32.12,59.31,36.96,33.21,31.84,40.27,44.6,38.14,39.11,39.25,38.69,44.42,100.87
5716,93.05,96.37,31.56,29.25,30.58,30.58,32.81,30.75,31.11,31.93,32.51,32.12,58.03,36.96,33.21,31.84,40.43,44.6,38.14,39.11,39.25,38.69,43.17,101.83
5736,92.25,97.24,31.56,29.25,30.58,30.58,32.81,30.75,31.2,31.93,32.51,32.12,58.34,36.96,33.21,31.84,40.43,44.79,38.14,38.97,39.25,38.69,43.52,101.83
5755,92.25,96.37,31.56,29.25,30.58,30.58,32.81,30.75,31.2,31.93,32.51,32.12,56.22,36.96,33.21,31.84,40.12,45.35,38.14,38.97,39.25,38.69,43.7,101.83
5775,92.25,96.37,31.47,29.25,30.58,30.58,32.81,30.75,31.2,32.03,32.51,32.12,57.11,36.96,33.21,31.84,40.43,44.97,38.14,39.11,39.25,38.69,43.7,101.83
5794,92.25,95.52,31.47,29.25,30.58,30.58,32.81,30.75,31.2,32.03,32.51,32.12,57.72,36.96,33.11,31.84,40.43,44.6,38.14,39.11,39.25,38.69,44.06,100.87
5814,91.47,95.52,31.47,29.25,30.58,30.58,32.91,30.75,31.2,31.93,32.51,32.12,57.41,36.96,33.21,31.84,40.27,44.6,38.14,38.97,39.25,38.55,44.24,101.83
5833,92.25,95.52,31.47,29.25,30.58,30.58,32.91,30.75,31.2,31.93,32.51,32.12,58.03,36.96,33.21,31.84,40.43,44.6,38.01,38.97,39.25,38.69,43.88,100.87
5853,93.05,96.37,31.47,29.25,30.58,30.58,32.81,30.75,31.2,31.93,32.41,32.12,58.03,36.96,33.21,31.84,40.43,44.6,38.14,38.97,39.25,38.69,45.16,101.83
5874,93.86,95.52,31.56,29.25,30.58,30.58,32.91,30.66,31.2,31.93,32.51,32.12,58.34,36.96,33.21,31.84,40.43,44.6,38.01,39.11,39.25,38.69,43.17,101.83
5892,97.24,96.37,31.47,29.25,30.58,30.58,32.91,30.75,31.2,31.84,32.51,32.12,58.34,36.96,33.21,31.84,40.43,44.6,38.01,38.97,39.25,38.69,46.52,101.83
5912,99.02,96.37,31.47,29.25,30.58,30.58,32.91,30.75,31.2,31.84,32.51,32.12,58.66,36.96,33.21,31.84,40.43,44.6,38.14,39.11,39.25,38.69,46.32,101.83
5931,99.02,96.37,31.47,29.25,30.58,30.58,32.81,30.75,31.2,31.84,32.51,32.12,58.66,36.96,33.21,31.84,40.43,44.6,38.14,39.11,39.25,38.69,43.17,101.83
5951,99.02,96.37,31.47,29.25,30.58,30.58,32.12,30.75,31.2,31.84,32.51,32.12,58.34,36.96,33.21,31.84,40.43,44.6,38.14,39.11,39.25,38.69,43.52,101.83
5970,99.02,96.37,31.47,29.25,30.58,30.58,32.12,30.75,31.2,32.03,32.51,32.12,58.34,36.96,33.21,31.84,40.43,44.6,38.14,38.97,39.25,38.69,43.35,101.83
5990,99.02,96.37,31.47,29.25,30.58,30.58,32.81,30.75,31.11,32.03,32.51,32.12,57.72,36.96,33.11,31.84,40.43,44.6,38.14,38.97,39.25,38.69,43.7,101.83
6009,98.12,97.24,31.47,29.25,30.58,30.58,32.81,30.75,31.2,31.93,32.51,32.12,58.66,36.96,33.21,31.84,40.27,44.6,38.01,38.97,39.25,38.69,43.52,101.83
6029,99.02,97.24,31.47,29.25,30.58,30.58,32.91,30.75,31.38,32.03,32.51,32.12,58.66,36.96,33.21,31.93,40.43,44.6,38.14,38.97,39.25,38.55,43.17,101.83
6050,93.05,97.24,31.47,29.25,30.58,30.58,32.91,30.75,31.38,31.93,32.51,32.12,58.66,36.96,33.21,31.84,40.43,44.6,38.14,38.97,39.25,38.69,43.17,101.83
6068,93.05,97.24,31.47,29.25,30.58,30.58,32.91,30.75,31.29,32.03,32.51,32.12,58.98,36.96,33.21,31.84,40.43,61.68,38.01,38.97,39.11,38.69,43.7,101.83
6089,93.86,98.12,31.47,29.25,30.58,30.58,32.91,30.66,31.38,31.93,32.51,32.12,58.66,36.96,33.11,31.84,40.43,53.97,38.14,38.97,39.25,38.69,43.52,100.87
6107,93.86,99.02,31.47,29.25,30.58,30.58,32.91,30.75,31.38,32.03,32.51,32.12,58.34,36.96,33.21,31.93,40.43,50.44,38.01,38.97,39.25,38.55,43.35,101.83
6128,93.86,98.12,31.47,29.25,30.58,30.58,32.91,30.75,31.38,32.03,32.51,32.12,58.03,36.96,33.21,31.93,40.43,44.79,38.01,38.97,39.25,38.55,43.7,100.87
6146,94.68,99.02,31.47,29.25,30.58,30.58,32.91,30.66,31.29,32.03,32.51,32.12,58.66,36.96,33.21,31.93,40.43,44.79,38.14,38.97,39.25,38.69,43.17,100.87
6166,94.68,99.02,31.47,29.25,30.58,30.49,32.91,30.75,31.38,31.93,32.51,32.12,59.63,36.96,33.21,31.93,40.43,44.79,38.14,39.11,39.25,38.69,43.35,101.83
6185,94.68,99.94,31.47,29.25,30.58,30.58,33.11,30.66,31.38,31.93,32.51,32.12,56.22,36.96,33.21,31.93,40.43,48.84,38.01,39.11,39.25,38.69,44.06,101.83
6205,95.52,99.94,31.47,29.25,30.58,30.58,33.21,30.75,31.38,31.93,32.51,32.12,55.64,36.96,33.21,31.93,40.43,57.41,38.01,39.11,39.25,38.69,44.06,101.83
6226,95.52,99.94,31.47,29.25,30.58,30.58,33.21,30.75,31.38,31.93,32.51,32.12,55.35,36.96,33.21,31.93,40.12,44.6,38.01,38.97,39.25,38.69,43.35,100.87
6244,95.52,100.87,31.38,29.25,30.58,30.58,32.91,30.75,31.29,31.93,32.51,32.12,56.22,36.96,33.21,31.93,40.43,45.93,38.14,38.97,39.25,38.69,43.88,101.83
6265,95.52,100.87,31.47,29.25,30.58,30.58,32.22,30.75,31.29,31.93,32.51,32.12,56.51,36.96,33.21,31.93,40.43,45.93,38.01,38.97,39.25,38.69,43.17,101.83
6283,96.37,101.83,31.47,29.25,30.58,30.58,33.01,30.75,31.11,31.93,32.51,32.12,55.07,36.96,33.21,31.93,40.27,45.93,38.14,38.97,39.25,38.55,43.17,101.83
6304,96.37,101.83,31.38,29.25,30.58,30.58,49.29,30.75,31.11,32.03,32.51,32.12,55.35,36.96,33.21,31.93,40.43,45.93,38.01,38.97,39.25,38.69,43.17,101.83
6322,96.37,100.87,31.47,29.25,30.58,30.58,33.01,30.75,31.11,31.93,32.51,32.12,55.35,36.84,33.21,31.93,40.27,44.6,38.01,38.97,39.11,38.69,44.97,101.83
6343,96.37,100.87,31.38,29.25,30.58,30.66,33.01,30.75,31.11,32.03,32.51,32.12,55.07,36.96,33.21,31.93,40.43,44.6,38.01,39.11,39.25,38.55,44.42,101.83
6361,96.37,101.83,31.38,29.25,30.58,30.66,33.21,30.75,31.38,32.03,32.51,32.12,55.35,36.96,33.21,31.93,40.43,49.97,38.01,38.97,39.11,38.69,43.88,101.83
6381,96.37,101.83,31.38,29.25,30.58,30.66,33.21,30.75,31.38,32.03,32.51,32.12,55.35,36.96,33.21,31.93,40.43,44.42,38.01,38.97,39.25,38.69,44.24,101.83
6402,96.37,101.83,31.38,29.25,30.58,30.66,33.21,30.75,31.29,32.03,32.51,32.12,55.64,36.96,33.21,31.93,40.27,44.42,38.01,38.83,39.25,38.69,44.6,100.87
6420,97.24,101.83,31.38,29.25,30.58,30.58,32.91,30.75,31.2,32.03,32.41,32.12,55.35,36.96,33.21,32.03,40.43,44.6,37.87,38.97,39.25,38.55,45.54,100.87
6441,97.24,101.83,31.38,29.25,30.58,30.58,33.01,30.75,31.29,32.03,32.51,32.12,55.35,36.96,33.21,31.93,40.27,44.6,38.01,38.97,39.25,38.69,43.7,100.87
6459,49.51,99.94,31.38,29.25,30.58,30.58,33.01,30.75,31.29,32.03,32.51,32.12,55.35,36.96,33.21,31.93,40.43,44.6,38.01,38.97,39.11,38.69,45.16,101.83
6480,39.68,99.94,31.38,29.25,30.58,30.58,33.11,30.75,31.11,32.03,32.51,32.12,55.35,36.96,33.21,31.93,40.27,44.6,38.01,38.97,39.25,38.69,43.35,101.83
6498,92.25,101.83,31.38,29.25,30.58,30.58,32.91,30.75,31.11,31.93,32.41,32.12,55.64,36.96,33.21,32.03,40.43,44.42,38.01,38.97,39.25,38.69,45.74,99.94
6519,38.41,99.94,33.62,29.25,30.58,30.58,32.91,30.75,31.11,32.03,32.51,32.12,55.35,36.96,33.21,31.93,40.43,44.6,38.01,38.97,39.25,38.69,44.42,100.87
6537,38.55,100.87,41.04,29.25,30.58,30.58,32.91,30.75,31.11,31.93,32.51,32.12,55.35,36.96,33.21,31.93,40.43,44.79,38.01,38.97,39.25,38.69,43.17,100.87
6558,48.19,100.87,44.06,29.25,30.58,30.58,33.01,30.75,31.02,31.93,32.51,32.12,55.92,36.84,33.21,31.93,40.43,44.97,38.01,38.97,39.25,38.69,44.79,100.87
6578,44.42,94.68,36.84,29.25,30.58,30.58,33.01,30.75,31.02,31.93,32.51,32.12,55.35,36.96,33.21,32.03,40.43,44.79,38.01,38.97,39.25,38.69,43,99.94
6597,95.52,101.83,31.29,29.25,30.58,30.58,32.91,30.75,31.02,31.93,32.51,32.12,56.22,36.96,33.21,32.03,40.43,44.79,38.01,38.97,39.25,38.69,43.35,100.87
6617,97.24,101.83,31.29,29.25,30.58,30.58,32.91,30.75,31.02,31.93,32.51,32.12,56.22,36.84,33.21,32.03,40.43,44.79,38.01,38.97,39.25,38.69,43,99.94
6635,97.24,100.87,31.2,29.25,30.58,30.58,33.01,30.75,31.11,31.93,32.51,32.12,56.22,36.96,33.21,31.93,40.43,44.97,38.01,38.97,39.25,38.69,43,99.02
6656,97.24,101.83,31.2,29.25,30.58,30.58,33.01,30.75,31.11,31.93,32.51,32.12,55.64,36.96,33.21,32.03,40.43,44.79,38.01,38.97,39.25,38.69,43,99.94
6674,96.37,101.83,31.29,29.25,30.66,30.58,37.22,30.75,31.02,31.93,32.41,32.12,55.92,36.96,33.21,32.03,40.43,44.6,38.01,38.97,39.25,38.69,43,99.02
6695,97.24,101.83,31.29,29.33,30.58,30.58,38.41,30.75,31.02,31.84,32.51,32.12,55.35,36.96,33.21,32.03,40.43,44.79,38.01,38.97,39.25,38.55,44.42,101.83
6713,97.24,102.8,31.29,29.33,30.58,30.58,39.39,30.75,31.02,31.84,32.51,32.12,56.51,36.96,33.11,32.03,40.43,44.79,38.01,38.97,39.25,38.69,44.6,101.83
6734,97.24,102.8,31.29,29.25,30.58,30.58,33.01,30.75,31.02,31.93,32.51,32.12,58.66,36.96,33.21,32.03,40.43,44.6,38.01,38.97,39.25,38.69,43,101.83
6754,97.24,102.8,31.29,29.25,30.58,30.58,33.01,30.75,31.02,31.93,32.51,32.12,56.81,36.96,33.21,32.03,40.43,44.79,38.01,38.97,39.11,38.55,43,101.83
6773,90.7,101.83,31.2,29.25,30.58,30.58,33.11,30.75,31.02,31.93,32.51,32.12,55.07,36.96,33.11,32.03,40.43,44.6,38.01,38.97,39.11,38.55,43,100.87
6793,48.62,100.87,31.2,29.25,30.58,30.58,36.22,30.75,31.02,31.75,32.51,32.12,55.35,36.96,33.11,32.03,40.43,44.6,38.01,38.97,39.25,38.41,43.17,100.87
6812,47.55,99.94,31.2,29.25,30.58,30.58,41.84,30.75,31.02,31.75,32.51,32.12,55.64,36.96,33.21,31.93,40.43,44.42,38.01,38.83,39.25,38.55,43,100.87
6832,48.84,100.87,31.2,29.25,30.58,30.58,33.01,30.75,31.02,31.75,32.41,32.12,55.64,36.96,33.11,32.03,40.43,44.42,38.01,38.83,39.11,38.55,43,100.87
6850,41.51,99.94,31.2,29.25,30.58,30.58,33.01,30.75,31.02,31.75,32.51,32.12,55.07,36.96,33.11,32.03,40.43,44.6,37.87,38.83,39.11,38.55,43,100.87
6871,97.24,101.83,31.2,29.25,30.58,30.58,32.91,30.66,31.02,31.75,32.51,32.12,55.07,36.96,33.11,32.03,40.12,44.6,38.01,38.83,39.11,38.55,43,101.83
6889,98.12,102.8,31.2,29.25,30.58,30.58,33.01,30.75,31.02,31.75,32.51,32.12,55.07,36.96,33.11,32.03,40.43,44.6,38.01,38.83,39.25,38.55,43,99.94
6910,97.24,101.83,31.2,29.25,30.58,30.58,32.91,30.75,31.02,31.75,32.51,32.12,55.35,36.96,33.11,32.03,40.43,44.6,38.01,38.83,38.97,38.55,43.17,101.83
6930,97.24,101.83,31.2,29.25,30.58,30.58,32.91,30.75,31.02,31.75,32.51,32.12,55.35,36.96,33.11,32.03,40.43,44.6,38.01,38.83,39.25,38.55,43,101.83
6949,97.24,101.83,31.2,29.25,30.58,30.58,47.76,30.75,31.02,31.75,32.51,32.12,55.07,36.96,33.11,32.03,40.43,44.42,38.01,38.83,39.11,38.55,43.17,100.87
6969,97.24,101.83,31.2,29.33,30.58,30.58,51.15,30.75,31.02,31.75,32.41,32.12,54.79,36.96,33.11,32.03,40.43,44.6,38.01,38.83,39.25,38.55,43.17,101.83
6988,96.37,84.99,31.2,29.25,30.58,30.58,44.24,30.75,31.02,31.75,32.51,32.12,55.35,36.96,33.11,32.03,40.43,44.6,38.01,38.83,39.25,38.55,43,100.87
7008,95.52,100.87,31.2,29.33,30.58,30.58,32.91,30.75,31.02,31.75,32.51,32.12,55.64,36.96,33.11,32.03,40.43,44.6,38.01,38.83,39.11,38.55,43,100.87
7027,78.78,99.02,31.2,29.33,30.58,30.58,49.51,30.75,31.02,31.75,32.51,32.12,55.07,36.84,33.11,32.03,40.43,44.42,38.01,38.83,39.25,38.55,43,100.87
7047,80.55,99.02,31.2,29.25,30.58,30.58,32.91,30.75,31.02,31.75,32.41,32.12,55.07,36.96,33.11,32.03,40.43,44.6,38.01,38.83,39.11,38.69,43,101.83
7066,96.37,101.83,31.29,29.25,30.58,30.58,32.91,30.75,31.02,31.75,32.51,32.12,54.79,36.96,33.11,32.03,40.43,44.6,38.01,38.83,39.11,38.55,43,100.87
7086,96.37,101.83,31.29,29.33,30.58,30.58,32.91,30.75,31.02,31.75,32.51,32.12,54.79,36.96,33.11,32.03,40.43,44.42,38.01,38.97,39.11,38.69,43,100.87
7104,96.37,100.87,35.16,29.25,30.58,30.58,32.91,30.75,31.02,31.75,32.51,32.12,54.79,36.96,33.21,32.03,40.43,44.42,38.01,38.83,39.11,38.55,43,101.83
7125,97.24,100.87,31.29,29.25,30.58,30.58,32.91,30.75,31.02,31.75,32.51,32.12,55.64,36.96,33.11,31.93,40.27,44.42,38.01,38.83,39.11,38.55,43,100.87
7145,95.52,54.24,31.2,29.25,30.58,30.58,32.91,30.66,31.02,31.75,32.51,32.12,55.35,36.96,33.11,32.03,40.43,44.42,38.01,38.83,39.11,38.55,43,100.87
7164,97.24,101.83,31.29,29.25,30.58,30.49,32.91,30.75,31.02,31.75,32.41,32.12,55.64,36.96,33.21,32.03,40.27,44.42,38.01,38.83,39.11,38.55,43,101.83
7184,97.24,101.83,31.29,29.25,30.58,30.58,32.91,30.66,31.02,31.75,32.51,32.12,57.11,36.96,33.11,32.03,40.43,44.42,38.01,38.97,39.25,38.69,43,101.83
7205,97.24,101.83,31.2,29.25,30.58,30.49,33.01,30.75,31.02,31.75,32.51,32.12,58.66,36.96,33.11,31.93,40.43,44.42,38.01,38.83,39.11,38.69,43,100.87
7223,95.52,101.83,31.2,29.25,30.58,30.49,32.91,30.75,31.02,31.75,32.51,32.12,59.31,36.96,33.11,32.03,40.27,44.42,38.01,38.83,39.11,38.55,42.83,101.83
7244,97.24,99.94,31.29,29.33,30.58,30.58,46.93,30.66,31.02,31.75,32.41,32.12,58.03,36.96,33.21,32.03,40.12,44.42,38.01,38.83,39.11,38.55,43,100.87
7262,94.68,77.65,31.29,29.25,30.58,30.49,45.16,30.75,31.02,31.75,32.51,32.12,58.34,36.96,33.21,32.03,40.43,44.42,38.01,38.83,39.25,38.69,43,99.94
7283,95.52,54.51,31.29,29.25,30.58,30.58,50.91,30.75,31.02,31.75,32.51,32.12,58.03,36.96,33.21,32.03,40.43,44.42,38.01,38.83,39.25,38.55,42.83,101.83
7303,97.24,100.87,31.29,29.25,30.58,30.58,47.13,30.75,31.11,31.75,32.41,32.12,58.66,36.96,33.11,32.03,40.43,44.6,38.01,38.83,39.11,38.55,43,101.83
7322,97.24,101.83,31.29,29.25,30.58,30.58,45.16,30.75,31.11,31.75,32.41,32.12,58.34,36.96,33.21,32.03,40.43,44.6,38.01,38.83,39.11,38.69,43,101.83
7342,97.24,101.83,31.29,29.25,30.58,30.58,44.24,30.75,31.11,31.84,32.51,32.12,56.51,36.96,33.11,32.03,40.43,44.6,38.01,38.83,39.11,38.69,43,101.83
7360,96.37,101.83,31.29,29.25,30.58,30.58,47.13,30.75,31.02,31.84,32.41,32.12,55.64,36.84,33.21,32.03,40.43,44.6,38.01,38.83,39.11,38.69,43,100.87
7381,95.52,96.37,31.29,29.33,30.58,30.58,46.73,30.75,31.02,31.84,32.51,32.12,55.64,36.84,33.21,32.03,40.43,44.79,38.01,38.97,39.25,38.69,43,101.83
7399,96.37,101.83,32.41,29.25,30.58,30.58,45.35,30.75,31.02,31.93,32.51,32.12,55.35,36.84,33.21,32.03,40.43,44.79,38.01,38.97,39.25,38.69,43,101.83
7420,97.24,101.83,31.29,29.25,30.58,30.58,46.73,30.66,31.11,31.84,32.41,32.12,55.35,36.96,33.11,32.03,40.43,44.79,38.01,38.97,39.11,38.69,43,101.83
7438,97.24,101.83,31.29,29.25,30.58,30.58,49.29,30.75,31.38,31.93,32.51,32.12,55.92,36.96,33.21,32.03,40.43,44.97,38.01,38.97,39.25,38.69,43,101.83
7459,96.37,101.83,31.29,29.25,30.58,30.58,46.93,30.75,31.84,31.93,32.51,32.12,55.92,36.96,33.11,32.03,40.43,44.79,38.01,38.97,39.25,38.69,43,101.83
7479,96.37,101.83,31.29,29.25,30.58,30.58,32.12,30.75,31.38,31.93,32.51,32.12,56.22,36.96,33.21,32.03,40.43,45.16,38.01,38.97,39.11,38.69,43,102.8
7498,96.37,101.83,31.29,29.25,30.58,30.58,32.22,30.75,31.38,31.84,32.41,32.12,56.22,36.96,33.21,32.03,40.27,44.97,38.01,38.97,39.11,38.69,43,101.83
7518,96.37,101.83,31.29,29.25,30.58,30.58,32.12,30.75,31.29,31.84,32.51,32.12,55.64,36.96,33.21,32.03,40.27,45.16,38.01,38.97,39.11,38.69,43,101.83
7537,95.52,85.66,31.29,29.33,30.58,30.58,32.12,30.75,31.29,31.93,32.41,32.12,56.22,36.96,33.21,32.03,40.43,44.42,38.01,38.97,39.11,38.69,42.83,101.83
7557,96.37,86.35,31.29,29.33,30.58,30.49,32.12,30.75,31.29,31.84,32.51,32.12,56.22,36.96,33.21,32.03,40.43,44.42,38.01,38.97,39.25,38.55,43,101.83
7575,97.24,102.8,31.29,29.33,30.58,30.58,32.12,30.75,31.29,31.93,32.41,32.12,55.92,36.96,33.21,32.03,40.43,44.42,38.01,38.83,39.25,38.69,43,101.83
7596,96.37,99.94,31.29,29.25,30.58,30.58,32.22,30.75,32.22,31.93,32.41,32.12,55.35,36.96,33.21,32.03,40.43,44.24,38.01,38.97,39.25,38.69,43,101.83
7614,95.52,65.02,31.29,29.25,30.58,30.58,32.12,30.75,32.22,31.93,32.41,32.12,55.64,36.96,33.21,32.03,40.43,44.42,38.01,38.97,39.25,38.69,43,101.83
7635,94.68,52.4,31.29,29.25,30.58,30.58,42,30.75,32.22,31.93,32.41,32.12,55.35,36.96,33.21,32.03,40.43,44.42,38.01,38.97,39.11,38.69,43,102.8
7655,96.37,101.83,31.38,29.25,30.58,30.58,45.35,30.75,31.38,31.93,32.51,32.12,55.64,36.96,33.21,32.03,40.43,44.42,38.01,38.97,39.11,38.55,43,99.94
7674,94.68,49.06,31.38,29.25,30.58,30.58,41.67,30.75,31.47,31.84,32.51,32.12,55.07,36.84,33.21,32.03,40.27,44.42,38.01,38.97,39.25,38.69,43,100.87
7694,96.37,100.87,31.38,29.25,30.58,30.58,41.84,30.75,31.29,31.93,32.51,32.12,54.51,36.96,33.21,31.93,40.43,44.42,38.01,38.97,39.25,38.69,43,101.83
7713,96.37,65.02,31.29,29.25,30.58,30.58,42.16,30.75,31.29,31.93,32.41,32.12,54.24,36.84,33.21,31.93,40.43,44.42,38.01,38.97,39.25,38.69,43,101.83
7733,95.52,91.47,31.38,29.25,30.58,30.58,33.94,30.75,31.29,31.93,32.51,32.12,54.51,36.96,33.21,31.93,40.27,44.24,38.01,38.97,39.25,38.69,43,101.83
7752,95.52,101.83,31.29,29.25,30.58,30.58,33.01,30.75,31.38,31.93,32.51,32.12,55.92,36.96,33.21,32.03,40.27,44.42,38.01,38.97,39.11,38.69,43,101.83
7772,95.52,101.83,31.29,29.25,30.58,30.58,33.11,30.75,31.38,31.93,32.51,32.12,56.81,36.96,33.21,32.03,40.27,44.42,38.01,38.97,39.11,38.69,43,100.87
7791,96.37,101.83,31.29,29.25,30.58,30.58,48.84,30.75,31.29,31.93,32.51,32.12,54.79,36.84,33.21,31.93,40.12,44.42,38.01,38.97,39.11,38.69,43,100.87
7811,96.37,98.12,31.38,29.25,30.58,30.58,54.24,30.75,31.29,31.93,32.51,32.12,53.7,36.96,33.21,31.93,40.27,44.42,38.01,38.83,39.11,38.69,43,100.87
7831,94.68,100.87,31.38,29.25,30.58,30.58,53.97,30.75,31.29,31.93,32.51,32.12,53.43,36.96,33.21,31.93,40.27,44.42,38.01,38.97,39.11,38.69,43,101.83
7850,95.52,101.83,45.74,29.25,30.58,30.58,63.87,30.75,31.38,31.93,32.51,32.12,53.97,36.96,33.21,31.93,40.43,44.42,38.01,38.97,39.25,38.69,43,101.83
7870,77.1,101.83,48.62,29.25,30.49,30.58,63.49,30.75,31.38,31.93,32.51,32.12,54.51,36.96,33.21,31.93,40.43,44.42,38.01,38.97,39.25,38.69,43,100.87
7889,93.05,83.67,48.4,29.25,30.58,30.58,52.65,30.75,31.38,31.93,32.51,32.12,53.43,36.96,33.21,31.93,40.43,44.42,38.14,38.97,39.11,38.69,42.83,100.87
7909,95.52,94.68,48.19,29.25,30.58,30.58,51.89,30.75,31.38,31.93,32.51,32.12,52.65,36.96,33.21,31.93,40.43,44.42,38.01,38.83,39.25,38.55,43,101.83
7928,95.52,98.12,47.97,29.25,30.58,30.58,48.19,30.75,31.29,32.12,32.51,32.12,52.91,36.96,33.21,31.93,40.43,44.42,38.01,38.97,39.25,38.55,43,101.83
7948,95.52,100.87,47.76,29.25,30.58,30.58,40.73,30.75,31.38,32.03,32.51,32.12,52.91,36.96,33.21,31.93,40.43,44.6,38.01,38.97,39.11,38.69,43,101.83
7967,95.52,99.94,47.55,29.25,30.58,30.58,42.49,30.75,31.38,32.12,32.51,32.12,53.17,36.96,33.21,31.93,40.27,44.6,38.14,38.97,39.25,38.69,42.83,101.83
7987,94.68,99.02,35.98,29.25,30.58,30.58,44.06,30.75,31.38,32.03,32.41,32.12,53.17,36.96,33.11,31.93,40.43,44.6,38.01,38.97,39.25,38.69,43,101.83
8008,95.52,99.94,35.16,29.25,30.58,30.58,42,30.75,31.38,32.12,32.51,32.12,53.43,36.96,33.21,31.93,40.27,44.6,38.01,38.97,39.25,38.69,43,101.83
8026,94.68,99.02,31.38,29.25,30.58,30.49,46.13,30.75,31.38,32.12,32.51,32.12,53.43,36.96,33.21,31.93,40.43,44.6,38.14,38.83,39.25,38.69,43,100.87
8047,94.68,99.02,31.38,29.25,30.58,30.58,42.66,30.75,31.38,32.12,32.51,32.12,53.7,36.96,33.21,31.93,40.43,44.6,38.01,38.83,39.11,38.55,43,102.8
8065,94.68,99.02,31.38,29.25,30.58,30.49,44.6,30.75,31.38,32.12,32.51,32.12,53.97,36.96,33.21,31.93,40.27,48.4,38.01,38.97,39.25,38.69,42.83,102.8
8085,93.86,98.12,31.38,29.25,30.58,30.58,45.74,30.75,31.38,32.03,32.51,32.12,54.24,36.96,33.21,31.93,40.43,44.6,38.01,38.97,39.25,38.69,43,101.83
8104,93.86,99.02,31.38,29.25,30.58,30.58,41.2,30.75,31.38,32.03,32.51,32.12,53.97,36.96,33.11,31.93,40.43,44.6,38.14,38.97,39.25,38.69,43,101.83
8124,94.68,99.02,31.38,29.25,30.58,30.58,36.22,30.75,31.38,32.03,32.51,32.12,53.97,36.96,33.21,31.93,40.43,44.6,38.14,38.97,39.11,38.69,42.83,101.83
8143,94.68,99.02,31.38,29.25,30.58,30.58,38.27,30.75,31.38,32.03,32.51,32.12,56.51,36.96,33.21,31.93,40.43,73.43,38.14,38.97,39.25,38.69,43,102.8
8163,94.68,99.02,31.38,29.25,30.58,30.58,52.65,30.75,31.38,32.03,32.51,32.12,56.51,36.96,33.11,31.93,40.43,44.42,38.01,38.97,39.25,38.69,43,102.8
8184,93.86,98.12,31.38,29.25,30.58,30.58,46.93,30.75,31.38,32.12,32.51,32.12,56.51,36.84,33.21,31.93,40.43,44.6,38.01,38.97,39.25,38.69,43,102.8
8202,93.86,98.12,31.38,29.25,30.58,30.58,48.62,30.75,31.38,32.12,32.51,32.12,55.35,36.96,33.11,31.93,40.27,44.42,38.14,38.97,39.25,38.69,43,101.83
8223,93.86,98.12,31.38,29.25,30.58,30.58,59.96,30.75,31.38,31.93,32.51,32.12,55.64,36.84,33.21,31.93,40.43,44.6,38.14,38.97,39.25,38.69,43,101.83
8241,93.05,97.24,31.38,29.25,30.58,30.58,46.32,30.75,31.38,32.03,32.51,32.12,55.64,36.96,33.21,31.93,40.43,44.6,38.14,38.97,39.25,38.55,43,102.8
8262,93.86,97.24,31.38,29.25,30.58,30.58,32.32,30.75,31.38,32.03,32.51,32.12,56.81,36.96,33.21,31.93,40.27,44.42,38.01,38.97,39.25,38.69,43,101.83
8280,93.05,96.37,31.38,29.25,30.58,30.58,32.22,30.75,31.11,32.03,32.51,32.12,56.81,36.84,33.11,31.93,40.43,44.6,38.14,38.97,39.25,38.69,43,101.83
8300,93.05,97.24,31.38,29.25,30.58,30.58,32.22,30.75,31.11,31.93,32.51,32.12,56.81,36.96,33.21,31.93,40.27,44.6,38.14,38.97,39.11,38.69,43,102.8
8319,93.05,97.24,31.38,29.25,30.58,30.58,32.12,30.75,31.29,31.93,32.51,32.12,56.81,36.96,33.21,31.93,40.43,45.93,38.14,38.97,39.11,38.69,43,101.83
8339,93.05,95.52,31.47,29.25,30.58,30.58,32.12,30.75,31.29,31.93,32.51,32.12,56.51,36.96,33.21,31.93,40.27,45.93,38.14,38.97,39.25,38.69,43,102.8
8360,93.86,97.24,31.47,29.25,30.58,30.58,49.29,30.75,31.29,31.93,32.51,32.12,56.81,36.96,33.21,31.93,40.43,45.93,38.14,38.97,39.25,38.69,43,101.83
8378,93.86,97.24,31.47,29.25,30.58,30.58,49.29,30.75,31.29,31.93,32.51,32.12,57.11,36.96,33.21,31.93,40.43,45.93,38.14,38.97,39.25,38.69,43,102.8
8399,93.86,97.24,31.47,29.25,30.58,30.58,44.97,30.75,31.11,32.03,32.51,32.12,57.11,36.96,33.21,31.84,40.27,45.93,38.14,38.97,39.25,38.69,43,101.83
8417,93.86,98.12,31.47,29.25,30.58,30.58,52.14,30.75,31.11,32.03,32.51,32.12,56.81,36.96,33.21,31.93,40.43,45.93,38.14,39.11,39.25,38.69,43,102.8
8438,93.86,98.12,31.47,29.25,30.58,30.58,53.7,30.75,31.11,31.93,32.51,32.03,57.11,36.96,33.21,31.93,40.43,45.93,38.14,38.97,39.25,38.69,43,99.94
8456,93.86,98.12,31.47,29.25,30.58,30.58,49.51,30.75,31.11,32.03,32.51,32.12,56.81,36.96,33.11,31.93,40.43,45.93,38.14,38.97,39.25,38.69,43.17,99.02
8477,93.86,98.12,31.47,29.25,30.58,30.58,55.07,30.75,31.11,32.03,32.51,32.12,56.81,36.96,33.21,31.93,40.43,45.93,38.01,39.11,39.25,38.69,43,101.83
8497,93.86,99.02,31.56,29.25,30.58,30.66,47.13,30.75,31.11,31.93,32.51,32.12,57.11,36.96,33.21,31.84,40.43,45.93,38.14,38.97,39.25,38.69,43,101.83
8518,94.68,99.02,31.47,29.25,30.58,30.66,44.42,30.75,31.11,31.93,32.51,32.12,56.81,36.96,33.21,31.93,40.43,45.93,38.14,39.11,39.25,38.69,43,101.83
8536,94.68,99.02,31.56,29.25,30.58,30.66,46.13,30.75,31.11,31.93,32.51,32.12,57.11,36.96,33.21,31.93,40.43,45.93,38.14,38.97,39.25,38.69,43,101.83
8556,94.68,99.02,31.56,29.25,30.58,30.66,49.74,30.75,31.11,32.03,32.51,32.12,56.22,36.96,33.21,31.93,40.43,45.93,38.01,38.97,39.11,38.69,43,102.8
8575,95.52,99.94,31.47,29.25,30.58,30.66,38.14,30.75,31.11,31.93,32.51,32.12,57.11,36.84,33.21,31.93,40.27,45.93,38.14,38.97,39.25,38.69,43,101.83
8595,95.52,99.94,31.56,29.25,30.58,30.66,61.33,30.75,31.11,32.03,32.51,32.12,56.51,36.84,33.11,31.93,40.43,45.93,38.14,38.97,39.25,38.69,43,101.83
8614,94.68,99.94,31.56,29.25,30.58,30.66,43.88,30.75,31.11,32.03,32.51,32.12,56.81,36.96,33.11,31.84,40.43,45.93,38.14,38.97,39.25,38.55,43,101.83
8634,95.52,99.94,31.56,29.25,30.58,30.66,41.35,30.75,31.11,32.03,32.51,32.12,56.81,36.96,33.21,31.93,40.43,45.93,38.14,38.97,39.25,38.69,43,102.8
8653,96.37,100.87,31.56,29.25,30.58,30.66,44.42,30.75,31.11,32.03,32.51,32.12,56.81,36.96,33.21,31.93,40.43,45.93,38.14,38.97,39.25,38.55,43,102.8
8673,96.37,101.83,31.47,29.25,30.58,30.66,33.21,30.75,31.11,32.03,32.51,32.12,56.51,36.96,33.21,31.84,40.43,45.93,38.14,38.97,39.25,38.69,43,101.83
8694,96.37,100.87,31.56,29.25,30.58,30.66,32.91,30.75,31.11,32.03,32.51,32.12,57.11,36.96,33.21,31.93,40.43,45.93,38.14,38.97,39.25,38.69,43,101.83
8712,96.37,101.83,31.56,29.25,30.58,30.66,32.91,30.75,31.11,31.93,32.51,32.12,57.72,36.96,33.21,31.93,40.43,46.13,38.14,39.11,39.11,38.69,43,101.83
8733,96.37,101.83,31.56,29.25,30.58,30.66,32.91,30.75,31.11,32.03,32.51,32.12,57.11,36.96,33.21,31.93,40.43,45.93,38.14,38.97,39.25,38.69,43,101.83
8751,96.37,101.83,31.56,29.25,30.58,30.66,33.01,30.75,31.11,32.03,32.51,32.12,56.81,36.96,33.21,31.93,40.43,45.93,38.14,39.11,39.25,38.69,43,101.83
8771,97.24,101.83,31.56,29.25,30.58,30.66,32.91,30.75,31.11,32.03,32.51,32.12,56.81,36.96,33.21,31.93,40.43,45.93,38.14,38.97,39.25,38.69,43,101.83
8790,96.37,101.83,31.56,29.25,30.58,30.66,32.91,30.75,31.11,32.03,32.41,32.12,57.11,36.96,33.21,31.93,40.43,45.74,38.01,38.97,39.25,38.69,43,101.83
8810,97.24,102.8,31.56,29.25,30.58,30.66,32.91,30.75,31.2,32.03,32.51,32.12,56.51,36.96,33.21,31.93,40.43,45.93,38.14,38.97,39.25,38.69,43,102.8
8829,96.37,101.83,31.56,29.25,30.58,30.66,40.43,30.75,31.11,32.03,32.51,32.12,56.51,36.96,33.21,31.93,40.43,45.93,38.14,39.11,39.25,38.69,43,102.8
8849,97.24,102.8,31.56,29.25,30.58,30.66,33.01,30.75,31.11,32.03,32.51,32.12,56.81,36.96,33.21,31.93,40.43,53.97,38.14,38.97,39.25,38.69,43,102.8
8870,97.24,102.8,31.65,29.25,30.58,30.66,33.01,30.75,31.11,32.03,32.51,32.12,56.81,36.96,33.11,31.93,40.12,55.07,38.14,38.97,39.25,38.69,43,101.83
8888,95.52,101.83,32.32,29.25,30.58,30.66,32.91,30.75,31.11,32.03,32.51,32.12,56.51,36.96,33.21,31.93,40.43,53.97,38.14,38.97,39.25,38.69,43,101.83
8909,96.37,102.8,31.47,29.25,30.58,30.66,33.01,30.75,31.11,32.03,32.51,32.12,56.51,36.96,33.21,31.93,40.27,55.35,38.01,38.97,39.25,38.69,43,101.83
8927,97.24,102.8,31.56,29.33,30.58,30.66,33.11,30.75,31.11,32.03,32.51,32.12,57.41,36.96,33.21,31.93,40.43,56.22,38.14,38.97,39.11,38.69,43,101.83
8948,97.24,101.83,31.65,29.25,30.58,30.66,33.11,30.75,31.11,32.03,32.51,32.12,56.51,36.96,33.11,31.93,40.43,56.51,38.01,38.97,39.25,38.69,43,101.83
8966,96.37,102.8,39.39,29.25,30.58,30.66,32.91,30.75,31.11,32.03,32.41,32.12,56.81,36.96,33.21,31.93,40.27,55.35,38.14,38.97,39.25,38.69,43,101.83
8987,97.24,100.87,31.56,29.25,30.58,30.66,32.91,30.75,31.11,32.03,32.41,32.12,56.51,36.96,33.11,31.84,40.43,52.14,38.14,39.11,39.25,38.69,43,101.83
9005,97.24,101.83,31.56,29.25,30.58,30.66,33.01,30.75,31.11,31.93,32.51,32.12,57.11,36.96,33.21,31.93,40.43,62.75,38.01,38.97,39.25,38.69,43,101.83
9025,96.37,101.83,31.47,29.25,30.58,30.58,33.01,30.75,31.11,31.93,32.41,32.12,57.11,36.96,33.21,31.93,40.43,55.64,38.14,38.97,39.25,38.69,43,102.8
9044,97.24,102.8,31.47,29.25,30.58,30.66,32.91,30.75,31.11,31.93,32.51,32.12,54.79,36.96,33.21,31.93,40.43,66.22,38.01,38.97,39.25,38.69,43,102.8
9064,97.24,102.8,31.47,29.25,30.58,30.58,33.01,30.75,31.11,31.93,32.41,32.12,54.51,36.96,33.21,31.93,40.43,67.04,38.01,38.97,39.25,38.69,43.17,101.83
9085,97.24,102.8,31.47,29.25,30.58,30.66,32.91,30.75,31.11,32.03,32.51,32.12,54.79,36.96,33.21,31.93,40.43,67.88,38.14,38.97,39.25,38.69,43,101.83
9103,97.24,102.8,31.47,29.25,30.58,30.66,32.91,30.75,31.02,32.03,32.51,32.12,54.51,36.96,33.21,31.93,40.43,57.11,38.01,38.97,39.25,38.69,43,101.83
9124,97.24,101.83,31.47,29.25,30.58,30.58,33.01,30.75,31.02,32.03,32.51,32.12,55.07,36.96,33.21,31.93,40.43,55.35,38.01,38.97,39.25,38.69,43,101.83
9142,97.24,102.8,31.47,29.25,30.58,30.58,33.01,30.75,31.02,32.03,32.41,32.12,54.79,36.96,33.21,31.93,40.43,57.41,38.01,38.97,39.25,38.69,43,101.83
9163,97.24,101.83,31.47,29.25,30.58,30.58,33.11,30.75,31.11,32.03,32.51,32.12,54.51,36.96,33.21,31.93,40.43,58.03,38.14,38.97,39.25,38.69,43,101.83
9181,97.24,102.8,34.05,29.25,30.58,30.58,33.21,30.75,31.11,32.03,32.51,32.12,54.51,36.96,33.21,31.93,40.43,55.92,38.01,38.97,39.25,38.69,43,101.83
9202,97.24,102.8,31.38,29.25,30.58,30.58,33.01,30.75,31.11,32.03,32.51,32.12,55.64,36.96,33.21,31.93,40.43,56.51,38.01,38.97,39.25,38.69,43,101.83
9222,97.24,102.8,31.29,29.25,30.58,30.58,33.01,30.75,31.11,31.93,32.51,32.12,55.64,36.96,33.11,31.93,40.43,53.97,38.01,38.97,39.25,38.69,43,100.87
9240,96.37,53.43,31.29,29.25,30.58,30.58,33.01,30.75,31.11,32.03,32.51,32.12,55.35,36.96,33.21,31.93,40.43,58.34,38.01,38.97,39.25,38.69,43.17,101.83
9261,97.24,101.83,31.29,29.25,30.58,30.58,33.11,30.75,31.02,32.03,32.51,32.12,55.35,36.96,33.11,31.93,40.43,55.92,38.01,38.97,39.11,38.69,43,101.83
9279,97.24,100.87,31.29,29.25,30.58,30.58,33.11,30.75,31.02,31.93,32.51,32.12,56.51,36.96,33.11,31.93,40.43,56.51,38.01,38.97,39.25,38.69,43,101.83
9300,97.24,101.83,31.29,29.25,30.58,30.58,33.11,30.75,31.02,31.93,32.51,32.12,56.51,36.96,33.21,31.93,40.43,55.64,38.01,38.97,39.25,38.69,43,100.87
9318,95.52,101.83,31.2,29.25,30.58,30.58,33.21,30.75,31.02,31.93,32.51,32.12,56.22,36.96,33.11,31.93,40.43,56.22,38.01,38.97,39.25,38.69,43,101.83
9339,97.24,99.02,31.29,29.25,30.58,30.58,33.01,30.75,31.02,31.93,32.51,32.12,56.51,36.96,33.11,31.93,40.43,54.79,38.01,38.97,39.25,38.69,43,101.83
9357,96.37,100.87,31.29,29.25,30.58,30.58,45.54,30.75,31.11,31.93,32.51,32.12,58.03,36.96,33.21,31.93,40.43,51.89,38.01,38.97,39.25,38.69,43,101.83
9378,96.37,91.47,31.2,29.25,30.58,30.58,38.01,30.75,31.02,31.93,32.51,32.12,58.98,36.84,33.21,31.93,40.43,51.15,38.01,38.97,39.25,38.69,42.83,100.87
9398,96.37,101.83,31.2,29.25,30.58,30.58,33.01,30.75,31.11,31.93,32.51,32.12,58.66,36.96,33.21,31.93,40.43,48.4,38.01,38.97,39.11,38.69,43,101.83
9417,97.24,101.83,31.2,29.25,30.58,30.58,33.01,30.75,31.11,31.93,32.51,32.12,58.98,36.96,33.21,31.93,40.27,51.64,38.01,38.97,39.25,38.69,43,101.83
9437,97.24,102.8,31.2,29.25,30.58,30.58,33.01,30.75,31.02,31.93,32.51,32.12,58.98,36.96,33.21,32.03,40.43,55.35,38.01,38.97,39.25,38.55,43,101.83
9456,96.37,96.37,31.2,29.25,30.58,30.58,33.01,30.75,31.02,31.93,32.41,32.12,59.31,36.96,33.21,32.03,40.43,54.79,38.01,38.97,39.25,38.69,43,100.87
9476,95.52,100.87,31.29,29.25,30.58,30.58,33.01,30.75,31.02,31.93,32.51,32.12,59.31,36.96,33.21,32.03,40.43,58.34,38.01,38.97,39.25,38.69,43,100.87
9494,96.37,101.83,31.29,29.25,30.58,30.58,33.01,30.75,31.02,31.93,32.51,32.12,58.98,36.96,33.21,31.93,40.43,57.41,38.01,38.97,39.11,38.55,43,100.87
9515,95.52,102.8,31.29,29.25,30.58,30.58,35.27,30.75,31.02,31.93,32.41,32.12,59.31,36.96,33.21,32.03,40.43,57.11,38.01,38.97,39.11,38.69,43,100.87
9533,95.52,100.87,31.2,29.25,30.49,30.58,49.29,30.75,31.11,31.93,32.51,32.12,58.66,36.96,33.21,31.93,40.43,55.64,38.01,38.97,39.25,38.69,43,100.87
9554,96.37,101.83,31.29,29.25,30.58,30.58,50.44,30.75,31.11,31.93,32.51,32.12,59.31,36.96,33.21,32.03,40.43,56.22,38.01,38.97,39.11,38.55,43,99.94
9574,93.05,101.83,31.2,29.25,30.58,30.58,50.67,30.75,31.11,31.93,32.51,32.12,59.31,36.96,33.21,31.93,40.27,44.42,38.01,38.97,39.25,38.69,43,99.94
9593,39.54,99.94,31.2,29.25,30.58,30.58,49.97,30.75,31.11,31.93,32.41,32.12,59.31,36.96,33.21,32.03,40.43,44.79,38.01,38.97,39.11,38.69,43,100.87
9613,95.52,101.83,31.2,29.25,30.58,30.58,50.44,30.75,31.2,31.93,32.51,32.12,58.98,36.96,33.21,31.93,40.27,44.79,38.01,38.97,39.25,38.69,43,100.87
9632,73.43,100.87,31.2,29.25,30.58,30.58,49.97,30.75,31.2,31.93,32.51,32.12,58.03,36.96,33.21,31.93,40.27,44.97,37.87,38.83,39.11,38.69,43,100.87
9652,71.48,100.87,31.2,29.25,30.58,30.58,51.15,30.75,31.2,31.93,32.41,32.12,58.34,36.96,33.21,32.03,40.43,45.16,38.01,38.97,39.25,38.69,43,99.94
9671,92.25,101.83,31.2,29.25,30.58,30.58,50.44,30.75,31.2,31.93,32.51,32.12,58.66,36.96,33.21,32.03,40.43,45.16,38.01,38.97,39.25,38.69,43,100.87
9691,96.37,101.83,31.2,29.25,30.58,30.58,51.4,30.75,31.11,31.93,32.51,32.12,58.98,36.96,33.31,31.93,40.43,45.16,38.01,38.97,39.25,38.69,43,100.87
9709,97.24,101.83,31.2,29.25,30.58,30.58,51.89,30.75,31.02,31.93,32.51,32.12,58.98,36.96,33.21,32.03,40.43,45.16,38.01,38.97,39.25,38.55,43,100.87
9730,96.37,99.02,31.2,29.33,30.58,30.58,50.91,30.75,31.02,31.93,32.41,32.12,58.66,36.96,33.21,32.03,40.43,45.54,38.01,38.97,39.25,38.69,43,100.87
9750,97.24,100.87,31.29,29.25,30.58,30.58,50.91,30.75,31.02,31.93,32.41,32.12,58.66,36.96,33.21,32.03,40.43,45.16,38.01,38.97,39.11,38.69,43,100.87
9769,97.24,102.8,31.29,29.25,30.58,30.58,50.2,30.75,31.02,31.93,32.41,32.12,58.66,36.96,33.21,32.03,40.43,45.16,38.01,38.97,39.11,38.69,43,101.83
9789,97.24,102.8,31.29,29.25,30.58,30.58,51.4,30.75,31.02,31.93,32.51,32.12,59.31,36.96,33.21,32.03,40.43,45.16,38.01,38.97,39.11,38.69,43,99.02
9808,97.24,102.8,31.2,29.25,30.58,30.58,51.64,30.75,31.11,31.93,32.51,32.12,59.31,36.96,33.21,32.03,40.43,45.35,38.01,38.97,39.25,38.69,43,100.87
9828,97.24,101.83,31.29,29.25,30.58,30.58,50.44,30.75,31.11,32.03,32.51,32.12,58.98,36.96,33.31,32.03,40.43,44.97,38.01,38.97,39.11,38.69,43,99.94
9847,95.52,51.89,31.2,29.25,30.58,30.58,51.4,30.75,31.02,31.93,32.51,32.12,59.31,36.84,33.21,32.03,40.27,44.97,38.01,38.97,39.25,38.69,43,100.87
9867,97.24,101.83,31.2,29.25,30.58,30.58,52.4,30.75,31.02,32.03,32.41,32.12,59.63,36.96,33.21,32.03,40.43,44.97,38.01,38.97,39.11,38.69,43,100.87
9886,97.24,102.8,31.29,29.25,30.58,30.58,51.15,30.75,31.02,31.93,32.51,32.12,59.63,36.96,33.21,32.03,40.43,45.16,38.01,38.97,39.25,38.69,43,100.87
9906,97.24,101.83,31.29,29.25,30.58,30.58,51.4,30.75,31.11,31.93,32.41,32.12,59.63,36.96,33.21,32.03,40.27,44.97,38.01,38.97,39.11,38.69,43,99.94
9927,95.52,59.96,31.29,29.25,30.58,30.58,51.15,30.75,31.2,31.93,32.51,32.12,59.31,36.96,33.21,31.93,40.27,44.97,38.01,38.97,39.11,38.69,43,100.87
9945,97.24,101.83,31.29,29.25,30.58,30.58,50.67,30.75,31.2,31.93,32.51,32.12,59.63,36.96,33.31,32.03,40.43,44.97,38.01,38.97,39.11,38.69,43,100.87
9965,96.37,102.8,31.29,29.25,30.58,30.58,50.2,30.75,31.2,31.93,32.41,32.12,59.63,36.96,33.21,32.03,40.43,45.16,37.87,38.97,39.11,38.55,43,100.87
9984,97.24,101.83,31.2,29.25,30.58,30.58,49.97,30.75,31.2,31.93,32.51,32.12,59.63,36.96,33.21,32.03,40.43,44.79,38.01,38.83,39.11,38.69,42.83,100.87
10004,97.24,101.83,31.29,29.25,30.58,30.58,50.2,30.75,31.02,31.93,32.41,32.12,59.31,36.84,33.21,32.03,40.43,44.6,38.01,38.97,39.25,38.69,43,99.94
10023,96.37,101.83,31.29,29.25,30.58,30.58,50.91,30.75,31.29,31.93,32.51,32.12,59.31,36.96,33.31,32.03,40.43,44.6,38.01,38.97,39.25,38.69,43,100.87
10043,97.24,101.83,31.29,29.25,30.58,30.58,50.44,30.75,31.29,31.93,32.51,32.12,59.31,36.96,33.31,32.03,40.43,44.42,38.01,38.97,39.25,38.69,43,100.87
10064,96.37,101.83,31.29,29.25,30.58,30.49,50.2,30.75,31.29,31.93,32.51,32.12,59.31,36.96,33.21,32.03,40.43,44.42,38.01,38.97,39.25,38.69,43,100.87
10082,96.37,89.2,31.29,29.25,30.58,30.49,47.97,30.75,31.29,31.93,32.51,32.12,59.31,36.96,33.21,32.03,40.43,44.42,38.01,38.97,39.25,38.69,43,100.87
10103,95.52,74.95,31.29,29.33,30.58,30.58,51.4,30.75,31.11,31.93,32.51,32.12,58.98,36.96,33.31,32.03,40.43,44.42,38.01,38.97,39.25,38.69,43,100.87
10121,96.37,102.8,31.29,29.25,30.58,30.58,49.51,30.75,31.11,31.93,32.51,32.12,59.31,36.96,33.31,32.03,40.43,44.42,38.01,38.97,39.25,38.69,43,100.87
10142,94.68,76.55,31.29,29.25,30.58,30.58,49.29,30.75,31.29,31.93,32.41,32.12,58.98,36.96,33.21,32.03,40.43,44.42,38.01,38.97,39.25,38.55,43,100.87
10160,95.52,87.75,31.38,29.25,30.58,30.58,47.55,30.75,31.29,31.93,32.41,32.12,59.31,36.96,33.31,31.93,40.43,44.42,38.01,38.97,39.25,38.69,43,99.94
10181,95.52,79.95,31.38,29.25,30.58,30.58,49.51,30.75,31.38,32.12,32.41,32.12,59.31,36.96,33.31,31.93,40.43,44.42,38.01,38.97,39.25,38.69,43,100.87
10201,96.37,89.95,31.38,29.25,30.58,30.58,46.13,30.75,31.29,32.12,32.41,32.12,58.98,36.96,33.31,31.93,40.43,44.24,38.01,38.97,39.11,38.69,42.83,99.94
10219,95.52,85.66,31.38,29.25,30.58,30.58,63.87,30.75,31.29,32.12,32.51,32.12,59.31,36.96,33.21,31.93,40.43,44.42,38.01,38.97,39.25,38.69,43,101.83
10240,96.37,84.32,31.38,29.25,30.58,30.58,64.25,30.75,31.38,32.12,32.51,32.12,58.98,36.96,33.31,32.03,40.43,44.42,38.01,38.97,39.11,38.83,43,101.83
10258,96.37,92.25,31.29,29.25,30.58,30.58,63.87,30.75,31.29,32.12,32.41,32.12,58.98,36.96,33.21,31.93,40.43,44.42,38.01,38.97,39.25,38.69,43,101.83
10279,96.37,94.68,31.29,29.25,30.58,30.58,63.12,30.75,31.29,32.12,32.41,32.12,64.25,36.96,33.31,31.93,40.43,44.42,38.01,38.97,39.25,38.69,43,100.87
10297,96.37,101.83,31.29,29.25,30.58,30.58,33.21,30.75,31.38,32.12,32.41,32.12,64.63,36.96,33.21,31.93,40.43,44.42,38.01,38.97,39.25,38.69,43,100.87
10318,96.37,102.8,31.29,29.25,30.58,30.58,33.21,30.75,31.38,31.93,32.51,32.12,64.63,36.96,33.21,31.93,40.27,44.42,38.01,38.97,39.11,38.69,43,100.87
10338,96.37,101.83,31.38,29.25,30.58,30.58,33.01,30.75,31.38,32.03,32.51,32.12,64.63,36.96,33.21,31.93,40.43,44.42,38.01,38.97,39.11,38.69,43,100.87
10357,96.37,102.8,31.38,29.25,30.58,30.58,33.01,30.75,31.38,31.93,32.51,32.12,64.25,36.96,33.21,31.93,40.43,44.42,38.14,38.97,39.25,38.69,43,100.87
10377,96.37,101.83,31.38,29.25,30.58,30.58,33.01,30.75,31.29,31.93,32.51,32.12,64.63,36.96,33.31,31.93,40.43,44.42,38.14,38.97,39.11,38.69,43,101.83
10396,95.52,102.8,31.38,29.25,30.58,30.58,33.01,30.75,31.38,32.03,32.51,32.12,64.25,36.96,33.31,31.84,40.43,44.42,38.14,38.97,39.25,38.69,43,101.83
10416,96.37,101.83,31.38,29.25,30.58,30.58,33.11,30.75,31.38,32.03,32.51,32.12,60.98,36.96,33.31,31.93,40.43,44.42,38.01,38.97,39.25,38.69,43,100.87
10434,96.37,102.8,31.38,29.25,30.58,30.58,33.01,30.75,31.11,31.93,32.51,32.12,59.63,36.96,33.31,31.93,40.43,44.42,38.01,38.97,39.11,38.69,43,101.83
10455,96.37,102.8,31.38,29.25,30.58,30.58,33.01,30.75,31.11,31.93,32.51,32.12,60.3,36.96,33.21,31.93,40.27,44.42,38.01,38.97,39.25,38.69,43,100.87
10475,96.37,102.8,31.38,29.25,30.58,30.66,33.11,30.75,31.11,32.03,32.51,32.12,60.64,36.96,33.21,31.93,40.43,44.42,38.01,38.97,39.25,38.69,43,100.87
10494,96.37,101.83,31.38,29.25,30.58,30.66,33.11,30.75,31.11,32.03,32.51,32.12,60.64,36.96,33.21,31.93,40.43,44.6,38.01,38.97,39.25,38.69,43,100.87
10514,96.37,102.8,31.38,29.25,30.58,30.66,33.11,30.75,31.11,31.93,32.41,32.12,64.63,36.96,33.21,31.93,40.43,44.42,38.01,38.97,39.25,38.69,43,100.87
10533,95.52,102.8,31.38,29.25,30.58,30.66,33.11,30.75,31.11,31.93,32.51,32.12,62.39,36.96,33.21,31.93,40.27,44.6,38.01,38.97,39.25,38.69,43,100.87
10553,96.37,102.8,31.38,29.25,30.58,30.66,33.01,30.75,31.11,31.93,32.51,32.12,60.98,36.96,33.21,31.93,40.27,44.42,38.14,38.83,39.25,38.69,43,100.87
10572,96.37,102.8,31.38,29.25,30.58,30.66,33.01,30.75,31.11,32.03,32.41,32.12,59.96,36.96,33.21,31.93,40.27,44.42,38.01,38.97,39.25,38.69,43,101.83
10592,97.24,102.8,31.38,29.25,30.58,30.58,33.01,30.75,31.38,31.93,32.51,32.12,59.31,36.96,33.21,31.93,40.43,44.6,38.14,38.97,39.25,38.69,43,101.83
10613,97.24,102.8,31.38,29.25,30.58,30.58,33.01,30.75,31.38,32.03,32.51,32.12,59.63,36.96,33.21,31.93,40.43,44.6,38.01,38.97,39.25,38.69,43.17,101.83
10631,97.24,102.8,31.38,29.25,30.58,30.66,33.11,30.75,31.38,31.93,32.51,32.12,59.96,36.96,33.21,31.93,40.43,44.6,38.14,38.97,39.25,38.83,43,100.87
10652,95.52,101.83,31.38,29.25,30.58,30.66,33.01,30.75,31.38,32.03,32.51,32.12,59.96,36.96,33.21,31.93,40.43,44.6,38.01,38.97,39.11,38.69,43.17,100.87
10670,97.24,102.8,31.47,29.25,30.58,30.66,32.22,30.75,31.11,32.03,32.51,32.12,59.31,36.96,33.21,31.93,40.43,44.6,38.14,38.97,39.11,38.69,43,100.87
10690,97.24,101.83,31.47,29.25,30.58,30.58,33.01,30.75,31.11,32.03,32.51,32.12,58.66,36.96,33.21,31.93,40.43,44.6,38.14,38.97,39.25,38.69,43,100.87
10711,96.37,101.83,31.47,29.25,30.58,30.66,32.32,30.75,31.11,31.93,32.51,32.12,58.98,36.96,33.21,31.93,40.43,44.6,38.14,38.97,39.25,38.69,43,100.87
10729,97.24,102.8,31.47,29.25,30.58,30.66,32.22,30.75,31.11,32.03,32.51,32.12,58.66,36.96,33.21,31.93,40.43,44.6,38.14,38.97,39.25,38.69,43,101.83
10750,97.24,102.8,31.47,29.25,30.58,30.66,32.22,30.75,31.38,31.93,32.51,32.12,59.31,36.96,33.21,31.93,40.43,74.95,38.01,39.11,39.25,38.69,43,100.87
10768,97.24,102.8,31.47,29.25,30.58,30.66,32.32,30.75,31.38,31.93,32.51,32.12,58.98,36.96,33.21,31.93,40.43,75.48,38.14,38.97,39.11,38.69,43,101.83
10789,97.24,102.8,31.47,29.25,30.58,30.66,32.32,30.75,31.38,31.93,32.51,32.12,60.3,36.96,33.21,31.93,40.43,74.95,38.01,38.97,39.25,38.55,43,101.83
10807,97.24,100.87,31.47,29.25,30.58,30.66,33.21,30.75,31.38,31.93,32.51,32.12,64.63,36.96,33.21,31.93,40.27,44.6,38.14,38.97,39.25,38.69,43.17,101.83
10828,97.24,101.83,37.09,29.25,30.58,30.66,33.11,30.75,31.38,31.93,32.51,32.12,64.63,36.96,33.21,31.93,40.43,44.6,38.01,38.97,39.25,38.69,43,101.83
10848,96.37,101.83,39.11,29.25,30.49,30.66,32.32,30.75,31.38,31.93,32.51,32.12,64.25,36.96,33.21,31.93,40.43,44.79,38.14,38.97,39.25,38.69,43,100.87
10867,97.24,102.8,43.88,29.25,30.58,30.66,33.21,30.75,31.38,32.03,32.51,32.12,63.49,36.96,33.21,31.93,40.43,44.97,38.14,38.97,39.25,38.55,43,101.83
10887,97.24,101.83,45.35,29.25,30.58,30.66,33.21,30.75,31.11,32.03,32.51,32.12,63.87,36.96,33.21,31.93,40.43,44.97,38.14,38.97,39.11,38.69,43,101.83
10906,96.37,101.83,45.54,29.25,30.58,30.66,33.21,30.75,31.11,31.93,32.51,32.12,63.12,36.96,33.21,31.93,40.43,44.79,38.01,38.97,39.25,38.69,43.17,101.83
10926,97.24,101.83,45.35,29.25,30.58,30.66,33.31,30.75,31.11,31.93,32.51,32.12,65.42,36.96,33.21,31.93,40.43,49.74,38.14,38.97,39.25,38.69,43,101.83
10944,97.24,101.83,45.54,29.25,30.58,30.66,33.21,30.75,31.11,31.93,32.51,32.12,65.81,36.96,33.21,31.93,40.43,71.48,38.01,38.97,39.25,38.69,43,101.83
10965,97.24,101.83,45.54,29.25,30.58,30.66,33.31,30.75,31.11,31.93,32.51,32.12,60.98,36.96,33.21,31.93,40.43,57.41,38.14,38.97,39.25,38.69,43,101.83
10985,97.24,101.83,45.93,29.25,30.58,30.66,33.31,30.75,31.02,32.03,32.51,32.12,60.3,36.96,33.21,31.93,40.43,55.64,38.14,38.97,39.25,38.55,43.17,102.8
11004,96.37,100.87,46.13,29.25,30.58,30.66,33.21,30.75,31.11,32.03,32.51,32.12,60.98,36.96,33.21,31.93,40.43,48.4,38.14,38.97,39.25,38.69,43,101.83
11024,96.37,100.87,46.93,29.25,30.58,30.66,33.21,30.75,31.11,31.93,32.51,32.12,60.64,36.96,33.21,31.93,40.43,63.49,38.14,38.97,39.25,38.69,43.17,101.83
11043,96.37,100.87,46.93,29.25,30.58,30.66,33.31,30.75,31.11,31.93,32.41,32.12,64.63,36.96,33.21,31.93,40.27,62.03,38.14,38.97,39.25,38.69,43,100.87
11063,97.24,99.94,47.13,29.25,30.58,30.66,33.42,30.75,31.11,32.03,32.51,32.12,67.88,36.96,33.21,31.93,40.43,59.96,38.14,38.97,39.25,38.69,43.17,100.87
11084,96.37,100.87,47.34,29.25,30.58,30.66,33.42,30.75,31.11,31.93,32.51,32.12,71.01,36.96,33.21,31.93,40.43,62.75,38.14,38.97,39.25,38.69,43,101.83
11102,96.37,100.87,47.34,29.25,30.58,30.66,33.21,30.75,31.11,32.03,32.41,32.12,71.48,36.96,33.21,31.93,40.43,60.98,38.14,38.97,39.25,38.69,43,101.83
11123,96.37,100.87,47.55,29.25,30.58,30.66,33.21,30.75,31.11,31.93,32.51,32.12,71.96,36.96,33.21,31.93,40.27,57.72,38.14,38.97,39.25,38.69,43,102.8
11141,97.24,101.83,47.55,29.25,30.58,30.66,34.16,30.75,31.11,31.93,32.51,32.12,72.44,36.96,33.21,31.93,40.43,58.34,38.14,38.97,39.25,38.69,43,101.83
11162,96.37,101.83,47.55,29.25,30.58,30.66,35.74,30.75,31.11,32.03,32.51,32.12,71.96,36.96,33.21,31.93,40.43,58.34,38.01,38.97,39.25,38.69,43.17,101.83
11180,96.37,101.83,47.76,29.25,30.58,30.66,34.16,30.75,31.11,32.03,32.51,32.12,71.48,36.96,33.21,31.93,40.43,56.81,38.14,38.97,39.25,38.69,43.17,101.83
11200,96.37,101.83,47.76,29.25,30.58,30.66,33.11,30.75,31.11,31.93,32.51,32.12,72.44,36.96,33.21,31.84,40.43,56.51,38.14,38.97,39.25,38.69,43,101.83
11221,96.37,101.83,47.76,29.25,30.58,30.66,33.52,30.75,31.11,31.93,32.51,32.12,72.93,36.96,33.21,31.93,40.43,48.4,38.01,39.11,39.25,38.69,43,100.87
11239,96.37,101.83,47.76,29.25,30.58,30.66,33.21,30.75,31.11,32.03,32.51,32.12,72.93,36.96,33.21,31.93,40.43,44.79,38.14,38.97,39.25,38.69,43,101.83
11260,97.24,100.87,32.91,29.25,30.58,30.66,32.91,30.75,31.11,32.03,32.51,32.12,73.43,36.96,33.21,31.93,40.43,44.79,38.14,39.11,39.25,38.69,43.17,101.83
11278,96.37,101.83,32.81,29.25,30.58,30.66,33.01,30.75,31.11,32.03,32.51,32.12,73.43,36.96,33.21,31.93,40.43,76.01,38.14,38.97,39.25,38.69,43.17,101.83
11299,97.24,102.8,31.84,29.25,30.58,30.66,32.91,30.75,31.11,32.03,32.51,32.12,73.43,36.96,33.21,31.93,40.43,75.48,38.01,38.97,39.25,38.69,43,101.83
11317,96.37,101.83,33.42,29.25,30.58,30.66,33.01,30.75,31.11,32.03,32.41,32.12,73.43,36.96,33.21,31.93,40.43,44.79,38.14,39.11,39.25,38.69,43.17,100.87
11338,96.37,102.8,32.81,29.25,30.58,30.66,34.37,30.75,31.11,32.03,32.41,32.12,73.93,36.96,33.21,31.93,40.43,44.6,38.14,38.97,39.25,38.69,43,101.83
11358,97.24,102.8,47.97,29.25,30.58,30.66,39.83,30.75,31.11,32.03,32.51,32.12,74.95,36.96,33.31,31.93,40.43,44.6,38.14,38.97,39.25,38.69,43.17,101.83
11377,97.24,102.8,48.62,29.25,30.58,30.66,33.01,30.75,31.11,32.03,32.51,32.12,74.44,36.96,33.21,31.93,40.43,44.42,38.01,38.97,39.25,38.69,43,102.8
11397,97.24,102.8,48.84,29.25,30.58,30.66,33.11,30.75,31.11,32.03,32.51,32.12,76.01,36.96,33.31,31.93,40.43,44.6,38.14,38.97,39.11,38.55,43,102.8
11415,97.24,102.8,48.84,29.25,30.58,30.58,33.21,30.75,31.11,32.03,32.41,32.12,74.95,36.96,33.21,31.93,40.43,44.6,38.14,38.97,39.25,38.69,43,102.8
11436,97.24,101.83,48.84,29.25,30.58,30.66,33.21,30.75,31.11,32.03,32.41,32.12,76.01,36.96,33.21,31.93,40.43,44.6,38.14,38.97,39.25,38.69,43.17,101.83
11456,97.24,102.8,48.84,29.25,30.58,30.66,33.21,30.75,31.11,32.03,32.51,32.12,76.55,36.96,33.31,31.93,40.43,44.6,38.14,38.97,39.25,38.69,43,101.83
11475,97.24,102.8,48.84,29.25,30.58,30.66,33.21,30.75,31.29,32.03,32.51,32.12,76.55,36.96,33.21,31.93,40.43,44.6,38.01,38.97,39.25,38.69,43,101.83
11495,96.37,102.8,49.06,29.25,30.58,30.66,33.21,30.75,31.38,32.03,32.51,32.12,76.01,36.96,33.21,31.93,40.43,44.6,38.14,38.97,39.25,38.83,43,101.83
11514,97.24,102.8,49.29,29.25,30.58,30.58,33.21,30.75,31.11,32.03,32.51,32.12,76.01,36.96,33.21,31.93,40.43,44.6,38.14,38.97,39.25,38.69,43,100.87
11534,38.83,100.87,49.29,29.25,30.58,30.66,34.27,30.75,31.02,32.03,32.41,32.12,76.55,36.96,33.21,31.93,40.43,44.6,38.14,38.97,39.25,38.69,43,100.87
11553,42,99.94,49.51,29.25,30.58,30.66,40.58,30.75,31.11,32.03,32.51,32.12,76.55,36.96,33.31,31.93,40.43,44.6,38.01,38.97,39.25,38.69,43.17,102.8
11573,92.25,102.8,49.51,29.25,30.58,30.58,44.79,30.75,31.11,32.03,32.41,32.12,77.65,36.96,33.21,31.93,40.43,44.6,38.14,38.97,39.25,38.69,43,102.8
11594,96.37,102.8,49.74,29.25,30.58,30.58,40.73,30.75,31.11,32.03,32.51,32.12,77.65,36.96,33.31,31.93,40.27,44.42,38.14,38.97,39.25,38.69,43,100.87
11612,97.24,102.8,49.74,29.25,30.58,30.58,43.17,30.75,31.11,32.03,32.51,32.12,78.21,36.96,33.21,31.93,40.43,44.6,38.14,38.97,39.25,38.69,43,101.83
11633,97.24,102.8,49.51,29.25,30.58,30.58,40.27,30.75,31.11,32.03,32.51,32.12,78.78,36.96,33.21,31.93,40.43,44.6,38.01,38.97,39.25,38.69,43,101.83
11651,97.24,102.8,49.51,29.25,30.58,30.58,39.39,30.75,31.11,32.03,32.51,32.12,78.78,36.96,33.31,31.93,40.43,44.6,38.14,38.97,39.25,38.83,43,101.83
11671,96.37,102.8,49.29,29.25,30.58,30.66,36.71,30.75,31.11,32.03,32.51,32.12,78.21,36.96,33.21,31.93,40.43,44.6,38.14,38.97,39.25,38.69,43,101.83
11690,97.24,101.83,49.29,29.25,30.58,30.66,43,30.75,31.02,32.03,32.51,32.12,78.78,36.96,33.21,31.93,40.43,44.6,38.01,38.97,39.25,38.69,43,101.83
11710,97.24,102.8,49.29,29.25,30.58,30.58,42.16,30.75,31.02,32.03,32.41,32.12,78.78,36.96,33.21,31.93,40.43,44.6,38.14,38.97,39.25,38.69,43,101.83
11731,97.24,101.83,49.06,29.25,30.58,30.58,43.52,30.75,31.11,32.03,32.51,32.12,78.78,36.96,33.21,31.93,40.43,44.42,38.14,38.97,39.25,38.55,43,100.87
11749,96.37,51.89,49.29,29.25,30.58,30.66,43,30.75,31.11,31.93,32.41,32.12,78.78,36.96,33.21,31.93,40.43,44.6,38.01,38.97,39.25,38.69,43,100.87
11770,95.52,101.83,49.29,29.25,30.58,30.66,46.13,30.75,31.11,32.03,32.51,32.12,79.36,36.96,33.21,31.93,40.43,44.42,38.01,38.97,39.25,38.69,43,101.83
11788,97.24,102.8,49.51,29.25,30.58,30.58,42.66,30.75,31.02,32.03,32.51,32.12,79.36,36.96,33.21,31.93,40.43,44.6,38.01,38.97,39.25,38.55,43,101.83
11809,97.24,102.8,49.51,29.25,30.58,30.58,46.32,30.75,31.11,32.03,32.51,32.12,79.36,36.96,33.21,31.93,40.27,44.42,38.01,38.97,39.25,38.83,43,101.83
11829,97.24,102.8,49.51,29.25,30.58,30.58,41.04,30.75,31.11,32.03,32.51,32.12,79.95,36.96,33.31,31.93,40.43,44.42,38.01,38.97,39.25,38.55,43,99.94
11848,97.24,102.8,49.29,29.25,30.58,30.58,48.84,30.75,31.11,32.03,32.51,32.12,79.36,36.84,33.21,31.93,40.43,44.6,38.01,38.83,39.25,38.69,43,101.83
11868,97.24,102.8,49.51,29.25,30.58,30.58,62.39,30.75,31.11,31.93,32.41,32.12,79.36,36.96,33.21,31.93,40.27,44.6,38.01,38.97,39.25,38.69,43,101.83
11887,98.12,103.78,31.65,29.25,30.58,30.58,63.12,30.75,31.11,32.03,32.51,32.12,78.78,36.96,33.21,32.03,40.43,44.42,38.01,38.97,39.25,38.55,43,101.83
11907,97.24,103.78,31.47,29.25,30.58,30.58,63.12,30.75,31.11,31.93,32.51,32.12,78.78,36.96,33.21,31.93,40.12,44.42,38.01,38.97,39.25,38.69,43,101.83
11925,97.24,102.8,31.29,29.25,30.58,30.58,63.49,30.75,31.11,32.03,32.51,32.12,66.63,36.96,33.21,32.03,40.27,44.6,38.01,38.97,39.25,38.69,43,101.83
11946,97.24,103.78,31.29,29.25,30.58,30.58,63.87,30.75,31.11,31.93,32.41,32.12,66.63,36.96,33.31,31.93,40.43,44.42,38.01,38.97,39.25,38.69,43,101.83
11966,97.24,102.8,31.29,29.25,30.58,30.58,63.87,30.75,31.11,32.03,32.51,32.12,67.04,36.96,33.21,32.03,40.43,44.42,38.01,38.97,39.25,38.69,43,101.83
11985,97.24,100.87,31.29,29.25,30.58,30.58,63.87,30.75,31.11,31.93,32.51,32.12,66.63,36.96,33.21,31.93,40.27,44.6,38.01,38.97,39.25,38.69,43,100.87
12005,95.52,53.43,31.29,29.25,30.58,30.58,63.87,30.75,31.11,32.03,32.51,32.12,66.22,36.96,33.21,32.03,40.43,44.6,38.01,38.97,39.11,38.69,43,100.87
12024,97.24,102.8,31.29,29.25,30.58,30.58,64.25,30.75,31.11,32.03,32.51,32.12,66.63,36.96,33.21,32.03,40.43,62.75,38.01,38.97,39.25,38.69,43,100.87
12044,96.37,52.91,31.29,29.25,30.58,30.58,63.87,30.75,31.11,31.93,32.41,32.12,66.63,36.84,33.31,31.93,40.43,49.06,38.01,38.97,39.25,38.55,43,101.83
12063,97.24,102.8,31.29,29.25,30.58,30.58,64.25,30.75,31.11,32.03,32.51,32.12,66.63,36.96,33.21,32.03,40.43,44.42,38.01,38.97,39.25,38.69,43,101.83
12085,97.24,103.78,31.29,29.25,30.58,30.58,64.25,30.75,31.11,31.93,32.51,32.12,66.63,36.96,33.21,32.03,40.43,44.6,38.01,38.97,39.25,38.69,43,101.83
12104,97.24,102.8,31.29,29.25,30.58,30.58,64.25,30.75,31.11,32.03,32.51,32.12,66.63,36.96,33.21,31.93,40.43,44.6,38.01,38.97,39.25,38.69,43,101.83
12124,97.24,102.8,31.29,29.25,30.58,30.58,64.25,30.75,31.11,32.03,32.51,32.12,66.63,36.96,33.21,31.93,40.43,44.6,38.01,38.97,39.25,38.69,43,100.87
12145,97.24,103.78,31.29,29.25,30.58,30.58,64.25,30.75,31.11,32.03,32.51,32.12,66.63,36.96,33.21,32.03,40.43,44.6,38.01,38.97,39.25,38.69,43,101.83
12163,97.24,103.78,31.29,29.25,30.58,30.58,63.87,30.75,31.11,31.93,32.41,32.12,66.63,36.96,33.21,31.93,40.43,44.6,38.01,38.97,39.25,38.69,43,100.87
12183,96.37,81.77,31.29,29.25,30.58,30.58,33.94,30.75,31.11,31.93,32.51,32.12,66.63,36.96,33.21,32.03,40.43,44.42,38.01,38.97,39.25,38.69,43,101.83
12202,97.24,101.83,31.29,29.25,30.58,30.58,33.94,30.75,31.11,32.03,32.51,32.12,66.63,36.96,33.21,31.93,40.43,44.42,38.01,38.97,39.25,38.69,43,100.87
12222,96.37,100.87,31.29,29.25,30.58,30.58,33.94,30.75,31.11,32.03,32.51,32.12,66.63,36.96,33.21,31.93,40.43,44.42,38.01,38.97,39.25,38.69,43,100.87
12243,96.37,100.87,31.29,29.25,30.58,30.58,33.84,30.75,31.11,32.03,32.51,32.12,66.63,36.96,33.21,31.93,40.43,44.6,38.01,38.97,39.11,38.69,43,101.83
12261,97.24,102.8,31.2,29.25,30.58,30.58,33.94,30.75,31.11,32.03,32.51,32.12,66.63,36.96,33.21,32.03,40.43,44.6,38.01,38.97,39.25,38.69,43,101.83
12282,97.24,100.87,31.29,29.25,30.58,30.58,33.94,30.75,31.11,31.93,32.51,32.12,66.63,36.96,33.21,32.03,40.43,44.6,38.01,38.97,39.25,38.69,43,101.83
12300,97.24,101.83,31.29,29.25,30.58,30.58,33.94,30.75,31.11,31.93,32.51,32.12,66.63,36.96,33.21,31.93,40.43,44.6,38.01,38.97,39.11,38.69,43,101.83
12321,97.24,101.83,31.29,29.33,30.58,30.58,33.94,30.75,31.11,32.03,32.51,32.12,66.63,36.96,33.21,31.93,40.43,44.6,38.01,38.97,39.25,38.69,43,100.87
12339,97.24,101.83,31.29,29.25,30.58,30.58,33.94,30.75,31.11,32.03,32.51,32.12,66.63,36.96,33.31,31.93,40.43,44.6,38.01,38.97,39.25,38.69,43,101.83
12360,97.24,101.83,31.29,29.25,30.58,30.58,33.94,30.75,31.11,32.03,32.51,32.12,66.63,36.96,33.21,31.93,40.43,44.6,38.01,38.97,39.11,38.69,43,101.83
12380,97.24,101.83,31.29,29.25,30.58,30.58,33.94,30.75,31.2,32.03,32.51,32.12,66.63,36.96,33.21,32.03,40.27,44.42,38.01,38.97,39.25,38.55,43,101.83
12399,97.24,101.83,31.29,29.25,30.58,30.58,33.94,30.75,31.2,32.03,32.51,32.12,66.63,36.96,33.31,32.03,40.43,44.6,38.01,38.97,39.25,38.69,43,101.83
12419,97.24,101.83,31.29,29.25,30.58,30.58,33.94,30.75,31.2,32.03,32.51,32.12,66.63,36.96,33.31,31.93,40.43,44.6,38.01,38.97,39.25,38.69,43,101.83
12437,97.24,101.83,31.29,29.25,30.58,30.58,33.94,30.75,31.2,32.03,32.51,32.12,66.63,36.96,33.21,32.03,40.27,44.6,38.01,38.83,39.11,38.69,43,101.83
12458,96.37,101.83,31.29,29.33,30.58,30.58,33.94,30.75,31.38,32.03,32.51,32.12,66.63,36.96,33.21,31.93,40.27,44.6,38.01,38.97,39.25,38.69,43,101.83
12478,97.24,101.83,31.29,29.25,30.58,30.58,33.94,30.75,31.38,32.03,32.41,32.12,66.63,36.96,33.21,31.93,40.43,44.6,38.01,38.97,39.25,38.69,43,101.83
12497,96.37,101.83,31.29,29.25,30.58,30.58,33.94,30.75,31.38,32.03,32.51,32.12,66.63,36.96,33.21,31.93,40.43,44.6,38.01,38.83,39.25,38.69,43,101.83
12517,95.52,101.83,31.29,29.25,30.58,30.58,33.94,30.75,31.38,31.93,32.51,32.12,66.63,36.96,33.21,32.03,40.27,44.6,38.01,38.97,39.25,38.69,43,101.83
12536,97.24,101.83,31.29,29.25,30.58,30.58,33.94,30.75,31.38,32.03,32.41,32.12,66.63,36.84,33.21,32.03,40.27,44.6,38.01,38.97,39.25,38.69,43,100.87
12556,97.24,102.8,31.29,29.25,30.58,30.58,33.94,30.75,31.38,31.93,32.51,32.12,66.63,36.96,33.21,31.93,40.27,44.6,38.01,38.97,39.25,38.69,43,101.83
12575,97.24,102.8,31.29,29.25,30.58,30.58,33.94,30.75,31.38,32.03,32.51,32.12,67.04,36.96,33.21,31.93,40.43,44.6,38.01,38.97,39.25,38.69,43,101.83
12595,97.24,102.8,31.29,29.25,30.58,30.58,33.94,30.75,31.38,31.93,32.51,32.12,66.63,36.96,33.21,32.03,40.27,44.79,38.01,38.97,39.25,38.69,43,101.83
12616,97.24,102.8,31.29,29.25,30.58,30.58,44.97,30.75,31.38,32.03,32.51,32.12,66.63,36.96,33.21,31.93,40.43,44.6,38.01,38.97,39.25,38.55,43,100.87
12634,97.24,102.8,31.29,29.25,30.58,30.58,45.93,30.75,31.38,32.03,32.51,32.12,66.63,36.96,33.31,32.03,40.43,44.6,38.01,38.97,39.11,38.69,43,101.83
12655,97.24,102.8,41.2,29.25,30.58,30.58,45.74,30.75,31.38,32.03,32.51,32.12,66.63,36.96,33.21,32.03,40.27,44.6,38.01,38.97,39.25,38.69,42.83,101.83
12673,97.24,102.8,40.58,29.25,30.58,30.58,48.84,30.75,31.38,32.03,32.51,32.12,66.63,36.96,33.31,32.03,40.43,44.6,38.01,38.97,39.25,38.69,43,101.83
12693,96.37,102.8,31.29,29.25,30.58,30.58,42,30.75,31.38,32.03,32.51,32.12,66.63,36.96,33.21,32.03,40.43,44.6,38.01,38.97,39.11,38.69,43,100.87
12712,97.24,102.8,31.29,29.25,30.58,30.58,51.15,30.75,31.38,32.03,32.41,32.12,66.63,36.96,33.31,32.03,40.43,44.6,38.01,38.83,39.25,38.69,43,101.83
12732,97.24,102.8,31.29,29.25,30.58,30.58,33.94,30.75,31.38,32.03,32.41,32.12,66.63,36.96,33.21,31.93,40.43,44.42,38.14,38.97,39.25,38.69,43,101.83
12753,97.24,102.8,31.38,29.25,30.58,30.66,65.02,30.75,31.38,32.03,32.51,32.12,67.04,36.96,33.31,31.93,40.43,44.42,38.01,38.97,39.25,38.69,43,101.83
12771,97.24,102.8,31.38,29.25,30.58,30.58,65.02,30.75,31.38,32.03,32.51,32.12,67.04,36.96,33.21,31.93,40.43,44.42,38.01,38.97,39.11,38.69,43,101.83
12792,97.24,103.78,31.38,29.25,30.58,30.58,65.02,30.75,31.38,32.03,32.51,32.12,66.63,36.84,33.31,31.93,40.43,44.42,38.14,38.97,39.11,38.69,43,101.83
12810,97.24,102.8,31.38,29.25,30.58,30.66,65.02,30.75,31.38,32.03,32.41,32.12,67.04,36.96,33.21,32.03,40.27,44.42,38.01,38.97,39.25,38.69,42.83,101.83
12831,97.24,103.78,31.38,29.25,30.58,30.66,65.02,30.75,31.38,32.03,32.51,32.12,66.63,36.96,33.21,31.93,40.27,44.42,38.01,38.97,39.25,38.69,43,100.87
12849,97.24,102.8,37.74,29.25,30.58,30.66,65.02,30.75,31.47,32.03,32.51,32.12,66.63,36.96,33.31,31.93,40.43,44.42,38.01,38.97,39.25,38.69,43,101.83
12870,96.37,100.87,31.38,29.25,30.58,30.66,65.02,30.75,31.47,32.03,32.51,32.12,66.63,36.96,33.21,31.93,40.43,44.42,38.01,38.97,39.11,38.69,43,101.83
12890,96.37,100.87,31.47,29.25,30.58,30.66,65.02,30.75,31.38,32.03,32.51,32.12,66.63,36.96,33.21,31.93,40.43,44.42,38.01,38.83,39.25,38.69,43,101.83
12908,95.52,67.46,31.47,29.25,30.58,30.66,64.63,30.75,31.38,32.03,32.51,32.12,66.63,36.96,33.21,31.93,40.12,44.42,38.01,38.97,39.25,38.69,43,99.94
12929,94.68,51.4,42,29.25,30.58,30.66,40.12,30.75,31.38,32.03,32.51,32.12,66.63,36.96,33.21,31.93,40.43,44.42,38.14,38.97,39.25,38.69,43,101.83
12947,87.04,102.8,43.52,29.25,30.58,30.66,32.32,30.75,31.38,32.03,32.51,32.12,67.04,36.96,33.21,31.93,40.43,44.42,38.01,38.97,39.25,38.69,43,101.83
12968,95.52,100.87,44.79,29.25,30.58,30.66,32.22,30.75,31.11,32.03,32.51,32.12,66.22,36.96,33.21,31.93,40.43,44.42,38.14,38.97,39.25,38.69,43,100.87
12988,96.37,95.52,45.16,29.25,30.58,30.66,33.31,30.75,31.2,32.03,32.51,32.12,66.63,36.96,33.21,31.93,40.43,44.42,38.14,38.97,39.25,38.69,43,101.83
13007,96.37,102.8,45.35,29.25,30.58,30.66,32.32,30.75,31.11,32.03,32.41,32.12,66.63,36.96,33.21,31.93,40.43,44.6,38.14,38.97,39.11,38.69,43,102.8
13027,97.24,102.8,45.16,29.25,30.58,30.66,33.31,30.75,31.11,32.03,32.41,32.12,66.63,36.96,33.21,31.93,40.43,44.6,38.14,38.97,39.25,38.69,43,100.87
13046,97.24,102.8,39.98,29.25,30.58,30.66,32.81,30.75,31.11,32.03,32.51,32.12,67.04,36.84,33.21,31.93,40.43,44.42,38.14,38.97,39.11,38.69,43,101.83
13066,97.24,102.8,48.84,29.25,30.58,30.66,33.31,30.75,31.11,32.03,32.51,32.12,66.63,36.96,33.21,31.93,40.43,44.6,38.01,38.97,39.25,38.69,43,101.83
13085,97.24,102.8,48.84,29.25,30.58,30.66,33.52,30.75,31.11,32.03,32.51,32.12,66.63,36.96,33.21,31.93,40.43,44.42,38.01,38.97,39.11,38.69,43,100.87
13105,96.37,102.8,33.94,29.25,30.58,30.66,32.32,30.75,31.11,32.03,32.51,32.12,67.04,36.96,33.21,31.93,40.27,44.42,38.01,38.97,39.25,38.69,43,100.87
13126,97.24,102.8,43.35,29.25,30.58,30.66,33.31,30.75,31.11,32.03,32.51,32.12,67.04,36.96,33.21,31.93,40.43,44.6,38.14,38.97,39.25,38.55,43,101.83
13144,97.24,102.8,41.2,29.25,30.58,30.66,33.42,30.75,31.11,32.03,32.51,32.12,67.04,36.96,33.21,31.93,40.43,44.6,38.01,38.97,39.25,38.69,43,102.8
13164,97.24,102.8,37.87,29.25,30.58,30.58,33.52,30.75,31.02,32.03,32.51,32.12,66.63,36.96,33.21,31.93,40.43,44.42,38.01,38.97,39.25,38.69,43,100.87
13183,97.24,102.8,39.25,29.25,30.58,30.66,33.42,30.75,31.02,32.03,32.51,32.12,66.63,36.96,33.21,31.93,40.27,44.6,38.01,38.97,39.25,38.69,43,100.87
13203,97.24,102.8,41.35,29.25,30.58,30.66,33.52,30.75,31.02,32.03,32.51,32.12,66.22,36.96,33.21,31.93,40.27,44.42,38.14,38.97,39.25,38.69,43,101.83
13222,97.24,102.8,42,29.25,30.58,30.66,33.52,30.75,31.11,32.03,32.51,32.12,67.04,36.96,33.21,31.93,40.43,44.6,38.14,38.97,39.11,38.69,43,101.83
13242,97.24,102.8,42.16,29.25,30.58,30.58,33.31,30.75,31.11,32.03,32.51,32.12,67.04,36.84,33.21,31.93,40.43,44.6,38.01,38.97,39.25,38.69,43,101.83
13263,97.24,102.8,42,29.25,30.58,30.66,33.42,30.75,31.11,32.03,32.51,32.12,67.04,36.96,33.21,31.93,40.43,44.42,38.14,38.97,39.25,38.69,43,100.87
13281,96.37,101.83,40.58,29.25,30.58,30.66,33.84,30.75,31.11,32.03,32.51,32.12,67.04,36.96,33.21,31.93,40.43,44.6,38.14,39.11,39.25,38.69,43,100.87
13302,96.37,102.8,32.61,29.25,30.58,30.66,33.62,30.75,31.11,32.03,32.51,32.12,67.04,36.96,33.21,31.93,40.43,44.42,38.14,38.97,39.25,38.69,43,101.83
13320,96.37,102.8,31.84,29.25,30.58,30.66,33.62,30.75,31.11,32.03,32.51,32.12,66.63,36.96,33.21,31.93,40.43,44.6,38.14,38.97,39.25,38.69,43,100.87
13341,96.37,101.83,31.84,29.25,30.58,30.66,33.62,30.75,31.11,32.03,32.51,32.12,66.63,36.96,33.21,31.93,40.43,44.6,38.14,38.97,39.25,38.69,43,101.83
13361,95.52,102.8,31.84,29.25,30.58,30.66,33.62,30.75,31.11,32.03,32.51,32.12,67.04,36.96,33.21,31.93,40.43,44.42,38.14,39.11,39.25,38.55,43,101.83
13379,96.37,101.83,31.84,29.25,30.58,30.66,33.52,30.75,31.11,32.03,32.51,32.12,66.63,36.96,33.21,31.93,40.43,44.6,38.14,39.11,39.25,38.69,43,100.87
13400,96.37,101.83,31.93,29.25,30.58,30.66,33.52,30.75,31.11,32.03,32.51,32.12,66.63,36.96,33.21,31.93,40.43,44.6,38.14,39.11,39.25,38.55,43,101.83
13418,96.37,101.83,31.93,29.25,30.58,30.58,33.52,30.75,31.02,32.03,32.41,32.12,69.64,36.96,33.21,31.93,40.43,44.6,38.14,39.11,39.25,38.69,43,101.83
13439,96.37,101.83,32.03,29.25,30.58,30.58,33.62,30.75,31.02,32.03,32.51,32.12,67.46,36.96,33.21,31.93,40.43,44.6,38.14,39.11,39.25,38.69,43,101.83
13457,98.12,101.83,31.84,29.25,30.58,30.66,33.52,30.75,31.02,32.03,32.51,32.12,67.04,36.96,33.21,31.93,40.43,44.42,38.14,39.11,39.25,38.69,43,101.83
13478,102.8,102.8,31.84,29.25,30.58,30.66,33.31,30.75,31.02,32.03,32.51,32.12,67.04,36.96,33.21,31.93,40.43,44.6,38.14,39.11,39.25,38.69,43,101.83
13498,103.78,101.83,31.93,29.25,30.58,30.58,33.52,30.75,31.02,32.03,32.51,32.12,67.46,36.96,33.21,31.84,40.43,44.6,38.14,38.97,39.25,38.69,43,101.83
13517,103.78,102.8,32.03,29.25,30.58,30.58,34.05,30.75,31.02,32.03,32.51,32.12,66.63,36.96,33.21,31.93,40.43,44.6,38.14,38.97,39.25,38.69,43,101.83
13537,103.78,100.87,31.84,29.25,30.58,30.58,35.27,30.75,31.02,32.03,32.51,32.12,67.04,36.96,33.21,31.93,40.43,44.6,38.14,38.97,39.25,38.69,43,101.83
13556,103.78,101.83,38.97,29.25,30.58,30.58,34.82,30.75,31.11,31.93,32.51,32.12,68.31,36.96,33.21,31.93,40.43,44.42,38.14,39.11,39.25,38.69,43,101.83
13576,103.78,100.87,37.48,29.25,30.58,30.58,34.82,30.75,31.11,31.93,32.51,32.12,76.55,36.96,33.21,31.93,40.43,44.6,38.14,39.11,39.25,38.69,43,100.87
13595,103.78,101.83,39.83,29.25,30.58,30.58,33.62,30.75,31.11,31.93,32.51,32.12,78.78,36.96,33.21,31.84,40.43,44.6,38.14,38.97,39.25,38.69,43,101.83
13615,103.78,100.87,39.98,29.25,30.58,30.58,33.21,30.75,31.11,31.93,32.51,32.12,79.36,36.96,33.21,31.93,40.43,44.6,38.14,39.11,39.25,38.69,43,101.83
13635,103.78,100.87,40.88,29.25,30.58,30.58,33.11,30.75,31.2,31.93,32.51,32.12,67.04,36.96,33.21,31.93,40.27,44.6,38.14,38.97,39.25,38.69,43,101.83
13654,102.8,100.87,41.84,29.25,30.58,30.58,33.21,30.75,31.2,31.93,32.51,32.12,67.04,36.96,33.21,31.93,40.43,44.6,38.14,38.97,39.25,38.69,43,102.8
13674,102.8,100.87,42,29.25,30.58,30.58,33.21,30.75,31.2,31.93,32.51,32.12,67.04,36.96,33.21,31.84,40.43,44.6,38.14,38.97,39.25,38.69,43,101.83
13693,102.8,101.83,42.33,29.25,30.58,30.58,33.42,30.75,31.11,32.03,32.51,32.12,67.04,36.96,33.21,31.93,40.43,44.42,38.14,38.97,39.25,38.69,43,101.83
13713,102.8,100.87,42.66,29.25,30.58,30.58,33.62,30.75,31.2,32.03,32.51,32.12,67.04,36.96,33.21,31.84,40.43,44.6,38.01,39.11,39.25,38.69,43,100.87
13734,102.8,101.83,42.49,29.25,30.58,30.58,33.62,30.75,31.2,31.93,32.51,32.03,66.63,36.96,33.21,31.93,40.27,44.6,38.01,39.11,39.25,38.69,43,101.83
13752,102.8,100.87,42.66,29.25,30.58,30.58,33.52,30.75,31.11,32.03,32.51,32.12,67.46,36.96,33.21,31.93,40.43,44.6,38.14,39.11,39.25,38.69,43,101.83
13773,102.8,100.87,42,29.25,30.58,30.58,33.62,30.75,31.11,32.03,32.41,32.12,78.78,36.96,33.21,31.93,40.43,44.6,38.14,39.11,39.25,38.69,43,101.83
13791,102.8,101.83,41.84,29.25,30.58,30.58,33.73,30.75,31.2,32.03,32.51,32.12,79.36,36.96,33.21,31.93,40.43,44.6,38.14,39.11,39.25,38.69,43,101.83
13812,103.78,101.83,42,29.25,30.58,30.58,34.37,30.75,31.11,32.03,32.51,32.12,79.36,36.96,33.21,31.93,40.43,44.6,38.14,38.97,39.25,38.69,43,101.83
13830,102.8,101.83,42.16,29.25,30.58,30.58,34.27,30.75,31.11,32.03,32.51,32.12,77.65,36.96,33.21,31.93,40.43,44.6,38.14,39.11,39.25,38.69,43,101.83
13851,102.8,101.83,41.67,29.25,30.58,30.58,34.59,30.75,31.11,31.93,32.51,32.12,79.36,36.84,33.31,31.93,40.43,44.6,38.14,39.11,39.25,38.69,43,102.8
13871,103.78,101.83,40.88,29.25,30.58,30.58,34.37,30.75,31.11,31.93,32.51,32.12,79.95,36.96,33.21,31.84,40.43,44.6,38.14,38.97,39.25,38.55,43,101.83
13889,103.78,101.83,31.84,29.25,30.58,30.58,35.5,30.75,31.11,31.93,32.51,32.12,79.95,36.96,33.21,31.93,40.43,44.6,38.14,38.97,39.25,38.69,43,101.83
13910,102.8,100.87,34.82,29.25,30.58,30.58,35.62,30.75,31.11,31.93,32.51,32.12,79.95,36.96,33.21,31.93,40.43,44.6,38.14,39.11,39.25,38.69,43,102.8
13928,103.78,102.8,38.41,29.25,30.58,30.58,34.82,30.75,31.11,31.93,32.51,32.12,79.36,36.84,33.21,31.93,40.27,44.6,38.14,38.97,39.25,38.69,43,102.8
13949,103.78,102.8,39.54,29.25,30.58,30.58,33.84,30.75,31.11,32.03,32.51,32.12,79.95,36.96,33.21,31.93,40.43,44.6,38.14,38.97,39.25,38.69,43,102.8
13967,102.8,102.8,36.46,29.25,30.58,30.58,33.11,30.75,31.11,31.93,32.51,32.12,79.95,36.96,33.21,31.93,40.43,44.6,38.14,38.97,39.25,38.69,43,101.83
13988,103.78,101.83,32.61,29.25,30.58,30.58,33.01,30.75,31.11,31.93,32.51,32.03,79.95,36.96,33.21,31.93,40.43,44.6,38.14,38.97,39.25,38.69,43,101.83
14008,103.78,102.8,41.04,29.25,30.58,30.49,33.01,30.75,31.11,32.03,32.51,32.12,79.95,36.96,33.21,31.93,40.43,44.6,38.14,38.97,39.25,38.69,43,102.8
14027,103.78,101.83,34.59,29.25,30.58,30.58,33.01,30.75,31.11,32.03,32.41,32.12,77.65,36.96,33.21,31.93,40.43,44.6,38.14,38.97,39.25,38.69,43,102.8
14047,103.78,101.83,33.94,29.25,30.58,30.58,32.81,30.75,31.11,32.03,32.51,32.12,79.95,36.96,33.21,31.93,40.43,44.42,38.14,39.11,39.25,38.69,43,102.8
14066,103.78,101.83,33.42,29.25,30.58,30.58,32.81,30.75,31.11,32.03,32.51,32.12,79.95,36.84,33.31,31.93,40.43,44.42,38.14,38.97,39.25,38.69,43.17,101.83
14086,102.8,96.37,32.91,29.25,30.58,30.58,32.91,30.75,31.11,32.03,32.51,32.12,79.95,36.96,33.21,31.93,40.27,44.6,38.14,38.97,39.25,38.69,43,101.83
14107,60.64,102.8,31.84,29.25,30.58,30.58,32.91,30.75,31.11,32.03,32.51,32.12,79.95,36.96,33.21,31.93,40.43,44.6,38.14,38.97,39.11,38.69,43,101.83
14125,102.8,102.8,31.65,29.25,30.58,30.58,33.01,30.66,31.11,32.03,32.41,32.12,79.95,36.96,33.31,31.84,40.43,44.6,38.01,38.97,39.25,38.69,43,101.83
14145,103.78,101.83,37.61,29.25,30.58,30.58,33.01,30.75,31.11,32.03,32.51,32.12,79.95,36.96,33.21,31.93,40.43,44.42,38.14,38.97,39.25,38.69,43,102.8
14164,103.78,102.8,35.5,29.25,30.58,30.58,33.01,30.75,31.11,32.03,32.51,32.12,79.95,36.96,33.21,31.93,40.43,44.42,38.14,38.97,39.25,38.69,43,101.83
14184,103.78,100.87,31.84,29.25,30.58,30.58,32.91,30.75,31.11,32.03,32.51,32.12,79.95,36.96,33.31,31.93,40.43,44.42,38.14,38.97,39.25,38.69,43,101.83
14203,103.78,100.87,32.03,29.25,30.58,30.49,32.81,30.75,31.11,32.03,32.51,32.12,79.95,36.96,33.21,31.93,40.43,44.42,38.01,38.97,39.25,38.83,42.83,102.8
14223,103.78,102.8,32.03,29.25,30.58,30.49,32.81,30.75,31.11,32.03,32.51,32.12,80.55,36.96,33.31,31.93,40.43,44.6,38.14,38.97,39.25,38.69,43,102.8
14244,103.78,102.8,31.93,29.25,30.58,30.58,32.81,30.75,31.11,32.03,32.51,32.12,79.95,36.96,33.31,31.93,40.43,44.6,38.14,38.97,39.11,38.69,43,101.83
14262,102.8,102.8,32.03,29.25,30.58,30.49,32.81,30.75,31.11,31.93,32.51,32.12,79.95,36.96,33.21,31.93,40.43,44.42,38.14,38.97,39.25,38.69,43,101.83
14283,55.64,100.87,31.93,29.25,30.58,30.49,32.91,30.75,31.11,32.03,32.41,32.12,79.95,36.96,33.31,31.93,40.27,44.42,38.14,38.97,39.25,38.69,43,101.83
14301,102.8,101.83,31.93,29.25,30.58,30.49,32.91,30.75,31.11,31.93,32.51,32.12,79.95,36.96,33.21,31.93,40.43,44.6,38.01,38.97,39.25,38.83,43,101.83
14322,95.52,102.8,32.03,29.25,30.58,30.49,32.91,30.75,31.11,32.03,32.51,32.12,79.95,36.96,33.21,31.93,40.27,44.42,38.14,38.97,39.25,38.69,42.83,101.83
14340,96.37,102.8,31.93,29.25,30.58,30.58,32.91,30.75,31.11,32.03,32.51,32.12,79.36,36.96,33.31,31.93,40.43,44.6,38.14,38.97,39.25,38.69,43,100.87
14360,94.68,67.46,31.93,29.25,30.58,30.58,33.11,30.75,31.11,31.93,32.51,32.12,79.36,36.96,33.21,31.93,40.27,44.6,38.01,38.97,39.25,38.69,43,101.83
14381,96.37,96.37,31.56,29.25,30.58,30.58,33.01,30.75,31.11,32.03,32.51,32.12,79.36,36.96,33.21,31.93,40.43,44.6,38.01,38.97,39.25,38.69,43,101.83
14399,96.37,102.8,31.56,29.25,30.58,30.58,33.11,30.75,31.11,32.03,32.51,32.12,79.36,36.96,33.21,31.93,40.12,44.6,38.14,38.83,39.25,38.69,43,101.83
14420,97.24,102.8,31.56,29.25,30.58,30.58,33.11,30.75,31.11,32.03,32.51,32.12,72.93,36.96,33.21,31.93,40.43,44.42,38.14,38.97,39.25,38.55,42.83,101.83
14438,96.37,102.8,31.56,29.25,30.58,30.58,33.11,30.75,31.11,31.93,32.51,32.12,66.63,36.84,33.31,31.93,40.27,44.79,38.14,38.97,39.25,38.69,43,101.83
14459,96.37,102.8,31.56,29.25,30.58,30.58,33.11,30.75,31.11,31.93,32.51,32.12,66.63,36.96,33.31,31.93,40.43,44.79,38.14,38.97,39.25,38.69,43,101.83
14477,96.37,102.8,31.56,29.25,30.58,30.58,33.11,30.75,31.11,32.03,32.51,32.12,67.04,36.96,33.21,31.93,40.43,44.79,38.01,38.97,39.25,38.69,43,101.83
14498,96.37,102.8,31.84,29.25,30.58,30.58,33.11,30.75,31.11,32.03,32.41,32.12,67.04,36.96,33.31,31.93,40.43,44.6,38.01,38.97,39.25,38.69,43,101.83
14518,96.37,102.8,34.48,29.25,30.58,30.58,33.01,30.75,31.11,32.03,32.51,32.12,67.04,36.96,33.31,31.93,40.27,44.42,38.14,38.97,39.25,38.69,43,101.83
14537,97.24,103.78,38.55,29.25,30.58,30.66,33.11,30.75,31.11,32.03,32.41,32.12,67.04,36.96,33.31,31.93,40.43,44.6,38.14,38.97,39.25,38.69,43,102.8
14557,97.24,102.8,39.25,29.25,30.58,30.58,33.01,30.75,31.2,32.03,32.51,32.12,67.04,36.84,33.31,31.93,40.43,44.42,38.01,38.83,39.25,38.69,43,102.8
14576,97.24,103.78,39.98,29.25,30.58,30.58,32.91,30.75,31.11,32.03,32.41,32.12,67.04,36.96,33.31,31.93,40.43,44.42,38.01,38.97,39.25,38.69,43,101.83
14596,97.24,103.78,40.27,29.25,30.58,30.58,33.01,30.75,31.11,32.03,32.51,32.12,67.04,36.96,33.21,31.93,40.43,44.42,38.01,38.97,39.25,38.69,43,102.8
14614,97.24,102.8,40.12,29.25,30.58,30.58,32.91,30.75,31.11,31.93,32.51,32.12,67.04,36.96,33.21,31.93,40.27,44.42,38.01,38.97,39.25,38.55,43,101.83
14635,97.24,103.78,39.98,29.25,30.58,30.66,33.01,30.75,31.11,32.03,32.51,32.12,67.04,36.96,33.21,31.93,40.43,44.6,38.01,38.97,39.25,38.69,43,101.83
14655,97.24,103.78,36.46,29.25,30.58,30.58,33.11,30.75,31.11,31.93,32.41,32.12,67.04,36.96,33.21,31.93,40.43,44.42,38.01,38.97,39.25,38.69,43,101.83
14674,97.24,103.78,35.62,29.25,30.58,30.66,33.01,30.75,31.11,32.03,32.51,32.12,67.04,36.96,33.21,32.03,40.27,44.42,38.01,38.97,39.25,38.69,43,101.83
14694,97.24,103.78,31.47,29.25,30.58,30.66,32.91,30.75,31.11,32.03,32.51,32.12,67.04,36.96,33.31,31.93,40.43,44.42,38.01,38.97,39.25,38.69,43,101.83
14713,98.12,102.8,31.38,29.25,30.58,30.58,32.91,30.75,31.11,32.03,32.51,32.12,67.04,36.96,33.21,31.93,40.43,44.42,38.01,38.83,39.25,38.55,43,101.83
14733,97.24,102.8,35.86,29.25,30.58,30.66,32.91,30.75,31.11,32.03,32.51,32.12,67.04,36.96,33.21,32.03,40.27,44.42,38.01,38.97,39.25,38.69,43,101.83
14752,97.24,103.78,46.52,29.25,30.58,30.66,33.01,30.75,31.11,32.03,32.51,32.12,67.04,36.96,33.21,31.93,40.43,44.42,38.01,38.97,39.25,38.69,43,101.83
14772,97.24,103.78,43.35,29.25,30.58,30.66,33.01,30.75,31.11,32.03,32.51,32.12,67.04,36.96,33.21,32.03,40.43,44.42,38.01,38.97,39.25,38.69,43,101.83
14793,97.24,103.78,31.47,29.25,30.58,30.58,33.11,30.75,31.11,32.03,32.51,32.12,67.04,36.96,33.21,31.93,40.43,44.42,38.14,38.97,39.25,38.69,43,101.83
14811,97.24,103.78,42,29.25,30.58,30.66,33.11,30.75,31.11,32.03,32.51,32.12,67.04,36.96,33.21,32.03,40.43,44.42,38.01,38.97,39.25,38.69,43,101.83
14832,97.24,103.78,47.55,29.25,30.58,30.58,33.01,30.75,31.2,31.93,32.51,32.12,67.04,36.96,33.31,32.03,40.43,44.42,38.01,38.97,39.25,38.69,43,101.83
14850,97.24,103.78,44.79,29.25,30.58,30.58,33.11,30.75,31.38,32.03,32.41,32.12,67.04,36.96,33.21,31.93,40.43,44.42,38.01,38.97,39.25,38.69,43,101.83
14870,98.12,103.78,43.35,29.25,30.58,30.66,32.91,30.75,31.38,32.03,32.51,32.12,67.04,36.96,33.21,31.93,40.43,44.6,38.01,38.97,39.25,38.69,43,101.83
14889,97.24,103.78,44.79,29.25,30.58,30.66,33.01,30.75,31.38,32.03,32.51,32.12,67.04,36.84,33.21,32.03,40.43,44.42,38.01,38.83,39.25,38.69,43,101.83
14909,97.24,103.78,43.88,29.25,30.58,30.66,33.01,30.75,31.38,31.93,32.41,32.12,67.04,36.96,33.21,32.03,40.43,44.6,38.01,38.97,39.25,38.69,43,102.8
14930,98.12,103.78,49.97,29.25,30.58,30.66,33.01,30.75,31.38,31.93,32.51,32.12,67.04,36.96,33.21,32.03,40.43,44.6,38.01,38.97,39.25,38.69,43,102.8
14948,98.12,103.78,46.73,29.25,30.58,30.66,33.01,30.75,31.38,32.03,32.51,32.12,67.04,36.96,33.31,32.03,40.43,44.6,38.01,38.97,39.25,38.55,43,101.83
14969,97.24,102.8,45.35,29.25,30.58,30.58,33.01,30.75,31.11,31.93,32.51,32.12,67.04,36.96,33.21,31.93,40.43,44.6,38.01,38.97,39.25,38.69,43,102.8
14987,98.12,103.78,47.76,29.25,30.58,30.66,33.01,30.75,31.2,32.03,32.51,32.12,67.04,36.96,33.21,32.03,40.43,44.6,38.01,38.97,39.25,38.69,43,101.83
15008,97.24,103.78,42.16,29.25,30.58,30.66,33.01,30.75,31.2,32.03,32.51,32.12,67.04,36.96,33.21,32.03,40.27,44.6,38.01,38.97,39.25,38.69,43,102.8
15028,98.12,103.78,50.44,29.25,30.58,30.66,33.01,30.75,31.2,32.03,32.51,32.12,67.04,36.96,33.31,32.03,40.43,44.6,38.01,38.97,39.25,38.69,43,102.8
15047,98.12,103.78,51.89,29.25,30.58,30.66,33.01,30.75,31.29,32.03,32.51,32.12,67.04,36.96,33.31,32.03,40.43,44.6,38.01,38.97,39.25,38.69,42.83,101.83
15067,98.12,103.78,41.84,29.25,30.58,30.58,33.11,30.75,31.38,32.03,32.51,32.12,67.04,36.96,33.21,32.03,40.43,44.6,38.01,38.97,39.25,38.69,43,101.83
15085,98.12,103.78,37.22,29.25,30.58,30.58,33.11,30.75,31.38,32.03,32.51,32.12,67.04,36.96,33.21,31.93,40.27,44.6,38.14,38.97,39.25,38.69,43,101.83
15106,98.12,103.78,42.16,29.25,30.58,30.66,33.11,30.75,31.38,32.03,32.41,32.12,66.63,36.96,33.21,31.93,40.43,44.42,38.01,38.97,39.25,38.69,43,102.8
15124,98.12,103.78,42.16,29.25,30.58,30.58,33.11,30.75,31.38,32.03,32.41,32.12,67.04,36.96,33.21,32.03,40.27,44.6,38.01,38.97,39.11,38.69,43,101.83
15145,98.12,103.78,41.51,29.25,30.58,30.66,33.11,30.75,31.38,32.03,32.51,32.12,67.04,36.96,33.21,31.93,40.43,44.6,38.01,38.97,39.25,38.69,43,101.83
15165,98.12,103.78,44.6,29.25,30.58,30.58,33.01,30.75,31.38,31.93,32.41,32.12,67.04,36.96,33.21,31.93,40.43,44.6,38.01,38.97,39.25,38.69,43,101.83
15184,98.12,103.78,51.64,29.25,30.58,30.66,33.01,30.75,31.38,31.93,32.41,32.12,67.04,36.96,33.31,31.93,40.43,44.6,38.01,38.97,39.25,38.69,43,101.83
15204,98.12,103.78,51.64,29.25,30.58,30.66,33.01,30.75,31.11,32.03,32.41,32.12,67.04,36.96,33.31,32.03,40.27,44.42,38.01,38.97,39.25,38.69,43,101.83
15223,98.12,103.78,51.4,29.25,30.58,30.58,33.01,30.75,31.29,31.93,32.41,32.12,67.04,36.96,33.21,32.03,40.43,44.42,38.01,38.97,39.25,38.69,43,101.83
15243,98.12,103.78,51.89,29.25,30.58,30.58,33.01,30.75,31.29,32.03,32.41,32.12,67.04,36.96,33.21,32.03,40.43,44.42,38.01,38.97,39.25,38.69,43,101.83
15262,98.12,103.78,52.14,29.25,30.58,30.66,33.11,30.75,31.29,31.93,32.51,32.12,66.63,36.96,33.31,32.03,40.27,44.6,38.01,38.97,39.25,38.69,43,102.8
15282,98.12,103.78,51.89,29.25,30.58,30.66,33.11,30.75,31.2,31.93,32.51,32.12,66.63,36.96,33.21,32.03,40.43,44.6,38.01,38.97,39.25,38.69,43,101.83
15303,98.12,103.78,51.64,29.25,30.58,30.66,33.21,30.75,31.2,32.03,32.51,32.12,67.04,36.84,33.21,32.03,40.43,44.42,38.01,38.97,39.11,38.69,43,101.83
15321,98.12,103.78,40.58,29.25,30.58,30.66,33.01,30.75,31.11,31.93,32.51,32.12,67.04,36.84,33.31,31.93,40.43,44.6,38.01,38.97,39.25,38.69,43,100.87
15341,97.24,103.78,35.39,29.25,30.58,30.58,33.01,30.75,31.11,32.03,32.51,32.12,66.63,36.96,33.31,31.93,40.43,44.6,38.01,38.97,39.25,38.69,43,101.83
15360,97.24,103.78,31.38,29.25,30.58,30.66,33.11,30.75,31.11,32.03,32.51,32.12,67.04,36.96,33.31,32.03,40.43,44.6,38.01,38.97,39.11,38.69,43,101.83
15380,98.12,103.78,31.47,29.25,30.58,30.58,33.11,30.75,31.11,32.03,32.51,32.12,67.04,36.96,33.21,31.93,40.43,44.6,38.14,38.97,39.25,38.69,43,101.83
15401,97.24,103.78,33.42,29.25,30.58,30.66,33.01,30.75,31.11,31.93,32.41,32.12,67.04,36.84,33.31,31.93,40.27,44.6,38.01,38.97,39.11,38.69,43,101.83
15419,98.12,103.78,46.32,29.25,30.58,30.66,33.01,30.75,31.11,31.93,32.51,32.12,67.04,36.96,33.21,31.93,40.43,44.6,38.01,38.97,39.25,38.69,43,101.83
15440,97.24,102.8,36.59,29.25,30.58,30.58,33.01,30.75,31.11,32.03,32.51,32.12,67.04,36.96,33.31,31.93,40.43,44.6,38.01,38.97,39.25,38.69,43,102.8
15458,97.24,102.8,44.97,29.25,30.58,30.58,33.11,30.75,31.11,32.03,32.51,32.12,67.04,36.96,33.31,31.93,40.43,44.6,38.01,38.97,39.25,38.69,43,101.83
15479,97.24,103.78,31.93,29.25,30.58,30.66,33.11,30.75,31.11,32.03,32.51,32.12,80.55,36.96,33.21,31.93,40.43,44.6,38.14,38.97,39.25,38.69,43,102.8
15497,97.24,103.78,36.46,29.25,30.58,30.66,33.11,30.75,31.11,32.03,32.51,32.12,80.55,36.96,33.21,31.93,40.43,44.6,38.01,38.97,39.25,38.69,43,101.83
15518,97.24,103.78,34.27,29.25,30.58,30.66,33.11,30.75,31.11,32.03,32.51,32.12,80.55,36.96,33.21,31.93,40.43,44.6,38.01,38.97,39.25,38.69,43,101.83
15538,97.24,103.78,37.48,29.25,30.58,30.66,33.11,30.75,31.11,32.03,32.51,32.12,80.55,36.96,33.21,31.93,40.43,44.6,38.14,38.97,39.25,38.69,43,101.83
15559,97.24,103.78,38.83,29.25,30.58,30.66,33.11,30.75,31.11,32.03,32.51,32.12,80.55,36.96,33.21,31.93,40.43,44.6,38.01,38.97,39.25,38.69,43,102.8
15577,96.37,103.78,36.34,29.25,30.58,30.66,33.11,30.75,31.11,31.93,32.51,32.12,80.55,36.96,33.21,31.93,40.43,44.6,38.01,38.97,39.25,38.69,43,101.83
15597,96.37,102.8,31.84,29.25,30.58,30.58,32.32,30.75,31.11,31.93,32.51,32.12,80.55,36.96,33.31,31.93,40.43,44.6,38.14,38.97,39.25,38.69,43,101.83
15616,96.37,102.8,31.93,29.25,30.58,30.58,32.32,30.75,31.11,32.03,32.51,32.12,79.95,36.96,33.31,31.93,40.27,44.6,38.14,38.97,39.25,38.69,43,101.83
15636,95.52,70.09,32.03,29.25,30.58,30.58,32.32,30.75,31.11,32.03,32.51,32.12,66.63,36.96,33.21,31.93,40.43,44.6,38.14,38.97,39.25,38.69,43,101.83
15657,95.52,67.46,31.84,29.25,30.58,30.66,32.41,30.75,31.11,32.03,32.51,32.12,66.22,36.96,33.31,31.93,40.43,44.6,38.14,38.97,39.25,38.69,43,100.87
15675,96.37,102.8,31.93,29.25,30.58,30.66,32.22,30.75,31.11,31.93,32.51,32.12,67.04,36.96,33.21,31.93,40.43,44.6,38.01,38.97,39.25,38.69,43,101.83
15696,97.24,102.8,32.91,29.25,30.58,30.58,32.32,30.75,31.11,32.03,32.51,32.12,67.04,36.96,33.21,31.93,40.43,44.6,38.14,38.97,39.25,38.69,43,101.83
15714,96.37,72.44,33.84,29.25,30.58,30.66,32.41,30.75,31.11,32.03,32.51,32.12,66.63,36.96,33.21,31.93,40.43,44.6,38.01,38.97,39.25,38.69,43,102.8
15735,97.24,101.83,33.84,29.25,30.58,30.58,32.22,30.75,31.11,32.03,32.51,32.12,71.01,36.96,33.21,31.93,40.43,44.42,38.01,38.97,39.25,38.69,43,102.8
15753,96.37,100.87,33.52,29.25,30.58,30.66,33.11,30.75,31.11,31.93,32.51,32.12,66.63,36.96,33.21,31.93,40.43,44.6,38.01,38.97,39.25,38.69,43,99.94
15774,96.37,79.95,33.11,29.25,30.58,30.58,33.11,30.75,31.11,32.03,32.51,32.12,67.04,36.96,33.21,31.93,40.43,44.6,38.01,38.97,39.25,38.55,43,100.87
15794,94.68,63.49,33.52,29.25,30.58,30.66,32.22,30.75,31.11,32.03,32.51,32.12,72.44,36.96,33.31,31.93,40.43,44.6,38.01,38.97,39.25,38.69,43,101.83
15813,95.52,63.12,33.21,29.25,30.58,30.58,32.22,30.75,31.11,32.03,32.51,32.12,79.36,36.96,33.21,31.93,40.43,44.6,38.14,38.97,39.25,38.55,43,101.83
15833,96.37,101.83,33.52,29.25,30.58,30.58,33.11,30.75,31.11,32.03,32.51,32.12,79.95,36.96,33.21,31.93,40.43,44.42,38.14,38.97,39.25,38.69,43,102.8
15851,97.24,102.8,34.16,29.25,30.58,30.66,33.11,30.75,31.11,32.03,32.51,32.12,79.36,36.96,33.21,31.93,40.27,44.6,38.14,38.97,39.25,38.69,43,102.8
15872,97.24,102.8,33.42,29.25,30.58,30.58,33.11,30.75,31.11,32.03,32.51,32.12,80.55,36.96,33.21,31.93,40.27,44.42,38.01,38.97,39.25,38.69,43,102.8
15890,97.24,102.8,33.42,29.25,30.58,30.58,33.11,30.75,31.11,32.03,32.51,32.12,80.55,36.96,33.21,31.93,40.43,44.6,38.14,38.97,39.25,38.69,43,102.8
15911,97.24,103.78,33.11,29.25,30.58,30.58,33.01,30.75,31.11,32.03,32.51,32.12,80.55,36.96,33.21,31.84,40.43,44.6,38.14,38.97,39.25,38.69,43,102.8
15931,96.37,102.8,33.31,29.25,30.58,30.66,33.01,30.75,31.11,32.03,32.51,32.12,79.95,36.96,33.31,31.93,40.43,44.42,38.14,38.97,39.25,38.69,43,101.83
15950,96.37,102.8,33.42,29.25,30.58,30.58,33.01,30.75,31.02,32.03,32.41,32.12,79.95,36.96,33.21,31.93,40.27,44.42,38.01,38.97,39.11,38.69,43,100.87
15970,97.24,102.8,33.52,29.25,30.58,30.58,33.11,30.75,31.11,32.03,32.51,32.12,79.95,36.96,33.21,31.93,40.27,44.6,38.01,38.97,39.25,38.69,42.83,102.8
15989,97.24,102.8,33.62,29.25,30.58,30.58,33.01,30.75,31.11,32.03,32.51,32.12,80.55,36.96,33.21,31.93,40.43,44.6,38.01,38.97,39.25,38.69,43,101.83
16009,97.24,102.8,34.05,29.25,30.58,30.66,33.01,30.75,31.11,32.03,32.51,32.12,79.95,36.96,33.21,31.93,40.43,44.6,38.14,38.97,39.25,38.69,43,102.8
16028,97.24,102.8,34.05,29.25,30.58,30.66,33.01,30.75,31.11,32.03,32.51,32.12,79.95,36.96,33.21,31.93,40.43,44.6,38.14,38.97,39.25,38.69,43,102.8
16048,97.24,102.8,33.84,29.25,30.58,30.58,33.01,30.75,31.11,32.03,32.51,32.12,79.95,36.96,33.21,31.93,40.43,44.6,38.14,38.97,39.25,38.69,43,102.8
16069,97.24,102.8,34.71,29.25,30.58,30.66,33.01,30.75,31.11,32.03,32.51,32.12,79.95,36.96,33.21,31.93,40.43,44.6,38.14,38.97,39.25,38.69,43,101.83
16087,97.24,102.8,34.82,29.25,30.58,30.58,33.01,30.75,31.11,32.03,32.51,32.12,66.63,36.96,33.21,31.93,40.43,44.6,38.14,38.97,39.25,38.69,43,102.8
16107,97.24,102.8,34.82,29.25,30.58,30.66,32.91,30.75,31.11,32.03,32.51,32.12,67.04,36.96,33.21,31.93,40.43,44.6,38.14,38.97,39.25,38.69,42.83,101.83
16126,96.37,102.8,34.82,29.25,30.58,30.58,33.01,30.75,31.11,32.03,32.51,32.12,67.04,36.96,33.21,31.93,40.43,44.6,38.14,38.97,39.25,38.69,43,102.8
16146,96.37,102.8,34.16,29.25,30.58,30.66,33.01,30.75,31.11,32.03,32.51,32.12,67.04,36.96,33.31,31.93,40.43,44.42,38.14,38.97,39.25,38.69,43,101.83
16165,96.37,102.8,34.05,29.25,30.58,30.58,33.01,30.75,31.11,32.03,32.51,32.12,67.04,36.96,33.21,31.93,40.43,44.42,38.14,38.97,39.25,38.69,43,102.8
16185,97.24,102.8,34.05,29.25,30.58,30.58,33.01,30.75,31.11,32.03,32.51,32.12,66.63,36.96,33.21,31.93,40.43,44.6,38.14,38.97,39.25,38.69,43,102.8
16206,96.37,102.8,34.16,29.25,30.58,30.58,33.01,30.75,31.11,32.03,32.51,32.12,67.04,36.84,33.21,31.93,40.43,44.6,38.14,38.97,39.25,38.69,43,101.83
16224,97.24,102.8,34.71,29.25,30.58,30.58,32.91,30.75,31.11,32.03,32.51,32.12,67.04,36.96,33.21,31.93,40.27,44.42,38.14,38.97,39.11,38.69,43,102.8
16245,96.37,102.8,34.27,29.25,30.58,30.58,33.01,30.75,31.11,32.03,32.51,32.12,67.04,36.96,33.21,31.93,40.43,44.6,38.14,38.97,39.25,38.69,43,101.83
16263,97.24,102.8,34.27,29.25,30.58,30.58,33.01,30.75,31.11,32.03,32.51,32.12,67.04,36.84,33.21,31.93,40.43,44.42,38.14,38.97,39.25,38.69,43,102.8
16284,96.37,102.8,34.48,29.25,30.58,30.58,33.01,30.75,31.11,32.03,32.51,32.12,67.04,36.96,33.31,31.93,40.43,44.6,38.14,38.97,39.25,38.69,43,102.8
16304,96.37,101.83,33.73,29.25,30.58,30.66,33.01,30.75,31.11,32.03,32.51,32.12,67.04,36.96,33.21,31.93,40.27,44.6,38.14,38.97,39.25,38.69,43,102.8
16322,96.37,102.8,34.27,29.25,30.58,30.58,33.01,30.75,31.02,32.03,32.51,32.12,67.04,36.96,33.21,31.93,40.43,44.6,38.14,38.97,39.25,38.69,42.83,102.8
16343,97.24,102.8,34.71,29.25,30.58,30.58,33.01,30.75,31.11,32.03,32.51,32.12,67.04,36.84,33.21,31.93,40.43,44.6,38.01,38.97,39.25,38.69,43,102.8
16361,96.37,102.8,34.59,29.25,30.58,30.58,33.01,30.75,31.11,32.03,32.51,32.12,67.04,36.96,33.31,31.93,40.43,44.6,38.14,38.97,39.25,38.69,43,101.83
16382,96.37,102.8,34.93,29.25,30.58,30.58,33.11,30.75,31.02,32.03,32.51,32.12,73.43,36.96,33.21,31.93,40.27,44.6,38.14,38.97,39.25,38.69,43,102.8
16400,97.24,102.8,35.5,29.25,30.58,30.58,33.01,30.75,31.11,32.03,32.51,32.12,79.95,36.96,33.21,31.93,40.43,44.6,38.01,38.97,39.25,38.83,43,103.78
16421,96.37,102.8,35.5,29.25,30.58,30.58,32.91,30.75,31.11,32.03,32.51,32.12,67.04,36.96,33.21,31.84,40.43,44.79,38.14,38.97,39.25,38.69,43,102.8
16441,96.37,102.8,35.16,29.25,30.58,30.58,33.01,30.75,31.11,32.03,32.51,32.12,73.43,36.96,33.21,31.84,40.43,44.6,38.14,38.97,39.25,38.69,43,101.83
16460,96.37,102.8,35.27,29.25,30.58,30.58,33.01,30.75,31.11,32.03,32.51,32.12,76.01,36.84,33.21,31.93,40.43,44.6,38.14,38.97,39.25,38.69,43,102.8
16480,96.37,102.8,35.27,29.25,30.58,30.58,32.91,30.75,31.11,32.03,32.51,32.12,79.95,36.96,33.21,31.93,40.43,44.6,38.14,38.97,39.25,38.69,43,102.8
16499,92.25,102.8,35.27,29.25,30.58,30.58,33.01,30.75,31.11,32.03,32.51,32.12,79.95,36.96,33.21,31.93,40.43,44.6,38.01,38.97,39.25,38.69,43,101.83
16519,97.24,102.8,34.71,29.25,30.58,30.58,33.01,30.75,31.11,32.03,32.51,32.12,79.95,36.96,33.21,31.93,40.43,44.6,38.14,38.97,39.25,38.69,43,101.83
16538,96.37,102.8,34.71,29.25,30.58,30.58,32.91,30.75,31.11,32.03,32.51,32.03,79.95,36.96,33.21,31.93,40.43,44.6,38.01,38.97,39.25,38.69,43,102.8
16558,96.37,102.8,35.04,29.25,30.58,30.58,32.91,30.75,31.11,32.03,32.51,32.12,80.55,36.84,33.21,31.93,40.43,44.6,38.14,38.97,39.25,38.69,43,102.8
16578,96.37,102.8,36.34,29.25,30.58,30.58,32.81,30.75,31.11,32.03,32.51,32.03,79.95,36.96,33.21,31.93,40.43,44.6,38.14,38.97,39.25,38.69,43,101.83
16597,97.24,102.8,33.42,29.25,30.58,30.58,32.81,30.75,31.2,32.03,32.41,32.12,79.95,36.96,33.21,31.93,40.43,44.42,38.14,38.97,39.25,38.69,43,102.8
16617,97.24,102.8,33.31,29.25,30.58,30.58,32.81,30.75,31.11,32.03,32.41,32.12,79.95,36.96,33.21,31.93,40.43,44.6,38.14,38.97,39.25,38.69,43,102.8
16636,97.24,102.8,33.31,29.25,30.58,30.58,32.81,30.75,31.11,32.03,32.51,32.12,79.95,36.96,33.21,31.93,40.43,44.42,38.14,38.97,39.25,38.69,43,102.8
16656,97.24,101.83,32.61,29.25,30.58,30.58,32.91,30.75,31.11,32.03,32.51,32.12,79.95,36.96,33.21,31.93,40.43,44.42,38.14,38.97,39.25,38.83,43,101.83
16677,98.12,103.78,31.84,29.25,30.58,30.58,33.11,30.75,31.11,32.03,32.51,32.12,79.95,36.96,33.31,31.93,40.43,44.6,38.14,38.97,39.25,38.69,43,102.8
16695,97.24,102.8,31.65,29.25,30.58,30.58,32.81,30.75,31.11,32.03,32.51,32.12,79.95,36.96,33.21,31.93,40.43,44.6,38.01,38.97,39.25,38.83,43,102.8
16716,96.37,102.8,31.65,29.25,30.58,30.58,32.81,30.75,31.11,32.03,32.51,32.12,79.95,36.96,33.21,31.93,40.43,44.6,38.14,38.97,39.25,38.83,43,102.8
16734,96.37,102.8,31.65,29.25,30.58,30.58,32.81,30.75,31.11,31.93,32.41,32.12,79.95,36.96,33.21,31.93,40.43,44.6,38.14,38.97,39.11,38.69,43,102.8
16755,97.24,102.8,31.65,29.25,30.58,30.58,32.81,30.75,31.11,32.03,32.51,32.12,79.95,36.96,33.31,31.93,40.43,44.6,38.14,38.97,39.25,38.69,43,102.8
16773,97.24,102.8,31.56,29.25,30.58,30.58,32.81,30.75,31.11,32.03,32.51,32.12,80.55,36.84,33.31,31.93,40.43,44.6,38.14,38.97,39.25,38.69,43,100.87
16794,96.37,102.8,31.65,29.25,30.58,30.58,32.81,30.75,31.11,32.03,32.51,32.12,79.95,36.96,33.31,31.93,40.43,44.6,38.01,38.97,39.25,38.83,43,101.83
16814,96.37,102.8,31.56,29.25,30.58,30.58,32.81,30.75,31.11,32.03,32.51,32.12,80.55,36.96,33.31,31.93,40.43,44.6,38.14,38.97,39.25,38.69,43,102.8
16832,97.24,102.8,31.65,29.25,30.58,30.58,32.91,30.75,31.11,32.03,32.41,32.12,80.55,36.96,33.31,31.93,40.43,44.6,38.14,38.97,39.25,38.69,43,102.8
16853,97.24,103.78,31.75,29.25,30.58,30.58,32.91,30.75,31.11,32.03,32.41,32.12,80.55,36.96,33.31,31.93,40.43,44.6,38.14,38.97,39.25,38.69,43,101.83
16871,91.47,103.78,31.65,29.25,30.58,30.58,32.81,30.75,31.11,31.93,32.51,32.12,80.55,36.96,33.21,31.93,40.43,44.6,38.01,38.97,39.25,38.69,43,101.83
16892,87.04,102.8,31.75,29.25,30.58,30.58,32.91,30.75,31.11,32.03,32.41,32.12,80.55,36.84,33.21,31.93,40.43,44.6,38.14,38.97,39.25,38.69,43,101.83
16910,84.32,101.83,32.03,29.25,30.58,30.58,32.91,30.75,31.11,32.03,32.41,32.12,79.95,36.84,33.21,31.93,40.43,44.6,38.01,38.97,39.25,38.69,42.83,101.83
16931,63.12,101.83,32.41,29.25,30.58,30.58,32.91,30.75,31.11,32.03,32.51,32.12,79.95,36.96,33.21,31.93,40.43,44.6,38.14,38.83,39.25,38.69,43,101.83
16951,96.37,102.8,31.84,29.25,30.58,30.58,32.91,30.75,31.11,31.93,32.41,32.12,79.95,36.96,33.21,31.93,40.43,44.6,38.14,38.97,39.25,38.55,43,101.83
16970,56.81,100.87,34.27,29.25,30.58,30.58,32.91,30.75,31.11,32.03,32.51,32.12,79.95,36.96,33.21,31.93,40.43,44.6,38.14,38.97,39.25,38.69,42.83,101.83
16990,58.66,100.87,35.04,29.25,30.58,30.58,32.91,30.75,31.11,32.03,32.41,32.12,79.95,36.84,33.21,31.93,40.43,44.79,38.14,38.97,39.25,38.55,43,101.83
17009,93.05,101.83,37.74,29.25,30.58,30.58,32.91,30.75,31.11,32.03,32.41,32.12,79.95,36.96,33.21,31.93,40.27,44.6,38.14,38.97,39.11,38.69,43,101.83
17029,95.52,87.75,38.01,29.25,30.58,30.58,32.91,30.75,31.29,31.93,32.41,32.12,66.63,36.96,33.31,31.93,40.43,44.6,38.14,38.97,39.25,38.69,43,101.83
17050,96.37,99.94,35.98,29.25,30.58,30.58,32.91,30.75,31.38,31.93,32.51,32.12,67.04,36.96,33.21,31.93,40.43,44.79,38.01,38.97,39.25,38.69,43,101.83
17068,93.86,86.35,31.56,29.25,30.58,30.58,33.01,30.75,31.38,32.03,32.41,32.12,74.44,36.96,33.21,31.93,40.43,44.6,38.14,38.97,39.25,38.69,43,101.83
17088,96.37,102.8,31.56,29.25,30.58,30.58,32.91,30.75,31.38,32.03,32.51,32.12,77.65,36.96,33.31,31.93,40.27,44.6,38.01,38.97,39.11,38.69,43,101.83
17107,96.37,102.8,31.65,29.25,30.58,30.58,53.43,30.75,31.38,32.03,32.51,32.12,67.04,36.96,33.21,31.93,40.43,44.6,38.01,38.97,39.25,38.69,43,101.83
17127,95.52,101.83,33.62,29.25,30.58,30.58,53.7,30.75,31.38,32.03,32.41,32.12,66.63,36.96,33.21,31.93,40.43,44.6,38.01,38.97,39.25,38.69,43,100.87
17146,94.68,50.44,36.34,29.25,30.58,30.58,48.62,30.75,31.2,32.03,32.51,32.12,66.63,36.96,33.21,31.93,40.43,44.6,38.01,38.97,39.25,38.69,43,101.83
17166,97.24,102.8,37.87,29.25,30.58,30.58,62.03,30.75,31.11,32.03,32.51,32.12,67.04,36.96,33.31,32.03,40.43,44.6,38.01,38.97,39.11,38.69,43,101.83
17187,97.24,102.8,32.03,29.25,30.58,30.58,55.64,30.75,31.11,32.03,32.51,32.12,67.04,36.96,33.31,31.93,40.43,44.6,38.14,38.97,39.25,38.69,43,100.87
17205,96.37,99.94,31.38,29.25,30.58,30.58,33.11,30.75,31.11,31.93,32.51,32.12,66.63,36.96,33.21,32.03,40.43,44.6,38.14,38.97,39.25,38.69,43,101.83
17226,96.37,101.83,31.38,29.25,30.58,30.58,32.91,30.75,31.11,32.03,32.41,32.12,66.22,36.96,33.21,31.93,40.43,44.6,38.01,38.97,39.25,38.69,43,99.94
17244,97.24,88.47,31.38,29.25,30.58,30.58,33.11,30.75,31.11,32.03,32.41,32.12,66.63,36.96,33.21,31.93,40.27,44.6,38.01,38.97,39.25,38.69,43,101.83
17265,97.24,102.8,31.29,29.25,30.58,30.58,32.91,30.75,31.2,32.03,32.51,32.12,66.63,36.96,33.21,31.93,40.43,44.6,38.01,38.83,39.25,38.69,43,101.83
17283,96.37,100.87,31.29,29.25,30.58,30.58,32.91,30.75,31.29,32.03,32.51,32.12,66.63,36.96,33.31,32.03,40.43,44.6,38.01,38.97,39.25,38.69,43,101.83
17303,96.37,101.83,31.29,29.25,30.58,30.58,32.91,30.75,31.38,32.03,32.41,32.12,66.63,36.96,33.21,31.93,40.43,44.6,38.01,38.97,39.25,38.69,43,101.83
17324,97.24,102.8,31.29,29.25,30.58,30.58,32.91,30.75,31.38,32.03,32.51,32.12,66.63,36.96,33.21,32.03,40.43,44.42,38.01,38.97,39.25,38.69,43,101.83
17342,97.24,95.52,31.2,29.25,30.58,30.58,32.91,30.75,31.38,32.03,32.51,32.12,66.63,36.96,33.31,32.03,40.43,44.6,38.01,38.97,39.11,38.69,43,101.83
17363,97.24,102.8,31.2,29.25,30.58,30.58,32.91,30.75,31.38,32.03,32.51,32.12,66.63,36.96,33.21,31.93,40.43,44.42,38.01,38.97,39.25,38.69,43,101.83
17381,97.24,102.8,31.29,29.25,30.58,30.58,32.91,30.75,31.38,32.03,32.51,32.12,66.22,36.96,33.31,32.03,40.27,44.42,38.01,38.97,39.25,38.69,43,100.87
17402,97.24,100.87,31.29,29.25,30.58,30.58,32.91,30.75,31.38,31.93,32.51,32.12,67.04,36.96,33.21,32.03,40.43,44.42,38.01,38.83,39.25,38.69,43,100.87
17422,98.12,101.83,31.29,29.25,30.58,30.49,32.91,30.75,31.38,31.93,32.41,32.12,66.63,36.96,33.21,32.03,40.12,44.42,38.01,38.97,39.25,38.69,43,101.83
17441,98.12,102.8,31.29,29.25,30.58,30.58,32.91,30.75,31.38,31.93,32.51,32.12,66.63,36.96,33.21,32.03,40.43,44.42,38.01,38.97,39.25,38.69,43,101.83
17461,98.12,102.8,31.29,29.25,30.58,30.58,32.91,30.75,31.38,32.03,32.41,32.12,67.04,36.96,33.21,31.93,40.43,44.42,38.01,38.97,39.25,38.69,43,102.8
17480,97.24,84.99,31.2,29.25,30.58,30.58,33.11,30.75,31.38,31.93,32.51,32.12,66.63,36.96,33.31,32.03,40.27,44.42,38.01,38.97,39.25,38.69,43,101.83
17500,95.52,52.4,31.29,29.25,30.58,30.58,33.01,30.75,31.38,32.03,32.51,32.12,66.63,36.96,33.21,32.03,40.43,44.42,38.01,38.97,39.25,38.69,43,101.83
17519,95.52,54.51,31.29,29.25,30.58,30.58,33.11,30.75,31.38,31.93,32.51,32.12,66.63,36.96,33.21,32.03,40.27,44.42,38.01,38.97,39.25,38.69,43,100.87
17539,95.52,53.17,31.29,29.25,30.58,30.58,33.01,30.75,31.38,31.93,32.51,32.12,66.63,36.96,33.21,32.03,40.43,44.6,38.01,38.97,39.25,38.55,43,101.83
17559,95.52,52.4,31.29,29.25,30.58,30.58,33.11,30.75,31.38,31.93,32.41,32.12,67.04,36.96,33.21,32.03,40.27,44.6,38.14,38.97,39.25,38.69,43,102.8
17578,97.24,102.8,31.29,29.25,30.58,30.58,33.11,30.75,31.38,32.03,32.41,32.12,67.04,36.96,33.21,32.03,40.43,44.42,38.01,38.97,39.25,38.69,43,101.83
17598,97.24,102.8,31.29,29.25,30.58,30.58,33.11,30.75,31.38,31.93,32.51,32.12,66.63,36.84,33.21,32.03,40.43,44.42,38.01,38.97,39.25,38.69,43,102.8
17617,97.24,101.83,31.2,29.25,30.58,30.58,33.11,30.75,31.38,31.93,32.51,32.12,66.63,36.84,33.31,32.03,40.43,44.42,38.01,38.97,39.25,38.55,43,102.8
17637,97.24,102.8,31.29,29.25,30.58,30.58,33.11,30.75,31.38,32.03,32.51,32.12,66.63,36.96,33.21,32.03,40.43,44.42,38.01,38.97,39.25,38.69,42.83,102.8
17656,97.24,102.8,31.29,29.25,30.58,30.58,33.11,30.75,31.38,32.03,32.51,32.12,67.04,36.96,33.31,32.03,40.43,44.6,38.01,38.97,39.25,38.69,43,101.83
17678,97.24,102.8,31.29,29.25,30.58,30.58,33.11,30.75,31.38,31.93,32.41,32.12,66.63,36.96,33.31,32.03,39.98,44.6,38.01,38.97,39.25,38.69,43,101.83
17697,97.24,102.8,31.29,29.25,30.58,30.58,33.11,30.75,31.38,31.93,32.51,32.12,67.04,36.96,33.21,31.93,40.43,44.6,38.01,38.97,39.25,38.69,43,102.8
17717,97.24,101.83,31.29,29.25,30.58,30.58,33.11,30.75,31.38,31.93,32.51,32.12,66.63,36.96,33.21,32.03,40.27,44.6,37.87,38.97,39.25,38.69,43,102.8
17738,97.24,102.8,31.29,29.25,30.58,30.58,33.11,30.75,31.38,31.93,32.51,32.12,67.04,36.96,33.31,31.93,40.43,44.42,38.14,38.97,39.25,38.69,43,101.83
17756,97.24,102.8,31.29,29.25,30.58,30.58,33.11,30.75,31.38,31.93,32.41,32.12,67.04,36.96,33.21,32.03,40.43,44.42,38.01,38.97,39.11,38.69,43,102.8
17777,97.24,101.83,31.29,29.25,30.58,30.58,33.11,30.75,31.38,32.03,32.51,32.12,67.04,36.96,33.31,32.03,40.43,44.42,38.01,38.97,39.25,38.69,43,101.83
17795,97.24,99.02,33.73,29.25,30.58,30.58,33.11,30.75,31.38,31.93,32.51,32.12,67.04,36.96,33.21,32.03,40.43,44.42,38.14,38.97,39.25,38.69,43,101.83
17815,97.24,100.87,31.29,29.25,30.58,30.58,33.11,30.75,31.38,32.03,32.51,32.12,79.95,36.96,33.31,32.03,40.43,44.42,38.01,38.97,39.25,38.69,43,102.8
17836,97.24,100.87,31.29,29.25,30.58,30.58,33.11,30.75,31.38,32.03,32.51,32.12,80.55,36.96,33.31,32.03,40.43,44.42,38.14,38.97,39.25,38.69,43,102.8
17854,97.24,101.83,31.29,29.25,30.58,30.58,33.11,30.75,31.38,32.03,32.51,32.12,79.95,36.96,33.31,31.93,40.43,44.42,38.14,38.97,39.25,38.69,42.83,101.83
17875,97.24,101.83,31.38,29.25,30.58,30.58,33.11,30.75,31.38,32.03,32.51,32.12,66.63,36.96,33.21,31.93,40.43,44.6,38.01,38.97,39.25,38.69,43,102.8
17893,96.37,102.8,31.38,29.25,30.58,30.58,33.11,30.75,31.38,32.03,32.51,32.12,66.63,36.96,33.21,32.03,40.27,44.42,38.01,38.97,39.25,38.69,43,100.87
17914,94.68,49.97,31.38,29.25,30.58,30.58,33.11,30.75,31.38,32.03,32.51,32.12,66.63,36.96,33.21,32.03,40.43,44.6,38.01,38.97,39.25,38.69,43,101.83
17932,96.37,92.25,38.55,29.25,30.58,30.58,33.11,30.75,31.38,31.93,32.41,32.12,67.04,36.96,33.21,32.03,40.27,44.42,38.01,38.97,39.25,38.69,43,100.87
17953,96.37,65.02,31.38,29.25,30.58,30.58,32.91,30.75,31.38,31.93,32.51,32.12,66.63,36.96,33.21,31.93,40.43,44.6,38.01,38.97,39.25,38.69,43,101.83
17973,95.52,53.97,31.47,29.25,30.58,30.58,32.91,30.75,31.38,32.03,32.51,32.12,66.63,36.84,33.31,31.93,40.43,44.6,38.01,38.97,39.25,38.69,43,101.83
17992,97.24,102.8,31.47,29.25,30.58,30.58,33.01,30.75,31.38,31.93,32.41,32.12,67.04,36.96,33.21,31.93,40.43,44.6,38.01,38.97,39.25,38.69,43,102.8
18012,97.24,102.8,31.56,29.25,30.58,30.58,32.91,30.75,31.38,32.03,32.51,32.12,66.63,36.96,33.21,31.93,40.43,44.6,38.01,38.97,39.25,38.69,43,102.8
18031,96.37,101.83,31.47,29.25,30.58,30.58,37.09,30.75,31.38,31.93,32.51,32.12,67.04,36.96,33.21,31.93,40.43,44.6,38.01,38.97,39.25,38.69,43,101.83
18051,96.37,100.87,31.47,29.25,30.58,30.58,36.96,30.75,31.38,31.93,32.51,32.12,66.63,36.96,33.21,31.93,40.43,44.6,38.01,38.97,39.25,38.55,43,101.83
18071,97.24,90.7,31.47,29.25,30.58,30.58,32.91,30.75,31.38,31.93,32.51,32.12,67.04,36.96,33.21,31.93,40.43,44.6,38.14,38.97,39.25,38.69,43,102.8
18090,96.37,102.8,31.47,29.25,30.58,30.58,33.11,30.75,31.38,31.93,32.51,32.12,66.63,36.84,33.21,31.93,40.43,44.6,38.14,38.97,39.25,38.69,43,102.8
18110,97.24,102.8,31.47,29.25,30.58,30.58,33.11,30.75,31.38,32.03,32.51,32.12,67.04,36.96,33.21,31.93,40.43,44.6,38.01,38.97,39.25,38.69,43,101.83
18129,97.24,102.8,31.56,29.25,30.58,30.58,32.91,30.75,31.38,32.03,32.51,32.12,66.63,36.96,33.21,31.93,40.43,44.42,38.01,38.97,39.25,38.69,43,102.8
18149,96.37,102.8,31.47,29.25,30.58,30.58,32.91,30.75,31.38,32.03,32.51,32.12,67.04,36.96,33.21,31.93,40.43,44.6,38.01,38.97,39.25,38.69,43,101.83
18168,96.37,102.8,31.47,29.25,30.58,30.58,32.91,30.75,31.38,32.03,32.51,32.12,67.04,36.96,33.21,31.93,40.43,44.42,38.14,38.97,39.25,38.69,43,102.8
18188,94.68,102.8,31.56,29.25,30.58,30.58,33.11,30.75,31.38,32.03,32.51,32.12,66.63,36.96,33.21,31.93,40.43,44.6,38.14,38.97,39.25,38.69,43,101.83
18209,95.52,102.8,31.56,29.25,30.58,30.49,33.11,30.75,31.38,32.03,32.41,32.12,66.63,36.96,33.21,31.93,40.43,45.16,38.14,38.97,39.25,38.69,43,101.83
18227,96.37,102.8,32.03,29.25,30.58,30.58,33.11,30.75,31.38,32.03,32.51,32.12,67.04,36.96,33.21,31.93,40.43,44.97,38.01,38.97,39.25,38.69,43,101.83
18248,96.37,102.8,32.71,29.25,30.58,30.58,33.11,30.75,31.38,32.03,32.51,32.12,67.04,36.96,33.31,31.93,40.43,44.79,38.14,38.97,39.25,38.69,43,102.8
18266,96.37,102.8,33.01,29.25,30.58,30.58,33.11,30.75,31.38,31.93,32.51,32.12,70.55,36.84,33.21,31.93,40.27,44.97,38.01,38.97,39.25,38.69,43,100.87
18287,95.52,101.83,33.84,29.25,30.58,30.58,33.21,30.75,31.38,31.93,32.41,32.12,69.19,36.96,33.21,31.93,40.43,44.97,38.14,38.97,39.11,38.69,43,102.8
18305,95.52,101.83,35.16,29.25,30.58,30.58,33.21,30.75,31.38,31.93,32.51,32.12,66.63,36.96,33.21,31.84,40.43,44.79,38.14,38.97,39.25,38.69,43,101.83
18325,95.52,101.83,33.11,29.25,30.58,30.58,33.11,30.75,31.38,32.03,32.51,32.12,67.04,36.96,33.21,31.93,40.43,45.16,38.14,38.97,39.25,38.69,43,101.83
18346,96.37,101.83,34.59,29.25,30.58,30.58,33.21,30.75,31.38,32.03,32.51,32.12,67.04,36.96,33.21,31.93,40.27,45.16,38.01,38.97,39.11,38.69,42.83,102.8
18364,96.37,101.83,32.81,29.25,30.58,30.58,33.11,30.75,31.38,31.93,32.41,32.12,66.63,36.96,33.21,31.93,40.43,45.16,38.14,38.97,39.11,38.69,43,101.83
18385,96.37,102.8,33.01,29.25,30.58,30.58,33.11,30.75,31.38,32.03,32.51,32.12,79.36,36.96,33.21,31.93,40.43,45.16,38.01,38.97,39.25,38.69,43,101.83
18403,96.37,101.83,33.31,29.25,30.58,30.58,33.11,30.75,31.38,32.03,32.51,32.12,79.95,36.96,33.21,31.93,40.43,44.97,38.14,38.97,39.25,38.69,43,101.83
18424,96.37,101.83,34.05,29.25,30.58,30.58,32.22,30.75,31.11,32.03,32.51,32.12,79.95,36.96,33.21,31.93,40.43,45.16,38.14,38.97,39.25,38.69,43,101.83
18442,96.37,102.8,34.37,29.25,30.58,30.58,32.12,30.75,31.11,32.03,32.41,32.12,80.55,36.96,33.21,31.84,40.43,45.16,38.14,38.97,39.11,38.69,42.83,101.83
18463,96.37,102.8,34.71,29.25,30.58,30.58,32.12,30.75,31.11,32.03,32.51,32.12,79.95,36.96,33.21,31.93,40.43,45.16,38.14,38.97,39.25,38.69,43,101.83
18483,96.37,102.8,34.82,29.25,30.58,30.58,32.12,30.75,31.11,32.03,32.41,32.12,79.95,36.96,33.21,31.93,40.43,44.42,38.01,38.97,39.25,38.69,43,102.8
18502,96.37,101.83,33.52,29.25,30.58,30.58,32.12,30.75,31.11,32.03,32.41,32.12,76.01,36.96,33.21,31.93,40.43,44.6,38.14,38.97,39.25,38.69,43,101.83
18522,96.37,102.8,34.16,29.25,30.58,30.58,32.12,30.75,31.11,32.03,32.41,32.12,79.36,36.96,33.31,31.93,40.43,44.42,38.01,38.97,39.25,38.69,43,101.83
18540,96.37,102.8,34.27,29.25,30.58,30.58,32.12,30.75,31.11,32.03,32.51,32.12,79.36,36.96,33.21,31.93,40.27,44.42,38.01,38.83,39.25,38.69,43,101.83
18561,95.52,101.83,34.93,29.25,30.58,30.58,32.12,30.75,31.11,31.93,32.51,32.12,79.36,36.96,33.21,31.93,40.43,44.6,38.14,38.97,39.25,38.69,43,102.8
18581,96.37,101.83,34.37,29.25,30.58,30.58,32.12,30.75,31.11,32.03,32.41,32.12,79.95,36.96,33.21,31.93,40.43,44.6,38.01,38.97,39.25,38.69,43,102.8
18600,96.37,101.83,34.37,29.25,30.58,30.58,32.22,30.75,31.11,32.03,32.51,32.12,79.95,36.96,33.21,31.93,40.43,44.6,38.01,38.97,39.25,38.69,43,102.8
18620,96.37,101.83,35.39,29.25,30.58,30.58,33.01,30.75,31.29,32.03,32.51,32.12,79.95,36.96,33.21,31.93,40.43,44.79,38.14,38.97,39.25,38.69,43,102.8
18639,96.37,101.83,37.61,29.25,30.58,30.58,33.01,30.75,31.29,32.03,32.51,32.12,79.36,36.96,33.21,31.93,40.43,44.6,38.01,38.97,39.25,38.69,43,102.8
18659,96.37,101.83,33.73,29.25,30.58,30.58,32.12,30.75,31.38,32.03,32.51,32.12,79.95,36.96,33.21,31.93,40.43,44.6,38.01,38.97,39.25,38.69,43,102.8
18678,95.52,101.83,33.21,29.25,30.58,30.58,32.12,30.75,31.38,32.03,32.51,32.12,79.95,36.96,33.21,31.93,40.43,44.42,38.01,38.97,39.25,38.69,42.83,100.87
18698,95.52,101.83,34.16,29.25,30.58,30.58,32.12,30.75,31.38,32.03,32.51,32.12,79.36,36.96,33.21,31.93,40.43,44.6,38.14,38.97,39.11,38.69,43,101.83
18719,95.52,101.83,35.74,29.25,30.58,30.58,32.12,30.75,31.38,32.03,32.41,32.12,79.95,36.96,33.21,31.93,40.43,44.97,38.14,38.83,39.25,38.69,43,101.83
18737,96.37,101.83,34.48,29.25,30.58,30.58,32.12,30.75,31.38,32.03,32.51,32.12,79.95,36.84,33.21,31.93,40.27,45.35,38.14,38.97,39.25,38.69,43,101.83
18758,96.37,101.83,36.1,29.25,30.58,30.58,32.22,30.75,31.38,32.03,32.51,32.12,79.95,36.84,33.21,31.93,40.43,45.74,38.14,38.97,39.25,38.69,43,101.83
18776,96.37,101.83,34.71,29.25,30.58,30.58,32.71,30.75,31.38,32.03,32.51,32.12,80.55,36.96,33.21,31.93,40.27,45.93,38.14,38.97,39.25,38.69,43,101.83
18796,96.37,101.83,36.22,29.25,30.58,30.58,32.22,30.75,31.38,32.03,32.51,32.12,79.95,36.96,33.21,31.93,40.43,45.93,38.14,38.97,39.25,38.55,43,101.83
18815,96.37,101.83,35.98,29.25,30.58,30.58,32.91,30.75,31.38,32.03,32.51,32.12,80.55,36.96,33.21,31.93,40.43,45.93,38.14,38.97,39.25,38.69,43,101.83
18835,96.37,101.83,36.22,29.25,30.58,30.58,32.91,30.75,31.38,32.03,32.51,32.12,79.95,36.96,33.21,31.93,40.43,45.93,38.14,38.97,39.11,38.69,43,100.87
18856,96.37,101.83,36.46,29.25,30.58,30.58,32.91,30.75,31.38,32.03,32.41,32.12,80.55,36.84,33.21,31.93,40.43,45.93,38.01,38.97,39.25,38.69,43,101.83
18874,96.37,101.83,33.11,29.25,30.58,30.58,33.01,30.75,31.38,32.03,32.51,32.12,81.77,36.96,33.21,31.93,40.43,45.74,38.01,38.83,39.11,38.55,42.83,101.83
18895,96.37,101.83,33.94,29.25,30.58,30.58,33.01,30.75,31.38,32.03,32.51,32.12,80.55,36.96,33.21,31.93,40.43,45.93,38.14,38.97,39.25,38.83,43,101.83
18913,96.37,101.83,37.61,29.25,30.58,30.58,32.91,30.75,31.38,32.03,32.41,32.12,80.55,36.96,33.21,31.93,40.43,45.93,38.14,38.97,39.25,38.69,42.83,101.83
18934,95.52,101.83,37.09,29.25,30.58,30.58,32.81,30.75,31.38,32.03,32.51,32.12,80.55,36.96,33.21,31.93,40.43,45.93,38.01,38.97,39.25,38.69,43,102.8
18954,96.37,102.8,36.84,29.25,30.58,30.58,32.91,30.75,31.38,32.03,32.51,32.12,79.95,36.96,33.21,31.93,40.43,44.6,38.01,38.97,39.25,38.69,43,101.83
18973,95.52,101.83,37.48,29.25,30.58,30.58,33.01,30.75,31.38,32.03,32.51,32.12,80.55,36.96,33.21,31.93,39.98,44.6,38.01,38.97,39.25,38.69,43,101.83
18993,96.37,101.83,32.61,29.25,30.58,30.58,33.01,30.75,31.29,32.03,32.51,32.12,79.95,36.96,33.21,31.93,40.43,44.6,38.14,38.97,39.25,38.69,43,101.83
19011,48.4,99.94,32.51,29.25,30.58,30.58,32.91,30.75,31.29,32.03,32.51,32.12,79.95,36.96,33.31,31.93,40.43,44.6,38.01,38.97,39.25,38.69,43,101.83
19032,65.02,100.87,31.93,29.25,30.58,30.58,32.91,30.75,31.38,32.03,32.41,32.12,79.95,36.96,33.31,31.84,40.43,44.6,38.01,38.97,39.25,38.69,43,101.83
19050,93.86,101.83,31.75,29.25,30.58,30.58,32.81,30.75,31.38,32.03,32.41,32.12,79.95,36.96,33.21,31.93,40.43,44.6,38.14,38.97,39.25,38.69,43,101.83
19071,51.15,99.94,31.84,29.25,30.58,30.58,33.11,30.75,31.38,32.03,32.51,32.12,79.95,36.96,33.21,31.93,40.27,44.6,38.14,38.97,39.25,38.69,42.83,101.83
19091,51.15,100.87,39.25,29.25,30.58,30.58,32.91,30.75,31.38,32.03,32.41,32.12,80.55,36.96,33.21,31.93,40.43,44.42,38.14,38.97,39.25,38.69,43,101.83
19110,62.75,100.87,38.69,29.25,30.58,30.58,32.81,30.75,31.38,32.03,32.51,32.12,79.95,36.96,33.21,31.93,40.43,44.42,38.14,38.97,39.25,38.69,43,101.83
19130,65.42,100.87,33.62,29.25,30.58,30.58,32.81,30.75,31.38,32.03,32.51,32.12,79.95,36.96,33.31,31.93,40.43,44.42,38.01,38.97,39.25,38.55,43,101.83
19149,59.31,100.87,38.14,29.25,30.58,30.58,32.91,30.75,31.38,32.03,32.41,32.12,80.55,36.96,33.31,31.93,40.43,44.42,38.14,38.97,39.25,38.69,43,101.83
19169,78.78,101.83,35.74,29.25,30.58,30.58,33.01,30.75,31.38,32.03,32.51,32.12,80.55,36.96,33.31,31.93,40.43,44.42,38.14,38.97,39.25,38.69,43,101.83
19188,94.68,102.8,36.22,29.25,30.58,30.58,32.91,30.75,31.38,32.03,32.41,32.12,80.55,36.96,33.31,31.93,40.43,44.6,38.14,38.83,39.25,38.69,43,101.83
19208,39.83,99.94,35.39,29.25,30.58,30.58,32.81,30.75,31.38,32.03,32.51,32.12,79.95,36.96,33.21,31.93,40.43,44.42,38.01,38.97,39.25,38.69,43,101.83
19229,40.27,99.94,34.59,29.25,30.58,30.58,33.11,30.75,31.29,32.03,32.51,32.12,79.95,36.96,33.31,31.93,40.43,44.42,38.14,38.97,39.25,38.69,43,102.8
19247,94.68,102.8,33.31,29.25,30.58,30.58,33.01,30.75,31.38,32.03,32.51,32.12,80.55,36.96,33.21,31.93,40.43,44.42,38.14,38.97,39.25,38.69,43,101.83
19267,92.25,100.87,32.71,29.25,30.58,30.58,33.01,30.75,31.38,32.03,32.51,32.12,80.55,36.96,33.21,31.93,40.43,44.42,38.14,38.97,39.25,38.69,43,101.83
19286,44.97,99.94,33.84,29.25,30.58,30.58,33.01,30.75,31.38,32.03,32.51,32.12,79.95,36.96,33.21,31.93,40.43,44.42,38.14,38.97,39.25,38.69,43,100.87
19306,45.54,100.87,31.56,29.25,30.58,30.58,33.01,30.75,31.38,32.03,32.41,32.12,80.55,36.96,33.21,31.93,40.43,44.6,38.14,38.97,39.25,38.83,43,101.83
19327,48.19,100.87,31.56,29.25,30.58,30.58,33.01,30.75,31.38,32.03,32.51,32.12,79.95,36.96,33.31,31.93,40.43,44.42,38.01,38.97,39.25,38.55,43,101.83
19345,58.66,100.87,31.56,29.25,30.58,30.49,33.11,30.75,31.38,32.03,32.51,32.12,80.55,36.96,33.21,31.93,40.43,44.42,38.14,38.97,39.25,38.83,43,101.83
19366,71.01,101.83,31.56,29.25,30.58,30.58,33.11,30.75,31.38,32.03,32.51,32.12,80.55,36.96,33.31,31.93,40.27,44.6,38.01,38.97,39.11,38.69,43,101.83
19384,88.47,101.83,31.56,29.25,30.58,30.58,33.01,30.75,31.38,32.03,32.51,32.12,80.55,36.96,33.31,31.93,40.43,44.6,38.14,38.97,39.25,38.69,43,101.83
19405,95.52,102.8,31.56,29.25,30.58,30.58,32.91,30.75,31.38,31.93,32.51,32.12,80.55,36.96,33.31,31.93,40.43,44.42,38.01,38.97,39.25,38.69,43,102.8
19423,95.52,102.8,31.56,29.25,30.58,30.49,32.81,30.75,31.2,31.93,32.51,32.12,80.55,36.96,33.31,31.93,40.43,44.42,38.01,38.97,39.25,38.83,43,102.8
19444,95.52,102.8,31.56,29.25,30.58,30.49,32.81,30.75,31.11,32.03,32.51,32.12,80.55,36.96,33.31,31.93,40.43,44.42,38.01,38.97,39.25,38.69,43,101.83
19464,95.52,102.8,31.56,29.25,30.58,30.58,32.81,30.75,31.11,32.03,32.41,32.12,80.55,36.96,33.31,31.93,40.43,44.6,38.14,38.97,39.25,38.69,43,101.83
19483,96.37,102.8,31.56,29.25,30.58,30.58,32.81,30.75,31.11,32.03,32.51,32.12,80.55,36.96,33.21,31.93,40.27,44.42,38.01,38.97,39.25,38.69,43,102.8
19503,95.52,102.8,34.71,29.25,30.58,30.49,32.91,30.75,31.11,32.03,32.51,32.12,80.55,36.96,33.21,31.93,40.43,44.42,38.01,38.97,39.25,38.83,43,102.8
19521,96.37,102.8,37.61,29.25,30.58,30.58,32.81,30.75,31.11,32.03,32.51,32.12,67.04,36.96,33.31,31.93,40.43,44.42,38.14,38.97,39.25,38.83,43,101.83
19542,95.52,102.8,37.35,29.25,30.58,30.49,32.91,30.75,31.11,32.03,32.51,32.12,67.04,36.96,33.31,31.93,40.27,44.42,38.01,38.97,39.25,38.69,43,102.8
19560,96.37,102.8,36.84,29.25,30.58,30.58,32.91,30.75,31.2,31.93,32.51,32.12,67.04,36.96,33.21,31.93,40.27,44.42,38.01,38.97,39.25,38.55,43,101.83
19581,95.52,102.8,31.56,29.25,30.58,30.58,32.91,30.75,31.38,32.03,32.51,32.12,67.04,36.96,33.21,31.93,40.43,44.42,38.01,38.97,39.25,38.69,43,101.83
19601,95.52,101.83,32.41,29.25,30.58,30.58,33.01,30.75,31.38,32.03,32.51,32.12,67.04,36.96,33.21,31.93,40.43,44.42,38.01,38.97,39.25,38.69,43,101.83
19620,95.52,102.8,34.16,29.25,30.58,30.66,32.91,30.75,31.38,32.03,32.51,32.12,67.04,36.96,33.31,31.93,40.43,44.42,38.14,38.97,39.25,38.69,43,102.8
19640,96.37,99.94,44.6,29.25,30.58,30.58,32.91,30.75,31.38,32.03,32.51,32.12,67.04,36.96,33.31,31.93,40.43,44.42,38.01,38.97,39.25,38.69,43,101.83
19659,96.37,102.8,31.93,29.25,30.58,30.66,32.91,30.75,31.38,32.03,32.51,32.12,67.04,36.96,33.31,31.93,40.43,44.42,38.01,38.97,39.25,38.69,43,101.83
19679,96.37,100.87,31.56,29.25,30.58,30.58,32.91,30.75,31.38,32.03,32.51,32.12,66.63,36.96,33.31,31.93,40.43,44.42,38.01,38.97,39.25,38.69,43,101.83
19700,96.37,102.8,31.75,29.25,30.58,30.58,32.91,30.75,31.38,32.03,32.41,32.12,67.04,36.96,33.21,32.03,40.43,44.42,38.14,38.97,39.25,38.69,43,101.83
19718,97.24,101.83,31.47,29.25,30.58,30.66,32.91,30.75,31.38,31.93,32.51,32.12,67.04,36.96,33.31,31.93,40.27,44.42,38.01,38.97,39.25,38.69,43,101.83
19739,96.37,99.94,40.58,29.25,30.58,30.66,32.91,30.75,31.38,32.03,32.51,32.12,67.04,36.96,33.31,32.03,40.43,44.6,38.01,38.97,39.25,38.69,43,101.83
19757,97.24,103.78,51.15,29.25,30.58,30.66,32.91,30.75,31.38,32.03,32.51,32.12,67.04,36.96,33.21,32.03,40.43,44.6,38.01,38.97,39.25,38.69,43,102.8
19777,97.24,102.8,51.15,29.25,30.58,30.58,32.91,30.75,31.38,32.03,32.51,32.12,67.04,36.96,33.31,31.93,40.43,44.6,38.01,38.97,39.25,38.69,43,101.83
19796,97.24,99.94,43.52,29.25,30.58,30.58,32.91,30.75,31.38,31.93,32.51,32.12,67.04,36.96,33.31,32.03,40.43,44.42,38.01,38.97,39.25,38.69,43,100.87
19816,97.24,102.8,31.38,29.25,30.58,30.58,32.81,30.75,31.38,31.93,32.51,32.12,67.04,36.96,33.31,32.03,40.43,44.42,38.01,38.97,39.25,38.69,43,101.83
19837,96.37,100.87,31.38,29.25,30.58,30.66,32.81,30.75,31.38,32.03,32.51,32.12,67.04,36.96,33.31,32.03,40.27,44.42,38.01,38.97,39.25,38.69,43,101.83
19855,97.24,98.12,31.38,29.25,30.58,30.66,32.91,30.75,31.38,31.93,32.51,32.12,67.04,36.96,33.31,32.03,40.43,44.6,38.01,38.97,39.25,38.69,43,101.83
19876,97.24,93.86,31.38,29.25,30.58,30.66,32.91,30.75,31.38,31.93,32.51,32.12,66.63,36.96,33.31,32.03,40.43,44.6,38.01,38.97,39.25,38.69,43,100.87
19894,96.37,86.35,31.38,29.25,30.58,30.58,32.91,30.75,31.38,31.93,32.51,32.12,67.04,36.96,33.31,32.03,40.43,44.6,38.01,38.97,39.25,38.69,43,101.83
19915,96.37,93.05,31.38,29.25,30.58,30.58,32.81,30.75,31.38,31.56,32.51,32.12,67.04,36.96,33.31,32.03,40.12,44.79,38.01,38.97,39.25,38.69,43,100.87
19933,97.24,86.35,31.38,29.25,30.58,30.66,32.91,30.75,31.38,31.56,32.51,32.12,66.63,36.96,33.31,32.03,40.43,44.79,38.01,38.97,39.25,38.69,43,101.83
19954,96.37,77.1,31.38,29.25,30.58,30.66,54.79,30.75,31.38,31.56,32.41,32.12,66.63,36.96,33.31,32.03,40.43,44.79,38.01,38.97,39.11,38.69,43,100.87
19974,97.24,101.83,31.29,29.25,30.58,30.58,32.91,30.75,31.38,31.56,32.41,32.12,67.04,36.96,33.31,32.03,40.43,44.6,38.01,38.97,39.25,38.55,43,100.87
19992,96.37,101.83,31.38,29.25,30.58,30.66,32.91,30.75,31.38,31.56,32.51,32.12,67.04,36.96,33.21,32.03,40.43,44.6,38.01,38.97,39.25,38.69,43,101.83
20013,97.24,97.24,31.29,29.25,30.58,30.58,32.91,30.75,31.38,31.56,32.51,32.12,69.19,36.96,33.31,31.93,40.43,44.79,38.01,38.97,39.25,38.69,43,101.83
20031,97.24,102.8,31.29,29.25,30.58,30.58,32.91,30.75,31.38,31.56,32.51,32.12,74.95,36.96,33.31,32.03,40.43,44.6,38.01,38.97,39.25,38.69,43,101.83
20052,97.24,102.8,31.29,29.25,30.58,30.66,32.91,30.75,31.38,31.56,32.41,32.12,76.01,36.96,33.31,32.03,40.43,44.6,38.01,38.97,39.25,38.69,43,101.83
20072,97.24,102.8,31.38,29.25,30.58,30.58,32.91,30.75,31.38,31.56,32.51,32.12,77.65,36.96,33.31,32.03,40.43,44.6,38.01,38.97,39.25,38.69,43,101.83
20091,98.12,102.8,31.38,29.25,30.58,30.58,32.91,30.75,31.38,31.56,32.41,32.12,79.36,36.96,33.21,32.03,40.43,44.6,38.01,38.97,39.25,38.69,43,101.83
20111,97.24,102.8,31.38,29.25,30.58,30.66,32.91,30.75,31.38,31.56,32.51,32.12,79.36,36.96,33.21,32.03,40.43,44.79,38.01,38.97,39.25,38.69,43,101.83
20130,97.24,102.8,31.38,29.25,30.58,30.58,32.91,30.75,31.38,31.56,32.51,32.12,66.63,36.96,33.21,32.03,40.27,44.6,38.01,38.97,39.25,38.69,43,101.83
20150,97.24,102.8,31.38,29.25,30.58,30.58,32.91,30.75,31.38,31.56,32.51,32.12,67.04,36.84,33.21,31.93,40.43,44.6,38.01,38.97,39.25,38.69,43,100.87
20169,97.24,102.8,31.38,29.25,30.58,30.58,32.91,30.75,31.38,31.56,32.41,32.12,66.63,36.96,33.21,32.03,40.43,44.6,38.01,38.97,39.11,38.69,43,101.83
20189,97.24,102.8,31.38,29.25,30.58,30.66,32.91,30.75,31.38,31.65,32.51,32.12,66.63,36.84,33.21,31.93,40.43,44.79,38.01,38.97,39.25,38.69,43,101.83
20210,97.24,102.8,31.38,29.25,30.58,30.58,32.91,30.75,31.38,31.84,32.41,32.12,66.63,36.96,33.21,31.93,40.43,44.6,38.01,38.97,39.25,38.69,43,101.83
20228,97.24,102.8,31.38,29.25,30.58,30.58,32.91,30.75,31.38,31.93,32.51,32.12,66.63,36.96,33.31,31.93,40.12,44.6,38.01,38.97,39.25,38.69,43,101.83
20248,97.24,101.83,31.38,29.25,30.58,30.58,32.91,30.75,31.38,32.03,32.51,32.12,67.04,36.96,33.31,31.93,40.43,44.42,38.01,38.97,39.25,38.69,43,101.83
20267,97.24,102.8,31.38,29.25,30.58,30.58,32.91,30.75,31.38,32.03,32.51,32.12,66.63,36.96,33.11,32.03,40.43,44.6,38.01,38.97,39.25,38.69,43,101.83
20287,97.24,102.8,31.38,29.25,30.58,30.66,32.91,30.75,31.38,32.03,32.51,32.12,67.04,36.96,33.21,31.93,39.98,44.6,38.14,38.97,39.25,38.69,43,101.83
20306,97.24,102.8,31.47,29.25,30.58,30.66,32.91,30.75,31.38,32.03,32.51,32.12,67.04,36.96,33.31,31.93,40.27,44.6,38.01,38.97,39.25,38.69,43,101.83
20326,97.24,102.8,31.47,29.25,30.58,30.58,33.01,30.75,31.38,32.03,32.51,32.12,67.04,36.84,33.31,31.93,40.27,44.6,38.01,38.97,39.25,38.69,43,101.83
20347,97.24,103.78,31.47,29.25,30.58,30.66,32.91,30.75,31.38,32.03,32.51,32.12,66.63,36.96,33.31,31.93,40.43,44.6,38.14,38.97,39.25,38.69,43,100.87
20365,97.24,102.8,31.47,29.25,30.58,30.58,32.91,30.75,31.38,31.93,32.51,32.12,66.63,36.96,33.31,31.93,40.43,45.35,38.01,38.97,39.11,38.69,43,101.83
20386,96.37,105.82,31.47,29.25,30.58,30.66,32.91,30.75,31.38,32.03,32.51,32.12,66.63,36.96,33.31,32.03,40.27,44.6,38.01,38.97,39.25,38.69,43,101.83
20404,97.24,103.78,31.47,29.25,30.58,30.66,32.91,30.75,31.38,32.03,32.51,32.12,67.04,36.96,33.21,31.93,40.43,46.32,38.01,38.97,39.25,38.69,43,101.83
20425,96.37,103.78,33.21,29.25,30.58,30.66,32.91,30.75,31.38,32.03,32.51,32.12,67.04,36.96,33.21,31.93,40.27,44.42,38.01,38.97,39.25,38.69,43,101.83
20445,97.24,103.78,35.62,29.25,30.58,30.66,32.91,30.75,31.38,32.03,32.51,32.12,67.04,36.96,33.21,31.93,40.43,44.42,38.01,38.97,39.25,38.69,43,101.83
20464,96.37,103.78,34.37,29.25,30.58,30.66,32.91,30.75,31.38,32.12,32.51,32.12,66.63,36.96,33.21,31.93,40.43,44.42,38.01,38.97,39.25,38.69,43,101.83
20484,97.24,102.8,33.62,29.25,30.58,30.58,32.91,30.75,31.38,32.03,32.51,32.12,67.04,36.96,33.21,32.03,40.27,44.42,38.14,38.97,39.25,38.83,43,101.83
20502,96.37,103.78,31.47,29.25,30.58,30.58,32.91,30.75,31.38,32.03,32.51,32.12,67.04,36.96,33.21,31.93,40.43,44.24,38.14,38.97,39.25,38.69,42.83,101.83
20523,96.37,102.8,31.47,29.25,30.58,30.58,33.11,30.75,31.38,32.03,32.51,32.12,80.55,36.96,33.21,31.93,40.43,44.42,38.14,38.97,39.25,38.69,43,101.83
20541,96.37,102.8,31.47,29.25,30.58,30.58,33.01,30.75,31.84,32.03,32.51,32.12,79.95,36.96,33.21,31.93,40.27,44.42,38.14,38.97,39.25,38.69,43,101.83
20562,97.24,102.8,31.47,29.25,30.58,30.66,32.91,30.75,31.84,32.03,32.51,32.12,79.95,36.96,33.21,31.93,40.43,44.42,38.14,38.97,39.25,38.69,43,102.8
20582,97.24,102.8,31.47,29.25,30.58,30.58,32.91,30.75,31.38,32.03,32.51,32.12,79.95,36.96,33.31,31.93,40.43,44.42,38.14,38.97,39.25,38.69,43,102.8
20601,96.37,102.8,31.47,29.25,30.58,30.58,32.91,30.75,33.21,32.03,32.51,32.12,79.95,36.96,33.21,31.93,40.43,44.42,38.14,38.97,39.25,38.83,43,101.83
20621,96.37,102.8,31.47,29.25,30.58,30.58,32.81,30.75,39.83,32.03,32.51,32.12,80.55,36.96,33.21,31.93,40.43,44.42,38.01,38.97,39.25,38.69,43,103.78
20640,95.52,102.8,31.47,29.25,30.58,30.58,32.91,30.75,39.68,32.03,32.51,32.12,80.55,36.96,33.21,31.93,40.43,44.6,38.01,38.97,39.25,38.69,43,101.83
20660,96.37,102.8,31.47,29.25,30.58,30.66,32.91,30.75,42,32.03,32.51,32.12,79.95,36.96,33.21,31.93,40.43,44.6,38.14,38.97,39.25,38.69,43,101.83
20679,96.37,103.78,31.56,29.25,30.58,30.58,33.01,30.75,42,32.03,32.51,32.12,80.55,36.96,33.21,31.93,40.43,44.6,38.14,38.97,39.25,38.69,43,103.78
20699,96.37,103.78,49.97,29.25,30.58,30.58,32.81,30.75,42,32.03,32.51,32.12,80.55,36.96,33.21,31.93,40.27,44.6,38.14,38.83,39.25,38.69,43,102.8
20720,97.24,102.8,49.51,29.25,30.58,30.66,32.91,30.75,42,32.03,32.51,32.12,80.55,36.96,33.21,31.93,40.43,44.6,38.01,38.97,39.11,38.69,43,101.83
20738,97.24,102.8,49.29,29.25,30.58,30.58,33.01,30.75,41.04,32.12,32.51,32.12,79.95,36.96,33.31,31.93,40.43,44.6,38.14,38.97,39.25,38.83,43,102.8
20758,96.37,102.8,49.29,29.25,30.58,30.66,32.91,30.75,41.04,32.22,32.41,32.12,80.55,36.96,33.31,31.93,40.43,44.79,38.14,38.97,39.25,38.69,43,102.8
20777,90.7,102.8,49.06,29.25,30.58,30.58,32.91,30.75,41.04,32.22,32.51,32.12,80.55,36.96,33.31,31.93,40.43,44.6,38.14,38.97,39.25,38.69,43,102.8
20797,96.37,102.8,49.06,29.25,30.58,30.66,33.11,30.75,41.04,32.22,32.51,32.12,80.55,36.96,33.31,31.93,40.43,44.42,38.14,38.97,39.25,38.69,43,101.83
20816,54.24,100.87,48.62,29.25,30.58,30.66,33.11,30.75,41.04,32.03,32.51,32.12,79.95,36.96,33.21,31.93,40.43,44.42,38.14,38.97,39.11,38.55,43,101.83
20836,66.22,101.83,43,29.25,30.58,30.66,33.11,30.75,41.04,32.03,32.51,32.12,79.95,36.96,33.21,31.93,40.43,44.6,38.14,38.97,39.25,38.69,43,103.78
20857,96.37,101.83,47.13,29.25,30.58,30.66,33.01,30.75,41.04,32.03,32.51,32.12,80.55,36.96,33.31,31.93,40.43,44.6,38.14,38.97,39.25,38.83,43,101.83
20875,96.37,102.8,44.42,29.25,30.58,30.66,33.01,30.75,41.04,32.03,32.51,32.12,80.55,36.96,33.21,31.93,40.43,44.6,38.01,38.97,39.25,38.69,43,102.8
20896,96.37,101.83,42.83,29.25,30.58,30.58,33.01,30.75,41.2,32.03,32.41,32.12,80.55,36.96,33.21,31.93,40.43,44.6,38.01,38.97,39.25,38.69,43,102.8
20914,96.37,102.8,42.66,29.25,30.58,30.58,32.91,30.75,40.88,32.03,32.51,32.12,80.55,36.96,33.21,31.93,40.43,44.6,38.14,38.97,39.25,38.69,43,102.8
20935,96.37,102.8,42.16,29.25,30.58,30.58,33.11,30.75,36.34,32.03,32.51,32.12,80.55,36.96,33.21,31.93,40.43,44.6,38.14,38.97,39.11,38.83,43,102.8
20953,95.52,101.83,41.51,29.25,30.58,30.58,32.22,30.75,35.04,32.03,32.51,32.12,80.55,36.96,33.31,31.93,40.43,44.42,38.14,38.97,39.25,38.69,43,102.8
20973,95.52,101.83,40.43,29.25,30.58,30.58,32.22,30.75,35.86,32.03,32.51,32.12,79.95,36.96,33.21,31.93,40.27,44.6,38.01,39.11,39.25,38.69,43,101.83
20994,95.52,101.83,36.59,29.25,30.58,30.58,32.22,30.75,33.84,32.03,32.51,32.12,79.95,36.96,33.21,31.93,40.43,44.79,38.14,38.97,39.25,38.69,43.17,102.8
21012,95.52,101.83,31.56,29.25,30.58,30.66,32.51,30.75,36.59,32.03,32.51,32.12,80.55,36.96,33.21,31.84,40.43,44.6,38.14,38.97,39.25,38.69,43,102.8
21033,96.37,101.83,31.56,29.25,30.58,30.66,32.91,30.75,33.21,32.03,32.51,32.12,80.55,36.96,33.21,31.84,40.43,44.79,38.14,39.11,39.25,38.69,43,102.8
21051,95.52,101.83,31.56,29.25,30.58,30.66,33.01,30.75,31.47,32.03,32.51,32.12,79.95,36.96,33.21,31.93,40.43,44.6,38.01,38.97,39.25,38.69,43.17,101.83
21072,95.52,101.83,31.56,29.25,30.58,30.66,33.01,30.75,31.38,32.03,32.51,32.12,79.95,36.96,33.21,31.93,40.43,44.6,38.14,38.97,39.25,38.69,43,100.87
21092,94.68,101.83,31.56,29.25,30.58,30.66,32.91,30.75,31.38,32.03,32.51,32.12,79.95,36.96,33.21,31.93,40.43,44.6,38.14,38.97,39.25,38.69,43.17,101.83
21111,95.52,101.83,31.56,29.25,30.58,30.66,33.01,30.75,31.38,32.03,32.51,32.12,79.36,36.96,33.21,31.84,40.43,44.6,38.14,38.97,39.25,38.69,43,101.83
21131,95.52,101.83,31.56,29.25,30.49,30.66,33.01,30.75,31.38,32.03,32.51,32.12,79.95,36.96,33.21,31.93,40.43,44.6,38.01,39.11,39.25,38.69,43.17,101.83
21150,96.37,101.83,31.56,29.25,30.58,30.66,33.11,30.75,31.38,32.03,32.51,32.12,79.95,36.96,33.21,31.93,40.43,44.79,38.14,38.97,39.25,38.69,43,101.83
21170,96.37,101.83,31.56,29.25,30.58,30.66,33.11,30.75,31.38,32.03,32.51,32.12,79.36,36.96,33.21,31.93,40.43,44.79,38.01,38.97,39.25,38.69,43,101.83
21189,95.52,101.83,31.56,29.25,30.58,30.66,33.11,30.75,31.38,32.03,32.51,32.12,79.95,36.96,33.21,31.93,40.27,44.6,38.14,38.83,39.25,38.69,43,102.8
21209,96.37,101.83,31.56,29.25,30.58,30.66,33.01,30.75,31.38,32.03,32.51,32.12,79.95,36.96,33.21,31.84,40.43,44.79,38.14,38.97,39.25,38.69,43,101.83
21227,96.37,101.83,31.56,29.25,30.58,30.66,33.01,30.75,31.38,32.03,32.51,32.12,79.95,36.96,33.21,31.93,40.43,44.97,38.01,38.97,39.11,38.69,43,101.83
21248,96.37,101.83,31.56,29.25,30.58,30.66,33.11,30.75,31.38,32.03,32.51,32.12,79.95,36.96,33.21,31.93,40.43,45.16,38.01,39.11,39.25,38.69,43,101.83
21268,96.37,101.83,31.56,29.25,30.58,30.66,33.11,30.75,31.38,32.03,32.51,32.12,79.95,36.96,33.21,31.93,40.43,44.97,38.01,38.97,39.25,38.55,43.17,101.83
21287,96.37,102.8,31.56,29.25,30.58,30.66,33.11,30.75,31.38,32.03,32.51,32.12,79.95,36.96,33.21,31.84,40.43,45.16,38.14,38.97,39.25,38.69,43,101.83
21307,95.52,102.8,31.56,29.33,30.58,30.66,33.11,30.75,31.38,32.03,32.51,32.12,79.95,36.96,33.21,31.93,40.43,44.97,38.01,38.97,39.25,38.69,43,102.8
21326,96.37,102.8,31.56,29.25,30.58,30.66,33.11,30.75,31.38,32.03,32.51,32.12,79.95,36.96,33.21,31.93,40.43,45.16,38.01,38.97,39.25,38.69,43,101.83
21346,42.49,99.94,31.56,29.25,30.58,30.66,33.01,30.75,31.38,32.03,32.51,32.12,79.36,36.96,33.21,31.93,40.43,45.16,38.01,38.97,39.25,38.69,43.17,100.87
21367,46.52,100.87,31.56,29.25,30.58,30.66,32.91,30.75,31.38,32.03,32.51,32.12,79.36,36.96,33.21,31.93,40.43,45.16,38.01,38.97,39.25,38.69,43,101.83
21385,40.58,100.87,31.56,29.33,30.58,30.66,33.01,30.75,31.38,32.03,32.51,32.12,79.95,36.96,33.21,31.93,40.43,45.16,38.14,38.97,39.25,38.69,43.17,101.83
21406,39.11,100.87,31.56,29.25,30.58,30.66,32.91,30.75,31.38,32.03,32.51,32.12,79.95,36.96,33.21,31.93,40.43,45.16,38.01,38.97,39.25,38.69,43,101.83
21424,39.54,100.87,31.56,29.25,30.58,30.66,32.91,30.75,31.38,32.03,32.51,32.12,79.95,36.96,33.21,31.93,40.43,45.16,38.01,38.97,39.25,38.69,43.17,101.83
21445,56.51,101.83,39.39,29.25,30.58,30.66,32.91,30.75,31.38,32.03,32.51,32.12,79.95,36.96,33.31,31.93,40.43,45.16,38.01,38.97,39.25,38.69,43,102.8
21463,93.86,102.8,35.27,29.25,30.58,30.66,32.91,30.75,31.38,32.03,32.51,32.12,67.04,36.96,33.21,31.93,40.43,44.79,38.01,38.97,39.25,38.69,43,101.83
21483,92.25,102.8,31.65,29.25,30.58,30.75,32.91,30.75,31.38,32.03,32.51,32.12,67.04,36.96,33.21,31.93,40.43,44.6,38.14,38.97,39.25,38.69,43,102.8
21504,83.67,102.8,31.65,29.25,30.58,30.66,33.11,30.75,31.38,32.03,32.51,32.12,66.63,36.96,33.21,31.93,40.43,44.6,38.01,38.97,39.25,38.69,43,100.87
21524,54.24,100.87,31.65,29.25,30.58,30.66,33.01,30.75,31.38,32.03,32.51,32.12,66.63,36.96,33.31,31.93,40.43,44.6,38.14,38.97,39.25,38.69,43,101.83
21543,63.12,101.83,31.65,29.25,30.58,30.66,33.11,30.75,31.38,32.03,32.51,32.12,67.04,36.96,33.21,31.84,40.43,44.79,38.01,38.97,39.25,38.69,43,102.8
21563,96.37,103.78,31.65,29.25,30.58,30.66,33.01,30.75,31.38,32.03,32.51,32.12,67.04,36.96,33.21,31.93,40.43,44.97,38.14,38.97,39.25,38.69,43.17,101.83
21582,95.52,103.78,31.65,29.25,30.58,30.75,33.11,30.75,31.38,32.03,32.51,32.12,67.46,36.96,33.21,31.93,40.27,44.97,38.01,38.97,39.25,38.69,43,101.83
21602,44.97,101.83,31.65,29.25,30.58,30.75,33.11,30.75,31.38,32.03,32.51,32.12,67.04,36.96,33.21,31.93,40.43,44.97,38.14,38.97,39.25,38.69,43,100.87
21621,41.2,100.87,31.65,29.25,30.58,30.66,32.91,30.75,31.38,32.03,32.51,32.12,67.04,36.96,33.21,31.93,40.43,44.79,38.01,38.97,39.25,38.69,43.17,101.83
21641,40.88,101.83,31.56,29.25,30.58,30.75,32.91,30.75,31.38,32.03,32.51,32.12,67.04,36.96,33.31,31.93,40.43,44.6,38.01,38.97,39.25,38.55,43,101.83
21662,92.25,103.78,31.65,29.25,30.58,30.66,32.91,30.75,31.38,32.03,32.51,32.12,67.04,36.96,33.21,31.93,40.27,45.54,38.01,38.97,39.25,38.69,43.17,101.83
21680,97.24,103.78,31.56,29.25,30.58,30.75,32.91,30.75,31.38,32.03,32.51,32.12,67.04,36.96,33.21,31.93,40.43,45.35,38.01,38.97,39.25,38.69,43,101.83
21701,83.67,102.8,31.56,29.25,30.58,30.66,32.91,30.75,31.38,32.03,32.51,32.12,67.04,36.96,33.31,31.93,40.43,45.16,38.14,38.97,39.25,38.69,43,100.87
21719,78.21,102.8,31.56,29.25,30.58,30.66,32.91,30.75,31.38,32.03,32.51,32.12,67.04,36.96,33.21,31.93,40.43,44.97,38.01,38.97,39.25,38.69,43,101.83
21739,58.34,102.8,31.65,29.25,30.58,30.66,32.91,30.75,31.38,32.03,32.51,32.12,67.04,36.96,33.31,31.93,40.27,44.42,38.01,38.97,39.25,38.69,43,101.83
21760,79.36,102.8,31.65,29.25,30.58,30.66,32.91,30.75,31.38,32.03,32.51,32.12,67.04,36.96,33.31,31.93,40.43,44.6,38.01,38.97,39.25,38.69,43,101.83
21778,40.88,100.87,31.65,29.25,30.58,30.66,32.91,30.75,31.38,32.03,32.51,32.12,67.04,36.96,33.21,31.93,40.43,44.6,38.01,38.97,39.25,38.69,43,102.8
21799,97.24,103.78,31.65,29.25,30.58,30.66,32.91,30.75,31.38,32.03,32.51,32.12,67.04,36.96,33.21,31.93,40.43,44.79,38.01,38.97,39.25,38.69,43,101.83
21817,97.24,103.78,31.65,29.25,30.58,30.66,32.91,30.75,31.47,32.03,32.51,32.12,67.04,36.96,33.21,31.93,40.43,44.79,38.14,38.97,39.25,38.69,43,102.8
21838,97.24,103.78,31.65,29.25,30.58,30.66,32.91,30.75,31.47,32.03,32.51,32.12,67.04,36.96,33.21,31.93,40.43,44.79,38.14,38.97,39.25,38.69,43,102.8
21856,97.24,103.78,31.75,29.25,30.58,30.66,32.91,30.75,33.52,32.03,32.51,32.12,67.04,36.96,33.21,31.93,40.43,44.97,38.01,38.97,39.25,38.69,43,102.8
21877,97.24,103.78,31.75,29.25,30.58,30.66,32.91,30.75,31.75,32.03,32.51,32.12,67.04,36.96,33.21,31.93,40.43,45.16,38.14,38.97,39.25,38.69,43,101.83
21897,94.68,103.78,31.75,29.25,30.58,30.66,32.91,30.75,31.38,32.03,32.51,32.12,68.31,36.96,33.21,31.93,40.43,45.35,38.14,38.97,39.25,38.69,43,101.83
21916,93.86,103.78,37.87,29.25,30.58,30.66,32.91,30.75,32.12,32.03,32.51,32.12,67.04,36.96,33.31,31.93,40.43,45.54,38.01,38.97,39.25,38.69,43,101.83
21936,97.24,103.78,39.25,29.25,30.58,30.66,32.91,30.75,41.51,32.03,32.51,32.12,67.04,36.96,33.31,31.93,40.43,45.54,38.01,38.97,39.25,38.69,43,102.8
21954,98.12,103.78,41.84,29.25,30.58,30.66,32.91,30.75,37.09,32.03,32.51,32.12,67.04,36.96,33.21,31.93,40.43,45.54,38.01,38.97,39.25,38.69,43,102.8
21975,97.24,103.78,41.35,29.25,30.58,30.66,32.91,30.75,41.51,32.03,32.51,32.12,67.04,36.96,33.21,31.93,40.43,45.54,38.01,38.97,39.25,38.69,43,101.83
21993,95.52,59.31,32.12,29.25,30.58,30.66,32.91,30.75,37.09,32.03,32.51,32.12,67.04,36.96,33.21,31.93,40.43,45.35,38.01,38.97,39.25,38.69,43,102.8
22014,97.24,102.8,31.56,29.25,30.58,30.66,32.91,30.75,31.38,32.03,32.51,32.12,67.04,36.96,33.31,31.93,40.27,44.97,38.01,38.97,39.25,38.69,42.83,101.83
22034,43.7,100.87,39.98,29.25,30.58,30.58,32.91,30.75,34.37,32.03,32.51,32.12,67.04,36.96,33.21,31.93,40.43,44.6,38.01,38.97,39.25,38.69,43,101.83
22053,96.37,102.8,39.68,29.25,30.58,30.58,32.91,30.75,34.59,32.03,32.41,32.12,67.04,36.96,33.31,32.03,40.43,44.6,38.01,38.97,39.25,38.69,43,101.83
22073,97.24,102.8,38.97,29.25,30.58,30.66,32.91,30.75,34.27,32.03,32.41,32.12,67.04,36.84,33.31,32.03,40.43,44.6,38.01,38.97,39.25,38.69,43,101.83
22092,96.37,101.83,31.47,29.25,30.58,30.66,32.91,30.75,33.01,32.03,32.51,32.12,79.95,36.96,33.31,31.93,40.43,44.6,38.01,38.97,39.25,38.69,43,102.8
22112,96.37,93.86,31.38,29.25,30.58,30.58,32.91,30.75,31.47,32.03,32.41,32.12,80.55,36.96,33.31,32.03,40.43,44.6,38.01,38.97,39.25,38.69,43,100.87
22131,95.52,69.19,31.38,29.25,30.58,30.58,32.91,30.75,31.38,32.03,32.51,32.12,79.95,36.96,33.21,32.03,40.43,44.79,38.01,38.97,39.25,38.69,43,101.83
22151,96.37,100.87,31.29,29.25,30.58,30.66,32.91,30.75,31.38,32.03,32.51,32.12,79.36,36.96,33.21,32.03,40.43,44.97,38.01,38.97,39.25,38.69,43,101.83
22172,96.37,97.24,31.29,29.25,30.58,30.66,32.91,30.75,31.38,32.03,32.51,32.12,67.04,36.96,33.31,32.03,40.43,44.79,38.01,38.97,39.25,38.69,43,101.83
22190,97.24,97.24,31.29,29.25,30.58,30.58,32.91,30.75,31.38,32.03,32.51,32.12,66.63,36.96,33.21,32.03,40.43,44.97,38.01,38.97,39.11,38.69,43,100.87
22210,67.88,61.33,31.29,29.25,30.58,30.58,32.91,30.75,31.38,32.03,32.51,32.12,66.63,36.96,33.31,32.03,40.43,45.16,38.01,38.97,39.11,38.69,43,101.83
22229,96.37,102.8,31.29,29.25,30.58,30.58,32.81,30.75,31.38,32.03,32.51,32.12,67.04,36.96,33.31,31.93,40.43,44.97,38.01,38.97,39.25,38.69,43,101.83
22249,97.24,102.8,31.2,29.25,30.58,30.58,32.12,30.75,31.38,32.03,32.51,32.12,67.04,36.84,33.21,32.03,40.43,44.79,38.01,38.97,39.25,38.69,43,101.83
22270,97.24,102.8,31.2,29.25,30.58,30.58,32.22,30.75,31.38,32.03,32.51,32.12,66.63,36.96,33.21,32.03,40.43,44.6,38.01,38.97,39.25,38.69,43,101.83
22288,97.24,102.8,31.2,29.25,30.58,30.58,32.41,30.75,31.38,32.03,32.51,32.12,66.63,36.84,33.21,32.03,40.27,44.79,38.01,38.97,39.25,38.69,43,101.83
22309,97.24,102.8,31.2,29.25,30.58,30.58,32.22,30.75,31.38,32.03,32.51,32.12,66.63,36.96,33.21,32.03,40.12,44.97,38.01,38.97,39.25,38.69,43,101.83
22327,97.24,101.83,31.2,29.25,30.58,30.58,32.22,30.75,31.38,32.03,32.51,32.12,67.04,36.96,33.21,32.03,40.43,45.35,38.01,38.97,39.11,38.69,43,101.83
22348,97.24,102.8,31.2,29.25,30.58,30.58,32.22,30.75,31.56,32.03,32.51,32.12,67.04,36.96,33.21,32.03,40.43,45.74,37.87,38.97,39.25,38.69,43,101.83
22366,96.37,101.83,31.2,29.33,30.58,30.58,32.22,30.75,31.47,32.03,32.51,32.12,66.63,36.96,33.21,32.03,40.27,44.6,38.01,38.97,39.25,38.69,43,101.83
22387,97.24,102.8,31.2,29.33,30.58,30.58,32.32,30.75,31.47,32.03,32.51,32.12,67.04,36.96,33.21,32.03,40.43,44.6,38.01,38.97,39.25,38.69,43,101.83
22407,97.24,102.8,31.2,29.25,30.58,30.58,32.91,30.75,31.38,32.03,32.51,32.12,66.63,36.96,33.21,32.03,40.43,44.6,38.01,38.97,39.25,38.69,43,102.8
22426,94.68,102.8,50.2,29.25,30.58,30.58,34.16,30.75,31.47,32.03,32.51,32.12,66.63,36.96,33.31,32.03,40.27,44.6,38.01,38.97,39.11,38.69,43,101.83
22446,97.24,102.8,31.2,29.25,30.58,30.58,32.81,30.75,31.38,32.03,32.41,32.12,66.63,36.96,33.31,32.03,40.43,44.6,38.01,38.97,39.25,38.69,43,102.8
22464,97.24,102.8,31.2,29.25,30.58,30.58,32.91,30.75,32.22,32.03,32.51,32.12,66.63,36.96,33.21,32.03,40.27,44.6,38.01,38.97,39.25,38.69,43,101.83
22485,97.24,101.83,31.2,29.25,30.58,30.58,32.91,30.75,31.38,32.03,32.41,32.12,65.42,36.96,33.21,31.93,40.43,44.6,38.01,38.97,39.25,38.69,43,101.83
22503,97.24,102.8,31.2,29.25,30.58,30.58,33.01,30.75,31.38,32.03,32.41,32.12,66.63,36.96,33.21,32.03,40.27,44.6,38.01,38.97,39.25,38.55,42.83,102.8
22524,97.24,102.8,31.2,29.33,30.58,30.58,45.74,30.75,31.29,32.03,32.51,32.12,67.04,36.96,33.21,31.93,40.43,44.6,38.01,38.97,39.25,38.69,43,101.83
22544,97.24,102.8,31.2,29.25,30.58,30.58,35.27,30.75,31.29,32.03,32.51,32.12,66.63,36.84,33.21,32.03,40.43,44.79,38.01,38.83,39.25,38.69,43,102.8
22563,96.37,101.83,31.11,29.25,30.58,30.58,33.01,30.75,31.29,32.03,32.41,32.12,66.63,36.96,33.21,32.03,40.27,45.16,37.87,38.97,39.11,38.55,43,101.83
22583,95.52,102.8,31.11,29.33,30.58,30.58,32.91,30.75,31.38,32.03,32.51,32.12,67.04,36.96,33.21,32.03,40.43,45.54,38.01,38.97,39.25,38.69,43,101.83
22602,96.37,102.8,37.35,29.33,30.58,30.58,32.81,30.75,31.56,32.03,32.51,32.12,67.04,36.96,33.21,31.93,40.43,45.74,38.01,38.97,39.25,38.69,43,101.83
22622,97.24,102.8,44.79,29.25,30.58,30.58,32.91,30.75,31.65,32.03,32.51,32.12,66.63,36.96,33.21,32.03,40.43,47.13,38.01,38.97,39.25,38.69,43,101.83
22643,97.24,102.8,43.17,29.25,30.58,30.58,32.91,30.75,32.12,32.03,32.51,32.12,67.04,36.96,33.21,32.03,40.12,47.13,38.01,38.83,39.25,38.69,43,101.83
22661,95.52,102.8,31.2,29.33,30.58,30.58,61.68,30.75,32.32,32.03,32.51,32.12,67.04,36.96,33.21,32.03,40.43,47.13,38.01,38.97,39.25,38.69,43,102.8
22682,96.37,102.8,31.2,29.25,30.58,30.58,35.74,30.75,32.03,32.03,32.51,32.12,66.63,36.96,33.21,31.93,40.43,47.13,38.01,38.83,39.25,38.55,43,101.83
22700,97.24,102.8,31.2,29.25,30.58,30.58,32.91,30.75,31.93,32.03,32.51,32.12,67.04,36.96,33.21,31.93,40.43,46.93,38.01,38.97,39.25,38.69,43,102.8
22720,97.24,102.8,31.2,29.25,30.58,30.58,32.91,30.75,32.12,32.03,32.51,32.12,67.04,36.96,33.21,31.93,40.27,46.73,38.01,38.97,39.11,38.55,43,101.83
22739,96.37,102.8,31.2,29.25,30.58,30.58,32.91,30.75,32.03,32.03,32.51,32.12,67.04,36.96,33.21,31.93,40.43,47.13,38.01,38.97,39.25,38.69,43,102.8
22759,96.37,102.8,31.2,29.25,30.58,30.58,32.91,30.75,32.12,32.12,32.51,32.12,72.44,36.96,33.21,32.03,40.43,47.76,38.01,38.97,39.25,38.69,42.83,102.8
22780,97.24,102.8,31.2,29.25,30.58,30.58,32.22,30.75,32.12,32.12,32.41,32.12,66.63,36.96,33.21,31.93,40.27,46.52,38.01,38.83,39.25,38.69,43,101.83
22798,96.37,102.8,31.29,29.33,30.58,30.58,32.91,30.75,32.12,32.12,32.51,32.12,67.04,36.96,33.21,31.93,40.43,46.13,38.01,38.97,39.25,38.55,43,101.83
22819,96.37,102.8,31.29,29.25,30.58,30.58,33.01,30.75,32.12,32.22,32.51,32.12,67.04,36.96,33.21,31.93,40.43,44.79,38.01,38.83,39.25,38.55,43,101.83
22837,97.24,102.8,33.31,29.25,30.58,30.58,33.01,30.75,32.22,32.12,32.51,32.12,67.04,36.96,33.21,31.93,40.43,44.6,38.01,38.97,39.25,38.69,42.83,101.83
22858,97.24,102.8,31.29,29.25,30.58,30.58,33.01,30.75,32.12,32.12,32.51,32.12,66.63,36.96,33.31,31.93,40.43,44.6,38.01,38.83,39.11,38.69,43,101.83
22876,95.52,102.8,31.29,29.25,30.58,30.58,33.01,30.75,32.12,32.12,32.51,32.12,67.04,36.96,33.21,31.93,40.43,44.42,38.01,38.97,39.25,38.69,43,100.87
22899,90.7,102.8,31.29,29.25,30.58,30.58,33.11,30.75,32.03,32.12,32.51,32.12,66.63,36.96,33.21,31.93,40.43,44.42,38.01,38.97,39.25,38.69,43,100.87
22917,96.37,102.8,31.29,29.25,30.58,30.58,33.11,30.75,32.22,32.22,32.51,32.12,67.04,36.84,33.21,32.03,40.43,44.6,38.01,38.97,39.11,38.69,43,102.8
22938,97.24,102.8,47.13,29.25,30.58,30.58,33.42,30.75,32.22,32.12,32.51,32.12,67.04,36.96,33.21,31.93,40.43,44.6,38.01,38.97,39.25,38.69,43,100.87
22956,96.37,102.8,47.13,29.25,30.58,30.58,41.51,30.75,32.22,32.12,32.51,32.12,66.63,36.84,33.21,31.93,40.43,44.6,38.01,38.97,39.25,38.69,43,101.83
22976,97.24,102.8,46.93,29.25,30.58,30.58,60.98,30.75,32.12,32.12,32.51,32.12,67.04,36.96,33.21,31.93,40.43,44.42,38.01,38.97,39.25,38.69,43,100.87
22995,97.24,103.78,46.73,29.25,30.58,30.58,60.64,30.75,32.22,32.22,32.51,32.12,78.78,36.96,33.21,31.93,40.43,44.42,38.01,38.97,39.25,38.69,43,100.87
23015,97.24,103.78,46.73,29.25,30.58,30.66,59.96,30.75,32.22,32.22,32.51,32.12,79.95,36.96,33.21,32.03,40.43,44.42,38.01,38.83,39.25,38.69,43,100.87
23036,97.24,103.78,46.73,29.25,30.58,30.58,59.63,30.75,32.22,32.12,32.51,32.12,80.55,36.96,33.21,31.93,40.43,44.6,38.01,38.97,39.25,38.69,42.83,100.87
23054,97.24,102.8,31.38,29.25,30.58,30.58,33.11,30.75,32.22,32.03,32.51,32.12,80.55,36.96,33.21,31.93,40.27,44.6,38.01,38.97,39.25,38.69,43,99.94
23075,96.37,102.8,31.38,29.25,30.58,30.66,33.11,30.75,32.22,32.03,32.51,32.12,80.55,36.96,33.21,31.93,40.43,44.6,38.01,38.97,39.25,38.69,43,99.94
23093,96.37,101.83,31.38,29.25,30.58,30.58,33.11,30.75,32.22,32.03,32.51,32.12,80.55,36.96,33.21,31.93,40.43,44.79,38.01,38.97,39.25,38.69,43,100.87
23114,96.37,102.8,31.38,29.25,30.58,30.58,33.11,30.75,32.22,32.03,32.51,32.12,79.95,36.96,33.21,31.93,40.43,45.16,38.01,38.97,39.11,38.69,43,99.94
23132,96.37,102.8,31.38,29.25,30.58,30.66,33.11,30.75,32.41,32.03,32.51,32.12,79.36,36.96,33.21,31.93,40.43,45.54,38.01,38.97,39.25,38.69,43,100.87
23153,97.24,101.83,31.38,29.25,30.58,30.66,32.22,30.75,33.52,32.03,32.51,32.12,66.63,36.96,33.21,31.93,40.43,44.97,38.01,38.97,39.25,38.69,43,99.94
23173,96.37,101.83,31.38,29.25,30.58,30.66,32.22,30.75,32.22,32.03,32.51,32.12,66.63,36.96,33.21,31.93,40.27,46.32,38.01,38.97,39.25,38.69,43,99.94
23191,96.37,102.8,31.38,29.25,30.58,30.66,32.22,30.75,36.22,32.03,32.51,32.12,67.04,36.96,33.21,31.93,40.43,46.32,38.01,38.97,39.25,38.69,43,99.94
23212,96.37,102.8,31.38,29.25,30.66,30.66,32.22,30.75,37.61,32.03,32.51,32.12,67.04,36.96,33.21,31.93,40.43,46.13,38.01,38.97,39.25,38.69,43,99.94
23230,96.37,100.87,31.47,29.25,30.58,30.66,32.22,30.75,36.34,32.03,32.51,32.12,67.04,36.96,33.21,31.93,40.43,45.93,38.01,38.97,39.25,38.69,43,99.94
23251,96.37,102.8,31.47,29.25,30.58,30.66,32.22,30.75,32.41,32.03,32.51,32.12,69.64,36.96,33.21,31.93,40.43,45.93,38.01,38.97,39.25,38.69,43,100.87
23269,96.37,102.8,31.47,29.25,30.58,30.66,32.22,30.75,32.41,32.03,32.51,32.12,79.36,36.96,33.11,31.93,40.43,45.93,38.01,38.97,39.11,38.69,43,99.94
23290,97.24,102.8,31.47,29.25,30.58,30.66,32.22,30.75,32.41,32.03,32.51,32.12,79.36,36.96,33.21,31.93,40.43,45.93,38.14,38.97,39.25,38.69,43,99.94
23310,96.37,102.8,31.47,29.25,30.58,30.66,32.22,30.75,32.41,32.03,32.41,32.12,79.36,36.96,33.21,31.93,40.43,45.93,38.01,38.97,39.25,38.69,43,99.94
23329,96.37,102.8,31.47,29.25,30.58,30.66,32.22,30.75,32.41,32.03,32.51,32.12,79.36,36.96,33.21,31.93,40.43,46.13,38.14,38.97,39.11,38.69,43,99.94
23349,96.37,102.8,31.47,29.25,30.58,30.66,33.01,30.75,32.32,32.03,32.51,32.12,79.36,36.96,33.21,31.93,40.43,45.93,38.01,39.11,39.25,38.69,43,102.8
23368,96.37,102.8,31.47,29.25,30.58,30.66,32.22,30.75,32.41,32.03,32.51,32.12,79.95,36.96,33.21,31.93,40.43,45.93,38.01,38.97,39.25,38.69,43,99.02
23388,96.37,102.8,31.84,29.25,30.58,30.66,32.71,30.75,32.41,32.03,32.51,32.12,79.95,36.96,33.21,31.93,40.43,45.93,38.01,38.97,39.25,38.69,43,102.8
23407,97.24,102.8,48.19,29.25,30.58,30.66,32.22,30.75,32.32,32.03,32.51,32.12,79.95,36.96,33.21,31.93,40.43,45.93,38.14,38.97,39.25,38.69,42.83,102.8
23427,97.24,102.8,48.4,29.25,30.58,30.66,32.22,30.75,32.41,32.03,32.51,32.12,79.95,36.96,33.21,31.93,40.43,45.93,38.14,38.97,39.25,38.69,43,102.8
23447,97.24,102.8,48.4,29.25,30.58,30.66,32.32,30.75,32.32,32.03,32.51,32.12,79.95,36.96,33.21,31.93,40.43,45.93,38.01,38.97,39.25,38.69,43,102.8
23466,96.37,102.8,48.19,29.25,30.66,30.66,32.22,30.75,32.41,32.03,32.51,32.12,79.95,36.96,33.21,31.93,40.43,45.93,38.01,38.97,39.25,38.69,43,102.8
23486,96.37,102.8,47.97,29.25,30.58,30.66,32.22,30.75,32.41,32.03,32.51,32.12,66.63,36.96,33.21,31.93,40.43,44.6,38.14,38.97,39.25,38.69,43,102.8
23507,96.37,102.8,47.76,29.25,30.58,30.66,32.22,30.75,32.32,32.03,32.51,32.12,67.04,36.84,33.21,31.93,40.43,44.6,38.14,38.97,39.25,38.55,43,101.83
23525,96.37,101.83,47.55,29.25,30.58,30.66,32.22,30.75,32.32,32.03,32.51,32.12,73.93,36.96,33.21,31.93,40.43,44.6,38.14,38.97,39.25,38.69,43,102.8
23546,96.37,102.8,47.55,29.25,30.58,30.66,32.32,30.75,31.65,32.03,32.51,32.12,75.48,36.96,33.21,31.93,40.43,44.6,38.01,38.97,39.25,38.69,43,101.83
23566,96.37,101.83,47.55,29.25,30.58,30.66,32.22,30.75,31.65,32.03,32.51,32.12,76.01,36.96,33.11,31.93,40.43,44.6,38.14,38.97,39.25,38.69,43.17,102.8
23585,95.52,101.83,47.34,29.25,30.58,30.66,32.51,30.75,32.32,32.03,32.51,32.12,78.21,36.96,33.21,31.93,40.58,44.6,38.01,38.97,39.25,38.69,43.17,102.8
23605,95.52,101.83,47.34,29.25,30.58,30.66,32.71,30.75,32.41,32.03,32.51,32.12,79.36,36.96,33.21,31.93,40.12,44.6,38.01,38.97,39.25,38.69,43,102.8
23624,95.52,101.83,47.34,29.25,30.58,30.66,33.01,30.75,31.65,32.03,32.51,32.12,71.01,36.96,33.21,31.93,40.43,44.6,38.01,38.97,39.25,38.69,43,102.8
23644,95.52,101.83,47.34,29.25,30.58,30.66,33.11,30.75,31.38,32.03,32.51,32.12,67.04,36.96,33.21,31.93,40.43,44.6,38.14,38.97,39.25,38.69,43,102.8
23663,95.52,101.83,47.13,29.25,30.58,30.66,33.11,30.75,31.29,32.03,32.51,32.12,67.04,36.96,33.21,31.84,40.43,44.6,38.01,38.97,39.25,38.69,43,101.83
23683,95.52,101.83,47.13,29.25,30.58,30.66,33.01,30.75,31.38,32.03,32.51,32.12,67.04,36.96,33.21,31.93,40.43,44.6,38.01,38.97,39.25,38.69,43,101.83
23703,95.52,101.83,47.13,29.25,30.58,30.66,33.11,30.75,31.38,32.03,32.51,32.12,67.04,36.96,33.21,31.84,40.43,44.6,38.01,38.97,39.25,38.55,43.17,100.87
23722,96.37,101.83,47.13,29.25,30.58,30.66,33.11,30.75,31.38,32.03,32.51,32.12,67.04,36.96,33.21,31.93,40.43,44.6,38.14,38.97,39.25,38.69,43,101.83
23742,95.52,101.83,47.13,29.25,30.58,30.66,33.11,30.75,31.38,32.03,32.51,32.12,67.04,36.96,33.21,31.93,40.43,44.42,38.01,38.97,39.25,38.69,43,100.87
23761,96.37,101.83,46.93,29.25,30.58,30.66,33.11,30.75,31.29,32.03,32.41,32.12,66.22,36.96,33.21,31.93,40.43,44.6,38.01,38.97,39.11,38.69,43,101.83
23781,95.52,101.83,46.93,29.25,30.58,30.66,33.11,30.75,31.29,32.03,32.51,32.12,67.46,36.96,33.21,31.93,40.43,44.6,38.14,38.97,39.25,38.69,43.17,102.8
23800,95.52,101.83,46.73,29.25,30.58,30.58,33.01,30.75,31.29,32.03,32.51,32.12,68.31,36.96,33.21,31.93,40.43,44.6,38.01,38.97,39.25,38.69,43,101.83
23820,95.52,100.87,32.61,29.25,30.58,30.66,33.11,30.75,31.29,32.03,32.51,32.12,69.19,36.96,33.21,31.93,40.43,44.6,38.01,38.97,39.25,38.69,43,101.83
23841,96.37,100.87,31.75,29.25,30.58,30.66,33.01,30.75,31.29,32.03,32.51,32.12,71.96,36.96,33.21,31.93,40.43,44.6,38.01,38.97,39.25,38.69,43,101.83
23859,96.37,100.87,31.75,29.25,30.58,30.66,33.11,30.75,31.38,32.03,32.51,32.12,79.95,36.96,33.21,31.93,40.43,44.6,38.01,38.97,39.25,38.69,43,101.83
23880,96.37,101.83,31.84,29.25,30.58,30.66,33.01,30.75,31.38,32.03,32.51,32.12,79.95,36.96,33.21,31.93,40.43,44.6,38.01,38.97,39.25,38.69,43.17,101.83
23898,95.52,101.83,31.84,29.25,30.58,30.66,33.01,30.75,31.29,32.03,32.51,32.12,79.95,36.84,33.21,31.93,40.43,44.6,38.14,38.97,39.25,38.69,43.17,101.83
23919,95.52,101.83,31.75,29.25,30.58,30.66,33.01,30.75,31.29,32.03,32.41,32.12,79.95,36.96,33.21,31.93,40.43,44.6,38.01,38.97,39.25,38.69,43,101.83
23939,96.37,101.83,31.75,29.25,30.58,30.58,33.11,30.75,31.29,32.03,32.51,32.12,79.95,36.96,33.21,31.93,40.43,44.6,38.01,38.97,39.25,38.69,43.17,101.83
23957,96.37,102.8,31.75,29.25,30.58,30.66,33.01,30.75,31.38,32.03,32.51,32.12,79.95,36.96,33.21,31.93,40.43,44.6,38.14,38.97,39.25,38.69,43,101.83
23978,96.37,101.83,31.84,29.25,30.58,30.58,33.11,30.75,31.38,32.03,32.51,32.12,79.95,36.96,33.21,31.93,40.43,44.6,38.01,38.97,39.25,38.69,43.17,102.8
23996,96.37,101.83,31.75,29.25,30.58,30.58,32.41,30.75,31.29,32.03,32.51,32.12,80.55,36.96,33.21,31.93,40.43,44.6,38.01,38.97,39.25,38.69,43.17,101.83
24017,97.24,101.83,31.84,29.25,30.58,30.58,32.32,30.75,31.29,32.03,32.51,32.12,79.95,36.96,33.21,31.93,40.43,44.6,38.14,39.11,39.25,38.69,43,102.8
24035,102.8,102.8,32.03,29.25,30.58,30.58,32.61,30.75,31.29,32.03,32.41,32.12,79.95,36.96,33.21,31.93,40.27,44.6,38.01,38.97,39.25,38.69,43,102.8
24056,102.8,102.8,31.75,29.25,30.58,30.58,33.01,30.75,32.22,32.03,32.51,32.12,79.95,36.96,33.21,31.93,40.43,44.42,38.01,38.97,39.25,38.69,43,102.8
24076,102.8,102.8,32.03,29.25,30.58,30.58,33.01,30.75,32.32,32.03,32.51,32.12,79.95,36.96,33.21,31.93,40.43,44.42,38.01,38.97,39.11,38.69,43,101.83
24097,102.8,101.83,31.93,29.25,30.58,30.58,32.71,30.75,31.56,32.03,32.51,32.12,79.95,36.96,33.21,31.93,40.43,44.42,38.01,38.97,39.25,38.69,43,101.83
24115,102.8,102.8,32.12,29.25,30.58,30.58,33.01,30.75,31.65,32.03,32.51,32.12,79.95,36.96,33.21,31.93,40.43,44.42,38.01,38.97,39.25,38.69,43,101.83
24136,45.35,100.87,32.12,29.25,30.58,30.58,33.11,30.75,32.32,32.03,32.51,32.12,79.95,36.96,33.21,31.93,40.27,44.6,38.01,38.97,39.25,38.69,43,101.83
24154,39.68,100.87,33.31,29.25,30.58,30.58,33.11,30.75,32.32,32.03,32.51,32.12,78.78,36.96,33.21,31.93,40.43,44.6,38.01,38.97,39.25,38.69,43,101.83
24175,44.24,100.87,40.27,29.25,30.58,30.58,33.01,30.75,32.32,32.03,32.51,32.12,79.36,36.96,33.21,31.84,40.43,44.42,38.01,38.97,39.25,38.55,43,101.83
24195,38.97,100.87,40.12,29.25,30.58,30.58,33.01,30.75,32.32,32.03,32.51,32.12,79.36,36.96,33.21,31.93,40.43,44.42,38.01,38.97,39.25,38.69,43,101.83
24213,39.39,100.87,38.14,29.25,30.58,30.58,33.01,30.75,32.32,32.03,32.51,32.12,67.04,36.84,33.21,31.93,40.43,44.6,38.14,38.97,39.25,38.69,43,99.02
24234,40.27,100.87,38.01,29.25,30.58,30.58,33.11,30.75,32.41,32.03,32.51,32.12,66.63,36.96,33.21,31.93,40.43,44.42,38.01,38.97,39.25,38.69,43,99.94
24252,102.8,101.83,34.48,29.25,30.58,30.58,33.01,30.75,32.41,32.03,32.51,32.12,67.04,36.96,33.31,32.03,40.27,44.42,38.14,38.97,39.11,38.69,43,99.02
24273,51.15,100.87,31.38,29.25,30.58,30.58,33.11,30.75,32.41,32.03,32.51,32.12,66.63,36.96,33.21,32.03,40.43,44.42,38.01,38.97,39.25,38.69,43,99.94
24291,102.8,102.8,31.29,29.25,30.58,30.58,33.11,30.75,32.41,32.03,32.51,32.12,66.63,36.96,33.21,31.93,40.43,44.42,38.01,38.97,39.11,38.69,43,101.83
24312,95.52,101.83,31.38,29.25,30.58,30.58,33.01,30.75,32.41,32.03,32.51,32.12,66.63,36.96,33.21,31.93,40.43,44.6,38.01,38.97,39.25,38.69,43,101.83
24332,102.8,101.83,31.29,29.25,30.58,30.58,33.01,30.75,38.83,32.03,32.51,32.12,66.63,36.96,33.21,31.93,40.43,44.42,38.14,38.97,39.25,38.69,43,101.83
24351,40.73,100.87,31.29,29.25,30.58,30.58,33.01,30.75,41.2,32.03,32.51,32.12,66.63,36.96,33.31,31.93,40.43,44.42,38.01,38.97,39.25,38.69,43,101.83
24371,99.94,101.83,31.29,29.25,30.58,30.58,33.01,30.75,41.35,32.03,32.51,32.12,66.22,36.96,33.21,31.93,40.43,44.42,38.01,38.97,39.25,38.69,43,102.8
24390,98.12,101.83,31.29,29.25,30.58,30.58,33.01,30.75,41.35,32.03,32.51,32.12,66.63,36.96,33.21,31.93,40.43,44.42,38.01,38.97,39.25,38.69,43,102.8
24410,101.83,103.78,31.29,29.25,30.58,30.58,33.01,30.75,41.35,32.03,32.51,32.12,66.63,36.96,33.21,32.03,40.27,44.6,38.01,38.97,39.25,38.69,43,101.83
24428,103.78,102.8,31.29,29.25,30.58,30.58,33.01,30.75,41.51,32.03,32.51,32.12,66.63,36.96,33.21,31.93,40.27,44.42,38.01,38.97,39.25,38.69,43,101.83
24449,102.8,103.78,31.29,29.25,30.58,30.58,33.01,30.75,41.51,32.03,32.51,32.12,66.63,36.84,33.21,32.03,40.43,44.42,38.01,38.97,39.25,38.69,43,101.83
24469,97.24,102.8,31.29,29.25,30.58,30.49,33.01,30.75,41.51,32.03,32.51,32.12,66.63,36.96,33.21,32.03,40.43,44.42,38.01,38.97,39.25,38.69,43,101.83
24488,97.24,102.8,31.29,29.25,30.58,30.58,33.01,30.75,41.35,32.03,32.51,32.12,66.63,36.96,33.21,32.03,40.43,44.42,38.01,38.97,39.25,38.69,42.83,101.83
24508,97.24,103.78,31.29,29.25,30.58,30.49,33.01,30.75,41.51,32.03,32.51,32.12,66.22,36.96,33.21,32.03,40.43,44.42,38.01,38.97,39.11,38.69,43,99.94
24527,97.24,102.8,31.2,29.25,30.58,30.58,32.91,30.75,41.51,32.03,32.51,32.12,48.4,36.96,33.21,32.03,40.43,44.6,38.01,38.97,39.25,38.69,43,101.83
24547,96.37,102.8,31.2,29.25,30.58,30.58,32.91,30.75,41.2,32.03,32.51,32.12,48.84,36.96,33.21,32.03,40.43,44.6,38.01,38.97,39.25,38.69,43,101.83
24566,96.37,103.78,31.2,29.25,30.58,30.58,32.91,30.75,38.69,32.03,32.51,32.12,52.65,36.96,33.21,32.03,40.43,44.42,38.01,38.83,39.25,38.69,43,100.87
24586,96.37,101.83,31.2,29.25,30.58,30.58,32.91,30.75,37.74,32.03,32.51,32.12,52.91,36.96,33.21,32.03,40.43,44.42,38.01,38.97,39.25,38.69,43,101.83
24607,97.24,102.8,31.11,29.25,30.58,30.49,32.91,30.75,37.87,31.93,32.41,32.12,53.7,36.96,33.21,32.03,40.43,44.42,38.14,38.97,39.11,38.69,43,101.83
24625,97.24,102.8,31.11,29.25,30.58,30.49,32.91,30.75,36.96,31.93,32.51,32.12,57.11,36.96,33.21,32.03,40.43,44.42,38.01,38.97,39.25,38.55,43,101.83
24646,97.24,102.8,31.11,29.25,30.58,30.49,32.91,30.75,34.93,31.84,32.51,32.12,58.03,36.96,33.21,32.03,40.43,44.42,38.01,38.97,39.11,38.55,43,101.83
24664,95.52,101.83,31.11,29.25,30.58,30.49,32.91,30.75,33.73,31.93,32.51,32.12,61.33,36.96,33.21,32.03,40.43,44.42,38.01,38.97,39.25,38.69,43,101.83
24684,97.24,102.8,31.11,29.25,30.58,30.49,33.01,30.75,35.39,31.93,32.51,32.12,55.92,36.96,33.21,32.03,40.43,44.42,38.01,38.97,39.11,38.69,42.83,101.83
24703,96.37,102.8,31.11,29.25,30.58,30.49,33.01,30.75,36.22,31.84,32.51,32.12,54.79,36.96,33.21,32.03,40.43,44.42,38.01,38.97,39.11,38.69,43,101.83
24725,97.24,101.83,31.11,29.25,30.58,30.49,33.01,30.75,35.74,31.93,32.51,32.12,54.51,36.96,33.21,32.03,40.43,44.42,38.01,38.97,39.25,38.55,43,101.83
24744,97.24,102.8,31.11,29.25,30.58,30.49,33.01,30.75,36.96,31.93,32.51,32.12,54.51,36.96,33.21,32.12,40.43,44.42,38.01,38.97,39.11,38.69,43,101.83
24764,97.24,102.8,31.11,29.25,30.58,30.58,33.11,30.75,35.74,31.93,32.51,32.12,55.35,36.96,33.21,32.03,40.43,44.6,38.01,38.83,39.25,38.69,43,101.83
24785,97.24,102.8,31.11,29.25,30.58,30.58,32.91,30.75,35.5,32.03,32.51,32.12,54.24,37.09,33.21,32.03,40.43,44.6,38.01,38.97,39.25,38.69,43,101.83
24803,97.24,102.8,31.11,29.25,30.58,30.49,32.91,30.75,36.22,31.93,32.51,32.12,54.24,36.96,33.21,32.03,40.43,44.42,38.01,38.83,39.11,38.55,43,99.94
24824,97.24,102.8,31.11,29.25,30.58,30.58,32.91,30.75,31.38,31.56,32.51,32.12,54.51,36.96,33.21,32.12,40.43,44.42,38.01,38.83,39.11,38.55,43,99.02
24842,97.24,103.78,31.11,29.25,30.58,30.49,32.91,30.75,31.11,31.56,32.51,32.12,54.79,36.96,33.31,32.12,40.43,44.42,38.01,38.97,39.11,38.55,43,99.94
24863,97.24,103.78,31.11,29.25,30.58,30.58,32.91,30.75,32.12,31.56,32.51,32.12,54.79,36.96,33.21,32.03,40.43,44.42,38.01,38.83,39.25,38.55,43,99.94
24883,97.24,102.8,31.11,29.33,30.58,30.49,32.91,30.75,31.47,31.56,32.51,32.12,54.79,36.96,33.21,32.12,40.43,44.42,38.01,38.83,39.25,38.55,43,99.94
24902,97.24,102.8,31.11,29.25,30.58,30.58,32.91,30.75,33.42,31.56,32.51,32.12,54.79,36.96,33.21,32.03,40.43,44.6,37.87,38.83,39.25,38.55,43,99.94
24922,97.24,103.78,31.11,29.25,30.58,30.49,33.01,30.75,37.74,31.56,32.51,32.22,55.07,36.96,33.21,32.03,40.43,44.42,38.01,38.83,39.11,38.69,43,100.87
24940,97.24,103.78,31.11,29.25,30.58,30.49,33.01,30.75,37.87,31.56,32.51,32.12,54.51,36.96,33.21,32.03,40.43,44.42,38.01,38.83,39.11,38.69,43,99.94
24961,97.24,102.8,31.11,29.25,30.58,30.49,32.91,30.75,31.29,31.56,32.51,32.12,54.51,36.96,33.21,32.03,40.43,44.42,38.01,38.83,39.11,38.69,43,99.94
24979,97.24,103.78,31.11,29.25,30.58,30.58,32.91,30.75,31.11,31.56,32.51,32.12,54.79,36.96,33.21,32.12,40.43,44.42,38.01,38.83,39.25,38.55,43,100.87
25000,98.12,103.78,31.11,29.25,30.58,30.49,51.64,30.75,31.02,31.56,32.51,32.12,54.79,36.96,33.21,32.03,40.43,44.42,38.01,38.83,39.11,38.55,43,100.87
25020,98.12,102.8,31.11,29.25,30.58,30.58,44.06,30.75,31.02,31.56,32.51,32.12,54.79,36.96,33.21,32.03,40.43,44.6,38.01,38.97,39.25,38.69,43,100.87
25039,97.24,103.78,31.11,29.25,30.58,30.58,32.81,30.75,31.11,31.56,32.51,32.12,55.35,36.96,33.21,32.12,40.43,44.42,37.87,38.97,39.11,38.55,43,99.94
25059,98.12,103.78,31.2,29.33,30.58,30.49,32.81,30.75,31.38,31.56,32.51,32.22,55.07,36.96,33.21,32.03,40.43,44.42,38.01,38.83,39.25,38.69,43,99.94
25078,97.24,103.78,31.11,29.25,30.58,30.49,32.81,30.75,31.29,31.56,32.51,32.12,55.92,36.96,33.21,32.03,40.43,44.42,38.01,38.97,39.25,38.69,43,99.02
25098,97.24,103.78,31.11,29.25,30.58,30.49,32.81,30.75,31.29,31.56,32.51,32.12,55.35,36.96,33.21,32.03,40.43,44.42,38.01,38.83,39.11,38.69,42.83,99.94
25117,98.12,102.8,31.11,29.25,30.58,30.58,32.81,30.75,31.29,31.56,32.51,32.12,55.64,36.96,33.21,32.03,40.27,44.42,38.01,38.97,39.11,38.69,43,99.94
25137,97.24,102.8,31.11,29.25,30.58,30.49,32.81,30.75,31.29,31.56,32.51,32.12,55.07,36.96,33.21,32.03,40.43,44.42,38.01,38.83,39.11,38.69,43,99.94
25158,97.24,103.78,31.11,29.25,30.58,30.58,32.91,30.75,31.02,31.56,32.51,32.12,54.51,37.09,33.21,32.03,40.43,44.42,38.01,38.97,39.25,38.55,43,100.87
25176,97.24,102.8,31.11,29.25,30.58,30.58,32.81,30.75,31.02,31.56,32.51,32.12,54.51,36.96,33.21,32.03,40.43,44.6,38.01,38.83,39.11,38.69,43,100.87
25196,97.24,103.78,31.2,29.25,30.58,30.58,32.91,30.75,31.38,31.56,32.51,32.12,59.63,36.96,33.21,32.03,40.43,44.6,38.01,38.97,39.11,38.69,42.83,99.94
25215,97.24,103.78,31.2,29.25,30.58,30.58,32.81,30.75,31.02,32.03,32.51,32.12,54.79,36.96,33.21,32.03,40.43,44.6,38.01,38.97,39.25,38.69,43,100.87
25235,97.24,103.78,31.2,29.25,30.58,30.58,32.81,30.75,31.02,32.03,32.51,32.12,55.07,36.96,33.21,32.03,40.43,44.97,38.01,38.97,39.11,38.69,43,100.87
25256,97.24,103.78,31.2,29.25,30.58,30.58,32.91,30.75,31.02,31.93,32.51,32.12,59.63,36.96,33.31,32.03,40.43,44.97,38.01,38.97,39.25,38.69,43,100.87
25274,97.24,102.8,31.2,29.25,30.58,30.58,32.81,30.75,31.29,31.93,32.51,32.12,60.3,36.96,33.21,32.03,40.43,44.6,38.01,38.97,39.11,38.69,43,99.02
25295,95.52,62.75,31.2,29.25,30.58,30.58,32.12,30.75,31.38,31.93,32.51,32.12,59.63,36.96,33.31,31.93,40.43,44.6,38.01,38.83,39.25,38.69,43,100.87
25313,95.52,73.93,31.29,29.25,30.58,30.58,32.12,30.75,31.38,31.93,32.51,32.12,61.33,37.09,33.21,32.03,40.43,44.6,38.01,38.97,39.11,38.69,43,101.83
25334,97.24,99.94,31.29,29.25,30.58,30.58,32.12,30.75,31.38,31.93,32.51,32.12,61.33,36.96,33.21,31.93,40.43,44.6,38.01,38.97,39.25,38.69,43,99.94
25352,96.37,100.87,31.29,29.25,30.58,30.58,32.22,30.75,31.47,31.93,32.51,32.12,58.03,36.96,33.31,32.03,40.43,44.42,38.01,38.97,39.11,38.69,43,99.94
25373,97.24,76.01,31.29,29.25,30.58,30.58,32.12,30.75,31.38,31.93,32.51,32.12,58.34,36.96,33.21,32.03,40.43,44.42,38.01,38.97,39.11,38.69,43,99.94
25393,97.24,102.8,31.38,29.25,30.58,30.58,32.51,30.75,31.38,31.93,32.51,32.12,57.11,36.96,33.31,32.03,40.43,44.42,38.01,38.97,39.25,38.69,43,100.87
25411,97.24,103.78,49.74,29.25,30.58,30.58,32.91,30.75,31.38,31.93,32.51,32.12,57.11,36.96,33.31,32.03,40.43,44.42,38.01,38.97,39.25,38.69,43,100.87
25432,90.7,102.8,48.62,29.25,30.58,30.58,33.01,30.75,31.38,31.93,32.51,32.12,57.11,36.84,33.21,32.03,40.43,44.42,38.01,38.97,39.25,38.69,43,100.87
25450,95.52,95.52,31.38,29.25,30.58,30.58,33.21,30.75,31.38,31.93,32.51,32.12,60.3,36.96,33.31,31.93,40.27,44.42,38.01,38.97,39.11,38.69,43,99.94
25471,93.86,102.8,31.38,29.25,30.58,30.58,33.01,30.75,31.38,31.93,32.51,32.12,57.72,36.84,33.31,31.93,40.43,44.42,38.01,38.97,39.25,38.69,43,99.94
25489,82.39,101.83,31.38,29.25,30.58,30.58,33.11,30.75,31.38,31.93,32.51,32.12,58.66,36.96,33.31,31.93,40.43,44.42,38.01,38.97,39.25,38.69,42.83,100.87
25510,86.35,101.83,31.38,29.25,30.58,30.58,33.01,30.75,31.65,31.93,32.51,32.12,65.42,36.96,33.31,31.93,39.98,44.42,38.01,38.97,39.25,38.55,43,99.94
25530,77.1,101.83,31.38,29.25,30.58,30.58,33.01,30.75,38.01,31.93,32.51,32.12,65.02,36.96,33.21,31.93,40.43,44.42,38.01,38.97,39.11,38.69,43,101.83
25549,96.37,102.8,31.47,29.25,30.58,30.58,33.01,30.75,40.88,31.93,32.51,32.12,65.42,36.96,33.31,31.93,40.27,44.42,38.01,38.97,39.11,38.69,43,101.83
25569,96.37,103.78,31.47,29.25,30.58,30.66,33.01,30.75,41.2,32.03,32.51,32.12,66.22,36.96,33.21,31.93,40.43,44.42,38.01,38.97,39.25,38.69,43,101.83
25588,97.24,103.78,49.51,29.25,30.58,30.66,33.01,30.75,41.35,32.03,32.51,32.12,70.09,36.84,33.31,31.93,40.43,44.79,38.01,38.97,39.25,38.69,43,100.87
25608,97.24,103.78,49.29,29.25,30.58,30.58,33.11,30.75,41.35,32.03,32.51,32.12,73.43,36.96,33.21,31.93,40.27,44.6,38.01,38.97,39.11,38.69,43,100.87
25627,97.24,102.8,49.06,29.25,30.58,30.66,33.11,30.75,41.35,32.03,32.51,32.12,71.01,36.96,33.21,31.93,40.27,44.6,38.01,38.97,39.25,38.69,43,99.94
25647,95.52,65.02,31.38,29.25,30.58,30.58,33.11,30.75,41.35,32.03,32.51,32.12,71.96,36.96,33.31,31.93,40.43,44.6,38.01,38.97,39.25,38.69,43,100.87
25667,96.37,99.94,31.38,29.25,30.58,30.66,33.01,30.75,41.2,32.03,32.51,32.12,73.93,36.96,33.31,31.93,40.43,44.6,38.01,38.97,39.11,38.69,43,99.94
25686,96.37,102.8,47.55,29.25,30.58,30.58,33.11,30.75,31.75,32.03,32.51,32.12,74.95,36.96,33.21,31.93,40.43,44.42,38.01,38.97,39.25,38.69,43,99.94
25706,96.37,102.8,31.47,29.25,30.58,30.58,33.11,30.75,31.47,32.03,32.51,32.12,76.01,36.96,33.21,31.93,40.27,44.42,38.01,38.97,39.25,38.69,43,99.94
25725,96.37,102.8,31.47,29.25,30.58,30.66,33.11,30.75,31.38,32.03,32.51,32.12,77.65,36.96,33.21,31.93,40.43,44.42,38.14,38.97,39.25,38.69,43,99.94
25745,96.37,101.83,31.38,29.25,30.58,30.58,33.11,30.75,31.38,32.03,32.51,32.12,77.65,36.96,33.21,31.93,40.43,44.42,38.01,38.97,39.25,38.69,43,100.87
25764,96.37,101.83,31.38,29.25,30.58,30.66,33.01,30.75,31.38,32.03,32.51,32.12,77.65,36.84,33.31,31.93,40.43,44.6,38.01,38.97,39.25,38.69,43,100.87
25784,96.37,101.83,31.38,29.25,30.58,30.58,33.11,30.75,31.38,32.03,32.51,32.12,78.21,36.96,33.31,31.93,40.43,44.42,38.01,38.97,39.25,38.69,43,100.87
25805,96.37,101.83,31.38,29.25,30.58,30.66,33.11,30.75,31.47,32.03,32.51,32.12,77.65,36.96,33.31,31.93,40.43,44.42,38.14,38.97,39.25,38.69,43,100.87
25823,96.37,101.83,31.38,29.25,30.58,30.58,33.11,30.75,31.38,32.03,32.51,32.12,78.21,36.96,33.21,31.93,40.43,44.42,38.14,38.97,39.11,38.69,43,99.94
25844,96.37,101.83,31.38,29.25,30.58,30.58,33.01,30.75,31.38,32.03,32.51,32.12,78.21,36.96,33.31,31.93,40.43,44.42,38.01,38.97,39.11,38.69,43,100.87
25862,96.37,101.83,31.38,29.25,30.58,30.58,33.01,30.75,33.21,32.03,32.51,32.12,78.21,36.96,33.21,31.93,40.43,44.42,38.14,38.97,39.25,38.69,43,99.94
25883,95.52,101.83,31.38,29.25,30.58,30.58,33.01,30.75,32.91,32.03,32.51,32.12,78.21,36.96,33.21,31.93,40.43,44.42,38.14,38.97,39.25,38.69,43,99.02
25903,96.37,100.87,31.38,29.25,30.58,30.58,33.11,30.75,31.38,32.03,32.51,32.12,77.65,36.96,33.31,31.93,40.43,44.42,38.14,38.83,39.25,38.69,43.17,100.87
25921,96.37,100.87,31.38,29.25,30.58,30.58,33.01,30.75,31.38,32.03,32.51,32.12,78.21,36.96,33.21,31.93,40.43,44.42,38.14,38.97,39.25,38.69,43,99.94
25942,95.52,100.87,31.38,29.25,30.58,30.66,33.01,30.75,31.38,32.03,32.51,32.12,78.21,36.96,33.21,31.93,40.43,44.6,38.01,38.97,39.11,38.69,43.17,100.87
25960,95.52,100.87,31.47,29.25,30.58,30.58,33.11,30.75,31.38,32.03,32.51,32.12,78.21,36.96,33.31,31.93,40.43,44.42,38.01,38.97,39.25,38.55,43.17,100.87
25981,96.37,100.87,31.47,29.25,30.58,30.58,33.11,30.75,31.38,32.03,32.51,32.12,78.21,36.96,33.21,31.93,40.43,44.42,38.01,38.97,39.25,38.69,43.17,100.87
25999,96.37,100.87,31.38,29.25,30.58,30.58,33.11,30.75,31.38,32.03,32.51,32.12,77.65,36.96,33.21,31.93,40.43,44.42,38.14,38.97,39.25,38.69,43.52,100.87
26020,96.37,100.87,31.38,29.25,30.58,30.58,33.11,30.75,31.38,32.03,32.51,32.12,77.1,36.96,33.31,31.93,40.43,44.42,38.01,38.97,39.11,38.69,43.17,100.87
26040,96.37,100.87,31.38,29.25,30.58,30.58,33.11,30.75,31.38,32.03,32.51,32.12,76.55,36.84,33.31,31.93,40.43,44.6,38.01,38.97,39.25,38.69,43.17,100.87
26059,96.37,100.87,31.38,29.25,30.58,30.58,33.11,30.75,38.14,32.03,32.51,32.12,74.44,36.84,33.31,31.93,40.43,44.42,38.01,38.97,39.25,38.69,43.52,101.83
26079,96.37,100.87,31.38,29.25,30.58,30.58,33.11,30.75,41.35,32.03,32.51,32.12,69.64,36.96,33.21,31.93,40.43,44.6,38.01,38.97,39.25,38.69,43.52,101.83
26098,96.37,100.87,31.47,29.25,30.58,30.58,33.11,30.75,41.35,32.03,32.51,32.12,69.64,36.96,33.31,31.93,40.43,44.6,38.01,38.97,39.25,38.69,43.52,101.83
26118,96.37,100.87,31.38,29.25,30.58,30.58,33.11,30.75,41.35,32.03,32.51,32.12,70.55,36.96,33.21,31.93,40.27,44.6,38.01,38.97,39.25,38.69,43.7,101.83
26136,95.52,100.87,31.38,29.25,30.58,30.58,33.11,30.75,41.35,32.03,32.51,32.12,69.64,36.96,33.21,31.93,40.43,44.6,38.01,38.97,39.25,38.69,43.52,101.83
26157,95.52,100.87,31.38,29.25,30.58,30.58,33.11,30.75,41.35,32.03,32.51,32.12,69.19,36.96,33.21,31.93,40.43,44.6,38.01,38.97,39.25,38.69,43.17,101.83
26177,95.52,100.87,31.38,29.25,30.58,30.58,33.11,30.75,41.35,32.03,32.61,32.12,69.19,36.96,33.31,31.93,40.43,44.6,38.01,38.97,39.25,38.69,43.52,101.83
26196,96.37,100.87,31.38,29.25,30.58,30.58,33.11,30.75,41.35,32.03,32.51,32.12,70.09,36.96,33.31,31.93,40.43,44.6,38.14,38.97,39.25,38.69,43.52,101.83
26216,96.37,100.87,31.38,29.25,30.58,30.58,33.11,30.75,41.35,32.03,32.51,32.12,69.64,36.96,33.31,31.93,40.43,44.6,38.01,38.97,39.11,38.69,43.35,101.83
26235,96.37,100.87,31.47,29.25,30.58,30.58,33.11,30.75,41.51,32.03,32.51,32.12,70.09,36.96,33.31,31.93,40.43,44.6,38.01,38.97,39.25,38.69,43.35,101.83
26255,96.37,100.87,31.38,29.25,30.58,30.58,33.11,30.75,41.35,32.03,32.51,32.12,69.64,36.96,33.31,31.93,40.43,44.6,38.01,38.97,39.25,38.69,43.35,101.83
26276,96.37,100.87,31.38,29.25,30.58,30.58,33.11,30.75,41.35,32.03,32.51,32.12,69.19,36.96,33.21,31.93,40.43,44.6,38.01,38.97,39.11,38.69,43.35,101.83
26294,96.37,100.87,31.38,29.25,30.58,30.58,33.11,30.75,41.51,32.03,32.51,32.12,69.64,36.96,33.21,31.93,40.43,44.6,38.01,38.97,39.11,38.69,43.35,101.83
26315,96.37,100.87,31.38,29.25,30.58,30.58,33.11,30.75,41.35,32.03,32.51,32.12,70.09,36.96,33.31,31.93,40.43,44.6,38.01,38.97,39.11,38.55,43.17,101.83
26333,95.52,101.83,31.38,29.25,30.58,30.58,33.11,30.75,41.51,32.03,32.51,32.12,69.64,36.84,33.21,31.93,40.27,44.6,38.01,38.97,39.25,38.69,43.35,101.83
26354,96.37,101.83,31.38,29.25,30.58,30.58,33.11,30.75,41.35,32.12,32.51,32.12,69.64,36.96,33.31,31.93,40.43,44.6,38.01,38.97,39.11,38.69,43.17,101.83
26374,94.68,101.83,31.38,29.25,30.58,30.58,33.11,30.75,41.51,32.12,32.51,32.12,70.55,36.96,33.21,31.93,40.43,44.42,38.01,38.83,39.25,38.55,43.35,101.83
26395,95.52,101.83,31.38,29.25,30.58,30.58,33.11,30.75,41.51,32.12,32.51,32.12,70.55,36.96,33.21,31.93,40.12,44.42,38.01,38.97,39.25,38.69,43.35,101.83
26413,96.37,100.87,31.38,29.25,30.58,30.58,33.11,30.75,41.35,32.12,32.51,32.12,70.55,36.96,33.21,31.93,40.43,44.42,38.01,38.97,39.11,38.69,43,101.83
26433,96.37,102.8,31.38,29.25,30.58,30.58,33.11,30.75,41.35,32.12,32.51,32.12,70.09,36.96,33.21,31.93,40.43,44.42,38.01,38.97,39.25,38.69,43,101.83
26452,49.97,99.94,31.38,29.25,30.58,30.66,33.11,30.75,41.35,32.12,32.51,32.12,68.75,36.96,33.21,31.93,40.43,44.42,38.01,38.97,39.25,38.69,43,100.87
26472,63.87,99.94,31.38,29.25,30.58,30.58,33.11,30.75,41.35,32.12,32.51,32.12,67.88,36.96,33.31,31.93,40.27,44.42,38.01,38.97,39.25,38.69,43,100.87
26491,58.03,100.87,31.47,29.25,30.58,30.58,33.11,30.75,41.35,32.12,32.51,32.12,67.88,36.96,33.31,31.93,40.43,44.42,38.01,38.97,39.25,38.69,42.83,101.83
26511,39.68,100.87,31.38,29.25,30.58,30.58,33.11,30.75,41.35,32.12,32.51,32.12,68.31,36.96,33.21,31.93,40.43,44.42,38.01,38.97,39.11,38.69,43,101.83
26532,94.68,102.8,31.38,29.25,30.58,30.66,33.11,30.75,33.84,32.12,32.51,32.12,67.88,36.96,33.21,31.93,40.43,44.42,38.01,38.83,39.25,38.55,43,101.83
26550,94.68,101.83,31.38,29.25,30.58,30.58,33.11,30.75,41.35,32.12,32.51,32.12,68.31,36.96,33.21,31.93,40.43,44.42,38.01,38.97,39.25,38.69,43,101.83
26571,95.52,102.8,31.38,29.25,30.58,30.58,33.11,30.75,41.35,32.12,32.51,32.12,68.75,36.96,33.31,32.03,40.43,44.42,38.01,38.97,39.25,38.69,43,102.8
26589,97.24,102.8,31.47,29.25,30.58,30.58,33.11,30.75,40.12,32.03,32.51,32.12,68.75,36.96,33.31,31.93,40.43,44.42,38.01,38.97,39.25,38.69,43,101.83
26610,97.24,102.8,31.38,29.25,30.58,30.58,33.11,30.75,40.58,32.12,32.51,32.12,68.75,36.96,33.21,32.03,40.27,44.42,38.01,38.97,39.11,38.69,43,101.83
26628,96.37,102.8,31.38,29.25,30.58,30.58,33.11,30.75,40.88,32.12,32.51,32.12,67.88,36.84,33.21,32.03,40.27,44.42,38.01,38.97,38.97,38.69,43,101.83
26648,97.24,102.8,31.38,29.25,30.58,30.58,33.11,30.75,41.2,32.12,32.51,32.12,68.75,36.96,33.21,31.93,40.43,44.42,38.01,38.97,39.11,38.69,43,101.83
26669,97.24,102.8,31.38,29.25,30.58,30.58,33.11,30.75,38.27,32.12,32.51,32.12,67.46,36.96,33.31,32.03,40.43,44.42,38.01,38.97,39.25,38.69,43,102.8
26687,97.24,102.8,31.38,29.25,30.58,30.66,33.11,30.75,38.97,32.12,32.51,32.12,67.46,36.84,33.31,32.03,40.43,44.42,38.01,38.97,39.11,38.69,43,101.83
26708,97.24,103.78,31.38,29.25,30.58,30.58,33.11,30.75,39.83,32.12,32.51,32.12,67.04,36.96,33.31,31.93,40.43,44.42,38.01,38.97,39.25,38.69,43,101.83
26726,97.24,103.78,31.38,29.25,30.58,30.58,33.11,30.75,41.35,32.12,32.51,32.12,67.04,36.96,33.31,31.93,40.12,44.42,38.01,38.97,39.25,38.69,43,101.83
26747,97.24,103.78,31.47,29.25,30.58,30.58,33.11,30.75,41.2,32.12,32.51,32.12,67.46,36.96,33.31,32.03,40.43,44.42,38.01,38.97,39.25,38.69,43,102.8
26765,97.24,103.78,31.38,29.25,30.58,30.66,33.11,30.75,41.35,32.12,32.51,32.12,67.04,36.96,33.31,32.03,40.43,44.42,38.01,38.97,39.25,38.69,43,101.83
26786,96.37,103.78,31.38,29.25,30.58,30.66,33.11,30.75,41.35,32.12,32.51,32.12,67.04,36.96,33.31,32.03,40.43,44.42,38.01,38.97,39.25,38.69,43,101.83
26806,93.86,102.8,31.47,29.25,30.58,30.66,33.11,30.75,41.35,32.12,32.51,32.12,60.64,36.96,33.31,31.93,40.43,44.42,38.01,38.97,39.25,38.69,43,100.87
26825,44.06,100.87,31.38,29.25,30.58,30.58,33.11,30.75,31.56,32.12,32.51,32.12,59.63,36.96,33.31,32.03,40.43,44.42,38.01,38.83,39.25,38.69,43,100.87
26845,71.01,103.78,31.38,29.25,30.58,30.58,33.11,30.75,38.01,32.12,32.51,32.12,59.63,36.96,33.31,32.03,40.43,44.42,38.01,38.97,39.25,38.55,43.17,100.87
26864,96.37,102.8,31.38,29.25,30.58,30.58,33.11,30.75,36.22,32.12,32.51,32.12,63.12,36.96,33.31,32.03,40.43,44.42,38.01,38.97,39.11,38.69,43,101.83
26884,97.24,103.78,31.38,29.25,30.58,30.58,33.11,30.75,31.11,32.12,32.51,32.12,64.25,36.96,33.21,32.03,40.43,44.42,38.01,38.97,39.25,38.69,43,101.83
26902,97.24,103.78,31.38,29.25,30.58,30.58,33.11,30.75,32.32,32.03,32.51,32.12,64.25,36.96,33.31,32.03,40.43,44.42,38.01,38.97,39.11,38.69,43,101.83
26925,97.24,103.78,31.38,29.25,30.58,30.58,33.11,30.75,31.29,32.03,32.51,32.12,63.87,36.84,33.31,32.03,40.43,44.42,38.01,38.97,39.25,38.69,43,101.83
26943,97.24,103.78,31.38,29.25,30.58,30.58,33.11,30.75,31.29,32.03,32.51,32.12,63.87,36.96,33.31,32.03,40.12,44.42,38.01,38.97,39.25,38.69,43,101.83
26964,97.24,103.78,31.38,29.25,30.58,30.58,33.11,30.75,31.29,32.03,32.51,32.12,63.87,36.96,33.31,31.93,40.43,44.42,38.01,38.83,39.11,38.69,43,100.87
26982,97.24,103.78,31.38,29.25,30.58,30.58,33.11,30.75,31.2,32.03,32.51,32.12,62.03,36.84,33.31,32.03,40.43,44.42,38.01,38.97,39.11,38.69,43,101.83
27003,97.24,103.78,31.38,29.25,30.58,30.58,47.76,30.75,31.11,32.03,32.51,32.12,61.33,36.96,33.31,32.03,40.43,44.6,38.01,38.97,39.11,38.69,43,100.87
27021,97.24,103.78,31.38,29.25,30.58,30.58,47.55,30.75,31.2,32.03,32.51,32.12,59.63,36.96,33.31,32.03,40.43,44.42,38.01,38.97,39.11,38.69,43,100.87
27042,97.24,103.78,31.38,29.25,30.58,30.58,50.67,30.75,31.11,32.03,32.51,32.12,56.81,36.96,33.31,32.03,40.43,44.42,38.01,38.97,39.11,38.69,43,100.87
27062,97.24,103.78,31.29,29.25,30.58,30.58,48.84,30.75,31.11,31.93,32.51,32.12,57.11,36.96,33.31,32.03,40.43,44.42,37.87,38.97,39.25,38.69,43,101.83
27081,97.24,102.8,50.91,29.25,30.58,30.58,32.81,30.75,31.11,32.03,32.51,32.12,56.81,36.96,33.31,32.03,40.43,44.42,38.01,38.83,39.25,38.69,43,101.83
27101,97.24,103.78,31.29,29.25,30.58,30.58,44.79,30.75,31.11,32.03,32.51,32.12,56.81,36.96,33.31,32.03,40.43,44.42,38.01,38.83,39.25,38.69,43,100.87
27120,67.04,100.87,31.29,29.25,30.58,30.58,48.84,30.75,31.11,31.93,32.51,32.12,56.81,36.96,33.31,32.03,40.43,44.42,38.01,38.83,39.11,38.69,43,100.87
27140,51.64,101.83,47.97,29.25,30.58,30.58,48.84,30.75,31.11,31.93,32.51,32.12,56.81,36.96,33.31,32.03,40.43,44.6,38.01,38.97,39.11,38.69,43,101.83
27158,54.51,101.83,47.97,29.25,30.58,30.58,49.51,30.75,31.11,31.93,32.51,32.12,56.22,36.84,33.31,32.03,40.43,44.6,38.01,38.97,39.11,38.69,43,100.87
27179,52.65,101.83,31.29,29.25,30.58,30.58,50.91,30.75,31.11,31.93,32.51,32.12,56.51,36.96,33.31,32.03,40.27,44.42,38.01,38.97,39.11,38.69,43,101.83
27199,68.75,101.83,31.29,29.25,30.58,30.58,48.84,30.75,31.11,32.03,32.51,32.12,56.51,36.96,33.21,32.03,40.43,44.6,38.01,38.83,39.11,38.69,43,101.83
27218,77.65,99.94,31.29,29.25,30.58,30.58,49.97,30.75,31.2,32.03,32.51,32.12,56.51,36.96,33.31,31.93,40.43,44.42,38.01,38.97,39.25,38.69,43,101.83
27238,83.03,101.83,31.29,29.25,30.58,30.58,48.4,30.75,31.2,32.03,32.51,32.12,56.81,36.96,33.21,32.03,40.43,44.6,38.01,38.83,39.11,38.69,43,101.83
27257,95.52,102.8,31.29,29.25,30.58,30.58,46.93,30.75,31.11,32.03,32.51,32.12,57.11,36.96,33.21,32.03,40.43,44.6,38.01,38.97,39.11,38.69,43,101.83
27277,97.24,102.8,31.38,29.25,30.58,30.49,44.6,30.75,31.11,32.03,32.51,32.12,56.51,36.96,33.31,32.03,40.43,44.79,38.01,38.97,39.11,38.55,43,101.83
27298,97.24,102.8,31.29,29.25,30.58,30.58,45.74,30.75,31.11,32.03,32.51,32.12,56.81,36.96,33.31,32.03,40.43,45.16,38.01,38.97,39.25,38.55,43,101.83
27316,96.37,102.8,31.29,29.25,30.58,30.49,44.97,30.75,31.2,32.03,32.51,32.12,56.51,36.84,33.31,32.03,40.43,45.16,37.87,38.83,39.25,38.69,43,101.83
27337,92.25,102.8,31.2,29.25,30.58,30.58,41.84,30.75,31.29,32.03,32.51,32.12,55.92,36.96,33.21,32.03,40.43,45.16,38.01,38.97,39.25,38.55,43,101.83
27355,95.52,102.8,31.2,29.25,30.58,30.58,32.91,30.75,31.29,32.03,32.51,32.12,56.51,36.96,33.21,32.03,40.43,45.74,38.01,38.97,39.25,38.69,43,101.83
27376,96.37,102.8,31.2,29.25,30.58,30.58,32.91,30.75,31.38,32.03,32.51,32.12,56.51,36.96,33.21,32.03,40.43,45.54,38.01,38.97,39.11,38.55,43,101.83
27394,95.52,102.8,31.2,29.25,30.58,30.58,33.01,30.75,31.29,32.03,32.51,32.12,56.22,36.96,33.31,32.03,40.43,45.74,38.01,38.97,39.11,38.69,43,101.83
27414,87.04,102.8,31.2,29.25,30.58,30.58,33.11,30.75,31.2,32.03,32.51,32.12,56.81,36.96,33.21,32.03,40.43,45.35,38.01,38.83,39.11,38.69,43,100.87
27435,89.95,101.83,31.2,29.25,30.58,30.58,33.11,30.75,31.2,32.03,32.51,32.12,56.51,36.96,33.21,32.03,40.43,45.35,38.01,38.97,39.11,38.69,43,101.83
27453,87.04,102.8,31.29,29.25,30.58,30.58,33.01,30.75,31.11,32.03,32.51,32.12,56.51,36.96,33.31,32.03,40.43,45.35,38.01,38.97,39.25,38.69,43,101.83
27474,97.24,102.8,31.29,29.25,30.58,30.58,33.01,30.75,31.11,32.03,32.51,32.12,56.51,36.96,33.31,32.03,40.27,45.35,38.01,38.83,39.11,38.69,43,101.83
27492,97.24,102.8,31.29,29.25,30.58,30.58,33.01,30.75,31.2,32.03,32.51,32.12,56.51,36.96,33.21,32.03,40.43,45.54,38.01,38.97,39.25,38.69,43,101.83
27513,97.24,102.8,31.2,29.25,30.58,30.58,33.01,30.75,31.2,32.03,32.51,32.12,56.51,36.96,33.31,32.03,40.43,45.54,38.01,38.97,39.25,38.69,43,101.83
27531,97.24,102.8,31.2,29.25,30.58,30.58,33.01,30.75,31.2,32.03,32.51,32.12,56.81,36.96,33.31,32.03,40.43,45.54,38.01,38.97,39.25,38.69,43,101.83
27552,96.37,102.8,31.2,29.25,30.58,30.58,33.01,30.75,31.2,32.03,32.51,32.12,56.51,36.96,33.21,32.03,40.43,45.54,38.01,38.97,39.25,38.69,43,101.83
27572,97.24,102.8,31.29,29.25,30.58,30.58,33.01,30.75,31.11,32.03,32.51,32.12,57.11,36.84,33.21,32.03,40.43,45.54,38.01,38.83,39.11,38.69,43,102.8
27591,97.24,102.8,31.29,29.25,30.58,30.58,38.55,30.75,31.11,32.03,32.51,32.12,57.11,36.96,33.21,32.03,40.43,45.54,38.01,38.97,39.25,38.69,43,101.83
27611,97.24,102.8,31.29,29.25,30.58,30.58,42.33,30.75,31.2,32.03,32.51,32.12,56.81,36.96,33.31,32.03,40.43,45.74,38.01,38.97,39.11,38.55,43,102.8
27629,97.24,102.8,31.29,29.25,30.58,30.58,40.58,30.75,31.38,32.03,32.51,32.12,57.11,36.96,33.21,32.03,40.43,45.74,38.01,38.97,39.25,38.69,43,101.83
27650,97.24,102.8,31.29,29.25,30.58,30.58,40.58,30.75,31.38,32.03,32.51,32.12,57.11,36.96,33.31,32.03,40.43,46.13,38.01,38.97,39.25,38.69,43,101.83
27670,97.24,102.8,31.29,29.25,30.58,30.58,39.54,30.75,31.38,32.03,32.51,32.12,57.11,36.96,33.31,32.03,40.43,46.32,38.01,38.97,39.25,38.69,43,102.8
27689,97.24,102.8,31.29,29.25,30.58,30.58,33.21,30.75,31.38,32.03,32.51,32.12,56.81,36.96,33.21,32.03,40.43,46.32,38.01,38.83,39.25,38.69,43,101.83
27709,96.37,101.83,31.29,29.25,30.58,30.58,33.01,30.75,31.2,32.03,32.51,32.12,57.11,36.96,33.31,32.03,40.43,46.52,38.01,38.83,39.25,38.69,43,101.83
27728,97.24,102.8,31.38,29.25,30.58,30.58,32.22,30.75,31.11,32.03,32.51,32.12,57.11,36.96,33.31,32.03,40.43,46.73,38.01,38.97,39.25,38.69,43,102.8
27748,96.37,101.83,31.38,29.25,30.58,30.58,33.11,30.75,31.11,32.12,32.51,32.12,57.11,36.96,33.31,31.93,40.43,45.54,38.01,38.97,39.11,38.69,43,101.83
27767,83.03,101.83,48.84,29.25,30.58,30.58,33.11,30.75,31.11,32.03,32.51,32.12,57.41,36.96,33.31,32.03,40.43,44.42,38.01,38.97,39.25,38.69,43,101.83
27787,96.37,101.83,31.38,29.25,30.58,30.58,33.01,30.75,31.38,31.93,32.51,32.12,57.41,36.96,33.31,32.03,40.43,44.42,38.01,38.97,39.25,38.55,43,101.83
27808,94.68,100.87,31.47,29.25,30.58,30.58,33.11,30.75,31.29,31.93,32.51,32.12,57.41,36.96,33.21,32.03,40.27,44.42,38.01,38.97,39.11,38.69,43,102.8
27826,94.68,102.8,31.47,29.25,30.58,30.58,33.11,30.75,31.38,31.93,32.51,32.12,57.11,36.96,33.31,31.93,40.43,44.42,37.87,38.83,39.25,38.69,43,101.83
27847,89.2,100.87,31.38,29.25,30.58,30.58,33.11,30.75,31.47,31.93,32.51,32.12,57.11,36.96,33.21,31.93,40.43,44.42,38.01,38.97,39.11,38.69,43,101.83
27865,94.68,99.94,31.47,29.25,30.58,30.58,33.11,30.75,31.56,31.93,32.51,32.12,57.41,36.96,33.31,31.93,40.27,44.42,38.01,38.97,39.25,38.69,43,101.83
27885,94.68,102.8,31.38,29.25,30.58,30.58,33.11,30.75,36.59,31.93,32.51,32.12,61.33,36.96,33.21,31.93,40.43,44.42,38.01,38.97,39.25,38.69,43,101.83
27904,93.86,101.83,31.38,29.25,30.58,30.58,33.21,30.75,31.65,31.93,32.51,32.12,61.68,36.96,33.31,32.03,40.27,44.42,38.01,38.97,39.25,38.69,43,102.8
27924,94.68,101.83,31.38,29.25,30.58,30.58,33.11,30.75,38.14,31.93,32.51,32.12,61.33,36.96,33.21,31.93,40.43,44.6,38.01,38.97,39.25,38.69,43,102.8
27945,96.37,101.83,31.38,29.25,30.58,30.58,33.11,30.75,39.39,31.93,32.51,32.12,61.33,36.96,33.21,32.03,40.43,44.6,38.01,38.97,39.11,38.55,43,101.83
27963,96.37,101.83,31.38,29.25,30.58,30.58,33.21,30.75,41.04,31.93,32.51,32.12,60.98,36.96,33.21,31.93,40.43,44.6,38.01,38.97,39.11,38.69,43,101.83
27984,95.52,100.87,31.38,29.25,30.58,30.58,33.11,30.75,31.56,31.93,32.51,32.12,60.3,36.96,33.31,31.93,40.43,44.6,38.01,38.97,39.25,38.69,43,101.83
28002,96.37,100.87,31.38,29.25,30.58,30.58,33.21,30.75,31.75,31.93,32.51,32.12,60.64,36.84,33.21,31.93,40.43,44.42,38.01,38.97,39.25,38.69,43,101.83
28023,95.52,100.87,31.38,29.25,30.58,30.58,33.11,30.75,34.82,31.93,32.51,32.12,60.64,36.96,33.21,31.93,40.43,44.42,38.01,38.97,39.25,38.69,43,101.83
28043,95.52,100.87,31.38,29.25,30.58,30.58,33.21,30.75,38.01,31.93,32.51,32.12,60.3,36.96,33.21,31.93,40.43,44.42,38.01,38.97,39.25,38.69,43,102.8
28062,95.52,100.87,31.47,29.25,30.58,30.58,33.21,30.75,32.41,31.84,32.51,32.12,60.3,36.96,33.31,31.93,40.43,44.42,38.14,38.97,39.11,38.69,43,101.83
28082,95.52,100.87,31.38,29.25,30.58,30.58,32.61,30.75,37.74,31.84,32.51,32.12,60.3,36.96,33.21,31.93,40.43,44.42,38.01,38.97,39.11,38.69,43,101.83
28101,95.52,100.87,31.38,29.25,30.58,30.58,32.22,30.75,38.14,31.84,32.51,32.12,60.3,36.96,33.21,31.93,40.43,44.6,38.01,38.97,39.11,38.69,43,101.83
28121,95.52,100.87,31.38,29.25,30.58,30.58,32.22,30.75,38.27,31.84,32.51,32.12,60.3,36.96,33.21,31.93,40.12,44.42,38.01,38.97,39.25,38.69,43,101.83
28139,94.68,100.87,31.38,29.25,30.58,30.58,32.22,30.75,33.62,31.84,32.51,32.12,60.64,36.84,33.21,31.93,40.43,44.42,38.01,38.97,39.25,38.69,43,101.83
28160,95.52,100.87,31.38,29.25,30.58,30.58,32.22,30.75,33.31,31.84,32.51,32.12,60.64,36.84,33.21,31.93,40.43,44.42,38.01,38.97,39.25,38.55,43,101.83
28180,94.68,100.87,31.38,29.25,30.58,30.58,32.22,30.75,34.05,31.84,32.51,32.12,60.64,36.96,33.21,31.93,40.43,44.42,38.01,38.97,39.25,38.69,43.17,101.83
28199,95.52,100.87,31.47,29.25,30.58,30.58,32.22,30.75,34.71,31.84,32.51,32.12,60.64,36.96,33.21,31.93,40.43,44.42,38.01,38.97,39.25,38.55,43,101.83
28219,96.37,100.87,31.38,29.25,30.58,30.58,32.22,30.75,36.22,31.84,32.51,32.12,60.64,36.96,33.21,31.93,40.43,44.42,38.01,38.97,39.25,38.69,43,101.83
28238,95.52,100.87,31.47,29.25,30.58,30.58,32.22,30.75,35.98,31.84,32.51,32.12,60.3,36.96,33.21,31.93,40.27,44.42,38.01,38.97,39.25,38.69,43,100.87
28258,95.52,100.87,31.47,29.25,30.58,30.58,32.41,30.75,40.43,31.84,32.51,32.12,60.3,36.96,33.31,31.93,40.43,44.42,38.01,38.97,39.11,38.55,43,101.83
28277,96.37,101.83,31.47,29.25,30.58,30.58,32.32,30.75,39.98,31.93,32.51,32.12,60.3,36.96,33.21,31.93,40.43,44.42,38.01,38.97,39.25,38.69,43.17,101.83
28297,96.37,101.83,31.47,29.25,30.58,30.58,32.22,30.75,41.04,31.84,32.51,32.12,60.3,36.96,33.21,31.93,40.43,44.42,38.01,38.97,39.25,38.69,43.88,101.83
28318,96.37,100.87,31.38,29.25,30.58,30.58,33.21,30.75,32.61,31.93,32.51,32.12,60.64,36.96,33.21,31.93,40.43,44.42,38.01,38.97,39.25,38.69,44.06,101.83
28336,96.37,100.87,31.47,29.25,30.58,30.58,33.21,30.75,39.11,31.93,32.51,32.12,60.64,36.96,33.21,31.93,40.43,44.42,38.01,38.97,39.11,38.69,44.97,101.83
28357,96.37,101.83,31.47,29.25,30.58,30.58,33.31,30.75,41.04,31.93,32.51,32.12,60.3,36.96,33.21,31.93,40.43,44.42,38.01,38.97,39.25,38.55,44.97,101.83
28375,96.37,101.83,31.47,29.25,30.58,30.58,33.31,30.75,41.2,31.93,32.51,32.12,60.64,36.84,33.21,31.93,40.43,44.42,38.01,38.97,39.25,38.69,45.74,101.83
28395,96.37,101.83,31.47,29.25,30.58,30.58,33.21,30.75,41.2,31.93,32.51,32.12,60.3,36.96,33.21,31.93,40.43,44.42,38.01,38.97,39.11,38.69,46.52,101.83
28414,96.37,101.83,31.47,29.25,30.58,30.58,33.21,30.75,38.27,31.93,32.51,32.12,60.3,36.96,33.21,31.93,40.43,44.42,38.01,38.97,39.11,38.69,46.32,101.83
28434,96.37,101.83,31.47,29.25,30.58,30.58,33.21,30.75,38.01,31.93,32.51,32.12,60.64,36.96,33.21,31.93,40.43,44.42,38.01,38.97,39.25,38.69,43.7,101.83
28455,96.37,101.83,31.47,29.25,30.58,30.66,33.31,30.75,38.41,31.93,32.51,32.12,60.3,36.96,33.21,31.93,40.43,44.6,38.01,38.97,39.25,38.69,43.52,102.8
28473,96.37,101.83,31.47,29.25,30.58,30.58,33.31,30.75,40.73,31.93,32.51,32.12,60.64,36.96,33.21,31.93,40.27,44.42,38.01,38.97,39.25,38.69,43.7,101.83
28494,96.37,101.83,31.47,29.25,30.58,30.58,33.31,30.75,41.2,32.03,32.51,32.12,60.64,36.96,33.21,31.93,40.43,44.6,38.01,38.97,39.25,38.69,43.7,102.8
28512,96.37,101.83,31.47,29.25,30.58,30.58,33.31,30.75,38.14,32.03,32.51,32.12,60.3,36.96,33.21,31.93,40.43,44.42,38.01,38.83,39.25,38.69,43.7,100.87
28533,97.24,101.83,31.47,29.25,30.58,30.66,33.21,30.75,38.97,32.03,32.51,32.12,60.64,36.96,33.31,31.93,40.27,44.6,38.01,38.97,39.25,38.69,43.7,101.83
28551,97.24,101.83,31.47,29.25,30.58,30.58,33.42,30.75,39.25,32.03,32.51,32.12,60.3,36.96,33.21,31.93,40.43,44.42,38.14,38.97,39.11,38.55,43.7,101.83
28572,96.37,102.8,31.47,29.25,30.58,30.66,33.31,30.75,39.83,32.03,32.51,32.12,60.64,36.96,33.21,31.93,40.43,44.42,38.01,38.83,39.25,38.69,43.52,101.83
28592,97.24,102.8,31.47,29.25,30.58,30.66,33.31,30.75,38.41,32.03,32.51,32.12,60.64,36.96,33.21,31.93,40.43,44.42,38.01,38.97,39.25,38.55,43.7,101.83
28610,97.24,102.8,31.47,29.25,30.58,30.66,33.31,30.75,38.14,32.03,32.51,32.12,60.3,36.96,33.21,31.93,40.27,44.42,38.01,38.97,39.25,38.69,43.7,101.83
28631,96.37,102.8,31.47,29.25,30.58,30.58,33.31,30.75,39.83,32.03,32.51,32.12,60.64,36.96,33.21,31.93,40.43,44.42,38.01,38.97,39.25,38.69,45.35,100.87
28649,97.24,102.8,31.47,29.25,30.58,30.66,33.21,30.75,40.88,32.03,32.51,32.12,60.3,36.96,33.21,32.03,40.43,44.42,38.14,38.97,39.25,38.69,45.74,101.83
28670,97.24,102.8,31.47,29.25,30.58,30.66,33.21,30.75,39.39,32.03,32.51,32.12,60.64,36.96,33.21,31.93,40.43,44.42,38.01,38.97,39.25,38.69,45.93,101.83
28690,97.24,102.8,40.27,29.25,30.58,30.66,33.21,30.75,41.35,32.03,32.51,32.12,60.64,36.96,33.21,31.93,40.43,44.42,38.14,38.97,39.25,38.69,45.35,101.83
28711,96.37,102.8,31.47,29.25,30.58,30.66,33.21,30.75,41.35,32.03,32.51,32.12,60.64,36.96,33.31,32.03,40.43,44.42,38.01,38.97,39.25,38.69,45.74,102.8
28729,97.24,102.8,31.56,29.25,30.58,30.66,33.21,30.75,41.35,32.03,32.51,32.12,60.98,36.84,33.21,31.93,40.43,44.42,38.01,38.97,39.25,38.69,44.06,102.8
28750,97.24,102.8,31.47,29.25,30.58,30.66,33.21,30.75,41.35,32.03,32.51,32.12,60.64,36.84,33.21,32.03,40.43,44.42,38.01,38.97,39.25,38.69,44.24,102.8
28770,96.37,102.8,31.47,29.25,30.58,30.58,33.21,30.75,40.73,32.03,32.51,32.12,60.64,36.96,33.21,31.93,40.43,44.42,38.01,38.97,39.25,38.69,44.06,101.83
28789,96.37,102.8,31.47,29.25,30.58,30.66,33.21,30.75,41.35,32.03,32.51,32.12,60.64,36.96,33.21,31.93,40.43,44.42,38.01,38.97,39.25,38.69,44.06,101.83
28809,96.37,102.8,31.47,29.25,30.58,30.66,33.21,30.75,40.88,32.03,32.51,32.12,60.64,36.96,33.21,31.93,40.43,44.42,38.01,38.97,39.25,38.69,44.06,101.83
28830,96.37,102.8,31.47,29.25,30.58,30.66,33.21,30.75,40.88,32.03,32.51,32.12,60.64,36.96,33.21,31.93,40.43,44.42,38.01,38.97,39.25,38.69,44.06,101.83
28848,95.52,102.8,31.47,29.25,30.58,30.66,33.31,30.75,41.2,32.03,32.51,32.12,60.98,36.96,33.21,31.93,40.12,44.42,38.01,38.97,39.25,38.69,44.79,102.8
28869,95.52,102.8,31.47,29.25,30.58,30.66,33.21,30.75,41.04,32.03,32.51,32.12,60.98,36.96,33.31,31.93,40.43,44.42,38.01,38.97,39.25,38.69,45.16,101.83
28887,95.52,103.78,31.47,29.25,30.58,30.66,33.21,30.75,40.58,32.03,32.51,32.12,61.33,36.96,33.21,31.93,40.43,44.42,38.01,38.97,39.25,38.69,45.93,102.8
28907,95.52,102.8,31.47,29.25,30.58,30.66,33.31,30.75,38.83,32.03,32.51,32.12,61.33,36.96,33.21,32.03,40.43,44.42,38.14,38.97,39.25,38.69,45.93,100.87
28926,96.37,103.78,31.47,29.25,30.58,30.66,33.11,30.75,41.51,32.03,32.51,32.12,61.33,36.96,33.21,31.93,40.43,44.42,38.01,38.97,39.25,38.69,46.13,102.8
28946,96.37,102.8,31.56,29.25,30.58,30.66,33.31,30.75,41.51,32.03,32.51,32.12,61.33,36.96,33.21,31.93,40.43,44.42,38.01,38.97,39.25,38.55,46.13,101.83
28967,96.37,102.8,31.56,29.25,30.58,30.58,33.42,30.75,41.35,32.03,32.51,32.12,60.64,36.96,33.31,31.93,40.43,44.42,38.14,38.97,39.25,38.69,45.93,102.8
28985,96.37,102.8,31.47,29.25,30.58,30.58,33.31,30.75,41.35,32.03,32.51,32.12,56.81,36.96,33.31,31.93,40.43,44.42,38.14,38.97,39.25,38.69,45.74,101.83
29006,94.68,103.78,31.47,29.25,30.58,30.66,33.42,30.75,41.35,31.93,32.51,32.12,56.51,36.96,33.31,32.03,40.43,44.42,38.01,38.97,39.25,38.69,45.54,102.8
29024,96.37,102.8,31.47,29.25,30.58,30.66,33.21,30.75,41.2,32.03,32.51,32.12,58.34,36.96,33.21,31.93,40.43,44.42,38.01,38.97,39.25,38.69,45.35,102.8
29045,96.37,102.8,31.47,29.25,30.58,30.66,33.21,30.75,36.71,32.03,32.51,32.12,60.64,36.96,33.21,31.93,40.27,44.42,38.01,38.97,39.25,38.69,44.24,101.83
29063,97.24,102.8,31.47,29.25,30.58,30.66,33.21,30.75,41.2,31.93,32.51,32.12,60.64,36.96,33.21,31.93,40.27,44.6,38.01,38.97,39.25,38.69,44.24,102.8
29084,97.24,103.78,31.47,29.25,30.58,30.66,33.21,30.75,41.04,31.93,32.51,32.12,60.64,36.96,33.31,32.03,40.43,44.6,38.01,38.97,39.25,38.69,43.35,102.8
29104,97.24,102.8,31.47,29.25,30.58,30.66,33.21,30.75,31.47,32.03,32.51,32.12,59.96,36.96,33.31,32.03,40.43,44.6,38.01,38.97,39.25,38.69,43.52,102.8
29122,97.24,102.8,31.47,29.25,30.58,30.58,33.21,30.75,31.47,32.03,32.51,32.12,59.63,36.96,33.31,31.93,40.43,44.42,38.01,38.97,39.25,38.55,43,101.83
29143,96.37,102.8,31.47,29.25,30.58,30.58,33.21,30.75,31.47,32.12,32.51,32.12,59.96,36.96,33.21,32.03,40.43,44.24,38.01,38.97,39.25,38.55,43.17,101.83
29161,97.24,102.8,31.47,29.25,30.58,30.66,33.21,30.75,31.84,32.12,32.51,32.12,59.96,36.96,33.21,31.93,40.27,44.24,38.01,38.97,39.25,38.69,43.17,101.83
29182,97.24,103.78,31.56,29.25,30.58,30.58,33.21,30.75,33.21,32.12,32.51,32.12,59.96,36.96,33.31,31.93,40.43,44.6,38.01,38.97,39.25,38.69,43.17,101.83
29200,97.24,102.8,31.56,29.25,30.58,30.58,33.11,30.75,32.91,32.12,32.51,32.12,59.96,36.96,33.31,32.03,40.43,44.6,38.01,38.97,39.11,38.69,43.17,101.83
29221,95.52,102.8,31.56,29.25,30.58,30.58,33.11,30.75,31.47,32.12,32.51,32.12,59.96,36.96,33.21,32.03,40.27,44.42,38.01,38.83,39.25,38.69,43.17,101.83
29241,62.39,101.83,31.47,29.25,30.58,30.58,33.11,30.75,31.47,32.12,32.51,32.12,59.96,36.96,33.21,31.93,40.43,44.42,38.01,38.83,39.25,38.69,43.17,101.83
29260,95.52,102.8,34.82,29.25,30.58,30.58,33.11,30.75,31.47,32.12,32.51,32.12,59.96,36.96,33.21,32.03,40.43,44.6,38.01,38.97,39.25,38.69,43,101.83
29280,95.52,102.8,31.47,29.25,30.58,30.58,33.21,30.75,31.47,32.03,32.51,32.12,59.96,36.96,33.21,32.03,40.43,44.42,38.01,38.97,39.25,38.69,43,101.83
29299,95.52,102.8,31.47,29.25,30.58,30.58,33.21,30.75,31.47,32.03,32.51,32.12,59.96,36.84,33.21,32.03,40.27,44.6,38.01,38.97,39.11,38.69,43.17,101.83
29319,95.52,102.8,31.38,29.25,30.58,30.58,33.21,30.75,31.47,32.12,32.51,32.12,59.96,36.96,33.31,32.03,40.43,44.42,38.01,38.97,39.25,38.69,43.35,101.83
29340,88.47,102.8,31.38,29.25,30.58,30.58,33.21,30.75,31.75,32.03,32.51,32.12,59.31,36.96,33.21,32.03,40.43,44.6,38.01,38.97,39.11,38.69,43.52,102.8
29358,97.24,102.8,31.38,29.25,30.58,30.58,33.21,30.75,32.61,32.03,32.51,32.12,59.63,36.96,33.21,32.03,40.43,44.42,38.01,38.97,39.25,38.69,43,101.83
29378,95.52,101.83,31.38,29.25,30.58,30.58,33.21,30.75,34.59,32.03,32.51,32.12,59.63,36.96,33.21,32.03,40.43,44.42,38.01,38.97,39.11,38.69,43.52,101.83
29397,96.37,102.8,31.38,29.25,30.58,30.58,33.21,30.75,36.34,32.03,32.51,32.12,59.96,36.96,33.21,32.03,40.43,44.42,38.01,38.97,39.25,38.69,43,101.83
29417,96.37,102.8,31.38,29.25,30.58,30.58,33.31,30.75,40.73,32.03,32.51,32.12,59.96,36.96,33.31,32.03,40.43,44.6,38.01,38.97,39.25,38.69,43,102.8
29436,96.37,100.87,31.38,29.25,30.58,30.58,33.31,30.75,41.04,32.03,32.51,32.12,59.31,36.96,33.21,32.03,40.43,44.6,38.01,38.97,39.11,38.55,43,101.83
29456,96.37,93.86,31.38,29.25,30.58,30.58,33.21,30.75,41.2,32.03,32.51,32.12,56.22,36.96,33.21,32.03,40.43,44.97,38.01,38.83,39.11,38.69,43,101.83
29477,97.24,101.83,31.29,29.25,30.58,30.58,32.32,30.75,41.2,32.03,32.51,32.12,56.51,36.96,33.21,32.03,40.12,44.97,38.01,38.83,39.11,38.69,43,101.83
29495,96.37,78.21,31.29,29.25,30.58,30.58,32.32,30.75,41.2,32.03,32.51,32.12,56.81,36.96,33.21,32.03,40.43,44.97,38.01,38.97,39.11,38.69,42.83,102.8
29516,97.24,101.83,31.29,29.25,30.58,30.58,32.41,30.75,41.2,32.03,32.51,32.12,56.51,36.96,33.31,32.03,40.43,44.97,38.01,38.83,39.25,38.55,43,102.8
29534,96.37,99.02,31.29,29.25,30.58,30.58,32.71,30.75,41.2,32.03,32.51,32.12,56.22,36.96,33.21,31.93,40.27,44.97,38.01,38.97,39.25,38.69,43,101.83
29555,96.37,102.8,31.29,29.25,30.58,30.58,33.01,30.75,40.27,32.03,32.51,32.12,56.51,36.96,33.21,32.03,40.27,44.97,38.01,38.97,39.25,38.69,43,102.8
29573,97.24,84.32,31.29,29.25,30.58,30.58,33.01,30.75,31.38,32.03,32.51,32.12,55.92,36.96,33.31,32.03,40.43,44.79,38.01,38.97,39.25,38.69,43,101.83
29594,95.52,71.96,31.29,29.25,30.58,30.58,32.81,30.75,31.38,32.03,32.51,32.12,56.22,36.96,33.21,32.03,40.27,44.6,38.01,38.97,39.25,38.69,43,101.83
29614,96.37,100.87,31.29,29.25,30.58,30.58,33.11,30.75,31.38,32.03,32.51,32.12,56.51,36.96,33.21,32.03,40.43,44.42,38.01,38.97,39.25,38.69,43,101.83
29632,96.37,100.87,31.29,29.25,30.58,30.58,33.21,30.75,31.38,32.03,32.51,32.12,56.51,36.96,33.21,32.03,40.27,44.42,38.01,38.83,39.25,38.69,43,100.87
29653,96.37,100.87,31.29,29.25,30.58,30.58,33.21,30.75,31.47,32.03,32.51,32.12,56.22,36.96,33.21,32.03,40.43,44.42,38.01,38.83,39.25,38.69,43,101.83
29671,97.24,102.8,31.29,29.25,30.58,30.58,33.21,30.75,31.47,32.03,32.51,32.12,56.22,36.96,33.21,31.93,40.27,44.42,38.01,38.83,39.11,38.69,43,102.8
29692,97.24,102.8,31.29,29.25,30.58,30.58,33.31,30.75,31.47,32.03,32.51,32.12,55.92,36.96,33.21,32.03,40.27,44.42,38.01,38.97,39.25,38.69,43,102.8
29712,97.24,102.8,31.29,29.25,30.58,30.58,33.21,30.75,40.12,32.03,32.51,32.12,55.92,36.96,33.21,32.03,40.43,44.42,38.01,38.97,39.25,38.69,43,102.8
29731,97.24,102.8,31.29,29.25,30.58,30.58,33.21,30.75,31.93,32.03,32.51,32.12,56.22,36.96,33.31,31.93,40.27,44.42,38.01,38.83,39.11,38.69,43,102.8
29751,96.37,102.8,31.29,29.25,30.58,30.58,33.31,30.75,39.54,32.03,32.51,32.12,56.22,36.84,33.31,32.03,40.43,44.42,38.01,38.97,39.25,38.69,43,101.83
29770,92.25,101.83,31.29,29.25,30.58,30.58,33.31,30.75,39.98,32.03,32.51,32.12,55.64,36.84,33.21,32.03,40.43,44.42,38.01,38.97,39.25,38.55,42.83,101.83
29790,69.64,100.87,31.29,29.25,30.58,30.58,41.04,30.75,40.12,32.03,32.51,32.12,56.22,36.96,33.21,32.03,40.43,44.42,38.01,38.97,39.25,38.55,42.83,100.87
29809,84.99,102.8,31.2,29.25,30.58,30.58,33.31,30.75,40.12,32.03,32.51,32.12,56.51,36.96,33.21,32.03,40.43,44.42,38.01,38.97,39.25,38.69,42.83,102.8
29829,94.68,102.8,31.29,29.25,30.58,30.58,33.31,30.75,40.27,32.03,32.51,32.12,56.22,36.96,33.21,32.03,40.43,44.42,38.01,38.97,39.11,38.69,43,102.8
29850,96.37,102.8,31.29,29.25,30.58,30.58,33.21,30.75,40.27,32.03,32.51,32.12,56.22,36.96,33.31,32.03,40.43,44.42,38.01,38.97,39.25,38.55,43,102.8
29868,97.24,102.8,31.29,29.25,30.58,30.58,33.21,30.75,40.27,32.03,32.51,32.12,56.22,36.96,33.31,32.03,40.43,44.42,38.01,38.97,39.11,38.69,43,102.8
29888,97.24,102.8,31.29,29.25,30.58,30.58,33.21,30.75,40.27,32.03,32.51,32.12,56.22,36.96,33.21,31.93,40.43,44.42,38.01,38.97,39.25,38.69,43,102.8
29907,97.24,101.83,31.29,29.25,30.58,30.58,33.21,30.75,40.27,32.03,32.51,32.12,56.22,36.96,33.21,32.03,40.43,44.42,38.01,38.97,39.25,38.69,43,102.8
29927,97.24,101.83,31.29,29.25,30.58,30.58,33.31,30.75,40.27,32.03,32.51,32.12,56.22,36.96,33.21,32.03,40.43,44.42,38.01,38.97,39.25,38.69,43,101.83
29946,95.52,65.02,31.29,29.25,30.58,30.58,33.31,30.75,40.27,32.03,32.51,32.12,56.22,36.96,33.31,32.03,40.43,44.42,38.01,38.97,39.11,38.69,43,101.83
29966,95.52,79.36,31.29,29.25,30.58,30.58,33.31,30.75,40.27,32.03,32.51,32.12,56.51,36.96,33.31,32.03,40.43,44.42,38.01,38.97,39.25,38.69,42.83,101.83
29987,86.35,61.68,31.29,29.25,30.58,30.58,33.31,30.75,40.12,32.03,32.51,32.12,56.51,36.84,33.21,32.03,40.43,44.42,38.01,38.97,39.25,38.69,43,100.87
30005,95.52,78.78,31.29,29.25,30.58,30.58,33.31,30.75,35.5,32.03,32.51,32.12,56.51,36.96,33.21,32.03,40.43,44.42,38.01,38.83,39.11,38.69,43,101.83
30026,94.68,62.75,31.38,29.25,30.58,30.58,32.32,30.75,31.47,32.03,32.51,32.12,56.51,36.96,33.31,32.03,40.43,44.42,38.01,38.97,39.25,38.69,43,102.8
30044,96.37,97.24,31.29,29.25,30.58,30.58,32.32,30.75,31.47,32.03,32.51,32.12,56.22,36.96,33.21,32.03,40.43,44.42,38.01,38.97,39.25,38.69,42.83,101.83
30065,96.37,100.87,31.38,29.25,30.58,30.58,33.21,30.75,31.47,32.03,32.51,32.12,56.22,36.96,33.21,32.03,40.43,44.6,38.01,38.97,39.25,38.69,43,101.83
30085,97.24,101.83,31.38,29.25,30.58,30.58,33.21,30.75,41.2,32.03,32.51,32.12,56.81,36.96,33.21,31.93,40.43,44.6,38.01,38.97,39.11,38.69,42.83,101.83
30103,96.37,102.8,31.47,29.25,30.58,30.58,33.31,30.75,35.27,32.03,32.51,32.12,60.64,36.96,33.21,31.93,40.43,44.79,38.14,38.97,39.25,38.69,43,101.83
30124,96.37,101.83,31.38,29.25,30.58,30.49,35.74,30.75,41.2,32.03,32.51,32.12,60.64,36.96,33.31,31.93,40.43,44.6,38.01,38.97,39.25,38.69,43,101.83
30142,95.52,78.21,31.47,29.25,30.58,30.58,33.31,30.75,41.2,32.03,32.51,32.12,60.64,36.96,33.31,32.03,40.43,44.6,38.01,38.97,39.25,38.69,43,101.83
30163,96.37,98.12,31.47,29.25,30.58,30.58,33.31,30.75,41.35,32.12,32.51,32.12,61.68,36.96,33.21,31.93,40.43,44.6,38.01,38.97,39.25,38.69,43,103.78
30181,97.24,98.12,31.47,29.25,30.58,30.58,33.31,30.75,41.35,32.12,32.51,32.12,60.98,36.96,33.31,31.93,40.43,44.6,38.14,38.97,39.25,38.69,43,100.87
30202,76.55,58.34,31.47,29.25,30.58,30.58,33.31,30.75,41.2,32.12,32.51,32.12,61.68,36.96,33.31,31.93,40.43,44.6,38.14,38.97,39.11,38.69,42.83,99.94
30222,75.48,78.21,31.47,29.25,30.58,30.58,33.31,30.75,41.35,32.12,32.51,32.12,61.68,36.96,33.21,31.93,40.43,44.42,38.14,38.83,39.25,38.69,43,100.87
30241,94.68,55.64,31.47,29.25,30.58,30.58,33.21,30.75,41.35,32.12,32.51,32.12,62.39,36.96,33.21,31.93,40.43,44.6,38.01,38.97,39.25,38.69,43,101.83
30261,95.52,77.1,31.47,29.25,30.58,30.58,33.21,30.75,41.35,32.12,32.51,32.12,83.67,36.96,33.21,31.93,40.43,44.42,38.01,38.97,39.25,38.69,43,101.83
30280,86.35,101.83,31.47,29.25,30.58,30.58,33.21,30.75,41.35,32.03,32.51,32.12,61.33,36.96,33.21,31.93,40.43,44.42,38.01,38.97,39.25,38.69,43,102.8
30300,86.35,101.83,31.47,29.25,30.58,30.58,33.31,30.75,41.35,31.93,32.51,32.12,60.64,36.96,33.21,31.93,40.43,44.6,38.01,38.97,39.25,38.69,43,101.83
30319,55.92,101.83,31.47,29.25,30.58,30.58,33.31,30.75,41.35,31.93,32.51,32.12,60.98,36.84,33.21,31.93,40.43,44.42,38.01,38.97,39.25,38.69,43.17,102.8
30339,94.68,102.8,31.56,29.25,30.58,30.58,33.21,30.75,41.35,31.93,32.51,32.12,60.98,36.96,33.21,31.93,40.43,44.42,38.01,38.97,39.11,38.69,43,101.83
30359,93.86,79.36,31.56,29.25,30.58,30.58,33.21,30.75,41.35,32.03,32.51,32.12,61.33,36.96,33.31,31.93,40.43,44.42,38.14,38.97,39.25,38.69,43,101.83
30378,65.81,100.87,31.56,29.25,30.58,30.58,33.21,30.75,41.35,32.03,32.51,32.12,62.03,36.96,33.21,31.93,40.43,44.42,38.14,38.97,39.25,38.69,43.17,102.8
30398,95.52,102.8,31.56,29.25,30.58,30.58,33.21,30.75,41.35,31.93,32.51,32.12,61.33,36.96,33.21,31.93,40.43,45.35,38.01,38.97,39.25,38.69,43,102.8
30417,95.52,101.83,31.56,29.25,30.58,30.58,33.21,30.75,41.35,32.03,32.51,32.12,61.33,36.96,33.21,31.93,40.43,45.54,38.01,38.97,39.25,38.69,43,101.83
30437,95.52,102.8,31.47,29.25,30.58,30.58,33.21,30.75,41.2,32.03,32.51,32.12,61.68,36.96,33.21,31.93,40.43,44.42,38.14,38.97,39.25,38.69,43,102.8
30456,95.52,100.87,31.56,29.25,30.58,30.58,33.31,30.75,41.35,32.03,32.51,32.12,61.33,36.96,33.31,31.93,40.43,44.6,38.01,38.97,39.25,38.69,43,102.8
30476,95.52,101.83,31.56,29.25,30.58,30.58,33.21,30.75,41.35,32.03,32.51,32.12,60.98,36.96,33.31,31.93,40.43,44.6,38.14,38.97,39.25,38.69,43,102.8
30497,96.37,102.8,31.56,29.25,30.58,30.58,33.21,30.75,41.35,32.03,32.51,32.12,60.98,36.96,33.21,31.93,40.43,44.42,38.01,38.97,39.25,38.69,43,101.83
30515,94.68,84.32,31.56,29.25,30.58,30.58,33.21,30.75,41.2,32.03,32.51,32.12,61.68,36.96,33.31,31.93,40.43,44.6,38.14,38.97,39.25,38.69,43.35,102.8
30536,96.37,101.83,31.56,29.25,30.58,30.58,33.21,30.75,41.2,32.03,32.51,32.12,61.68,36.96,33.21,31.93,40.43,44.6,38.14,38.97,39.25,38.69,43,101.83
30554,94.68,78.21,31.56,29.25,30.58,30.58,33.31,30.75,41.2,32.03,32.51,32.12,61.68,36.84,33.21,31.84,40.43,44.6,38.01,38.97,39.25,38.69,44.24,102.8
30575,96.37,100.87,39.39,29.25,30.58,30.58,33.21,30.75,41.2,32.03,32.51,32.12,61.33,36.84,33.21,31.93,40.43,44.6,38.14,38.97,39.25,38.69,43.17,101.83
30595,96.37,101.83,39.11,29.25,30.58,30.58,33.21,30.75,41.2,32.03,32.51,32.12,61.68,36.84,33.21,31.93,40.43,44.6,38.01,38.97,39.25,38.69,43.88,102.8
30613,95.52,101.83,36.84,29.25,30.58,30.58,33.31,30.75,41.2,32.03,32.51,32.12,60.98,36.96,33.31,31.93,40.27,44.42,38.14,38.97,39.25,38.69,43.88,100.87
30634,95.52,100.87,39.68,29.25,30.58,30.58,33.31,30.75,41.2,32.03,32.51,32.12,60.98,36.96,33.31,31.93,40.43,44.6,38.14,38.97,39.25,38.69,43.17,101.83
30652,95.52,101.83,38.14,29.25,30.58,30.58,33.42,30.75,41.35,32.03,32.51,32.12,60.98,36.96,33.21,31.93,40.27,44.42,38.01,38.97,39.25,38.55,44.42,102.8
30673,96.37,101.83,40.73,29.25,30.58,30.58,33.31,30.75,41.35,32.03,32.51,32.12,60.98,36.84,33.21,31.93,40.43,44.6,38.01,38.97,39.25,38.69,44.97,102.8
30691,95.52,100.87,39.25,29.25,30.58,30.66,33.21,30.75,41.35,32.03,32.51,32.12,60.98,36.96,33.21,31.93,40.43,44.42,38.01,38.97,39.25,38.69,44.06,102.8
30712,95.52,101.83,37.22,29.25,30.58,30.58,33.31,30.75,41.35,32.03,32.51,32.12,61.33,36.96,33.21,31.93,40.27,44.42,38.14,38.97,39.25,38.69,43.88,101.83
30732,95.52,101.83,44.42,29.25,30.58,30.58,33.21,30.75,41.2,32.03,32.51,32.12,60.98,36.96,33.21,31.93,40.43,44.79,38.01,38.97,39.25,38.69,44.79,102.8
30751,95.52,101.83,44.6,29.25,30.58,30.66,33.31,30.75,41.35,32.03,32.51,32.12,62.75,36.96,33.21,31.93,40.43,44.6,38.14,38.97,39.25,38.69,43.88,102.8
30771,95.52,101.83,44.42,29.25,30.58,30.58,33.31,30.75,41.2,32.03,32.51,32.12,62.39,36.96,33.31,31.93,40.43,44.6,38.01,38.97,39.25,38.69,43.88,101.83
30790,95.52,101.83,44.42,29.25,30.58,30.66,33.21,30.75,41.2,32.03,32.51,32.12,62.03,36.96,33.21,31.84,40.43,44.97,38.01,38.97,39.25,38.69,43.88,101.83
30810,95.52,100.87,39.39,29.25,30.58,30.66,33.31,30.75,41.2,32.03,32.51,32.12,62.39,36.84,33.21,31.93,40.43,44.97,38.14,38.97,39.11,38.69,43.88,101.83
30828,95.52,101.83,38.01,29.25,30.58,30.66,33.21,30.75,41.2,32.03,32.51,32.12,62.75,36.96,33.21,31.93,40.27,45.16,38.14,38.97,39.25,38.69,44.97,101.83
30849,95.52,101.83,38.27,29.25,30.58,30.66,33.21,30.75,41.2,32.03,32.51,32.12,60.64,36.96,33.21,31.93,40.43,45.35,38.01,38.97,39.25,38.69,46.32,101.83
30869,95.52,101.83,39.54,29.25,30.58,30.66,33.21,30.75,41.2,32.03,32.51,32.12,60.64,36.96,33.31,31.93,40.43,45.93,38.01,38.97,39.25,38.69,45.54,102.8
30888,95.52,101.83,38.41,29.25,30.58,30.66,33.21,30.75,41.04,32.03,32.51,32.12,60.64,36.96,33.21,31.93,40.43,45.93,38.14,38.97,39.25,38.69,45.16,102.8
30908,95.52,102.8,37.74,29.25,30.58,30.66,33.31,30.75,39.98,32.03,32.51,32.12,61.33,36.96,33.31,31.93,40.43,45.93,38.01,38.97,39.25,38.69,44.79,102.8
30927,97.24,100.87,40.43,29.25,30.58,30.66,33.31,30.75,39.25,32.03,32.51,32.12,61.33,36.96,33.31,31.93,40.43,45.16,38.01,38.97,39.11,38.69,44.06,101.83
30947,102.8,101.83,41.2,29.25,30.58,30.66,33.21,30.75,39.39,32.03,32.51,32.12,60.64,36.96,33.21,31.93,40.43,44.42,38.14,38.97,39.25,38.69,43.88,101.83
30968,102.8,101.83,41.35,29.25,30.58,30.66,32.32,30.75,39.54,32.03,32.51,32.12,61.33,36.96,33.21,31.93,40.43,44.6,38.01,38.97,39.25,38.69,44.42,101.83
30986,102.8,101.83,34.59,29.25,30.58,30.66,32.41,30.75,39.54,32.03,32.51,32.12,61.33,36.84,33.21,31.84,40.43,44.6,38.14,38.97,39.25,38.69,44.42,101.83
31007,102.8,101.83,31.56,29.25,30.58,30.66,33.01,30.75,40.12,32.03,32.51,32.12,60.3,36.96,33.31,31.93,40.43,44.6,38.01,38.97,39.25,38.69,43.88,101.83
31025,102.8,101.83,31.56,29.25,30.58,30.66,33.31,30.75,41.04,32.03,32.51,32.12,60.98,36.96,33.31,31.93,40.43,44.6,38.14,38.97,39.25,38.69,43.17,102.8
31046,102.8,101.83,31.56,29.25,30.58,30.66,33.21,30.75,41.2,32.03,32.51,32.12,62.03,36.96,33.21,31.93,40.43,44.6,38.14,38.97,39.25,38.69,43.52,102.8
31064,101.83,101.83,31.56,29.25,30.58,30.66,33.21,30.75,41.2,32.03,32.51,32.12,62.39,36.96,33.21,31.93,40.43,44.42,38.01,38.97,39.25,38.69,43.17,101.83
31084,102.8,101.83,31.56,29.25,30.58,30.66,33.11,30.75,41.2,32.03,32.51,32.12,61.68,36.96,33.21,31.93,40.43,44.42,38.01,38.97,39.25,38.69,43,101.83
31105,101.83,102.8,31.56,29.25,30.58,30.66,33.11,30.75,41.2,32.03,32.51,32.12,61.68,36.84,33.31,31.93,40.43,44.42,38.14,38.97,39.25,38.55,43.52,101.83
31123,100.87,101.83,31.56,29.25,30.58,30.66,33.11,30.75,41.2,32.03,32.51,32.12,60.98,36.96,33.31,31.93,40.27,44.42,38.01,38.97,39.25,38.69,43.17,100.87
31144,50.44,100.87,31.56,29.25,30.58,30.66,33.11,30.75,41.2,32.03,32.51,32.12,60.98,36.96,33.31,31.93,40.43,44.42,38.01,38.97,39.25,38.69,43.7,101.83
31162,45.54,100.87,31.65,29.25,30.58,30.66,33.11,30.75,41.04,32.03,32.51,32.12,61.68,36.96,33.31,31.93,40.43,44.42,38.14,38.97,39.25,38.69,43.17,101.83
31183,39.39,100.87,31.56,29.25,30.58,30.66,33.11,30.75,40.73,32.03,32.51,32.12,62.03,36.96,33.21,31.93,40.43,44.42,38.01,38.97,39.25,38.69,43,100.87
31201,39.98,100.87,31.65,29.25,30.58,30.66,33.11,30.75,32.32,32.03,32.51,32.12,62.03,36.84,33.31,31.93,40.27,44.42,38.01,38.97,39.25,38.69,43.17,100.87
31222,40.58,100.87,31.75,29.25,30.58,30.66,33.11,30.75,32.32,32.03,32.51,32.12,60.98,36.96,33.31,31.93,40.43,44.6,38.01,38.97,39.11,38.69,43.35,100.87
31242,42.83,99.94,31.75,29.25,30.58,30.66,33.11,30.75,39.68,32.03,32.51,32.12,61.68,36.96,33.31,31.93,40.43,44.6,38.01,38.97,39.25,38.69,43.35,100.87
31261,42.16,100.87,31.65,29.25,30.58,30.66,33.21,30.75,41.35,32.03,32.51,32.12,57.11,36.96,33.21,31.93,40.43,45.16,38.01,38.97,39.25,38.69,44.24,100.87
31281,44.97,100.87,31.65,29.25,30.58,30.66,33.31,30.75,41.35,32.03,32.51,32.12,57.41,36.96,33.21,31.93,40.43,44.6,38.01,38.97,39.11,38.69,43.88,100.87
31299,44.97,99.94,31.65,29.25,30.58,30.66,33.21,30.75,41.35,32.03,32.51,32.12,57.41,36.96,33.31,32.03,40.43,44.6,38.01,38.97,39.25,38.69,43.88,101.83
31320,103.78,102.8,31.56,29.25,30.58,30.66,33.11,30.75,41.35,32.03,32.51,32.12,57.11,36.96,33.31,31.93,40.27,44.42,38.01,38.97,39.25,38.69,43.17,100.87
31340,39.83,100.87,31.56,29.25,30.58,30.66,33.11,30.75,41.2,32.03,32.51,32.12,62.39,36.96,33.31,32.03,40.43,44.42,38.01,38.97,39.25,38.69,43,101.83
31359,76.55,101.83,31.56,29.25,30.58,30.66,32.91,30.75,31.47,32.12,32.51,32.12,61.68,36.96,33.31,31.93,40.43,44.42,38.01,38.97,39.25,38.69,43.17,101.83
31379,90.7,102.8,31.56,29.25,30.58,30.66,32.91,30.75,41.2,32.12,32.51,32.12,60.64,36.84,33.31,31.93,40.43,44.42,38.01,38.97,39.11,38.69,43,101.83
31398,96.37,102.8,31.65,29.25,30.58,30.66,32.91,30.75,36.96,32.22,32.51,32.12,60.3,36.96,33.31,31.93,40.27,44.42,38.01,38.97,39.11,38.69,43,101.83
31418,96.37,102.8,31.56,29.25,30.58,30.66,32.91,30.75,41.2,32.22,32.51,32.12,60.3,36.96,33.31,31.93,40.43,44.42,38.01,38.97,39.11,38.69,43.52,101.83
31437,83.03,101.83,31.56,29.25,30.58,30.66,32.91,30.75,31.38,32.22,32.51,32.12,60.98,36.96,33.31,31.93,40.43,44.42,38.01,38.97,39.25,38.69,43,101.83
31457,68.75,100.87,31.56,29.25,30.58,30.66,32.91,30.75,31.47,32.22,32.51,32.12,60.64,36.96,33.21,32.03,40.43,44.6,38.01,38.97,39.25,38.69,43,100.87
31478,42.49,99.94,31.56,29.25,30.58,30.58,45.54,30.75,31.47,32.22,32.51,32.12,60.64,36.84,33.31,31.93,40.43,44.42,38.14,38.97,39.25,38.69,43.17,100.87
31496,48.4,99.94,31.47,29.25,30.58,30.58,46.93,30.75,31.47,32.22,32.51,32.12,60.3,36.96,33.21,31.93,40.43,44.42,38.01,38.97,39.25,38.69,43.7,101.83
31517,94.68,102.8,31.56,29.25,30.58,30.66,49.51,30.75,31.47,32.22,32.51,32.12,60.64,36.84,33.31,31.93,40.27,44.42,38.01,38.97,39.25,38.69,43.17,100.87
31535,45.74,100.87,31.56,29.25,30.58,30.58,47.76,30.75,31.47,32.22,32.51,32.12,61.68,36.96,33.21,32.03,40.43,44.42,38.01,38.97,39.25,38.69,43.35,100.87
31555,59.96,101.83,31.56,29.25,30.58,30.66,45.74,30.75,31.47,32.22,32.51,32.12,60.64,36.96,33.21,31.93,40.43,44.42,38.01,38.97,39.11,38.69,44.24,101.83
31574,60.98,101.83,31.65,29.25,30.58,30.58,37.22,30.75,31.47,32.22,32.51,32.12,60.3,36.96,33.31,31.93,40.43,44.42,38.01,38.97,39.25,38.69,43.17,101.83
31594,65.81,101.83,31.56,29.25,30.58,30.58,47.34,30.75,31.47,32.03,32.51,32.12,60.64,36.96,33.31,32.03,40.43,44.42,38.01,38.97,39.11,38.69,43.17,101.83
31615,62.39,100.87,31.56,29.25,30.58,30.58,45.35,30.75,31.38,32.03,32.51,32.12,60.98,36.96,33.31,32.03,40.43,44.42,38.01,38.97,39.25,38.55,44.24,101.83
31633,56.81,100.87,31.56,29.25,30.58,30.58,36.84,30.75,31.38,32.03,32.51,32.12,61.33,36.96,33.31,31.93,40.43,44.42,38.01,38.97,39.25,38.69,44.06,101.83
31654,46.93,100.87,31.56,29.25,30.58,30.58,32.91,30.75,31.47,32.03,32.51,32.12,60.3,36.84,33.31,31.93,40.43,44.42,38.14,38.97,39.11,38.69,44.06,101.83
31672,46.32,100.87,31.56,29.25,30.58,30.66,32.91,30.75,31.47,32.03,32.51,32.12,63.49,36.96,33.31,31.93,40.43,44.42,38.01,38.97,39.25,38.69,43.35,101.83
31693,41.51,100.87,31.56,29.25,30.58,30.58,32.91,30.75,31.47,32.03,32.51,32.12,62.03,36.96,33.21,32.03,40.27,44.42,38.01,38.97,39.25,38.69,43.52,100.87
31713,41.35,100.87,31.56,29.25,30.58,30.58,32.91,30.75,31.47,32.03,32.51,32.12,62.03,36.96,33.31,31.93,40.43,44.42,38.01,38.97,39.11,38.55,43.17,101.83
31732,60.98,100.87,31.56,29.25,30.58,30.58,32.91,30.75,31.47,32.03,32.51,32.12,62.03,36.96,33.31,31.93,40.27,44.42,38.01,38.97,39.11,38.69,43,101.83
31752,73.43,101.83,31.56,29.25,30.58,30.58,32.91,30.75,31.47,32.03,32.51,32.12,60.64,36.96,33.21,31.93,40.43,44.42,38.01,38.97,39.25,38.69,43,102.8
31771,96.37,102.8,31.56,29.25,30.58,30.58,32.91,30.75,31.47,32.03,32.51,32.12,60.3,36.96,33.31,31.93,40.27,44.42,38.14,38.97,39.25,38.69,43.35,102.8
31791,96.37,102.8,31.47,29.25,30.58,30.58,32.91,30.75,31.47,32.03,32.51,32.12,62.75,36.96,33.31,31.93,40.12,44.42,38.01,38.97,39.25,38.69,43.52,102.8
31809,96.37,102.8,31.47,29.25,30.58,30.58,32.91,30.75,31.47,32.03,32.51,32.12,62.75,36.96,33.31,32.03,40.43,44.42,38.01,38.97,39.11,38.55,43,101.83
31830,95.52,77.65,31.47,29.25,30.58,30.58,32.91,30.75,31.47,32.03,32.51,32.12,62.03,36.84,33.21,31.93,40.43,44.6,38.01,38.97,39.25,38.69,43,101.83
31850,94.68,54.51,31.38,29.25,30.58,30.58,32.91,30.75,31.47,32.03,32.51,32.12,63.12,36.96,33.31,32.03,40.43,44.42,38.01,38.97,39.25,38.69,43.17,101.83
31869,95.52,83.67,31.38,29.25,30.58,30.58,32.91,30.75,31.47,32.03,32.51,32.12,63.87,36.96,33.31,31.93,40.43,44.42,38.01,38.97,39.11,38.69,44.24,101.83
31889,96.37,101.83,31.38,29.25,30.58,30.58,32.91,30.75,31.47,32.03,32.51,32.12,59.63,36.96,33.21,32.03,40.43,44.42,38.01,38.83,39.25,38.69,43.17,101.83
31908,96.37,102.8,31.38,29.25,30.58,30.58,32.91,30.75,31.47,32.22,32.51,32.12,57.72,36.96,33.31,31.93,40.43,44.42,38.01,38.97,39.25,38.69,43.7,102.8
31928,96.37,101.83,31.29,29.25,30.58,30.58,32.22,30.75,31.47,32.22,32.51,32.12,56.81,36.96,33.31,32.03,40.27,44.42,38.01,38.97,39.25,38.69,42.83,102.8
31947,96.37,102.8,31.29,29.25,30.58,30.58,32.22,30.75,31.47,32.22,32.51,32.12,56.51,36.96,33.31,32.03,40.43,44.42,38.01,38.97,39.25,38.69,43.17,102.8
31967,96.37,101.83,31.29,29.25,30.58,30.58,33.11,30.75,40.12,32.03,32.51,32.12,56.51,36.96,33.31,31.93,40.43,44.42,38.01,38.97,39.11,38.69,43,101.83
31988,97.24,102.8,31.29,29.25,30.58,30.58,33.01,30.75,41.2,32.03,32.51,32.12,56.81,36.96,33.21,32.03,40.43,44.42,38.01,38.97,39.11,38.69,43,101.83
32006,97.24,102.8,31.29,29.25,30.58,30.49,33.11,30.75,41.2,32.03,32.51,32.12,56.81,36.96,33.31,32.03,40.27,44.42,38.01,38.97,39.25,38.69,43,101.83
32027,96.37,101.83,31.29,29.25,30.58,30.58,32.91,30.75,32.22,32.03,32.51,32.12,56.22,36.84,33.31,32.03,40.43,44.42,38.01,38.97,39.11,38.69,43,101.83
32045,97.24,101.83,31.29,29.25,30.58,30.58,33.01,30.75,31.47,32.22,32.51,32.12,56.51,36.84,33.31,32.03,40.43,44.24,38.01,38.97,39.11,38.69,42.83,101.83
32065,96.37,101.83,31.29,29.25,30.58,30.58,33.01,30.75,31.29,32.22,32.51,32.12,56.51,36.84,33.21,31.93,40.43,44.42,38.01,38.83,39.25,38.69,43,101.83
32086,96.37,102.8,31.38,29.25,30.58,30.58,32.91,30.75,31.38,32.22,32.51,32.12,56.51,36.96,33.21,32.03,40.43,44.42,38.01,38.97,39.11,38.69,43,101.83
32104,96.37,101.83,31.29,29.25,30.58,30.58,33.01,30.75,31.47,32.12,32.51,32.12,56.81,36.84,33.21,32.03,40.43,44.42,38.01,38.83,39.11,38.55,43,101.83
32125,96.37,102.8,31.29,29.25,30.58,30.58,33.01,30.75,31.38,32.12,32.51,32.12,56.81,36.96,33.31,32.03,40.27,44.6,38.01,38.97,39.11,38.69,42.83,101.83
32143,96.37,101.83,31.29,29.25,30.58,30.58,33.01,30.75,31.38,32.12,32.51,32.12,56.51,36.96,33.21,32.03,40.43,44.42,38.01,38.83,39.11,38.69,43,101.83
32164,96.37,102.8,31.29,29.25,30.58,30.58,60.98,30.75,31.38,32.12,32.51,32.12,57.11,36.84,33.21,32.03,40.43,44.42,38.01,38.97,39.25,38.69,43,101.83
32182,97.24,102.8,31.29,29.25,30.58,30.58,40.58,30.75,31.29,32.12,32.51,32.12,56.81,36.96,33.31,32.03,40.43,44.42,38.01,38.97,39.25,38.69,43,101.83
32203,96.37,102.8,31.29,29.25,30.58,30.58,40.27,30.75,31.2,32.12,32.51,32.12,58.03,36.84,33.31,32.03,40.27,44.6,38.01,38.83,39.25,38.69,43,101.83
32223,96.37,102.8,31.29,29.25,30.58,30.58,33.11,30.75,31.11,32.12,32.51,32.12,61.68,36.96,33.31,32.03,40.43,44.6,38.01,38.83,39.11,38.69,43,101.83
32242,96.37,102.8,31.29,29.25,30.58,30.58,36.84,30.75,31.38,32.12,32.51,32.12,59.96,36.96,33.31,32.03,40.43,44.6,38.01,38.97,39.11,38.69,42.83,102.8
32262,96.37,101.83,31.29,29.25,30.58,30.58,47.13,30.75,31.38,32.12,32.51,32.12,59.31,36.96,33.31,32.03,40.43,44.6,38.01,38.97,39.11,38.69,43,101.83
32280,96.37,102.8,31.29,29.25,30.58,30.58,43.88,30.75,31.11,32.12,32.51,32.12,58.34,36.96,33.21,32.03,40.43,44.42,38.01,38.97,39.11,38.69,43,101.83
32301,96.37,102.8,31.29,29.25,30.58,30.58,32.51,30.75,31.38,32.12,32.51,32.12,58.03,36.96,33.31,31.93,40.43,44.6,38.01,38.83,39.25,38.69,43,102.8
32319,96.37,102.8,31.29,29.25,30.58,30.58,42.66,30.75,31.38,32.12,32.51,32.12,56.51,36.96,33.31,32.03,40.43,44.6,38.01,38.97,39.11,38.69,42.83,101.83
32340,96.37,101.83,31.29,29.25,30.58,30.58,32.71,30.75,31.29,32.12,32.51,32.12,56.22,36.96,33.31,31.93,40.43,44.6,38.01,38.83,39.25,38.55,43,101.83
32360,96.37,102.8,31.29,29.25,30.58,30.58,39.11,30.75,31.38,32.12,32.51,32.12,57.11,36.96,33.31,32.03,40.43,44.6,38.01,38.97,39.25,38.69,43,101.83
32379,96.37,101.83,31.29,29.25,30.58,30.58,35.5,30.75,31.38,32.12,32.51,32.12,57.11,36.96,33.31,32.03,40.12,44.6,38.01,38.83,39.25,38.69,43,101.83
32399,95.52,102.8,31.38,29.25,30.58,30.58,33.01,30.75,31.38,32.12,32.51,32.12,57.11,36.96,33.21,32.03,40.43,44.6,38.01,38.97,39.25,38.69,43,102.8
32418,95.52,101.83,31.38,29.25,30.58,30.58,33.01,30.75,34.82,32.12,32.51,32.12,56.81,36.96,33.31,31.93,40.43,44.6,38.01,38.83,39.25,38.69,43,101.83
32438,96.37,102.8,31.29,29.25,30.58,30.49,33.01,30.75,40.12,32.12,32.51,32.12,58.98,36.96,33.31,31.93,40.43,44.79,38.01,38.97,39.25,38.69,43,101.83
32459,96.37,102.8,31.38,29.25,30.58,30.58,32.91,30.75,31.65,32.03,32.51,32.12,56.81,36.96,33.31,31.93,40.43,44.42,38.01,38.83,39.25,38.69,43,101.83
32477,96.37,102.8,31.29,29.25,30.58,30.58,33.01,30.75,38.83,31.93,32.51,32.12,56.81,36.96,33.31,31.93,40.43,44.6,38.01,38.97,39.25,38.69,43,101.83
32498,96.37,101.83,31.38,29.25,30.58,30.58,33.01,30.75,31.38,31.93,32.51,32.12,56.51,36.96,33.31,31.93,40.43,44.6,38.01,38.97,39.25,38.69,43,101.83
32516,96.37,101.83,31.38,29.25,30.58,30.58,33.01,30.75,31.02,31.93,32.51,32.12,56.81,36.96,33.31,31.93,40.43,44.6,38.01,38.97,39.11,38.69,43,101.83
32536,96.37,101.83,31.47,29.25,30.58,30.58,33.01,30.75,31.11,31.93,32.51,32.12,56.81,36.84,33.21,31.93,40.43,45.16,38.01,38.97,39.25,38.69,43,101.83
32555,84.99,101.83,31.47,29.25,30.58,30.49,32.12,30.75,31.02,31.93,32.51,32.12,56.51,36.96,33.31,31.93,40.43,44.6,38.01,38.97,39.11,38.69,43,101.83
32575,52.65,99.94,31.47,29.25,30.58,30.49,32.12,30.75,31.38,31.93,32.51,32.12,56.81,36.96,33.31,31.93,40.43,44.42,38.01,38.97,39.25,38.55,43,101.83
32596,77.65,100.87,31.47,29.25,30.58,30.49,32.12,30.75,31.11,31.93,32.51,32.12,55.92,36.96,33.31,31.93,40.43,44.42,38.01,38.97,39.25,38.69,43,100.87
32616,83.03,100.87,31.47,29.25,30.58,30.58,32.22,30.75,31.02,31.93,32.51,32.12,56.22,36.84,33.21,31.93,40.43,44.42,38.01,38.97,39.11,38.69,43,100.87
32635,49.29,99.94,31.47,29.25,30.58,30.49,33.01,30.75,31.56,31.93,32.51,32.12,56.51,36.84,33.21,31.93,40.43,44.42,38.01,38.97,39.25,38.69,42.83,100.87
32655,45.35,99.02,31.47,29.25,30.58,30.49,33.01,30.75,31.02,31.93,32.51,32.12,56.22,36.96,33.21,31.93,40.43,44.42,38.01,38.97,39.25,38.69,43,100.87
32674,41.51,99.94,31.38,29.25,30.58,30.49,32.12,30.75,31.11,31.93,32.51,32.12,59.63,36.96,33.21,31.93,40.43,44.42,38.14,38.83,39.25,38.69,43,101.83
32694,87.04,100.87,31.47,29.25,30.58,30.58,32.12,30.75,31.93,32.03,32.51,32.12,60.98,36.96,33.31,31.93,40.27,44.42,38.01,38.97,39.11,38.69,43,101.83
32715,95.52,100.87,31.47,29.25,30.58,30.49,32.22,30.75,31.29,32.03,32.51,32.12,62.03,36.84,33.21,31.93,40.27,44.24,38.14,38.97,39.25,38.69,43,101.83
32733,95.52,100.87,31.47,29.25,30.58,30.49,32.91,30.75,31.29,32.03,32.51,32.12,60.64,36.96,33.21,31.93,40.43,44.42,38.14,38.83,39.25,38.69,43,101.83
32754,95.52,100.87,31.47,29.25,30.58,30.49,32.12,30.75,31.29,32.03,32.51,32.12,59.63,36.96,33.21,31.93,40.43,44.6,38.01,38.97,39.25,38.55,43,101.83
32772,95.52,99.94,31.47,29.25,30.58,30.49,32.12,30.75,31.29,32.03,32.51,32.12,59.63,36.96,33.21,31.93,40.43,44.79,38.14,38.97,39.25,38.55,43,101.83
32792,95.52,98.12,31.47,29.25,30.58,30.49,32.22,30.75,31.11,31.93,32.51,32.12,59.31,36.96,33.21,31.93,40.27,44.42,38.14,38.97,39.11,38.69,43,100.87
32811,95.52,99.02,31.47,29.25,30.58,30.49,32.12,30.75,31.2,31.93,32.51,32.12,60.3,36.96,33.21,31.93,40.43,44.42,38.01,38.97,39.25,38.69,43,101.83
32831,94.68,99.02,31.47,29.25,30.58,30.49,32.22,30.75,31.11,31.93,32.51,32.12,58.34,36.96,33.21,31.84,40.43,45.16,38.14,38.97,39.25,38.69,43,101.83
32852,94.68,99.02,31.47,29.25,30.58,30.58,32.22,30.75,31.11,31.93,32.51,32.12,58.98,36.96,33.21,31.93,40.12,45.16,38.01,38.97,39.11,38.69,43,101.83
32870,94.68,99.02,31.47,29.25,30.58,30.58,32.41,30.75,31.02,31.93,32.51,32.12,59.31,36.96,33.21,31.93,40.43,45.16,38.14,38.97,39.25,38.69,43.52,100.87
32891,94.68,99.02,31.47,29.25,30.58,30.58,32.61,30.75,31.02,31.93,32.51,32.12,59.63,36.96,33.21,31.93,40.43,45.16,38.01,38.97,39.25,38.69,43.35,101.83
32909,94.68,99.02,31.47,29.25,30.58,30.49,32.71,30.75,31.02,31.93,32.51,32.12,59.63,36.96,33.21,31.93,40.43,45.16,38.01,38.97,39.11,38.69,43.88,101.83
32930,94.68,99.02,31.47,29.25,30.58,30.58,33.01,30.75,31.02,31.93,32.51,32.12,58.98,36.84,33.21,31.84,40.43,45.16,38.01,38.97,39.25,38.69,43.35,101.83
32950,94.68,99.02,31.47,29.25,30.58,30.58,33.01,30.75,31.02,31.93,32.51,32.12,58.98,36.84,33.21,31.93,40.43,45.35,38.14,38.97,39.25,38.69,43.88,101.83
32969,94.68,97.24,31.47,29.25,30.58,30.58,32.22,30.75,31.11,31.93,32.51,32.12,58.98,36.84,33.21,31.84,40.43,45.93,38.14,38.97,39.25,38.69,43.7,100.87
32989,94.68,98.12,31.47,29.25,30.58,30.58,32.22,30.75,31.02,31.93,32.51,32.12,58.34,36.84,33.21,31.93,40.43,45.93,38.14,38.97,39.11,38.69,45.74,100.87
33008,95.52,98.12,31.56,29.25,30.58,30.58,32.22,30.75,31.11,31.93,32.51,32.12,58.34,36.84,33.21,31.93,40.43,45.93,38.01,38.97,39.25,38.69,43.88,101.83
33028,94.68,99.02,31.47,29.25,30.58,30.58,32.22,30.75,31.11,31.93,32.51,32.12,58.34,36.96,33.21,31.93,40.43,45.93,38.01,38.97,39.25,38.69,44.97,100.87
33048,95.52,99.02,31.47,29.25,30.58,30.58,32.22,30.75,31.11,31.93,32.51,32.12,58.66,36.96,33.21,31.84,40.27,45.93,38.14,38.97,39.25,38.69,44.6,101.83
33069,95.52,99.02,31.47,29.25,30.58,30.58,32.22,30.66,31.11,31.93,32.51,32.12,58.66,36.96,33.21,31.84,40.27,45.93,38.14,38.97,39.25,38.69,44.6,101.83
33087,95.52,99.94,31.47,29.25,30.58,30.58,32.22,30.75,31.11,31.93,32.51,32.12,58.66,36.84,33.21,31.84,40.43,45.35,38.01,38.97,39.25,38.69,44.42,101.83
33108,95.52,99.94,31.47,29.25,30.58,30.66,32.22,30.75,31.2,31.93,32.51,32.12,58.34,36.84,33.21,31.93,40.43,45.35,38.01,38.97,39.11,38.69,44.06,101.83
33126,95.52,99.94,31.47,29.25,30.58,30.66,32.41,30.75,31.2,31.93,32.51,32.12,58.66,36.84,33.21,31.84,40.43,45.16,38.01,38.97,39.25,38.69,43.7,100.87
33147,96.37,100.87,31.47,29.25,30.58,30.58,32.32,30.75,31.2,31.93,32.51,32.12,58.98,36.96,33.21,31.93,40.43,45.35,37.87,38.97,39.25,38.69,43.7,102.8
33165,96.37,100.87,39.11,29.25,30.58,30.66,32.32,30.75,31.11,31.93,32.51,32.12,59.63,36.96,33.21,31.93,40.43,45.16,38.14,38.97,39.25,38.69,43.52,101.83
33186,96.37,100.87,31.47,29.25,30.58,30.66,32.41,30.75,31.11,31.93,32.51,32.12,58.98,36.96,33.21,31.93,39.98,45.35,38.01,38.97,39.25,38.69,43.35,101.83
33206,96.37,100.87,31.47,29.25,30.58,30.66,32.41,30.75,31.2,31.93,32.51,32.12,59.31,36.84,33.31,31.93,40.12,45.35,38.01,38.97,39.25,38.55,43.7,101.83
33225,96.37,100.87,31.47,29.25,30.58,30.58,32.51,30.75,31.11,31.93,32.51,32.12,59.31,36.96,33.21,31.93,40.43,45.35,38.14,38.97,39.25,38.55,44.24,101.83
33245,95.52,100.87,31.47,29.25,30.58,30.66,32.61,30.75,31.11,31.93,32.51,32.12,58.34,36.96,33.21,31.93,40.43,45.16,38.01,38.97,39.25,38.69,43.52,101.83
33264,96.37,100.87,31.56,29.25,30.58,30.58,33.01,30.75,31.2,31.93,32.51,32.12,58.98,36.96,33.21,31.93,40.43,45.35,38.01,38.97,39.25,38.69,43.35,101.83
33284,97.24,101.83,31.56,29.25,30.58,30.66,33.01,30.75,31.11,31.93,32.51,32.12,58.34,36.96,33.21,31.93,40.43,45.35,38.01,38.97,39.25,38.69,43.17,101.83
33302,97.24,101.83,31.56,29.25,30.58,30.66,33.11,30.75,31.11,31.93,32.51,32.12,55.64,36.84,33.21,31.93,40.12,45.16,38.14,38.97,39.25,38.69,43.17,101.83
33323,97.24,101.83,31.56,29.25,30.58,30.66,33.01,30.75,31.11,31.93,32.51,32.12,55.64,36.84,33.21,31.93,40.27,45.16,38.01,38.97,39.25,38.69,43.17,101.83
33343,97.24,101.83,31.56,29.25,30.58,30.66,33.01,30.75,31.11,31.93,32.51,32.12,55.64,36.96,33.21,31.93,40.43,45.16,38.01,38.83,39.25,38.69,43.88,101.83
33362,97.24,101.83,31.56,29.25,30.58,30.66,33.11,30.75,31.11,31.93,32.51,32.12,55.64,36.96,33.21,31.93,40.43,45.16,38.01,38.97,39.25,38.69,43.17,101.83
33382,97.24,100.87,31.56,29.25,30.58,30.66,33.01,30.75,31.11,31.93,32.51,32.03,57.11,36.84,33.21,31.84,40.27,45.35,38.01,38.97,39.25,38.69,43.17,101.83
33401,97.24,101.83,31.56,29.25,30.58,30.66,33.01,30.75,31.11,31.93,32.51,32.12,58.34,36.96,33.21,31.93,40.43,45.54,38.01,38.97,39.25,38.69,43.35,101.83
33421,98.12,101.83,42.83,29.25,30.58,30.66,33.01,30.75,31.11,31.93,32.51,32.12,58.34,36.96,33.21,31.93,40.43,45.93,38.01,38.97,39.25,38.69,43.35,101.83
33440,98.12,102.8,41.2,29.25,30.58,30.66,33.01,30.75,31.11,31.93,32.51,32.12,58.66,36.84,33.21,31.93,40.43,45.16,38.01,38.97,39.25,38.69,43.52,102.8
33460,102.8,102.8,39.98,29.25,30.58,30.66,33.01,30.75,31.11,31.93,32.51,32.12,58.98,36.96,33.21,31.93,40.27,44.42,38.01,38.97,39.25,38.55,44.24,101.83
33481,103.78,101.83,38.41,29.25,30.58,30.66,47.55,30.75,31.11,31.93,32.51,32.12,58.66,36.96,33.21,31.93,40.27,44.42,38.01,38.97,39.11,38.69,43,101.83
33499,103.78,102.8,38.69,29.25,30.58,30.66,33.11,30.75,31.02,31.93,32.51,32.12,55.64,36.96,33.21,31.93,40.43,44.42,38.01,38.97,39.25,38.69,43.17,102.8
33520,102.8,101.83,41.2,29.25,30.58,30.66,43.17,30.75,31.11,31.93,32.51,32.12,55.64,36.96,33.21,31.84,40.43,44.6,38.14,38.97,39.11,38.69,43.17,101.83
33538,103.78,101.83,33.73,29.25,30.58,30.66,41.51,30.75,31.11,32.03,32.51,32.12,55.64,36.84,33.21,31.84,40.27,44.42,38.01,38.97,39.11,38.69,43,102.8
33558,102.8,102.8,31.56,29.25,30.58,30.66,33.11,30.75,31.47,32.03,32.51,32.12,58.98,36.84,33.21,31.93,40.43,44.42,38.14,38.97,39.25,38.69,43,100.87
33577,103.78,100.87,31.56,29.25,30.58,30.66,33.11,30.75,31.47,32.03,32.51,32.12,58.34,36.84,33.21,31.84,40.43,44.42,38.01,38.97,39.25,38.69,43,102.8
33599,103.78,101.83,31.65,29.25,30.58,30.66,32.91,30.75,31.11,32.03,32.51,32.12,58.66,36.96,33.31,31.93,40.43,44.6,38.14,38.97,39.25,38.69,43.17,101.83
33618,103.78,102.8,31.65,29.25,30.58,30.66,37.74,30.75,31.47,32.03,32.51,32.12,58.34,36.84,33.31,31.93,40.43,44.6,38.14,38.97,39.25,38.69,43,102.8
33638,102.8,102.8,31.75,29.25,30.58,30.66,33.01,30.75,32.12,32.03,32.51,32.12,58.66,36.96,33.31,31.93,40.43,44.6,38.01,38.97,39.25,38.69,43.17,102.8
33657,103.78,102.8,31.56,29.25,30.58,30.66,33.01,30.75,32.12,32.03,32.51,32.12,58.66,36.96,33.31,31.84,40.43,44.6,38.01,38.83,39.25,38.69,43.17,102.8
33677,102.8,102.8,31.65,29.25,30.58,30.66,32.71,30.75,32.03,32.03,32.51,32.12,58.98,36.96,33.21,31.93,40.43,44.42,38.01,38.97,39.11,38.69,43,102.8
33696,103.78,102.8,31.65,29.25,30.58,30.66,33.01,30.75,32.03,32.03,32.51,32.12,58.98,36.96,33.31,31.93,40.43,44.6,38.01,38.97,39.25,38.69,43.17,102.8
33716,103.78,102.8,31.75,29.25,30.58,30.66,33.01,30.75,32.22,32.03,32.51,32.12,58.66,36.96,33.31,31.93,40.43,44.6,38.14,38.97,39.25,38.69,43,102.8
33737,102.8,102.8,31.65,29.25,30.58,30.66,50.44,30.75,37.74,32.03,32.61,32.12,58.98,36.96,33.31,31.93,40.43,45.16,38.14,38.97,39.25,38.69,43,102.8
33755,103.78,102.8,31.65,29.25,30.58,30.66,53.97,30.75,38.14,32.03,32.51,32.12,58.66,36.96,33.31,31.93,40.27,45.54,38.01,38.97,39.25,38.69,43,101.83
33776,103.78,102.8,31.56,29.25,30.58,30.66,55.07,30.75,38.01,32.03,32.51,32.12,58.66,36.96,33.21,31.93,40.43,44.79,38.01,38.97,39.11,38.69,43,102.8
33794,103.78,102.8,31.56,29.25,30.58,30.66,53.17,30.75,38.01,32.03,32.51,32.12,58.66,36.84,33.31,31.93,40.43,44.79,38.01,38.97,39.25,38.69,43.17,101.83
33814,103.78,101.83,31.75,29.25,30.58,30.66,52.91,30.75,31.75,32.03,32.51,32.12,58.66,36.96,33.31,31.93,40.43,44.6,38.14,38.97,39.25,38.69,43,101.83
33833,101.83,101.83,31.75,29.25,30.58,30.66,46.32,30.75,31.38,32.03,32.51,32.12,58.98,36.96,33.31,31.84,40.43,44.6,38.01,38.97,39.25,38.69,43,101.83
33853,62.39,99.94,31.65,29.25,30.58,30.66,45.93,30.75,31.38,32.03,32.51,32.12,59.63,36.96,33.21,31.93,40.27,44.42,38.01,38.97,39.25,38.69,43,101.83
33874,101.83,102.8,38.27,29.25,30.58,30.66,44.97,30.75,31.38,32.03,32.51,32.12,59.63,36.96,33.21,31.93,40.43,44.6,38.01,38.97,39.25,38.69,43,101.83
33892,89.2,101.83,39.39,29.25,30.58,30.66,47.34,30.75,31.2,32.03,32.51,32.12,59.63,36.96,33.31,31.93,40.43,44.42,38.01,38.97,39.25,38.69,43,101.83
33913,101.83,102.8,39.98,29.25,30.58,30.66,45.35,30.75,32.12,32.03,32.51,32.12,59.63,36.96,33.31,31.93,40.43,44.42,38.14,38.97,39.25,38.69,43,102.8
33931,102.8,102.8,40.27,29.25,30.58,30.66,46.52,30.75,32.12,32.03,32.51,32.12,60.3,36.96,33.31,31.93,40.43,44.42,38.01,38.97,39.25,38.55,43,102.8
33952,102.8,102.8,39.54,29.25,30.58,30.66,46.52,30.75,32.12,32.03,32.51,32.12,60.98,36.96,33.31,31.93,40.43,44.6,38.01,38.83,39.25,38.69,43,101.83
33972,102.8,102.8,39.83,29.25,30.58,30.58,42.83,30.75,32.12,32.03,32.51,32.12,60.64,36.96,33.21,31.93,40.43,44.6,38.01,38.97,39.25,38.69,43,102.8
33991,102.8,101.83,39.11,29.25,30.58,30.58,48.4,30.75,31.47,32.03,32.51,32.12,59.96,36.96,33.31,31.93,40.27,44.6,38.14,38.97,39.25,38.69,43.17,101.83
34011,102.8,102.8,34.16,29.25,30.58,30.58,50.2,30.75,31.47,32.03,32.51,32.12,60.3,36.96,33.21,31.93,40.27,44.42,38.01,38.97,39.11,38.69,43.35,102.8
34029,103.78,102.8,31.47,29.25,30.58,30.58,39.68,30.75,32.12,32.03,32.51,32.12,60.3,36.96,33.21,31.93,40.27,44.6,38.01,38.83,39.25,38.69,43,101.83
34050,102.8,102.8,31.47,29.25,30.58,30.58,47.34,30.75,32.12,32.03,32.51,32.12,60.98,36.96,33.21,31.93,40.43,44.42,38.01,38.97,39.25,38.69,43,101.83
34068,100.87,100.87,31.47,29.25,30.58,30.58,49.06,30.75,32.22,32.03,32.51,32.12,61.68,36.96,33.21,31.93,40.43,44.42,38.01,38.97,39.25,38.55,43,101.83
34089,101.83,102.8,31.47,29.25,30.58,30.58,48.84,30.75,32.12,32.03,32.51,32.12,61.68,36.96,33.31,31.93,40.43,44.42,38.01,38.97,39.25,38.69,43,101.83
34109,101.83,102.8,31.47,29.25,30.58,30.58,47.76,30.75,32.12,32.03,32.51,32.12,61.68,36.96,33.31,31.93,40.27,44.42,38.01,38.97,39.25,38.69,43,100.87
34128,45.16,100.87,31.47,29.25,30.58,30.58,45.35,30.75,32.12,32.03,32.51,32.12,60.98,36.84,33.31,31.84,40.27,44.42,38.01,38.97,39.25,38.69,43,101.83
34148,73.43,101.83,31.47,29.25,30.58,30.58,49.29,30.75,32.03,32.03,32.51,32.12,62.75,36.84,33.31,31.93,40.43,44.42,38.01,38.97,39.11,38.69,43,101.83
34167,96.37,102.8,31.47,29.25,30.58,30.58,44.97,30.75,31.29,32.03,32.51,32.12,62.75,36.96,33.31,31.93,40.43,46.73,38.01,38.97,39.11,38.69,43,101.83
34187,96.37,102.8,31.38,29.25,30.58,30.58,39.68,30.75,31.47,32.03,32.51,32.12,62.03,36.96,33.31,31.93,40.43,47.34,38.01,38.97,39.25,38.69,43,102.8
34206,96.37,101.83,31.38,29.25,30.58,30.58,45.54,30.75,32.12,32.03,32.51,32.12,62.03,36.96,33.21,31.93,40.43,45.16,38.01,38.97,39.11,38.69,42.83,102.8
34226,95.52,101.83,31.38,29.25,30.58,30.58,44.06,30.75,32.12,32.03,32.51,32.12,58.66,36.96,33.21,31.93,40.43,44.42,38.01,38.97,39.25,38.69,43,102.8
34247,96.37,102.8,41.35,29.25,30.58,30.58,44.6,30.75,32.12,32.03,32.51,32.12,58.98,36.96,33.21,31.93,40.27,45.35,38.01,38.97,39.11,38.69,43,101.83
34265,93.05,101.83,31.38,29.25,30.58,30.58,47.76,30.75,32.12,32.03,32.51,32.12,58.98,36.96,33.31,31.93,40.43,44.6,38.01,38.97,39.25,38.69,43,100.87
34285,48.62,100.87,31.38,29.25,30.58,30.58,46.13,30.75,32.12,31.93,32.51,32.12,59.31,36.96,33.21,31.93,40.43,44.42,38.01,38.97,39.25,38.69,43,100.87
34304,43.17,99.94,31.38,29.25,30.58,30.58,47.13,30.75,32.12,31.93,32.51,32.12,58.98,36.96,33.21,31.93,40.43,44.42,37.87,38.97,39.25,38.55,43,100.87
34324,46.32,98.12,31.29,29.25,30.58,30.58,45.74,30.75,31.2,32.03,32.51,32.12,58.34,36.96,33.21,31.93,40.43,44.42,38.01,38.97,39.11,38.55,43,100.87
34345,52.65,99.94,31.38,29.25,30.58,30.58,47.97,30.75,32.12,31.93,32.51,32.12,58.03,36.96,33.21,31.93,40.43,44.42,38.01,38.83,39.11,38.69,43,101.83
34363,94.68,99.02,31.38,29.25,30.58,30.58,47.97,30.75,32.22,31.93,32.51,32.12,57.72,36.96,33.21,31.93,40.12,44.42,38.01,38.97,39.11,38.69,43,100.87
34384,69.19,100.87,31.38,29.25,30.58,30.58,45.74,30.75,31.56,31.93,32.51,32.12,58.03,36.96,33.21,31.93,40.43,44.42,38.01,38.97,39.25,38.55,43,100.87
34402,97.24,101.83,31.38,29.25,30.58,30.58,45.74,30.75,31.2,31.93,32.51,32.12,58.66,36.96,33.31,31.93,40.43,44.42,38.01,38.83,39.25,38.69,43,98.12
34423,95.52,101.83,31.38,29.25,30.58,30.58,38.01,30.75,31.2,31.93,32.51,32.12,58.66,36.96,33.31,31.93,40.43,44.42,38.01,38.97,39.11,38.55,43,100.87
34441,47.76,100.87,31.29,29.25,30.58,30.58,37.35,30.75,31.2,31.93,32.51,32.12,58.66,36.84,33.31,31.93,40.27,44.42,37.87,38.97,39.25,38.55,43,100.87
34462,62.75,100.87,31.29,29.25,30.58,30.58,36.1,30.75,31.2,31.93,32.51,32.12,58.66,36.84,33.21,31.93,40.43,44.42,38.01,38.83,39.11,38.69,43,100.87
34482,61.33,100.87,31.29,29.25,30.58,30.58,41.67,30.75,31.2,31.93,32.51,32.12,58.03,36.96,33.21,31.93,40.43,44.42,38.01,38.97,39.25,38.69,42.83,100.87
34501,50.2,99.94,31.29,29.25,30.58,30.58,35.5,30.75,31.11,31.93,32.51,32.12,58.03,36.96,33.21,31.93,40.43,44.42,38.01,38.97,39.11,38.69,43,101.83
34521,49.51,100.87,31.29,29.25,30.58,30.58,42.83,30.75,31.2,31.93,32.51,32.12,58.34,36.96,33.31,31.93,40.43,44.42,38.01,38.83,39.25,38.69,42.83,101.83
34539,84.99,101.83,31.29,29.25,30.58,30.58,43.52,30.75,31.2,31.93,32.51,32.12,58.34,36.84,33.21,31.93,40.43,44.42,38.01,38.97,39.11,38.69,43,101.83
34560,96.37,101.83,31.29,29.25,30.58,30.58,45.54,30.75,31.2,31.93,32.51,32.12,58.34,36.96,33.21,31.93,40.43,44.42,38.01,38.97,39.11,38.69,43,101.83
34578,96.37,101.83,31.29,29.25,30.58,30.58,35.04,30.75,31.2,31.93,32.51,32.12,58.34,36.96,33.21,32.03,40.43,44.42,38.01,38.97,39.25,38.69,43,101.83
34599,96.37,102.8,31.29,29.25,30.58,30.58,38.83,30.75,31.11,31.93,32.51,32.12,58.03,36.96,33.21,31.93,40.43,44.6,38.01,38.97,39.25,38.69,43,102.8
34619,97.24,102.8,31.29,29.25,30.58,30.58,40.12,30.75,31.11,31.93,32.51,32.12,58.34,36.96,33.21,32.03,40.43,44.6,38.01,38.97,39.11,38.69,43,101.83
34638,94.68,101.83,31.29,29.25,30.58,30.58,34.37,30.75,31.11,31.93,32.51,32.12,58.03,36.96,33.31,31.93,40.43,44.42,38.01,38.83,39.25,38.69,43,101.83
34658,95.52,101.83,31.29,29.25,30.58,30.58,35.16,30.75,31.11,31.93,32.51,32.12,58.34,36.96,33.31,32.03,40.43,44.42,38.01,38.83,39.25,38.69,43,101.83
34677,97.24,102.8,31.29,29.25,30.58,30.58,33.84,30.75,31.11,31.93,32.51,32.12,58.34,36.96,33.31,31.93,40.43,44.42,38.01,38.97,39.25,38.69,43,101.83
34697,97.24,102.8,31.29,29.25,30.58,30.58,33.42,30.75,31.11,31.93,32.51,32.12,58.34,36.96,33.31,32.03,40.43,44.42,38.01,38.83,39.25,38.69,42.83,101.83
34718,97.24,102.8,31.29,29.25,30.58,30.58,37.22,30.75,31.11,31.93,32.51,32.12,59.31,36.96,33.21,32.03,40.43,44.42,38.01,38.97,39.25,38.69,43,101.83
34736,96.37,102.8,31.38,29.25,30.58,30.58,40.58,30.75,31.11,31.93,32.51,32.12,59.96,36.96,33.21,31.93,40.43,44.42,38.01,38.97,39.25,38.55,43,102.8
34757,96.37,102.8,31.38,29.25,30.58,30.58,40.43,30.75,31.11,32.03,32.51,32.12,58.98,36.84,33.21,31.93,40.12,44.42,38.01,38.97,39.25,38.69,43,101.83
34775,96.37,102.8,31.38,29.25,30.58,30.58,40.43,30.75,31.11,32.03,32.51,32.12,60.64,36.96,33.21,31.93,40.43,44.42,38.01,38.83,39.25,38.69,43,101.83
34795,96.37,102.8,31.38,29.25,30.58,30.58,41.35,30.75,31.11,31.93,32.51,32.12,59.96,36.84,33.21,32.03,40.43,44.42,38.01,38.97,39.25,38.69,43,102.8
34814,97.24,102.8,31.38,29.25,30.58,30.58,41.67,30.75,31.11,31.93,32.51,32.12,59.96,36.96,33.31,31.93,40.43,44.42,38.01,38.97,39.25,38.69,43,102.8
34834,96.37,102.8,31.38,29.25,30.58,30.58,44.06,30.75,31.11,31.93,32.51,32.12,60.3,36.96,33.31,31.93,40.43,44.42,38.01,38.97,39.25,38.69,43,101.83
34855,96.37,102.8,31.47,29.25,30.58,30.58,41.51,30.75,31.11,32.03,32.51,32.12,60.3,36.96,33.31,31.93,40.43,44.42,38.01,38.97,39.25,38.69,43,101.83
34873,96.37,102.8,31.38,29.25,30.58,30.58,43.88,30.75,31.11,32.03,32.51,32.12,59.31,36.96,33.31,31.93,40.43,44.42,38.14,38.97,39.25,38.69,43,102.8
34894,95.52,102.8,31.47,29.25,30.58,30.58,34.71,30.75,31.11,32.03,32.51,32.12,64.63,36.96,33.31,32.03,40.43,44.42,38.01,38.97,39.25,38.55,43,102.8
34912,96.37,99.02,31.56,29.25,30.58,30.58,44.24,30.75,31.2,32.03,32.51,32.12,63.87,36.84,33.31,31.93,40.43,44.42,38.14,38.97,39.25,38.69,43,102.8
34933,96.37,100.87,31.56,29.25,30.58,30.58,44.06,30.75,31.2,32.03,32.51,32.12,63.49,36.84,33.31,31.93,40.43,44.42,38.01,38.97,39.25,38.69,43,102.8
34951,99.94,100.87,31.65,29.25,30.58,30.58,42.83,30.75,31.2,31.93,32.51,32.12,63.49,36.96,33.31,31.93,40.43,44.42,38.01,38.97,39.25,38.69,43,101.83
34972,72.93,100.87,31.56,29.25,30.58,30.58,44.6,30.75,31.2,32.03,32.51,32.12,63.87,36.96,33.31,31.93,40.43,44.42,38.14,38.83,39.25,38.69,43,102.8
34992,99.02,102.8,31.56,29.25,30.58,30.58,39.68,30.75,31.2,31.93,32.51,32.12,64.25,36.84,33.21,31.93,40.27,44.42,37.87,38.97,39.25,38.69,43,102.8
35010,100.87,102.8,31.56,29.25,30.58,30.58,43.88,30.75,31.2,32.03,32.51,32.12,64.25,36.96,33.21,31.93,40.43,44.42,38.01,38.97,39.25,38.69,43,101.83
35031,101.83,102.8,31.47,29.25,30.58,30.58,47.13,30.75,31.2,32.03,32.51,32.12,63.87,36.96,33.21,31.93,40.43,44.42,38.01,38.97,39.25,38.69,43,102.8
35049,100.87,102.8,31.56,29.25,30.58,30.58,41.2,30.75,31.2,32.03,32.51,32.12,63.87,36.96,33.31,31.93,40.43,44.42,38.14,38.97,39.11,38.69,43,102.8
35070,101.83,102.8,31.47,29.25,30.58,30.58,44.24,30.75,31.2,32.03,32.51,32.12,63.12,36.96,33.21,31.93,40.27,44.42,38.14,38.97,39.25,38.55,43,102.8
35090,101.83,102.8,31.47,29.25,30.58,30.58,42.33,30.75,31.2,32.03,32.51,32.12,63.12,36.84,33.31,31.93,40.27,44.42,38.01,38.97,39.25,38.69,43,102.8
35109,102.8,101.83,31.47,29.25,30.58,30.58,43,30.75,31.2,32.03,32.51,32.12,63.87,36.96,33.31,31.93,40.43,44.42,38.01,38.97,39.25,38.69,43,102.8
35129,102.8,101.83,31.56,29.25,30.58,30.58,48.19,30.75,31.2,32.03,32.51,32.12,63.12,36.96,33.21,31.93,40.43,44.42,38.14,38.97,39.25,38.69,43,102.8
35148,102.8,101.83,31.47,29.25,30.58,30.58,45.54,30.75,31.2,32.03,32.51,32.12,62.75,36.96,33.31,31.93,40.43,44.42,38.14,38.97,39.25,38.55,43,102.8
35168,102.8,101.83,31.47,29.25,30.58,30.58,54.79,30.75,31.2,32.03,32.51,32.12,62.39,36.96,33.31,31.93,40.43,44.42,38.14,38.97,39.25,38.69,43,101.83
35187,102.8,100.87,31.47,29.25,30.58,30.58,49.06,30.75,31.29,32.03,32.51,32.12,62.03,36.96,33.31,31.93,40.43,44.42,38.01,38.97,39.25,38.69,43,101.83
35207,102.8,101.83,31.56,29.25,30.58,30.58,32.22,30.75,31.56,32.03,32.51,32.12,62.03,36.96,33.21,31.93,40.43,44.42,38.01,38.97,39.25,38.69,43.17,102.8
35228,101.83,101.83,31.47,29.25,30.58,30.58,32.32,30.75,31.84,32.03,32.51,32.12,62.39,36.84,33.21,31.93,40.43,44.42,38.14,38.97,39.25,38.69,43,102.8
35246,102.8,100.87,31.47,29.25,30.58,30.58,32.71,30.75,31.47,32.03,32.51,32.12,61.68,36.96,33.31,31.84,40.43,44.42,38.14,38.97,39.25,38.69,43,101.83
35266,101.83,101.83,31.47,29.25,30.58,30.58,32.32,30.75,31.65,32.03,32.51,32.12,62.03,36.96,33.31,31.93,40.43,44.79,38.14,38.97,39.25,38.69,43,102.8
35285,102.8,100.87,31.47,29.25,30.58,30.58,52.65,30.75,31.56,32.03,32.51,32.12,61.68,36.84,33.31,31.93,40.43,45.16,38.14,38.97,39.25,38.69,43,102.8
35305,102.8,100.87,31.56,29.25,30.58,30.58,46.52,30.75,31.38,32.03,32.51,32.12,61.33,36.84,33.21,31.93,40.43,45.16,38.14,38.97,39.25,38.69,43,102.8
35326,102.8,99.94,31.47,29.25,30.58,30.58,48.4,30.75,31.47,32.03,32.51,32.12,61.33,36.96,33.31,31.93,40.43,45.16,38.14,38.97,39.25,38.69,43,101.83
35344,101.83,99.94,31.56,29.25,30.58,30.66,32.41,30.75,32.03,32.03,32.51,32.12,62.03,36.96,33.31,31.93,40.27,45.16,38.14,38.97,39.25,38.69,43.17,101.83
35365,101.83,99.94,31.56,29.25,30.58,30.66,32.61,30.75,32.12,32.03,32.51,32.12,61.68,36.84,33.21,31.93,40.43,45.16,38.14,38.97,39.25,38.69,43,102.8
35383,101.83,99.94,31.56,29.25,30.58,30.66,32.32,30.75,32.22,32.03,32.51,32.12,61.68,36.96,33.21,31.93,40.43,45.16,38.14,38.97,39.25,38.69,43,101.83
35404,101.83,99.94,31.56,29.25,30.58,30.66,32.32,30.75,32.03,32.03,32.51,32.12,61.68,36.96,33.31,31.93,40.43,45.16,38.14,38.97,39.25,38.69,43,100.87
35422,102.8,99.94,31.65,29.25,30.58,30.66,32.22,30.75,31.38,32.03,32.51,32.12,61.68,36.96,33.21,31.93,40.43,45.16,38.14,38.97,39.25,38.69,43,102.8
35443,101.83,99.94,31.56,29.25,30.58,30.58,35.74,30.75,31.47,32.03,32.51,32.12,62.03,36.96,33.31,31.93,40.43,45.35,38.14,38.97,39.25,38.69,43,102.8
35463,101.83,100.87,31.65,29.25,30.58,30.58,34.27,30.75,31.29,32.03,32.51,32.12,62.03,36.96,33.21,31.93,40.43,45.35,38.01,38.97,39.25,38.69,43.17,101.83
35482,102.8,100.87,31.56,29.25,30.58,30.66,33.31,30.75,31.29,32.03,32.51,32.12,62.03,36.96,33.21,31.84,40.43,46.13,38.14,38.97,39.25,38.69,43.17,101.83
35502,102.8,100.87,31.56,29.25,30.58,30.66,33.52,30.75,31.02,32.03,32.51,32.12,62.03,36.96,33.21,31.84,40.43,46.13,38.14,39.11,39.25,38.69,43,101.83
35520,102.8,99.94,31.56,29.25,30.58,30.66,32.71,30.75,31.2,32.03,32.51,32.12,61.68,36.96,33.21,31.93,40.43,46.13,38.14,38.97,39.25,38.55,43.17,101.83
35541,102.8,100.87,31.56,29.25,30.58,30.66,32.61,30.75,31.29,32.03,32.51,32.12,61.68,36.84,33.21,31.84,40.43,46.13,38.14,38.97,39.25,38.69,43.17,101.83
35559,102.8,100.87,31.56,29.25,30.58,30.58,32.91,30.75,31.29,32.03,32.51,32.12,61.68,36.96,33.21,31.93,40.43,46.13,38.14,38.97,39.25,38.69,43.17,101.83
35580,102.8,100.87,31.56,29.25,30.58,30.66,33.21,30.75,31.29,32.03,32.51,32.12,61.33,36.84,33.21,31.84,40.43,46.13,38.14,38.97,39.25,38.69,43,101.83
35600,102.8,100.87,31.56,29.25,30.58,30.66,33.31,30.75,31.29,32.03,32.51,32.12,60.3,36.84,33.21,31.84,40.43,46.13,38.14,39.11,39.25,38.69,43.17,102.8
35619,102.8,100.87,31.56,29.25,30.58,30.66,33.31,30.75,31.29,32.03,32.51,32.12,61.68,36.84,33.21,31.84,40.43,60.3,38.14,38.97,39.25,38.69,43.17,101.83
35639,102.8,93.86,31.56,29.25,30.58,30.66,33.31,30.75,31.2,32.03,32.51,32.12,62.03,36.96,33.31,31.84,40.43,56.22,38.14,38.97,39.25,38.69,43.17,102.8
35658,102.8,95.52,31.65,29.25,30.58,30.66,32.51,30.75,31.29,32.03,32.51,32.12,62.39,36.96,33.31,31.93,40.43,56.81,38.14,38.97,39.25,38.69,43,102.8
35678,103.78,101.83,31.56,29.25,30.58,30.66,32.32,30.75,31.2,32.03,32.51,32.12,62.39,36.84,33.21,31.84,40.43,45.74,38.14,38.97,39.25,38.69,43.17,101.83
35699,102.8,101.83,31.56,29.25,30.58,30.66,32.61,30.75,31.2,32.03,32.51,32.12,62.03,36.96,33.31,31.93,40.43,45.54,38.14,38.97,39.25,38.69,43,101.83
35717,96.37,101.83,31.56,29.25,30.58,30.66,33.21,30.75,31.29,32.03,32.51,32.12,62.39,36.96,33.31,31.93,40.43,45.54,38.14,38.97,39.25,38.69,43,101.83
35738,97.24,101.83,31.65,29.25,30.58,30.66,33.21,30.75,31.2,32.03,32.51,32.12,62.75,36.96,33.21,31.93,40.43,44.6,38.01,38.97,39.25,38.69,43,101.83
35756,103.78,102.8,31.65,29.25,30.58,30.66,33.21,30.75,31.29,32.03,32.51,32.12,63.12,36.84,33.31,31.84,40.43,44.6,38.14,38.97,39.25,38.69,43,101.83
35776,102.8,89.95,31.56,29.25,30.58,30.66,33.21,30.75,31.29,32.03,32.51,32.12,63.12,36.96,33.31,31.93,40.43,44.6,38.01,38.97,39.25,38.69,43,101.83
35795,103.78,102.8,31.56,29.25,30.58,30.66,33.21,30.75,31.29,32.03,32.51,32.12,62.75,36.96,33.31,31.93,40.43,44.6,38.01,38.97,39.25,38.69,43,102.8
35815,103.78,102.8,31.65,29.25,30.58,30.66,33.21,30.75,31.29,32.03,32.51,32.12,62.75,36.96,33.31,31.93,40.43,44.79,38.01,38.97,39.25,38.69,43,102.8
35836,103.78,102.8,31.65,29.25,30.58,30.66,34.71,30.75,31.29,32.03,32.51,32.12,62.75,36.96,33.31,31.93,40.43,45.35,38.14,38.97,39.25,38.69,43,101.83
35854,102.8,101.83,31.65,29.25,30.58,30.66,33.21,30.75,31.29,32.03,32.51,32.12,62.75,36.84,33.21,31.93,40.43,45.16,38.14,38.97,39.25,38.69,43,101.83
35875,103.78,102.8,31.65,29.25,30.58,30.66,44.42,30.75,31.29,32.03,32.51,32.12,62.75,36.96,33.31,31.93,40.43,45.16,38.01,38.97,39.25,38.69,43,102.8
35893,103.78,102.8,31.65,29.25,30.58,30.66,58.66,30.75,31.38,32.03,32.51,32.12,64.25,36.96,33.21,31.93,40.43,45.16,38.14,38.97,39.25,38.69,43,102.8
35914,103.78,103.78,31.65,29.25,30.58,30.66,59.96,30.75,31.56,32.03,32.51,32.12,68.31,36.96,33.21,31.93,40.43,45.16,38.01,38.97,39.25,38.69,43,101.83
35932,103.78,102.8,31.56,29.25,30.58,30.66,55.92,30.75,31.93,32.03,32.51,32.12,66.63,36.96,33.21,31.93,40.27,45.16,38.01,38.97,39.25,38.69,43,101.83
35953,103.78,103.78,31.47,29.25,30.58,30.66,54.79,30.75,31.75,32.03,32.51,32.12,65.81,36.96,33.31,31.93,40.43,45.16,38.14,38.97,39.25,38.69,43,102.8
35973,103.78,102.8,31.56,29.25,30.58,30.66,58.03,30.75,32.03,32.03,32.51,32.12,67.88,36.96,33.31,31.93,40.43,45.16,38.14,38.97,39.25,38.69,43,102.8
35991,103.78,103.78,31.65,29.25,30.58,30.66,53.97,30.75,36.59,32.03,32.51,32.12,69.64,36.84,33.21,31.93,40.43,45.16,38.01,38.97,39.25,38.69,43,101.83
36012,103.78,103.78,31.56,29.25,30.58,30.58,50.91,30.75,32.03,32.03,32.51,32.12,71.96,36.96,33.21,31.93,40.43,45.16,38.14,38.97,39.25,38.69,43,101.83
36030,104.79,103.78,31.47,29.25,30.58,30.58,61.68,30.75,31.65,32.03,32.51,32.12,71.01,36.96,33.21,31.93,40.43,44.6,38.01,38.97,39.25,38.69,43.17,103.78
36051,103.78,102.8,31.47,29.25,30.58,30.66,43.7,30.75,31.11,32.03,32.51,32.12,71.96,36.84,33.31,31.93,40.43,44.6,38.01,38.97,39.25,38.55,43,101.83
36069,103.78,102.8,31.47,29.25,30.58,30.58,42.16,30.75,31.11,32.03,32.51,32.12,69.64,36.96,33.31,31.93,40.43,44.6,38.01,38.97,39.25,38.69,43,102.8
36090,101.83,103.78,31.56,29.25,30.58,30.58,45.54,30.75,31.47,32.03,32.51,32.12,71.96,36.84,33.31,31.93,40.27,44.6,38.14,38.97,39.25,38.69,43,100.87
36110,46.13,100.87,31.47,29.25,30.58,30.58,45.16,30.75,31.29,32.03,32.51,32.12,72.93,36.96,33.21,31.93,40.43,44.6,38.01,38.97,39.11,38.69,43,100.87
36129,45.35,100.87,31.47,29.25,30.58,30.58,42,30.75,31.47,32.03,32.51,32.12,71.96,36.96,33.31,31.93,40.43,44.6,38.01,38.97,39.25,38.69,43.17,101.83
36149,57.11,101.83,31.47,29.25,30.58,30.58,46.93,30.75,31.47,32.22,32.51,32.12,72.93,36.96,33.31,31.93,40.43,44.6,38.01,38.97,39.25,38.55,43.17,100.87
36168,42.66,100.87,31.47,29.25,30.58,30.58,48.62,30.75,31.47,32.12,32.51,32.12,72.44,36.96,33.21,31.93,40.43,44.97,38.01,38.97,39.25,38.69,43.17,101.83
36188,44.97,100.87,31.38,29.25,30.58,30.58,40.88,30.75,31.56,32.12,32.51,32.12,73.43,36.96,33.31,31.93,40.27,44.6,38.01,38.97,39.25,38.69,43.17,101.83
36209,101.83,103.78,31.38,29.25,30.58,30.58,43.88,30.75,32.71,32.22,32.51,32.12,76.55,36.96,33.21,31.93,40.43,44.6,38.01,38.97,39.25,38.69,43,99.94
36227,90.7,85.66,31.38,29.25,30.58,30.58,45.74,30.75,32.41,32.12,32.51,32.12,79.36,36.96,33.31,31.93,40.43,44.6,38.01,38.97,39.25,38.55,43.17,101.83
36247,89.95,102.8,31.29,29.25,30.58,30.58,42.66,30.75,33.42,32.12,32.51,32.12,78.21,36.96,33.31,32.03,40.43,44.6,38.01,38.97,39.25,38.69,43,101.83
36268,96.37,102.8,31.29,29.25,30.58,30.58,43.35,30.75,33.21,32.12,32.51,32.12,79.36,36.96,33.21,31.93,40.43,44.42,38.01,38.97,39.25,38.69,43.17,101.83
36286,96.37,84.99,31.29,29.25,30.58,30.58,45.93,30.75,34.27,32.03,32.51,32.12,78.78,36.96,33.31,31.93,40.43,44.42,38.01,38.97,39.25,38.69,43.17,100.87
36307,41.67,69.19,31.29,29.25,30.58,30.58,44.42,30.75,34.16,32.12,32.51,32.12,78.78,36.84,33.31,31.93,40.43,44.42,38.01,38.97,39.25,38.55,43,101.83
36325,41.51,100.87,31.2,29.25,30.58,30.58,45.93,30.75,35.98,32.12,32.51,32.12,79.36,36.84,33.21,32.03,40.27,44.42,38.01,38.97,39.25,38.69,43,101.83
36346,56.51,99.02,31.29,29.25,30.58,30.49,46.93,30.75,35.74,32.03,32.51,32.12,79.36,36.96,33.21,32.03,40.43,44.42,38.01,38.97,39.25,38.69,43.17,100.87
36366,53.17,87.75,31.29,29.25,30.58,30.58,48.4,30.75,37.87,32.03,32.51,32.12,79.36,36.96,33.31,32.03,40.27,44.42,38.01,38.97,39.25,38.69,43,102.8
36385,93.05,102.8,31.29,29.25,30.58,30.49,32.22,30.75,37.87,32.03,32.51,32.12,66.63,36.96,33.21,31.93,40.43,44.42,38.01,38.97,39.25,38.69,43,101.83
36405,91.47,57.41,31.29,29.25,30.58,30.58,32.22,30.75,31.38,32.03,32.51,32.12,66.63,36.84,33.21,32.03,40.43,44.6,38.01,38.97,39.25,38.69,43,101.83
36424,83.67,101.83,31.29,29.25,30.58,30.49,32.22,30.75,31.38,32.03,32.51,32.12,66.63,36.84,33.21,31.93,40.43,44.42,38.01,38.97,39.25,38.69,43.17,102.8
36444,97.24,102.8,31.29,29.25,30.58,30.58,33.01,30.75,31.47,32.03,32.51,32.12,72.44,36.96,33.31,31.93,40.43,44.42,38.01,38.97,39.25,38.69,43,101.83
36465,97.24,102.8,31.2,29.25,30.58,30.58,33.11,30.75,31.47,32.03,32.51,32.12,79.95,36.96,33.21,32.03,40.43,44.6,38.01,38.97,39.11,38.69,43,102.8
36483,97.24,102.8,31.29,29.25,30.58,30.58,33.11,30.75,31.56,32.03,32.51,32.12,79.95,36.96,33.21,32.03,40.27,44.42,38.01,38.97,39.25,38.69,43,102.8
36503,98.12,102.8,31.2,29.25,30.58,30.49,48.4,30.75,33.11,32.03,32.51,32.12,79.95,36.96,33.21,32.03,40.43,44.42,38.01,38.97,39.25,38.69,43,102.8
36522,98.12,102.8,31.2,29.25,30.58,30.58,40.58,30.75,31.38,32.03,32.51,32.12,79.36,36.96,33.21,32.03,40.43,44.42,38.01,38.97,39.25,38.69,43,102.8
36542,98.12,102.8,31.2,29.25,30.58,30.58,47.34,30.75,31.29,32.03,32.51,32.12,66.22,36.96,33.21,32.03,40.43,44.42,38.01,38.97,39.25,38.69,43,102.8
36561,97.24,103.78,31.2,29.25,30.58,30.58,60.98,30.75,31.38,32.03,32.51,32.12,66.22,36.96,33.21,32.03,40.43,44.42,38.01,38.97,39.11,38.69,43,102.8
36581,98.12,103.78,31.29,29.25,30.58,30.58,52.4,30.75,31.29,32.03,32.51,32.12,66.22,36.96,33.31,32.03,40.43,44.42,38.01,38.97,39.25,38.69,43,102.8
36602,97.24,102.8,31.29,29.25,30.58,30.58,48.62,30.75,31.29,32.03,32.51,32.12,66.22,36.96,33.21,32.03,40.43,44.42,38.01,38.97,39.25,38.69,43,102.8
36620,97.24,102.8,31.2,29.25,30.58,30.58,48.19,30.75,31.38,32.03,32.51,32.12,66.22,36.96,33.21,32.03,40.27,44.42,38.01,38.97,39.25,38.69,43,101.83
36641,97.24,102.8,31.29,29.25,30.58,30.58,52.14,30.75,31.38,32.03,32.51,32.12,66.63,36.96,33.21,32.03,40.43,44.42,38.01,38.83,39.25,38.55,43,102.8
36661,98.12,103.78,31.2,29.25,30.58,30.58,60.64,30.75,31.38,32.03,32.51,32.12,66.22,36.96,33.21,32.03,40.43,44.42,38.01,38.97,39.11,38.69,43,103.78
36680,97.24,103.78,31.2,29.25,30.58,30.58,58.66,30.75,31.38,32.03,32.51,32.12,66.22,36.96,33.21,32.03,40.43,44.42,38.01,38.97,39.25,38.69,43,101.83
36700,97.24,102.8,31.2,29.25,30.58,30.58,49.51,30.75,31.29,32.03,32.51,32.12,66.22,36.96,33.31,32.03,40.43,44.6,38.01,38.97,39.25,38.69,43,101.83
36721,96.37,103.78,31.2,29.25,30.58,30.58,45.16,30.75,31.38,32.03,32.51,32.12,66.22,36.96,33.21,32.03,40.43,44.79,38.01,38.97,39.11,38.69,43,102.8
36739,97.24,103.78,31.2,29.25,30.58,30.58,58.34,30.75,31.29,32.03,32.51,32.12,66.22,36.96,33.21,32.03,40.43,44.79,38.01,38.97,39.25,38.69,43,100.87
36759,97.24,102.8,31.2,29.25,30.58,30.58,57.41,30.75,31.38,32.03,32.51,32.12,66.22,36.96,33.31,32.03,40.43,44.6,38.01,38.97,39.25,38.69,43,101.83
36778,97.24,103.78,31.2,29.25,30.58,30.58,52.65,30.75,31.38,32.03,32.51,32.12,66.22,36.96,33.21,32.03,40.43,44.6,38.01,38.97,39.25,38.69,43,101.83
36798,97.24,102.8,31.2,29.25,30.58,30.58,55.07,30.75,31.29,32.03,32.51,32.12,66.22,36.96,33.31,32.03,40.43,44.6,38.01,38.97,39.25,38.69,43,102.8
36817,97.24,102.8,31.2,29.25,30.58,30.58,52.91,30.75,31.29,32.03,32.51,32.12,66.22,36.96,33.31,32.03,40.43,44.42,38.01,38.97,39.25,38.69,43,101.83
36837,97.24,102.8,31.2,29.25,30.58,30.49,51.15,30.75,31.38,32.03,32.51,32.12,66.22,36.96,33.31,31.93,40.43,44.42,38.01,38.97,39.11,38.69,43,101.83
36858,97.24,102.8,31.2,29.25,30.58,30.49,48.62,30.75,31.38,32.03,32.51,32.12,66.22,36.96,33.31,32.03,40.43,44.6,38.01,38.97,39.25,38.69,43,101.83
36876,97.24,103.78,31.2,29.25,30.58,30.58,60.64,30.75,31.38,31.93,32.51,32.12,66.63,36.96,33.31,32.03,40.43,44.6,38.01,38.97,39.25,38.69,43,102.8
36897,97.24,102.8,31.2,29.25,30.58,30.49,49.74,30.75,31.38,31.93,32.51,32.12,66.22,36.84,33.21,32.03,40.43,44.6,38.01,38.83,39.11,38.69,43,101.83
36915,96.37,102.8,31.2,29.25,30.58,30.58,45.74,30.75,31.38,31.93,32.51,32.12,66.22,36.96,33.31,32.03,40.43,45.54,38.01,38.97,39.25,38.69,43,102.8
36936,97.24,101.83,31.2,29.25,30.58,30.58,48.4,30.75,31.38,31.93,32.51,32.12,66.22,36.96,33.31,32.03,40.27,44.42,38.01,38.97,39.11,38.69,43,101.83
36954,96.37,101.83,31.2,29.25,30.58,30.58,49.74,30.75,31.38,31.93,32.51,32.12,66.63,36.96,33.31,32.03,40.43,44.42,38.01,38.83,39.25,38.69,43,101.83
36975,98.12,103.78,31.2,29.25,30.58,30.58,63.12,30.75,31.29,31.93,32.51,32.12,66.63,36.96,33.31,32.03,40.43,44.42,38.01,38.97,39.25,38.55,43,102.8
36995,98.12,102.8,31.29,29.25,30.58,30.58,62.39,30.75,31.38,31.93,32.51,32.12,66.22,36.84,33.21,31.93,40.43,44.42,38.01,38.97,39.25,38.69,43,101.83
37013,97.24,102.8,31.29,29.25,30.58,30.58,47.34,30.75,31.2,31.93,32.51,32.12,66.22,36.96,33.31,32.03,40.27,45.93,38.01,38.97,39.25,38.69,43,101.83
37034,97.24,102.8,31.29,29.25,30.58,30.58,46.52,30.75,31.11,32.03,32.51,32.12,66.22,36.96,33.21,32.03,40.43,44.42,38.01,38.97,39.25,38.69,43,102.8
37052,97.24,101.83,31.38,29.25,30.58,30.58,33.11,30.75,31.11,32.03,32.51,32.12,66.22,36.96,33.21,31.93,40.43,44.42,38.01,38.97,39.11,38.69,43,101.83
37073,97.24,101.83,31.38,29.25,30.58,30.58,32.32,30.75,31.11,32.12,32.51,32.12,66.22,36.84,33.31,31.93,40.27,44.42,38.14,38.97,39.25,38.69,43,102.8
37091,97.24,100.87,31.47,29.25,30.58,30.58,32.32,30.75,31.38,32.12,32.51,32.12,66.22,36.96,33.31,32.03,40.27,44.42,38.01,38.97,39.25,38.69,43,101.83
37112,96.37,92.25,31.38,29.25,30.58,30.58,33.11,30.75,31.65,32.12,32.51,32.12,69.19,36.84,33.21,32.03,40.12,44.42,38.01,38.97,39.25,38.69,43,102.8
37132,96.37,101.83,31.47,29.25,30.58,30.58,33.11,30.75,31.29,32.12,32.51,32.12,79.36,36.96,33.31,31.93,40.27,44.42,38.01,38.97,39.25,38.69,43,101.83
37153,96.37,101.83,31.47,29.25,30.58,30.58,33.11,30.75,31.29,32.12,32.51,32.12,79.36,36.96,33.31,32.03,40.43,44.42,38.01,38.97,39.25,38.69,43,101.83
37171,97.24,100.87,31.47,29.25,30.58,30.58,33.11,30.75,31.38,32.12,32.51,32.12,79.36,36.96,33.21,31.93,40.43,44.42,38.01,38.97,39.25,38.69,43,102.8
37192,96.37,101.83,31.47,29.25,30.58,30.58,33.11,30.75,31.29,32.12,32.51,32.12,79.36,36.96,33.31,31.93,40.43,44.42,38.01,38.97,39.25,38.69,43,101.83
37210,94.68,102.8,31.47,29.25,30.58,30.58,33.11,30.75,31.38,32.12,32.51,32.12,79.36,36.96,33.21,31.93,40.43,44.42,38.14,38.97,39.25,38.69,43,101.83
37231,74.95,100.87,31.47,29.25,30.58,30.58,33.11,30.75,31.47,32.12,32.51,32.12,79.36,36.96,33.31,31.93,40.43,44.42,38.01,38.97,39.25,38.69,43,100.87
37251,41.35,100.87,31.47,29.25,30.58,30.58,33.11,30.75,31.56,32.12,32.51,32.12,79.36,36.84,33.21,31.93,40.43,44.42,38.01,38.97,39.11,38.69,43,101.83
37269,90.7,101.83,31.47,29.25,30.58,30.58,33.11,30.75,31.47,32.12,32.51,32.12,79.36,36.96,33.21,31.93,40.43,44.42,38.01,38.97,39.25,38.69,43,102.8
37290,96.37,101.83,31.47,29.25,30.58,30.58,33.11,30.75,31.56,32.12,32.51,32.12,79.36,36.96,33.31,31.93,40.43,44.42,38.14,38.97,39.25,38.69,43,101.83
37308,67.04,100.87,31.56,29.25,30.58,30.58,33.11,30.75,31.75,32.03,32.51,32.12,78.78,36.96,33.21,31.93,40.43,44.42,38.01,38.97,39.25,38.69,43,103.78
37329,96.37,102.8,31.56,29.25,30.58,30.58,33.11,30.75,32.22,32.03,32.51,32.12,78.78,36.96,33.31,31.93,40.43,44.6,38.01,38.97,39.25,38.69,43,102.8
37349,97.24,102.8,31.65,29.25,30.58,30.66,33.11,30.75,33.21,32.03,32.51,32.12,78.78,36.96,33.21,31.93,40.43,44.42,38.01,38.97,39.25,38.55,43,102.8
37368,96.37,102.8,31.47,29.25,30.58,30.66,33.11,30.75,33.42,32.03,32.51,32.12,78.78,36.96,33.31,31.93,40.43,44.42,38.14,38.97,39.25,38.69,43,102.8
37388,97.24,102.8,31.47,29.25,30.58,30.66,33.11,30.75,34.71,31.93,32.51,32.12,77.65,36.84,33.21,31.93,40.43,44.42,38.14,38.97,39.25,38.69,43,102.8
37407,96.37,102.8,31.47,29.25,30.58,30.66,32.32,30.75,37.87,32.03,32.51,32.12,76.55,36.96,33.21,31.93,40.43,45.35,38.14,38.97,39.11,38.69,43,102.8
37427,96.37,102.8,31.47,29.25,30.58,30.66,32.32,30.75,31.47,32.03,32.51,32.12,74.44,36.96,33.21,31.93,40.43,45.35,38.14,38.97,39.25,38.69,43,102.8
37446,96.37,101.83,31.56,29.25,30.58,30.66,32.32,30.75,31.2,32.03,32.51,32.12,58.03,36.96,33.21,31.93,40.27,45.16,38.14,38.97,39.25,38.69,43,102.8
37466,96.37,101.83,31.47,29.25,30.58,30.66,32.32,30.75,31.11,32.03,32.51,32.12,57.72,36.96,33.21,31.93,40.43,45.35,38.01,38.97,39.25,38.69,43,101.83
37487,96.37,101.83,31.47,29.25,30.58,30.66,32.22,30.75,31.2,32.03,32.51,32.12,57.41,36.84,33.21,31.93,40.43,45.35,38.14,39.11,39.25,38.69,43,101.83
37505,96.37,101.83,31.56,29.25,30.58,30.66,32.22,30.75,31.2,32.03,32.51,32.12,58.03,36.96,33.21,31.93,40.43,45.16,38.01,38.97,39.25,38.55,43,101.83
37525,96.37,101.83,31.56,29.25,30.58,30.66,32.41,30.75,31.65,32.03,32.51,32.12,57.41,36.84,33.21,31.93,40.43,46.13,38.14,38.97,39.25,38.69,43,101.83
37544,96.37,101.83,31.56,29.25,30.58,30.66,32.41,30.75,31.11,32.03,32.51,32.12,57.41,36.96,33.21,31.93,40.43,45.74,38.01,38.97,39.25,38.69,43,101.83
37564,97.24,100.87,31.47,29.25,30.58,30.66,33.01,30.75,31.38,32.03,32.51,32.12,57.72,36.96,33.21,31.93,40.43,47.97,38.14,38.97,39.25,38.69,43.17,99.94
37583,96.37,102.8,31.56,29.25,30.58,30.66,33.11,30.75,31.02,32.03,32.51,32.12,57.72,36.96,33.21,31.93,40.43,49.29,38.14,38.97,39.25,38.69,43,101.83
37603,96.37,102.8,31.56,29.25,30.58,30.66,32.22,30.75,31.02,32.03,32.51,32.12,58.34,36.96,33.21,31.93,40.43,44.6,38.14,38.97,39.25,38.69,43,101.83
37624,96.37,102.8,31.56,29.25,30.58,30.66,32.22,30.75,31.02,31.93,32.51,32.12,58.34,36.84,33.21,31.93,40.58,44.6,38.14,38.83,39.25,38.69,43,99.94
37642,96.37,102.8,31.56,29.25,30.58,30.66,32.22,30.75,31.29,31.93,32.51,32.12,58.34,36.96,33.21,31.84,40.43,44.6,38.14,38.97,39.11,38.69,43,99.94
37663,96.37,102.8,31.56,29.25,30.58,30.66,32.71,30.75,31.02,31.93,32.51,32.12,58.34,36.96,33.31,31.93,40.43,44.6,38.14,38.97,39.25,38.69,43,99.94
37681,96.37,101.83,31.56,29.25,30.58,30.66,33.01,30.75,31.02,31.93,32.51,32.12,57.72,36.96,33.21,31.93,40.43,44.6,38.01,38.97,39.25,38.69,43.17,99.94
37702,96.37,101.83,31.56,29.25,30.58,30.66,33.01,30.75,31.11,31.93,32.51,32.12,58.34,36.96,33.21,31.84,40.43,44.42,38.01,38.97,39.25,38.69,43.17,99.94
37722,96.37,102.8,31.56,29.25,30.58,30.66,33.11,30.75,31.11,32.03,32.51,32.12,58.03,36.84,33.21,31.93,40.43,44.6,38.14,38.97,39.25,38.69,43,99.02
37740,96.37,102.8,31.56,29.25,30.58,30.66,33.01,30.75,31.11,32.03,32.51,32.12,58.34,36.96,33.21,31.93,40.43,44.6,38.14,38.97,39.25,38.69,43.17,99.94
37761,96.37,101.83,31.56,29.25,30.58,30.66,33.11,30.75,31.11,31.93,32.51,32.12,58.03,36.96,33.21,31.93,40.58,44.6,38.01,38.97,39.25,38.69,43.17,99.94
37779,97.24,102.8,31.56,29.25,30.58,30.66,33.11,30.75,31.11,31.93,32.51,32.12,58.34,36.96,33.21,31.84,40.58,44.6,38.14,38.97,39.25,38.69,43,100.87
37800,97.24,102.8,31.56,29.25,30.58,30.66,33.11,30.75,31.11,32.03,32.51,32.12,58.34,36.96,33.21,31.84,40.43,44.6,38.14,38.97,39.25,38.69,43,101.83
37818,96.37,102.8,31.56,29.25,30.58,30.66,33.11,30.75,31.11,31.93,32.51,32.12,58.03,36.96,33.21,31.84,40.43,44.6,38.14,38.97,39.25,38.69,43.17,101.83
37839,96.37,102.8,31.56,29.25,30.58,30.66,33.11,30.75,31.11,32.03,32.51,32.12,58.34,36.96,33.21,31.93,40.43,44.6,38.14,38.97,39.25,38.69,43.17,100.87
37859,97.24,102.8,31.56,29.25,30.58,30.66,33.11,30.75,31.11,32.03,32.61,32.12,58.34,36.84,33.21,31.93,40.43,44.6,38.01,38.97,39.25,38.69,43.17,101.83
37878,96.37,102.8,31.56,29.25,30.58,30.66,33.11,30.75,31.11,32.03,32.51,32.12,58.34,36.84,33.21,31.93,40.43,44.6,38.14,38.97,39.25,38.69,43.17,101.83
37898,97.24,102.8,31.56,29.25,30.58,30.66,33.11,30.75,31.11,31.93,32.51,32.12,58.03,36.96,33.21,31.84,40.43,44.6,38.14,38.97,39.25,38.69,43,101.83
37917,96.37,102.8,31.65,29.25,30.58,30.66,32.71,30.75,31.11,32.03,32.51,32.12,58.03,36.96,33.21,31.84,40.43,44.6,38.14,38.97,39.25,38.69,43,101.83
37937,97.24,102.8,31.65,29.25,30.58,30.66,32.91,30.75,31.11,32.03,32.51,32.12,58.34,36.96,33.21,31.84,40.43,44.6,38.14,38.97,39.25,38.69,43.17,100.87
37955,97.24,101.83,31.65,29.25,30.58,30.66,33.11,30.75,31.11,32.03,32.51,32.12,58.66,36.96,33.21,31.93,40.43,44.6,38.14,38.97,39.25,38.55,43.17,101.83
37976,97.24,101.83,31.65,29.25,30.58,30.66,33.11,30.75,31.11,32.03,32.51,32.12,58.34,36.96,33.21,31.84,40.43,44.6,38.14,38.97,39.11,38.69,43,99.94
37996,97.24,102.8,31.65,29.25,30.58,30.66,33.11,30.75,31.11,31.93,32.61,32.12,58.66,36.96,33.21,31.93,40.58,44.6,38.01,38.97,39.25,38.69,43.17,99.94
38015,97.24,102.8,31.65,29.25,30.58,30.66,32.91,30.75,31.11,32.03,32.61,32.12,58.98,36.96,33.21,31.93,40.43,44.6,38.01,38.97,39.25,38.69,43,99.94
38035,97.24,102.8,31.65,29.25,30.58,30.66,33.11,30.75,31.02,32.03,32.51,32.12,58.98,36.96,33.21,31.93,40.43,44.42,38.14,38.97,39.25,38.69,43.17,99.94
38054,97.24,102.8,31.56,29.25,30.58,30.66,33.11,30.75,31.02,32.03,32.51,32.12,58.66,36.84,33.21,31.93,40.43,44.6,38.14,38.97,39.25,38.69,43.17,99.94
38074,97.24,102.8,31.56,29.25,30.58,30.66,33.01,30.75,31.11,32.03,32.51,32.12,58.34,36.71,33.21,31.93,40.43,44.6,38.14,38.97,39.25,38.69,43,99.94
38093,97.24,102.8,31.65,29.25,30.58,30.66,33.01,30.75,31.02,32.03,32.51,32.12,58.66,36.96,33.21,31.84,40.43,44.6,38.14,38.97,39.25,38.69,43.17,99.02
38113,97.24,102.8,31.65,29.25,30.58,30.66,33.01,30.75,31.02,32.03,32.51,32.12,58.98,36.96,33.31,31.84,40.43,44.6,38.01,38.97,39.25,38.69,43,99.94
38134,97.24,102.8,31.56,29.25,30.58,30.66,33.11,30.75,31.11,32.03,32.51,32.12,58.98,36.96,33.21,31.93,40.43,44.6,38.14,38.97,39.25,38.69,43,99.94
38152,97.24,102.8,31.65,29.25,30.58,30.66,33.01,30.75,31.02,32.03,32.51,32.12,58.66,36.84,33.21,31.93,40.27,44.6,38.14,38.97,39.25,38.69,43,99.94
38173,96.37,102.8,31.56,29.25,30.58,30.66,33.01,30.75,31.11,32.03,32.51,32.12,58.98,36.84,33.11,31.93,40.43,44.6,38.14,38.97,39.25,38.69,43.17,99.94
38191,96.37,101.83,31.56,29.25,30.58,30.66,33.01,30.75,31.11,32.03,32.51,32.12,58.66,36.96,33.21,31.93,40.12,44.6,38.14,38.97,39.25,38.69,43,99.94
38211,97.24,102.8,31.65,29.25,30.58,30.66,33.01,30.75,31.11,32.03,32.51,32.12,58.98,36.96,33.21,31.93,40.43,44.6,38.14,38.97,39.25,38.69,43,99.94
38232,97.24,103.78,31.56,29.25,30.58,30.66,33.01,30.75,31.02,32.03,32.51,32.12,58.66,36.96,33.21,31.93,40.43,44.6,38.14,38.97,39.25,38.69,43,99.94
38250,97.24,102.8,31.56,29.25,30.58,30.66,33.01,30.75,31.02,32.03,32.51,32.12,58.66,36.96,33.21,31.93,40.43,44.6,38.14,38.97,39.25,38.69,43.17,99.02
38271,97.24,102.8,31.56,29.25,30.58,30.66,33.01,30.75,31.02,32.03,32.51,32.12,58.66,36.96,33.21,31.93,40.27,44.6,38.14,38.97,39.25,38.69,43,99.94
38289,97.24,102.8,31.56,29.25,30.58,30.66,33.01,30.75,31.02,31.93,32.51,32.12,58.34,36.96,33.21,31.93,40.43,44.42,38.01,38.83,39.25,38.69,43,99.94
38310,97.24,102.8,31.56,29.25,30.58,30.66,33.11,30.75,31.11,31.93,32.51,32.12,58.66,36.96,33.21,31.93,40.43,44.42,38.01,38.97,39.25,38.69,43,99.94
38328,97.24,102.8,31.56,29.25,30.58,30.66,33.01,30.75,31.11,31.93,32.51,32.12,58.34,36.96,33.21,31.93,40.43,44.6,38.14,38.97,39.25,38.55,43,99.94
38349,96.37,102.8,31.56,29.25,30.58,30.66,33.11,30.75,31.11,31.93,32.51,32.12,58.66,36.84,33.21,31.93,40.12,44.42,38.14,38.97,39.11,38.69,43,99.94
38369,98.12,103.78,31.47,29.25,30.58,30.66,33.11,30.75,31.11,31.93,32.51,32.12,58.34,36.96,33.21,31.93,40.43,44.6,38.14,38.97,39.25,38.69,43,98.12
38388,97.24,102.8,31.47,29.25,30.58,30.66,33.11,30.75,31.11,31.93,32.51,32.12,58.66,36.96,33.21,31.93,40.43,44.6,38.01,38.97,39.25,38.55,43.17,98.12
38408,98.12,103.78,31.47,29.25,30.58,30.66,33.11,30.75,31.11,31.93,32.51,32.12,58.34,36.96,33.21,31.93,40.43,44.42,38.14,38.97,39.25,38.69,43.17,98.12
38427,97.24,103.78,31.47,29.25,30.58,30.66,33.11,30.75,31.11,31.93,32.51,32.12,58.66,36.84,33.31,31.93,40.43,44.6,38.01,38.97,39.25,38.69,43.17,99.02
38447,97.24,103.78,31.38,29.25,30.58,30.58,33.11,30.75,31.11,31.93,32.51,32.12,58.98,36.96,33.11,31.93,40.43,44.6,38.14,38.97,39.25,38.69,43.17,98.12
38465,97.24,103.78,31.38,29.25,30.58,30.58,33.11,30.75,31.11,31.93,32.51,32.12,59.31,36.96,33.21,31.93,40.43,44.6,38.01,38.97,39.25,38.69,43,98.12
38486,55.64,100.87,31.38,29.25,30.58,30.58,33.11,30.75,31.11,31.93,32.51,32.12,59.31,36.96,33.21,31.93,40.58,44.6,38.14,38.97,39.25,38.69,43.17,98.12
38506,71.96,101.83,31.38,29.25,30.58,30.58,33.11,30.75,31.11,31.93,32.51,32.12,56.22,36.96,33.21,31.93,40.43,44.6,38.01,38.83,39.25,38.55,43.17,98.12
38525,40.73,100.87,31.29,29.25,30.58,30.58,33.11,30.75,31.02,31.93,32.51,32.12,56.51,36.96,33.21,31.93,40.12,44.6,38.01,38.97,39.25,38.69,43,97.24
38545,38.69,100.87,31.2,29.25,30.58,30.58,33.11,30.75,31.11,31.93,32.51,32.12,57.41,36.96,33.21,31.93,40.43,44.6,38.01,38.97,39.25,38.69,43.17,98.12
38564,97.24,103.78,31.2,29.25,30.58,30.58,33.11,30.75,31.02,31.93,32.51,32.12,56.81,36.96,33.21,32.03,40.43,44.42,38.01,38.97,39.25,38.69,43,101.83
38584,96.37,102.8,31.2,29.25,30.58,30.58,32.91,30.75,31.11,31.93,32.51,32.12,57.11,36.84,33.31,31.93,40.43,44.6,38.01,38.97,39.11,38.69,43.17,101.83
38605,97.24,103.78,31.29,29.25,30.58,30.58,33.01,30.75,31.11,31.93,32.51,32.12,56.81,36.96,33.21,32.03,40.43,44.42,38.01,38.97,39.25,38.69,43.17,100.87
38623,96.37,103.78,31.29,29.25,30.58,30.58,32.91,30.75,31.11,31.56,32.51,32.12,56.22,36.96,33.21,32.03,40.43,44.42,38.01,38.97,39.25,38.69,43,100.87
38644,97.24,102.8,31.29,29.25,30.58,30.58,32.91,30.75,31.11,31.56,32.51,32.12,56.51,36.96,33.21,32.03,40.43,44.42,38.01,38.83,39.25,38.69,43,101.83
38662,97.24,103.78,31.2,29.25,30.58,30.58,32.91,30.75,31.11,31.56,32.51,32.12,56.22,36.96,33.21,32.03,40.43,44.6,38.01,38.97,39.25,38.55,43.17,101.83
38683,97.24,102.8,31.2,29.25,30.58,30.58,33.01,30.75,31.11,31.56,32.51,32.12,55.92,36.96,33.21,32.03,40.43,44.42,38.01,38.97,39.25,38.69,43,101.83
38701,97.24,102.8,31.2,29.25,30.58,30.58,32.91,30.75,31.11,31.56,32.51,32.12,55.35,36.96,33.21,32.03,40.43,44.6,38.01,38.97,39.25,38.69,43,100.87
38721,97.24,102.8,31.2,29.25,30.58,30.58,32.91,30.75,31.11,31.56,32.51,32.12,55.35,36.96,33.21,32.03,40.43,44.42,38.01,38.97,39.25,38.69,43,101.83
38742,97.24,102.8,31.29,29.25,30.58,30.58,32.91,30.75,31.11,31.56,32.51,32.12,55.35,36.96,33.21,32.03,40.27,44.6,38.01,38.83,39.11,38.55,43,99.94
38760,97.24,102.8,31.2,29.25,30.58,30.58,32.91,30.75,31.11,31.56,32.51,32.12,55.07,36.96,33.21,32.03,40.27,44.6,38.01,38.83,39.25,38.69,43,101.83
38781,97.24,102.8,31.2,29.25,30.58,30.58,33.01,30.75,31.11,31.56,32.51,32.12,55.35,36.96,33.21,32.03,40.43,44.6,38.01,38.97,39.11,38.69,43,101.83
38799,96.37,99.02,31.2,29.25,30.58,30.58,36.1,30.75,31.11,31.56,32.51,32.12,55.07,36.96,33.31,32.03,40.43,44.42,38.01,38.97,39.25,38.55,43,100.87
38820,97.24,102.8,31.2,29.25,30.58,30.58,36.22,30.75,31.11,31.56,32.51,32.12,55.07,36.96,33.21,32.03,40.43,44.42,38.01,38.97,39.25,38.55,43,101.83
38838,97.24,102.8,31.2,29.25,30.58,30.58,44.06,30.75,31.11,31.56,32.51,32.12,55.07,36.96,33.21,32.03,40.43,44.6,38.01,38.83,39.25,38.55,43,101.83
38859,97.24,102.8,31.2,29.25,30.58,30.58,35.39,30.75,31.11,31.56,32.51,32.12,55.07,36.96,33.21,32.03,40.43,44.6,38.01,38.97,39.25,38.55,43.17,101.83
38879,97.24,102.8,31.2,29.25,30.58,30.58,58.34,30.75,31.11,31.56,32.51,32.12,55.35,36.96,33.31,32.03,40.43,44.6,38.01,38.83,39.11,38.69,43,100.87
38898,97.24,102.8,31.2,29.25,30.58,30.58,40.27,30.75,31.11,31.56,32.51,32.12,55.35,36.96,33.21,32.03,40.43,44.6,38.01,38.83,39.25,38.69,43,101.83
38918,98.12,102.8,31.2,29.25,30.58,30.58,43.88,30.75,31.11,31.56,32.51,32.12,55.35,36.96,33.21,32.03,40.43,44.42,38.01,38.97,39.11,38.69,43,100.87
38936,97.24,102.8,31.2,29.25,30.58,30.58,38.83,30.75,31.11,31.56,32.51,32.12,55.07,36.96,33.21,32.03,40.43,44.42,38.01,38.83,39.11,38.69,43,101.83
38957,98.12,102.8,31.2,29.25,30.58,30.58,44.79,30.75,31.11,31.56,32.51,32.12,55.07,36.96,33.21,32.03,40.27,44.42,38.01,38.83,39.25,38.69,43,100.87
38977,98.12,101.83,31.2,29.25,30.58,30.58,51.4,30.75,31.11,31.56,32.51,32.12,55.07,36.96,33.21,32.03,40.43,44.42,38.01,38.83,39.25,38.69,43,101.83
38996,98.12,102.8,31.2,29.25,30.58,30.58,32.12,30.75,31.11,31.56,32.51,32.12,55.07,36.96,33.31,32.03,40.43,44.42,38.01,38.83,39.25,38.69,43,102.8
39016,97.24,102.8,31.2,29.25,30.58,30.58,32.22,30.75,31.11,31.56,32.51,32.12,55.07,36.96,33.31,32.03,40.43,44.24,38.01,38.83,39.25,38.69,43,101.83
39035,97.24,103.78,31.2,29.25,30.58,30.58,32.22,30.75,31.11,31.56,32.51,32.12,55.35,36.96,33.31,32.03,40.43,44.42,38.01,38.97,39.11,38.69,43,100.87
39055,97.24,102.8,31.2,29.25,30.58,30.58,32.22,30.75,31.11,31.56,32.51,32.12,54.79,36.96,33.21,32.03,40.43,44.42,38.01,38.97,39.11,38.55,43,100.87
39074,97.24,102.8,31.2,29.25,30.58,30.58,32.22,30.75,31.2,31.56,32.51,32.12,55.07,36.96,33.31,32.03,40.43,44.42,38.01,38.83,39.11,38.69,42.83,101.83
39094,97.24,103.78,31.2,29.25,30.58,30.58,32.32,30.75,31.2,31.56,32.51,32.12,55.07,36.96,33.31,32.03,40.43,44.42,38.01,38.97,39.25,38.69,43,101.83
39115,97.24,103.78,31.2,29.25,30.58,30.58,32.22,30.75,31.2,31.56,32.51,32.12,55.07,36.96,33.31,32.03,40.43,44.42,38.01,38.83,39.25,38.69,43,101.83
39133,97.24,103.78,31.29,29.25,30.58,30.58,32.22,30.75,31.29,31.56,32.51,32.12,55.07,36.96,33.31,32.03,40.43,44.24,38.01,38.97,39.25,38.69,43,101.83
39154,97.24,103.78,31.29,29.25,30.58,30.58,32.22,30.75,31.29,31.56,32.51,32.22,57.72,36.96,33.31,32.03,40.43,44.42,38.01,38.97,39.25,38.69,43,102.8
39172,97.24,103.78,31.29,29.25,30.58,30.58,32.22,30.75,31.29,31.56,32.51,32.12,57.41,36.96,33.31,32.03,40.27,44.42,38.01,38.83,39.11,38.69,43,101.83
39192,97.24,102.8,31.29,29.25,30.58,30.58,32.22,30.75,31.38,31.56,32.51,32.12,57.72,36.96,33.31,32.03,40.43,44.42,38.01,38.97,39.11,38.69,43,101.83
39211,96.37,76.01,31.29,29.25,30.58,30.58,32.22,30.75,31.2,32.03,32.51,32.12,57.72,36.96,33.31,32.03,40.43,44.42,38.01,38.97,39.25,38.69,43,100.87
39231,95.52,59.96,31.2,29.25,30.58,30.58,32.22,30.75,31.38,32.03,32.51,32.12,57.72,36.96,33.21,32.03,40.43,44.42,38.01,38.97,39.25,38.69,43,101.83
39252,97.24,99.02,31.29,29.25,30.58,30.58,32.22,30.75,31.38,32.03,32.51,32.12,57.72,36.96,33.21,32.03,40.43,44.42,38.01,38.97,39.11,38.69,43,102.8
39270,96.37,89.2,31.38,29.25,30.58,30.58,32.22,30.75,31.38,32.03,32.51,32.12,57.72,36.96,33.31,32.03,40.43,44.97,38.01,38.97,39.25,38.69,43,100.87
39291,96.37,57.11,31.38,29.25,30.58,30.58,32.22,30.75,31.38,32.03,32.51,32.12,57.72,36.96,33.31,32.03,40.43,49.29,38.01,38.83,39.11,38.69,43,100.87
39309,96.37,100.87,31.38,29.25,30.58,30.58,32.22,30.75,31.38,32.03,32.51,32.12,57.72,36.96,33.31,32.03,40.43,50.67,38.01,38.97,39.25,38.55,43,101.83
39330,95.52,73.93,31.38,29.25,30.58,30.58,38.97,30.75,31.38,31.93,32.51,32.12,60.3,36.96,33.31,32.03,40.43,44.97,38.01,38.97,39.11,38.69,43,101.83
39350,97.24,102.8,31.38,29.25,30.58,30.58,39.83,30.75,31.29,31.93,32.51,32.12,57.41,36.96,33.31,32.03,40.43,45.35,38.01,38.83,39.11,38.69,43,101.83
39369,97.24,102.8,31.47,29.25,30.58,30.58,34.37,30.75,31.29,31.93,32.51,32.12,57.41,36.96,33.31,32.03,40.43,45.16,38.01,38.97,39.11,38.69,43,101.83
39389,97.24,101.83,31.47,29.25,30.58,30.58,36.1,30.75,31.29,31.93,32.51,32.12,57.72,37.09,33.31,32.03,40.12,45.74,38.01,38.97,39.25,38.69,43,102.8
39408,96.37,102.8,31.47,29.25,30.58,30.58,33.11,30.75,31.38,31.93,32.51,32.12,57.41,36.96,33.31,32.03,40.27,46.13,38.01,38.97,39.25,38.69,43,101.83
39428,96.37,102.8,31.47,29.25,30.58,30.58,35.62,30.75,31.38,31.93,32.51,32.12,54.79,36.96,33.31,31.93,40.43,45.54,38.01,38.97,39.25,38.69,43,101.83
39446,94.68,102.8,31.47,29.25,30.58,30.58,34.59,30.75,31.38,31.93,32.51,32.12,57.72,36.96,33.31,31.93,40.43,45.16,38.14,38.83,39.25,38.69,43,100.87
39467,93.86,50.67,31.47,29.25,30.58,30.58,35.98,30.75,31.38,32.03,32.51,32.12,57.72,36.96,33.21,31.93,40.27,44.42,38.01,38.97,39.25,38.69,43.52,100.87
39487,39.83,71.96,31.47,29.25,30.58,30.58,36.59,30.75,31.38,32.03,32.51,32.12,57.72,36.96,33.31,31.93,40.43,44.42,38.14,38.97,39.25,38.69,43.52,100.87
39506,39.25,99.94,31.47,29.25,30.58,30.58,35.04,30.75,31.38,31.93,32.51,32.12,57.72,36.96,33.31,31.93,40.43,44.6,38.01,38.97,39.25,38.69,43.7,101.83
39526,96.37,102.8,31.47,29.25,30.58,30.66,35.62,30.75,31.29,32.03,32.51,32.12,57.72,36.84,33.21,31.93,40.43,44.6,38.01,38.97,39.25,38.69,43.7,102.8
39545,97.24,102.8,31.47,29.25,30.58,30.58,33.62,30.75,31.29,32.03,32.51,32.12,58.03,36.84,33.31,31.93,40.43,44.42,38.01,38.97,39.11,38.69,43.7,101.83
39565,97.24,101.83,31.47,29.25,30.58,30.58,34.05,30.75,31.29,32.03,32.51,32.12,57.72,36.96,33.21,31.93,40.43,44.6,38.14,38.97,39.25,38.69,44.06,101.83
39584,96.37,101.83,31.47,29.25,30.58,30.58,43.35,30.75,31.29,32.03,32.51,32.12,57.72,36.96,33.21,31.93,40.43,44.42,38.14,38.97,39.25,38.69,44.06,101.83
39604,96.37,101.83,31.47,29.25,30.58,30.58,38.97,30.75,31.29,31.93,32.51,32.12,58.03,36.96,33.21,31.93,40.43,44.6,38.01,38.97,39.25,38.69,43.7,101.83
39625,96.37,101.83,31.65,29.25,30.58,30.58,33.01,30.75,31.38,32.03,32.51,32.12,59.31,36.96,33.21,31.93,40.58,44.79,38.14,38.97,39.25,38.69,43.7,101.83
39643,95.52,101.83,31.65,29.25,30.58,30.58,34.93,30.75,31.29,32.03,32.51,32.12,58.03,36.84,33.31,31.93,40.43,45.54,38.14,38.83,39.25,38.69,43.88,101.83
39664,96.37,101.83,31.56,29.25,30.58,30.58,33.31,30.75,31.02,31.93,32.51,32.12,58.34,36.96,33.31,31.93,40.43,45.16,38.01,38.97,39.25,38.69,43.88,101.83
39682,96.37,100.87,31.56,29.25,30.58,30.66,32.22,30.75,31.02,31.93,32.51,32.12,58.34,36.96,33.21,31.93,40.43,45.16,38.14,38.97,39.25,38.69,43.88,101.83
39702,96.37,100.87,31.56,29.25,30.58,30.66,32.22,30.75,31.02,31.93,32.51,32.12,58.34,36.96,33.21,31.93,40.43,45.16,38.14,38.97,39.11,38.69,43.88,101.83
39723,95.52,100.87,31.56,29.25,30.58,30.66,32.22,30.75,31.02,31.93,32.51,32.12,58.66,36.84,33.21,31.93,40.43,45.16,38.14,38.97,39.25,38.69,43.88,101.83
39741,95.52,99.94,31.56,29.25,30.58,30.66,32.22,30.75,31.02,31.93,32.51,32.12,58.66,36.84,33.21,31.84,40.43,45.93,38.14,38.97,39.25,38.69,43.88,100.87
39762,95.52,99.94,31.56,29.25,30.58,30.66,32.22,30.75,31.02,31.93,32.51,32.12,58.34,36.96,33.31,31.93,40.43,54.79,38.01,38.97,39.25,38.69,44.06,100.87
39780,95.52,99.02,31.56,29.25,30.58,30.66,32.22,30.75,31.02,31.93,32.51,32.12,58.34,36.96,33.21,31.93,40.43,49.74,38.14,38.97,39.25,38.69,44.06,100.87
39801,94.68,99.94,31.56,29.25,30.58,30.66,32.22,30.75,31.02,32.03,32.51,32.12,58.66,36.96,33.21,31.93,40.43,44.42,38.14,38.97,39.11,38.69,44.06,100.87
39819,95.52,99.02,31.56,29.25,30.58,30.66,32.22,30.75,31.02,32.03,32.51,32.12,58.66,36.96,33.21,31.84,40.43,44.6,38.14,38.97,39.25,38.69,44.06,100.87
39840,94.68,99.02,31.56,29.25,30.58,30.66,32.22,30.75,31.02,31.93,32.51,32.12,58.34,36.96,33.21,31.93,40.43,44.42,38.14,38.97,39.25,38.69,44.06,100.87
39860,94.68,99.02,31.56,29.25,30.58,30.66,32.22,30.75,31.02,32.03,32.51,32.12,58.98,36.96,33.21,31.93,40.43,44.6,38.14,38.97,39.25,38.69,44.24,101.83
39879,94.68,99.02,31.56,29.25,30.58,30.66,32.22,30.75,31.02,32.03,32.51,32.12,58.98,36.96,33.21,31.84,40.43,44.6,38.14,38.97,39.25,38.69,44.24,100.87
39899,94.68,99.02,31.56,29.25,30.58,30.66,32.61,30.75,31.11,32.03,32.51,32.12,58.98,36.96,33.21,31.84,40.27,44.6,38.14,38.97,39.25,38.69,44.24,99.94
39917,94.68,98.12,31.56,29.25,30.58,30.66,33.52,30.75,31.11,31.93,32.51,32.12,58.98,36.96,33.21,31.84,40.43,44.6,38.14,38.97,39.25,38.69,44.06,99.94
39938,94.68,98.12,31.56,29.25,30.58,30.66,32.22,30.75,31.2,32.03,32.51,32.12,58.66,36.96,33.21,31.84,40.43,44.6,38.14,38.97,39.25,38.69,44.24,99.94
39956,94.68,98.12,31.56,29.25,30.58,30.66,32.22,30.75,31.38,31.93,32.51,32.12,58.34,36.84,33.21,31.84,40.43,44.6,38.14,38.97,39.11,38.69,44.06,100.87
39977,94.68,99.02,31.56,29.25,30.58,30.66,32.22,30.75,31.02,31.93,32.51,32.12,58.66,36.84,33.11,31.84,40.43,44.6,38.14,38.97,39.25,38.69,44.06,99.94
39997,94.68,98.12,31.65,29.25,30.58,30.66,32.22,30.75,31.02,31.93,32.51,32.12,58.34,36.84,33.21,31.84,40.27,44.6,38.14,38.97,39.25,38.69,43.88,100.87
40016,94.68,99.02,31.65,29.25,30.58,30.66,32.22,30.75,31.02,31.93,32.51,32.12,59.31,36.84,33.21,31.84,40.43,44.6,38.14,38.97,39.25,38.69,43.7,100.87
40036,94.68,98.12,31.65,29.25,30.58,30.66,32.22,30.75,31.02,31.93,32.51,32.12,58.98,36.96,33.21,31.84,40.43,44.79,38.14,38.97,39.25,38.69,43.7,101.83
40055,94.68,99.94,31.65,29.25,30.58,30.66,32.22,30.75,31.02,32.03,32.51,32.12,58.98,36.96,33.21,31.84,40.43,44.6,38.14,38.97,39.25,38.69,43.88,101.83
40075,94.68,99.02,31.65,29.25,30.58,30.66,32.22,30.75,31.02,32.03,32.51,32.12,59.31,36.84,33.21,31.84,40.43,44.79,38.14,38.97,39.25,38.69,43.88,101.83
40096,95.52,99.94,31.65,29.25,30.58,30.66,32.22,30.75,31.11,31.93,32.51,32.12,59.31,36.96,33.21,31.84,40.43,44.6,38.14,38.97,39.25,38.69,43.88,101.83
40114,95.52,99.94,31.65,29.25,30.58,30.66,32.12,30.75,31.11,31.93,32.51,32.12,58.98,36.84,33.21,31.84,40.43,44.6,38.14,38.97,39.25,38.69,43.88,101.83
40135,95.52,99.94,31.65,29.25,30.58,30.66,32.22,30.75,31.11,32.03,32.61,32.12,58.98,36.84,33.21,31.84,40.43,44.6,38.14,38.97,39.25,38.69,43.88,101.83
40153,95.52,99.94,31.65,29.25,30.58,30.66,32.41,30.75,31.11,32.03,32.51,32.12,58.66,36.84,33.21,31.84,40.43,44.6,38.14,38.97,39.25,38.69,44.06,101.83
40173,95.52,99.94,31.65,29.25,30.58,30.66,32.81,30.75,31.11,32.03,32.51,32.12,58.98,36.96,33.21,31.84,40.43,44.97,38.14,38.97,39.11,38.55,44.24,101.83
40192,95.52,100.87,31.65,29.25,30.58,30.66,37.61,30.75,31.11,31.93,32.51,32.12,59.31,36.84,33.21,31.84,40.43,44.79,38.14,38.97,39.25,38.69,44.06,101.83
40212,95.52,100.87,31.65,29.25,30.58,30.66,54.24,30.75,31.11,32.03,32.51,32.12,59.31,36.84,33.21,31.84,40.43,44.79,38.14,38.97,39.25,38.69,44.06,100.87
40233,95.52,100.87,31.65,29.25,30.58,30.66,61.68,30.75,31.11,31.93,32.51,32.12,59.31,36.96,33.21,31.84,40.43,44.97,38.14,38.97,39.25,38.69,43.7,101.83
40251,95.52,99.94,31.65,29.25,30.58,30.66,53.43,30.75,31.02,31.93,32.51,32.12,59.31,36.96,33.21,31.84,40.43,44.79,38.14,38.97,39.25,38.69,43.7,102.8
40272,96.37,100.87,31.65,29.25,30.58,30.58,60.98,30.75,31.11,32.03,32.51,32.12,59.31,36.84,33.21,31.84,40.43,44.6,38.14,38.97,39.25,38.69,43.7,101.83
40290,95.52,100.87,31.65,29.25,30.58,30.58,49.74,30.75,31.11,32.03,32.51,32.12,58.98,36.84,33.21,31.84,40.43,44.6,38.14,38.97,39.25,38.55,45.54,101.83
40311,95.52,100.87,31.65,29.25,30.58,30.66,47.97,30.75,31.11,32.03,32.51,32.12,59.63,36.96,33.21,31.84,40.43,44.6,38.14,38.97,39.25,38.69,48.19,101.83
40329,96.37,100.87,31.65,29.25,30.58,30.58,49.74,30.75,31.11,32.03,32.61,32.12,59.31,36.96,33.21,31.93,40.43,44.6,38.14,38.97,39.25,38.69,47.55,101.83
40350,96.37,101.83,31.65,29.25,30.58,30.66,59.31,30.75,31.11,32.03,32.51,32.12,59.31,36.84,33.21,31.84,40.43,44.6,38.14,38.97,39.11,38.69,49.29,101.83
40370,96.37,101.83,31.65,29.25,30.58,30.66,45.93,30.75,31.11,31.93,32.51,32.12,59.31,36.84,33.21,31.93,40.43,44.6,38.01,38.97,39.25,38.55,48.19,101.83
40389,96.37,101.83,31.56,29.25,30.58,30.58,47.13,30.75,31.11,32.03,32.51,32.12,58.98,36.84,33.31,31.84,40.43,44.6,38.14,38.97,39.25,38.69,48.4,100.87
40409,96.37,101.83,31.65,29.25,30.58,30.58,41.35,30.75,31.2,31.93,32.51,32.12,59.31,36.84,33.31,31.84,40.43,44.6,38.14,38.97,39.25,38.69,49.06,101.83
40427,96.37,101.83,31.56,29.25,30.58,30.58,51.64,30.75,31.11,31.93,32.51,32.12,58.98,36.96,33.21,31.84,40.43,44.6,38.14,38.97,39.25,38.69,49.06,102.8
40448,96.37,101.83,31.56,29.25,30.58,30.58,55.07,30.75,31.11,31.93,32.51,32.12,59.31,36.96,33.21,31.93,40.43,44.6,38.14,38.97,39.25,38.69,49.06,101.83
40466,96.37,101.83,31.56,29.25,30.58,30.58,52.91,30.75,31.11,31.93,32.51,32.12,59.31,36.96,33.21,31.93,40.43,44.6,38.14,38.97,39.25,38.69,48.62,101.83
40487,97.24,101.83,31.47,29.25,30.58,30.58,42.49,30.75,31.11,32.03,32.51,32.12,59.31,36.96,33.31,31.84,40.43,44.6,38.14,38.97,39.25,38.69,49.29,100.87
40507,96.37,101.83,31.56,29.25,30.58,30.58,62.03,30.75,31.11,32.03,32.51,32.12,59.31,36.96,33.21,31.93,40.43,44.6,38.14,38.97,39.25,38.69,48.19,101.83
40526,96.37,101.83,31.56,29.25,30.58,30.58,57.41,30.75,31.11,32.03,32.51,32.12,59.31,36.96,33.31,31.93,40.43,44.6,38.14,38.97,39.25,38.69,47.76,101.83
40546,97.24,102.8,31.56,29.25,30.58,30.58,63.49,30.75,31.11,32.03,32.51,32.12,59.31,36.84,33.21,31.84,40.43,44.6,38.01,38.97,39.25,38.69,47.34,101.83
40565,96.37,102.8,31.47,29.25,30.58,30.58,52.14,30.75,31.11,32.03,32.51,32.12,59.63,36.84,33.21,31.93,40.43,44.6,38.14,38.97,39.25,38.69,47.76,101.83
40585,97.24,102.8,31.56,29.25,30.58,30.58,63.87,30.75,31.11,32.03,32.51,32.12,59.63,36.96,33.31,31.93,40.43,44.6,38.01,38.97,39.25,38.69,46.13,101.83
40604,97.24,102.8,31.65,29.25,30.58,30.58,63.87,30.75,31.11,32.03,32.51,32.12,59.63,36.84,33.31,31.84,40.43,44.42,38.01,38.97,39.25,38.69,44.6,101.83
40624,97.24,102.8,31.65,29.25,30.58,30.58,63.87,30.75,31.11,32.03,32.51,32.12,59.63,36.84,33.21,31.93,40.27,44.6,38.01,38.97,39.25,38.69,44.42,102.8
40645,96.37,102.8,31.56,29.25,30.58,30.58,63.87,30.75,31.2,32.03,32.51,32.12,59.96,36.84,33.21,31.93,40.27,44.42,38.01,38.97,39.25,38.55,43.7,101.83
40663,97.24,102.8,31.56,29.25,30.58,30.58,63.87,30.75,31.47,32.03,32.51,32.12,59.96,36.84,33.31,31.93,40.43,44.42,38.14,38.97,39.25,38.69,43.7,101.83
40683,97.24,102.8,31.56,29.25,30.58,30.58,64.25,30.75,31.47,32.03,32.51,32.12,59.63,36.96,33.21,31.84,40.43,44.6,38.01,38.97,39.25,38.69,43.7,101.83
40702,97.24,102.8,31.65,29.25,30.58,30.58,64.25,30.75,31.75,32.03,32.51,32.12,59.63,36.96,33.31,31.93,40.43,44.6,38.14,38.97,39.25,38.69,43.7,101.83
40722,64.25,100.87,31.56,29.25,30.58,30.58,63.49,30.75,32.41,32.03,32.51,32.12,59.31,36.84,33.21,31.93,40.43,44.6,38.14,38.97,39.25,38.69,43.7,101.83
40743,58.34,101.83,31.65,29.25,30.58,30.58,63.49,30.75,32.32,32.03,32.51,32.12,59.63,36.96,33.21,31.93,40.43,44.6,38.01,38.97,39.25,38.69,43.7,102.8
40761,96.37,102.8,31.65,29.25,30.58,30.58,63.87,30.75,31.2,32.03,32.51,32.12,59.96,36.96,33.21,31.93,40.43,44.6,38.01,38.97,39.25,38.69,43.7,102.8
40782,97.24,102.8,31.65,29.25,30.58,30.58,63.49,30.75,31.02,32.03,32.51,32.12,59.96,36.96,33.21,31.93,40.43,44.6,38.01,38.97,39.25,38.69,43.7,101.83
40800,95.52,102.8,31.65,29.25,30.58,30.58,63.12,30.75,31.11,32.03,32.51,32.12,59.63,36.96,33.31,31.93,40.43,44.6,38.01,38.97,39.25,38.69,43.7,102.8
40821,96.37,101.83,31.65,29.25,30.58,30.58,63.12,30.75,31.11,32.03,32.51,32.12,59.63,36.84,33.21,31.84,40.43,44.79,38.01,38.97,39.11,38.55,43.52,101.83
40839,96.37,102.8,31.56,29.25,30.58,30.58,63.12,30.75,31.11,32.03,32.51,32.12,59.63,36.96,33.31,31.93,40.43,44.97,38.01,38.83,39.25,38.69,43.7,101.83
40860,41.51,100.87,31.56,29.25,30.58,30.58,62.75,30.75,31.11,32.03,32.51,32.12,59.63,36.84,33.21,31.84,40.43,44.79,38.01,38.97,39.25,38.69,43.52,101.83
40880,41.51,101.83,31.47,29.25,30.58,30.58,62.39,30.75,31.11,32.03,32.51,32.12,59.31,36.84,33.21,31.93,40.43,44.6,38.01,38.97,39.25,38.69,43.52,101.83
40898,38.55,100.87,31.47,29.25,30.58,30.58,62.39,30.75,31.11,32.03,32.51,32.12,59.31,36.84,33.21,31.93,40.43,44.42,38.01,38.97,39.25,38.69,43.52,101.83
40919,38.55,100.87,31.47,29.25,30.58,30.58,62.39,30.75,31.11,32.03,32.51,32.12,59.31,36.96,33.21,31.93,40.43,44.42,38.01,38.97,39.25,38.55,43.7,101.83
40937,40.58,100.87,31.47,29.25,30.58,30.58,62.39,30.75,31.02,32.12,32.51,32.12,59.31,36.84,33.21,31.93,40.27,44.42,38.01,38.97,39.25,38.69,43.17,101.83
40958,62.03,100.87,31.38,29.25,30.58,30.58,61.68,30.75,31.11,32.22,32.51,32.12,59.31,36.96,33.31,31.93,40.27,44.42,38.01,38.97,39.25,38.69,43,101.83
40976,40.88,100.87,31.29,29.25,30.58,30.58,62.39,30.75,31.02,32.22,32.51,32.12,59.31,36.84,33.21,31.93,40.12,44.42,38.01,38.97,39.25,38.69,43,101.83
40997,39.25,100.87,31.29,29.25,30.58,30.58,62.03,30.75,31.11,32.22,32.51,32.12,59.31,36.96,33.31,31.93,40.43,44.42,38.01,38.97,39.25,38.69,43,100.87
41017,40.43,102.8,31.29,29.25,30.58,30.58,62.39,30.75,31.11,32.12,32.51,32.12,59.63,36.96,33.31,31.93,40.43,44.42,38.01,38.97,39.11,38.69,43,101.83
41036,96.37,102.8,31.29,29.25,30.58,30.49,62.39,30.75,31.11,32.03,32.51,32.12,59.31,36.96,33.21,31.93,40.43,44.42,38.01,38.83,39.11,38.69,43,101.83
41056,95.52,102.8,31.29,29.25,30.58,30.58,61.33,30.75,31.11,32.03,32.51,32.12,58.98,36.84,33.31,31.93,40.43,44.42,38.01,38.97,39.11,38.69,43,99.94
41075,57.72,63.49,31.29,29.25,30.58,30.58,61.68,30.75,31.11,32.03,32.51,32.12,59.31,36.96,33.21,31.93,40.43,44.42,38.01,38.97,39.11,38.69,43,100.87
41095,71.48,95.52,31.29,29.25,30.58,30.49,59.63,30.75,31.11,32.03,32.51,32.12,58.66,36.96,33.21,32.03,40.12,44.42,38.01,38.83,39.11,38.55,43,101.83
41114,44.42,99.02,31.29,29.25,30.58,30.58,33.73,30.75,31.11,32.03,32.51,32.12,58.98,36.84,33.31,32.03,40.27,44.42,38.01,38.97,39.25,38.69,43,100.87
41134,67.46,99.94,31.29,29.25,30.58,30.58,32.22,30.75,31.11,32.03,32.51,32.12,59.31,36.84,33.21,32.03,40.27,44.42,38.01,38.97,39.11,38.55,43,100.87
41154,58.66,99.94,31.29,29.25,30.58,30.49,32.22,30.75,31.11,32.03,32.51,32.12,59.63,36.96,33.31,32.03,40.43,44.42,38.01,38.97,39.11,38.69,43,101.83
41175,95.52,102.8,31.47,29.25,30.58,30.49,32.32,30.75,31.11,32.12,32.51,32.12,58.98,36.96,33.21,31.93,40.43,44.42,38.01,38.97,39.11,38.69,43,101.83
41193,96.37,100.87,31.29,29.25,30.58,30.58,32.22,30.75,31.11,32.03,32.51,32.12,59.31,36.96,33.21,32.03,40.43,44.42,38.01,38.97,39.11,38.69,42.83,101.83
41214,95.52,101.83,31.29,29.25,30.58,30.49,44.97,30.75,31.11,32.03,32.51,32.12,58.98,36.96,33.21,32.03,40.43,44.6,38.01,38.97,39.11,38.55,43,100.87
41232,38.83,100.87,31.2,29.25,30.58,30.49,48.62,30.75,31.11,32.03,32.51,32.12,58.98,36.96,33.31,32.03,40.43,44.6,38.01,38.97,39.11,38.69,42.83,99.94
41253,42.49,95.52,31.2,29.25,30.58,30.49,59.96,30.75,31.11,32.03,32.51,32.12,58.66,36.84,33.21,32.03,40.43,44.42,38.01,38.83,39.11,38.69,42.83,100.87
41271,38.83,98.12,31.2,29.25,30.58,30.49,60.3,30.75,31.11,32.03,32.51,32.12,59.31,36.84,33.21,32.03,40.43,44.42,37.87,38.83,39.25,38.69,43,100.87
41292,93.05,71.48,31.2,29.25,30.58,30.49,41.51,30.75,31.11,32.03,32.51,32.12,58.98,36.96,33.31,31.93,40.43,44.42,38.01,38.97,39.11,38.69,43,101.83
41312,97.24,102.8,31.2,29.25,30.58,30.49,58.66,30.75,31.11,32.03,32.51,32.12,58.98,36.96,33.31,31.93,40.43,44.42,38.01,38.83,39.25,38.69,43,101.83
41331,96.37,102.8,31.2,29.25,30.58,30.58,51.15,30.75,31.11,32.03,32.51,32.12,58.98,36.84,33.31,32.03,40.43,44.6,38.01,38.83,39.11,38.69,43,101.83
41351,96.37,102.8,31.29,29.25,30.58,30.49,62.03,30.75,31.11,32.03,32.51,32.12,58.98,36.84,33.21,32.03,40.27,44.6,38.01,38.83,39.11,38.69,43,101.83
41370,97.24,102.8,31.2,29.25,30.58,30.58,51.15,30.75,31.11,32.03,32.51,32.12,58.98,36.84,33.21,32.03,40.43,44.79,38.01,38.83,39.25,38.69,43,101.83
41390,97.24,100.87,31.2,29.25,30.58,30.58,52.91,30.75,31.11,32.03,32.51,32.12,59.31,36.96,33.21,32.03,40.43,46.32,38.01,38.97,39.11,38.69,43,101.83
41410,97.24,102.8,31.2,29.25,30.58,30.49,53.7,30.75,31.11,32.03,32.51,32.12,59.31,36.96,33.21,32.03,40.43,46.93,38.01,38.97,39.25,38.69,43,101.83
41429,97.24,101.83,31.2,29.25,30.58,30.49,49.97,30.75,31.11,31.93,32.51,32.12,59.31,36.96,33.21,32.03,40.12,50.67,38.01,38.83,39.11,38.55,42.83,101.83
41449,97.24,102.8,31.2,29.25,30.58,30.49,41.35,30.75,31.11,31.93,32.51,32.12,58.98,36.96,33.21,32.03,40.43,44.97,38.01,38.97,39.25,38.55,43,100.87
41468,97.24,102.8,31.2,29.25,30.58,30.58,61.33,30.75,31.11,31.93,32.51,32.12,59.31,36.96,33.21,31.93,40.43,44.97,38.01,38.83,39.25,38.69,43,101.83
41488,96.37,101.83,31.29,29.25,30.58,30.49,61.68,30.75,31.11,31.93,32.51,32.12,59.31,36.96,33.31,31.93,40.43,44.97,38.01,38.97,39.11,38.55,43,101.83
41507,98.12,101.83,31.2,29.25,30.58,30.49,58.34,30.75,31.11,31.93,32.51,32.12,59.31,36.96,33.31,32.03,40.43,44.97,38.01,38.97,39.11,38.69,43,100.87
41527,55.35,100.87,31.29,29.25,30.58,30.49,59.96,30.75,31.11,31.93,32.51,32.12,59.31,36.96,33.31,32.03,40.27,44.79,38.01,38.97,39.11,38.69,43,101.83
41548,96.37,102.8,31.2,29.25,30.58,30.49,33.11,30.75,31.11,31.93,32.51,32.12,58.98,36.96,33.31,31.93,40.43,44.97,38.01,38.97,39.25,38.55,43,101.83
41566,96.37,102.8,31.29,29.25,30.58,30.49,37.22,30.75,31.11,31.93,32.51,32.12,58.98,36.96,33.21,31.93,40.43,45.35,38.01,38.97,39.11,38.69,43,102.8
41587,96.37,102.8,31.29,29.25,30.58,30.49,41.04,30.75,31.11,32.03,32.51,32.12,58.98,36.96,33.31,31.93,40.43,45.74,38.01,38.97,39.11,38.55,43,101.83
41605,97.24,102.8,31.29,29.25,30.58,30.49,59.31,30.75,31.2,32.03,32.51,32.12,58.98,36.96,33.21,31.93,40.43,46.73,38.01,38.97,39.11,38.69,43,101.83
41626,94.68,53.7,31.29,29.25,30.58,30.49,45.54,30.75,31.11,32.03,32.51,32.12,56.22,36.84,33.31,31.93,40.43,46.13,38.14,38.97,39.25,38.69,43,101.83
41644,94.68,102.8,31.38,29.25,30.58,30.49,57.72,30.75,31.11,32.03,32.51,32.12,55.92,36.96,33.31,31.93,40.43,46.13,38.01,38.97,39.11,38.69,42.83,101.83
41664,84.99,100.87,31.38,29.25,30.58,30.58,43,30.75,31.11,32.03,32.51,32.12,58.98,36.96,33.21,31.93,40.43,45.93,38.01,38.97,39.25,38.69,42.83,99.94
41685,38.83,60.64,31.38,29.25,30.58,30.58,59.31,30.75,31.11,32.03,32.51,32.12,58.98,36.96,33.21,31.93,40.43,45.35,38.01,38.97,39.11,38.55,43,99.94
41703,44.06,70.55,31.47,29.25,30.58,30.49,32.71,30.75,31.11,32.03,32.51,32.12,58.66,36.96,33.31,31.93,40.27,45.93,38.01,38.97,39.25,38.69,43,100.87
41724,51.4,61.68,31.47,29.25,30.58,30.49,53.43,30.75,31.11,32.03,32.51,32.12,58.98,36.96,33.31,31.93,40.43,45.16,38.01,38.97,39.11,38.69,43,100.87
41742,96.37,99.94,31.47,29.25,30.58,30.49,59.31,30.75,31.11,32.03,32.51,32.12,59.31,36.96,33.21,31.93,40.43,45.35,38.01,38.97,39.11,38.69,43,99.94
41763,94.68,92.25,31.47,29.25,30.58,30.49,53.43,30.75,31.11,32.03,32.51,32.12,59.31,36.96,33.31,31.93,40.27,45.74,38.01,38.97,39.25,38.69,43,101.83
41781,96.37,87.75,31.65,29.25,30.58,30.49,53.43,30.75,31.11,32.03,32.51,32.12,59.63,36.96,33.31,31.93,40.43,45.16,38.14,38.97,39.25,38.69,43,101.83
41802,96.37,100.87,31.56,29.25,30.58,30.49,47.34,30.75,31.11,32.03,32.51,32.12,59.31,36.96,33.21,31.93,40.27,55.07,38.01,38.97,39.11,38.69,43,101.83
41822,96.37,101.83,31.56,29.25,30.58,30.49,58.66,30.75,31.11,32.03,32.51,32.12,72.44,36.96,33.21,31.93,40.43,57.41,38.01,38.97,39.25,38.69,43,101.83
41841,95.52,55.64,31.56,29.25,30.58,30.58,53.97,30.75,31.11,32.12,32.51,32.12,59.63,36.84,33.21,31.93,40.43,56.22,38.01,38.97,39.25,38.69,43,100.87
41861,94.68,52.14,31.47,29.25,30.58,30.58,47.76,30.75,31.11,32.12,32.51,32.12,59.31,36.96,33.31,31.93,40.43,57.72,38.01,38.97,39.25,38.69,43.17,101.83
41879,96.37,101.83,31.56,29.25,30.58,30.58,44.24,30.75,31.11,32.12,32.51,32.12,59.96,36.84,33.21,31.93,40.43,58.66,38.14,38.97,39.25,38.69,43.17,101.83
41900,96.37,101.83,31.65,29.25,30.58,30.49,61.68,30.75,31.2,32.12,32.51,32.12,59.96,36.96,33.21,31.93,40.43,68.31,38.01,38.97,39.25,38.55,43.35,101.83
41920,96.37,101.83,31.47,29.25,30.58,30.49,61.68,30.75,31.2,32.12,32.51,32.12,59.96,36.96,33.21,31.84,40.43,69.19,38.01,38.97,39.25,38.69,43.52,102.8
41939,96.37,101.83,31.56,29.25,30.58,30.58,58.98,30.75,31.2,32.03,32.51,32.12,59.31,36.96,33.21,31.93,40.43,68.75,38.14,38.97,39.11,38.69,43.52,102.8
41959,96.37,101.83,31.47,29.25,30.58,30.58,61.68,30.75,31.2,32.03,32.51,32.12,59.31,36.96,33.21,31.93,40.43,68.75,38.14,38.97,39.25,38.55,43.35,102.8
41978,96.37,101.83,31.56,29.25,30.58,30.58,58.34,30.75,31.11,32.03,32.51,32.12,59.31,36.96,33.21,31.93,40.43,68.75,38.14,38.97,39.11,38.69,43.52,102.8
41998,97.24,102.8,31.56,29.25,30.58,30.58,62.75,30.75,31.11,32.03,32.51,32.12,59.31,36.96,33.21,31.93,40.43,68.75,38.01,38.97,39.25,38.69,43.7,101.83
42017,96.37,102.8,31.56,29.25,30.58,30.58,60.64,30.75,31.2,32.03,32.51,32.12,59.31,36.96,33.31,31.93,40.43,68.75,38.14,38.97,39.25,38.69,43.52,101.83
42037,96.37,101.83,31.47,29.25,30.58,30.58,47.76,30.75,31.11,32.03,32.51,32.12,58.98,36.96,33.21,31.93,40.43,69.19,38.01,38.97,39.25,38.69,43.52,101.83
42058,96.37,101.83,31.47,29.25,30.58,30.58,60.3,30.75,31.11,31.93,32.51,32.12,59.31,36.96,33.21,31.93,40.43,68.31,38.01,38.97,39.25,38.69,43.7,101.83
42076,96.37,101.83,31.47,29.25,30.58,30.58,52.14,30.75,31.2,32.03,32.51,32.12,59.31,36.96,33.21,31.93,40.43,71.96,38.14,38.97,39.25,38.69,43.7,101.83
42097,97.24,101.83,31.47,29.25,30.58,30.66,53.97,30.75,31.11,32.03,32.51,32.12,59.63,36.96,33.21,31.93,40.43,72.44,38.14,38.97,39.25,38.69,43.7,102.8
42115,97.24,102.8,31.47,29.25,30.58,30.58,63.49,30.75,31.2,32.03,32.51,32.12,59.31,36.96,33.31,31.93,40.43,71.96,38.14,38.97,39.25,38.69,43.7,102.8
42135,98.12,102.8,31.47,29.25,30.58,30.66,63.12,30.75,31.29,32.03,32.51,32.12,59.31,36.96,33.21,31.93,40.43,44.6,38.14,38.97,39.25,38.69,43.7,102.8
42154,96.37,101.83,31.47,29.25,30.58,30.66,60.64,30.75,31.29,32.03,32.51,32.12,59.63,36.96,33.21,31.93,40.43,44.6,38.14,38.97,39.25,38.69,43.7,101.83
42174,96.37,101.83,31.47,29.25,30.58,30.58,55.35,30.75,31.38,32.03,32.51,32.12,59.31,36.96,33.31,31.93,40.43,44.6,38.14,39.11,39.25,38.69,43.88,101.83
42195,97.24,102.8,31.47,29.25,30.58,30.66,58.34,30.75,31.29,32.03,32.51,32.12,59.31,36.96,33.31,31.93,40.43,44.6,38.14,38.97,39.25,38.69,44.06,101.83
42213,96.37,102.8,31.47,29.25,30.58,30.66,60.3,30.75,31.29,32.03,32.51,32.12,59.31,36.96,33.21,31.93,40.43,44.6,38.14,38.97,39.25,38.69,44.06,101.83
42234,96.37,102.8,31.47,29.25,30.58,30.66,61.68,30.75,31.11,32.03,32.51,32.12,59.31,36.96,33.21,31.93,40.43,44.6,38.14,38.97,39.25,38.55,44.06,101.83
42252,96.37,101.83,31.56,29.25,30.58,30.66,58.66,30.75,31.2,32.03,32.51,32.12,59.31,36.96,33.21,31.84,40.43,44.6,38.14,38.97,39.25,38.69,44.06,101.83
42273,96.37,102.8,31.56,29.25,30.58,30.66,50.44,30.75,31.11,32.03,32.51,32.12,59.31,36.96,33.21,31.93,40.43,44.6,38.14,38.97,39.25,38.69,44.06,102.8
42293,97.24,102.8,31.47,29.25,30.58,30.66,58.66,30.75,31.11,32.03,32.51,32.12,59.31,36.96,33.21,31.93,40.43,44.6,38.01,38.97,39.25,38.69,44.06,101.83
42312,97.24,102.8,31.56,29.25,30.58,30.66,60.98,30.75,31.11,32.03,32.51,32.12,59.31,36.96,33.21,31.84,40.43,44.6,38.14,38.97,39.25,38.69,44.06,101.83
42332,96.37,102.8,31.56,29.25,30.58,30.66,60.98,30.75,31.11,32.03,32.51,32.12,59.31,36.96,33.21,31.93,40.12,44.6,38.14,38.97,39.25,38.69,44.06,101.83
42351,96.37,102.8,31.65,29.25,30.58,30.66,51.89,30.75,31.11,32.03,32.51,32.12,59.63,36.96,33.21,31.93,40.43,44.6,38.14,38.97,39.25,38.69,44.24,101.83
42371,97.24,102.8,31.65,29.25,30.58,30.66,55.64,30.75,31.11,32.03,32.51,32.12,59.63,36.96,33.31,31.93,40.58,44.6,38.14,38.97,39.25,38.69,44.06,101.83
42389,96.37,102.8,31.75,29.25,30.58,30.66,45.74,30.75,31.11,32.03,32.51,32.12,59.96,36.96,33.21,31.93,40.43,44.6,38.14,38.97,39.25,38.69,44.24,101.83
42410,96.37,102.8,31.75,29.25,30.58,30.66,52.14,30.75,31.11,32.03,32.51,32.12,59.96,36.84,33.21,31.93,40.43,44.6,38.14,38.97,39.25,38.69,44.06,101.83
42430,96.37,102.8,31.65,29.25,30.58,30.66,43.88,30.75,31.11,32.03,32.51,32.12,59.96,36.96,33.31,31.93,40.58,44.6,38.14,38.97,39.25,38.69,44.06,101.83
42449,96.37,102.8,31.65,29.25,30.58,30.66,41.04,30.75,31.11,32.03,32.51,32.12,59.96,36.96,33.21,31.93,40.43,44.6,38.14,38.97,39.25,38.69,44.06,101.83
42469,96.37,102.8,31.65,29.25,30.58,30.66,39.98,30.75,31.11,32.03,32.51,32.12,59.63,36.96,33.21,31.93,40.43,44.6,38.01,38.97,39.25,38.69,44.06,101.83
42488,96.37,102.8,31.65,29.25,30.58,30.66,51.89,30.75,31.11,32.03,32.61,32.12,59.96,36.84,33.21,31.84,40.43,44.6,38.14,38.97,39.11,38.55,44.06,100.87
42508,95.52,102.8,31.75,29.25,30.58,30.66,41.2,30.75,31.11,32.03,32.51,32.12,59.96,36.96,33.21,31.84,40.43,44.42,38.14,38.97,39.25,38.69,44.24,100.87
42527,97.24,102.8,31.84,29.25,30.58,30.66,50.91,30.75,31.11,32.03,32.51,32.12,59.96,36.96,33.31,31.84,40.43,44.6,38.14,38.97,39.25,38.69,44.06,101.83
42549,97.24,102.8,31.84,29.25,30.58,30.66,50.67,30.75,31.2,32.03,32.51,32.12,60.3,36.96,33.21,31.93,40.43,44.6,38.14,38.97,39.25,38.69,44.24,100.87
42568,97.24,102.8,31.75,29.25,30.58,30.66,48.4,30.75,31.2,32.03,32.51,32.12,59.96,36.96,33.21,31.93,40.43,44.6,38.14,38.97,39.25,38.69,44.06,101.83
42588,96.37,102.8,31.75,29.25,30.58,30.66,45.54,30.75,31.11,32.03,32.51,32.12,59.96,36.96,33.31,31.93,40.43,44.6,38.14,38.97,39.25,38.69,44.24,101.83
42607,97.24,102.8,31.75,29.25,30.58,30.66,46.73,30.75,31.11,32.03,32.51,32.12,60.3,36.96,33.21,31.84,40.43,44.6,38.14,38.97,39.25,38.69,44.06,101.83
42627,96.37,102.8,31.75,29.25,30.58,30.66,47.76,30.75,31.2,32.03,32.51,32.12,59.96,36.96,33.31,31.93,40.43,44.6,38.14,38.97,39.25,38.69,44.24,101.83
42645,96.37,102.8,31.75,29.25,30.58,30.66,37.61,30.75,31.2,32.03,32.51,32.12,60.3,36.96,33.21,31.93,40.43,44.6,38.14,38.97,39.25,38.69,44.06,101.83
42666,96.37,102.8,31.75,29.25,30.58,30.66,53.43,30.75,31.2,32.03,32.51,32.12,60.3,36.96,33.31,31.84,40.43,44.6,38.14,38.97,39.25,38.69,44.06,100.87
42686,97.24,102.8,31.65,29.25,30.58,30.66,38.27,30.75,31.11,32.03,32.51,32.12,60.3,36.96,33.31,31.93,40.43,44.6,38.14,38.97,39.25,38.69,44.06,100.87
42705,96.37,102.8,31.75,29.25,30.58,30.66,40.58,30.75,31.2,32.03,32.51,32.12,60.3,36.96,33.31,31.93,40.43,44.6,38.14,38.97,39.25,38.69,44.06,101.83
42725,96.37,102.8,31.75,29.25,30.58,30.66,40.58,30.75,31.11,32.03,32.51,32.12,60.3,36.96,33.21,31.93,40.43,44.6,38.14,38.97,39.25,38.69,44.06,99.02
42744,97.24,102.8,31.65,29.25,30.58,30.66,39.68,30.75,31.2,32.03,32.51,32.03,60.3,36.96,33.31,31.93,40.43,44.6,38.14,38.97,39.25,38.69,44.06,102.8
42764,96.37,102.8,31.65,29.25,30.58,30.66,42.16,30.75,31.2,32.03,32.51,32.12,60.3,36.96,33.21,31.93,40.43,44.6,38.14,38.97,39.25,38.69,44.06,100.87
42783,96.37,103.78,31.65,29.25,30.58,30.66,40.43,30.75,31.2,32.03,32.51,32.12,60.3,36.96,33.31,31.93,40.43,44.6,38.14,38.97,39.25,38.69,44.06,101.83
42803,96.37,102.8,31.65,29.25,30.58,30.66,41.2,30.75,31.2,32.03,32.51,32.12,60.3,36.96,33.31,31.93,40.43,44.6,38.14,38.97,39.11,38.69,44.06,101.83
42824,97.24,102.8,31.65,29.25,30.58,30.66,42.33,30.75,31.11,32.03,32.51,32.12,60.3,36.96,33.21,31.93,40.27,44.42,38.14,38.97,39.25,38.69,44.06,101.83
42842,96.37,103.78,31.56,29.25,30.58,30.66,39.83,30.75,31.11,32.03,32.51,32.12,60.98,36.96,33.31,31.93,40.43,44.6,38.01,38.97,39.25,38.69,44.06,100.87
42863,93.05,102.8,33.84,29.25,30.58,30.66,44.24,30.75,31.56,32.22,32.51,32.12,60.64,36.96,33.31,31.93,40.43,44.6,38.14,38.83,39.25,38.69,43.88,100.87
42881,86.35,102.8,38.41,29.25,30.58,30.66,45.35,30.75,31.11,32.22,32.51,32.12,60.64,36.96,33.21,31.93,40.43,44.42,38.14,38.97,39.25,38.69,43.88,100.87
42901,45.35,100.87,40.12,29.25,30.58,30.58,44.24,30.75,31.02,32.22,32.51,32.12,60.3,36.84,33.31,31.93,40.43,44.6,38.01,38.97,39.25,38.69,43.88,101.83
42920,96.37,103.78,40.27,29.25,30.58,30.58,36.71,30.75,31.11,32.22,32.51,32.12,60.64,36.96,33.31,31.93,40.43,44.42,38.01,38.97,39.11,38.69,43.88,102.8
42940,39.54,100.87,42.49,29.25,30.58,30.58,34.59,30.75,31.11,32.22,32.51,32.12,60.64,36.96,33.31,31.93,40.43,44.42,38.01,38.97,39.25,38.69,43.52,101.83
42961,61.68,100.87,39.54,29.25,30.58,30.58,33.21,30.75,31.02,32.12,32.51,32.12,60.98,36.96,33.21,31.93,40.43,44.6,38.01,38.97,39.25,38.69,43.7,101.83
42979,97.24,102.8,31.47,29.25,30.58,30.58,33.21,30.75,31.11,32.03,32.51,32.12,60.64,36.84,33.31,31.93,40.43,44.42,38.01,38.97,39.25,38.69,43.52,100.87
43000,96.37,102.8,31.56,29.25,30.58,30.58,33.21,30.75,31.11,32.03,32.51,32.12,60.64,36.84,33.31,31.93,40.27,44.42,38.01,38.97,39.25,38.69,43.35,101.83
43018,96.37,102.8,31.56,29.25,30.58,30.58,33.21,30.75,31.11,32.03,32.51,32.12,60.98,36.96,33.31,31.93,40.43,44.42,38.01,38.97,39.25,38.55,43.35,101.83
43039,96.37,102.8,31.47,29.25,30.58,30.58,33.21,30.75,31.11,32.03,32.51,32.12,60.64,36.84,33.21,32.03,40.27,44.42,38.01,38.97,39.25,38.69,43,101.83
43057,97.24,102.8,31.47,29.25,30.58,30.58,33.21,30.75,31.11,32.03,32.51,32.12,60.64,36.96,33.21,31.93,40.43,44.42,38.01,38.97,39.25,38.69,43,101.83
43078,97.24,102.8,31.47,29.25,30.58,30.58,33.31,30.75,31.2,32.03,32.51,32.12,60.3,36.84,33.21,31.93,40.43,44.42,38.01,38.97,39.25,38.69,43,101.83
43098,96.37,102.8,31.47,29.25,30.58,30.58,33.21,30.75,31.11,32.03,32.51,32.12,60.64,36.96,33.21,32.03,40.43,44.42,38.01,38.97,39.25,38.69,43,101.83
43116,96.37,102.8,31.47,29.25,30.58,30.58,33.21,30.75,31.2,32.03,32.51,32.12,60.64,36.96,33.21,31.93,40.43,44.42,38.01,38.97,39.25,38.69,43,101.83
43137,97.24,102.8,39.25,29.25,30.58,30.58,33.21,30.75,31.2,32.03,32.51,32.12,60.64,36.96,33.21,32.03,40.27,44.42,38.01,38.97,39.25,38.69,43,101.83
43157,97.24,102.8,31.38,29.25,30.58,30.58,33.11,30.75,31.38,32.03,32.51,32.12,60.64,36.96,33.31,32.03,40.43,44.42,38.01,38.97,39.11,38.69,43,102.8
43176,96.37,102.8,31.29,29.25,30.58,30.58,33.11,30.75,31.29,32.03,32.51,32.12,60.98,36.96,33.31,32.03,40.43,44.42,38.01,38.97,39.25,38.69,43,101.83
43196,96.37,102.8,31.29,29.25,30.58,30.58,33.21,30.75,31.38,32.03,32.51,32.12,60.64,36.96,33.31,32.03,40.43,44.42,38.01,38.97,39.25,38.69,43,101.83
43217,96.37,100.87,31.29,29.25,30.58,30.58,33.11,30.75,31.38,32.03,32.51,32.12,60.3,36.96,33.31,32.03,40.43,44.42,38.01,38.97,39.25,38.69,43,101.83
43235,97.24,102.8,31.29,29.25,30.58,30.49,33.11,30.75,31.38,32.03,32.51,32.12,60.64,36.96,33.31,32.03,40.43,44.42,38.01,38.97,39.25,38.55,42.83,98.12
43256,94.68,101.83,31.29,29.25,30.58,30.49,33.21,30.75,31.38,32.03,32.51,32.12,60.3,36.84,33.31,32.03,40.43,44.42,38.01,38.97,39.25,38.69,43,99.02
43274,97.24,101.83,31.29,29.25,30.58,30.58,33.21,30.75,31.38,32.03,32.51,32.12,60.3,36.96,33.31,32.03,40.43,44.6,38.01,38.97,39.25,38.69,43,99.02
43295,97.24,102.8,31.29,29.25,30.58,30.58,33.31,30.75,31.29,32.03,32.51,32.12,60.3,36.96,33.21,32.03,40.43,44.42,38.01,38.97,39.25,38.69,43,99.02
43315,97.24,102.8,31.29,29.25,30.58,30.49,33.21,30.75,31.2,32.03,32.51,32.12,59.96,36.96,33.31,32.03,40.43,44.42,38.01,38.83,39.25,38.69,42.83,99.02
43334,97.24,102.8,31.29,29.25,30.58,30.49,33.21,30.75,31.2,32.12,32.51,32.12,59.63,36.96,33.31,32.03,40.43,44.42,38.01,38.97,39.11,38.69,43,99.02
43354,97.24,102.8,31.29,29.25,30.58,30.49,33.21,30.75,31.2,32.03,32.51,32.12,59.96,36.84,33.21,32.03,40.43,44.6,38.01,38.97,39.25,38.69,43,99.02
43372,97.24,102.8,31.29,29.25,30.58,30.58,33.21,30.75,31.38,32.03,32.51,32.12,56.22,36.96,33.31,31.93,40.43,44.6,38.01,38.97,39.25,38.69,43,98.12
43393,96.37,101.83,31.2,29.25,30.58,30.49,33.11,30.75,31.11,32.03,32.51,32.12,55.92,36.96,33.31,32.03,40.43,44.6,38.01,38.83,39.25,38.69,43,99.02
43411,97.24,102.8,31.2,29.25,30.58,30.49,33.11,30.75,31.11,32.03,32.51,32.12,59.31,36.96,33.21,32.03,40.43,44.6,38.01,38.97,39.25,38.69,43,99.02
43432,97.24,102.8,31.2,29.25,30.58,30.49,33.11,30.75,31.11,32.03,32.51,32.12,55.07,36.96,33.21,32.03,40.43,44.6,38.01,38.97,39.11,38.69,43,99.02
43452,89.2,97.24,34.82,29.25,30.58,30.49,33.21,30.75,31.11,32.03,32.51,32.12,57.41,36.96,33.21,32.03,40.43,53.17,38.01,38.97,39.11,38.69,43,99.02
43471,96.37,101.83,31.2,29.25,30.58,30.49,33.31,30.75,31.2,31.93,32.51,32.12,56.51,36.96,33.31,32.03,40.43,44.42,38.01,38.97,39.11,38.69,43,99.02
43491,96.37,94.68,31.29,29.25,30.58,30.49,33.21,30.75,31.11,31.93,32.51,32.12,57.11,36.96,33.31,32.03,40.43,44.6,38.01,38.97,39.25,38.69,43,99.02
43510,97.24,71.01,31.2,29.25,30.58,30.49,32.91,30.75,31.11,31.93,32.51,32.12,57.11,36.96,33.31,32.03,40.43,44.42,38.01,38.83,39.11,38.69,43,101.83
43530,96.37,102.8,31.2,29.25,30.58,30.49,32.91,30.75,31.11,31.93,32.51,32.12,56.51,36.96,33.21,32.03,40.43,44.24,38.01,38.97,39.25,38.69,43,101.83
43549,97.24,102.8,31.2,29.25,30.58,30.49,33.01,30.75,31.11,31.93,32.51,32.12,55.92,36.96,33.21,32.03,40.43,44.42,38.01,38.83,39.11,38.69,43,101.83
43569,95.52,102.8,31.2,29.25,30.58,30.49,33.01,30.75,31.02,31.93,32.51,32.12,56.22,36.96,33.31,32.03,40.27,44.42,38.01,38.97,39.25,38.69,43,100.87
43590,97.24,102.8,31.2,29.25,30.58,30.49,33.01,30.75,31.11,31.93,32.51,32.12,55.92,36.96,33.21,32.12,40.43,44.42,38.01,38.97,39.25,38.69,43,100.87
43608,98.12,102.8,31.29,29.25,30.58,30.49,33.01,30.75,31.11,31.93,32.51,32.12,56.22,36.96,33.31,32.03,40.43,44.42,38.01,38.97,39.25,38.69,43,101.83
43628,97.24,102.8,31.29,29.33,30.58,30.58,33.01,30.75,31.02,31.93,32.51,32.12,53.97,36.96,33.31,32.03,40.43,44.42,38.01,38.97,39.11,38.69,43,101.83
43647,97.24,102.8,31.29,29.25,30.58,30.49,32.91,30.75,31.02,31.93,32.51,32.12,53.7,36.96,33.21,32.03,40.43,44.42,38.01,38.83,39.11,38.69,43,101.83
43667,97.24,102.8,31.2,29.25,30.58,30.58,33.11,30.75,31.11,31.93,32.51,32.12,53.97,36.96,33.21,32.03,40.27,44.42,38.01,38.83,39.25,38.69,43,101.83
43686,97.24,102.8,31.2,29.25,30.58,30.58,32.91,30.75,31.02,31.93,32.51,32.12,53.7,36.96,33.21,32.03,40.43,44.42,38.01,38.97,39.11,38.69,43,100.87
43706,97.24,102.8,31.29,29.25,30.58,30.49,32.91,30.75,31.2,31.93,32.51,32.12,55.35,36.96,33.21,32.03,40.27,44.42,38.01,38.97,39.25,38.69,42.83,100.87
43727,97.24,102.8,31.29,29.25,30.58,30.49,32.91,30.75,31.11,31.93,32.51,32.12,55.92,36.96,33.21,32.03,40.43,44.42,38.01,38.83,39.25,38.69,43,100.87
43745,97.24,102.8,31.2,29.25,30.58,30.49,32.91,30.75,31.29,32.03,32.51,32.12,56.51,36.96,33.21,32.03,40.43,44.42,38.01,38.97,39.25,38.69,43,101.83
43766,97.24,103.78,31.2,29.25,30.58,30.58,33.11,30.75,31.02,32.03,32.51,32.12,56.22,36.96,33.21,32.03,40.43,44.42,38.01,38.83,39.11,38.69,43,101.83
43784,97.24,102.8,31.2,29.25,30.58,30.58,33.11,30.75,31.02,32.03,32.51,32.12,56.22,36.96,33.31,32.03,40.43,44.42,38.01,38.97,39.25,38.55,43,101.83
43805,97.24,104.79,31.29,29.25,30.58,30.58,33.11,30.75,31.11,32.03,32.51,32.12,56.51,36.96,33.31,32.03,40.43,44.42,38.01,38.97,39.25,38.69,43,101.83
43825,98.12,102.8,31.29,29.25,30.58,30.58,42.83,30.75,31.02,32.03,32.51,32.12,56.22,36.96,33.21,32.03,40.43,44.42,38.01,38.83,39.25,38.69,43,101.83
43843,97.24,103.78,31.29,29.25,30.58,30.58,43.17,30.75,31.02,32.03,32.51,32.12,56.51,36.96,33.31,32.03,40.43,44.42,38.01,38.97,39.25,38.69,43,101.83
43864,97.24,102.8,31.29,29.25,30.58,30.49,44.06,30.75,31.11,32.03,32.51,32.12,56.22,36.96,33.31,32.03,39.98,44.42,38.01,38.97,39.25,38.69,43,101.83
43882,97.24,103.78,31.29,29.25,30.58,30.58,42.83,30.75,31.02,32.03,32.51,32.12,56.22,36.96,33.21,32.03,40.43,44.42,38.01,38.97,39.25,38.69,43,101.83
43903,97.24,102.8,31.29,29.25,30.58,30.58,40.88,30.75,31.38,32.03,32.51,32.12,56.22,36.96,33.21,32.03,40.43,44.42,38.01,38.83,39.11,38.69,43,101.83
43921,97.24,100.87,31.38,29.25,30.58,30.58,35.86,30.75,31.2,32.03,32.51,32.12,56.22,36.96,33.31,32.03,40.43,44.42,38.01,38.83,39.25,38.69,43,101.83
43942,97.24,102.8,31.47,29.25,30.58,30.58,33.01,30.75,31.2,32.03,32.51,32.12,56.22,36.96,33.21,32.03,40.27,44.42,38.01,38.83,39.25,38.69,43,101.83
43962,97.24,102.8,31.47,29.25,30.58,30.58,32.12,30.75,31.29,32.03,32.51,32.12,56.22,36.96,33.31,32.03,40.43,44.6,38.01,38.97,39.25,38.55,43,100.87
43981,94.68,74.95,31.47,29.25,30.58,30.58,50.2,30.75,31.29,31.93,32.51,32.12,56.22,36.96,33.21,31.93,40.27,44.42,38.01,38.97,39.25,38.69,43,101.83
44001,97.24,102.8,31.65,29.25,30.58,30.58,52.91,30.75,31.38,31.93,32.51,32.12,56.51,36.84,33.21,32.03,40.12,44.6,38.01,38.83,39.25,38.69,43,100.87
44020,95.52,66.63,31.56,29.25,30.58,30.58,46.52,30.75,31.02,31.93,32.51,32.12,56.51,36.96,33.21,32.03,40.43,44.42,38.14,38.97,39.25,38.69,43,101.83
44040,96.37,102.8,31.47,29.25,30.58,30.58,47.76,30.75,31.02,31.93,32.51,32.12,56.51,36.96,33.21,31.93,40.43,44.24,38.01,38.97,39.25,38.69,43,100.87
44059,96.37,102.8,31.56,29.25,30.58,30.58,46.32,30.75,31.29,31.93,32.51,32.12,56.51,36.96,33.21,32.03,40.27,44.42,38.01,38.97,39.25,38.55,43,100.87
44079,53.43,101.83,31.47,29.25,30.58,30.58,49.06,30.75,31.02,31.93,32.51,32.12,56.51,36.96,33.31,31.93,40.27,44.42,38.01,38.97,39.11,38.69,43,101.83
44099,95.52,102.8,31.65,29.25,30.58,30.58,47.13,30.75,31.29,31.93,32.51,32.12,56.51,36.96,33.21,31.93,40.43,44.42,38.01,38.97,39.25,38.69,43,100.87
44118,89.95,101.83,31.65,29.25,30.58,30.66,49.97,30.75,31.38,31.93,32.51,32.12,56.51,36.96,33.21,32.03,40.27,44.42,38.01,38.83,39.25,38.69,43,100.87
44138,70.55,102.8,31.65,29.25,30.58,30.58,47.13,30.75,31.38,31.93,32.51,32.12,56.51,36.96,33.21,31.93,40.43,44.42,38.01,38.97,39.25,38.69,43,102.8
44157,97.24,102.8,31.65,29.25,30.58,30.58,39.98,30.75,31.11,31.93,32.51,32.12,56.81,36.96,33.21,31.93,40.43,44.42,38.14,38.97,39.11,38.69,43.17,101.83
44177,97.24,102.8,31.75,29.25,30.58,30.66,40.73,30.75,31.02,31.93,32.51,32.12,56.81,36.96,33.21,31.93,40.43,44.42,38.14,38.97,39.25,38.69,43.7,100.87
44196,96.37,103.78,31.75,29.25,30.58,30.66,51.64,30.75,31.11,31.93,32.51,32.12,57.11,36.96,33.21,31.93,40.43,44.42,38.14,38.97,39.11,38.69,43.88,99.02
44216,97.24,102.8,31.75,29.25,30.58,30.66,32.22,30.75,31.02,31.93,32.51,32.12,57.11,36.96,33.21,31.93,40.43,44.42,38.14,38.97,39.25,38.55,44.06,99.02
44237,96.37,102.8,31.84,29.25,30.58,30.66,32.22,30.75,31.02,31.93,32.51,32.12,56.81,36.96,33.21,31.93,40.27,44.42,38.14,38.97,39.25,38.69,43.88,99.02
44255,96.37,102.8,31.84,29.25,30.58,30.66,32.22,30.75,31.02,31.93,32.51,32.12,57.11,36.96,33.21,31.93,40.43,44.6,38.14,38.97,39.25,38.69,44.06,98.12
44276,96.37,102.8,31.84,29.25,30.58,30.66,32.22,30.75,30.93,31.93,32.51,32.12,57.11,36.96,33.21,31.93,40.43,46.93,38.14,38.97,39.25,38.69,43.88,98.12
44294,96.37,102.8,31.75,29.25,30.58,30.66,32.22,30.75,31.02,31.93,32.51,32.12,57.11,36.96,33.21,31.93,40.43,58.34,38.14,38.97,39.11,38.69,43.88,99.02
44315,96.37,102.8,31.75,29.25,30.58,30.66,32.22,30.75,30.93,31.93,32.51,32.12,57.41,36.96,33.21,31.93,40.43,74.44,38.14,38.97,39.25,38.69,44.06,99.02
44333,96.37,102.8,31.84,29.25,30.58,30.66,32.22,30.75,31.02,32.03,32.51,32.12,57.11,36.96,33.21,31.93,40.27,47.13,38.14,38.97,39.25,38.69,44.24,98.12
44353,96.37,102.8,31.75,29.25,30.58,30.58,32.32,30.75,31.02,31.93,32.51,32.12,57.72,36.96,33.21,31.93,40.43,48.62,38.14,38.97,39.25,38.69,44.06,99.02
44374,97.24,102.8,31.75,29.25,30.58,30.66,35.62,30.75,31.02,31.93,32.51,32.12,58.34,36.96,33.21,31.93,40.43,73.93,38.14,38.97,39.25,38.69,44.06,99.02
44392,96.37,102.8,31.75,29.25,30.58,30.66,32.32,30.75,31.02,32.03,32.51,32.12,58.66,36.96,33.21,31.84,40.43,73.43,38.14,38.83,39.25,38.69,43.88,99.02
44413,96.37,102.8,31.75,29.25,30.58,30.66,37.35,30.75,31.02,32.03,32.51,32.12,58.34,36.96,33.21,31.84,40.43,50.67,38.14,38.97,39.25,38.69,43.88,98.12
44431,95.52,102.8,31.65,29.25,30.58,30.66,32.22,30.75,31.02,32.03,32.51,32.12,58.98,36.84,33.21,31.84,40.43,62.39,38.14,38.97,39.25,38.69,44.06,99.02
44452,96.37,102.8,31.75,29.25,30.58,30.66,32.22,30.75,31.02,32.03,32.51,32.12,58.66,36.84,33.21,31.84,40.43,60.64,38.14,38.97,39.25,38.69,44.06,98.12
44472,96.37,102.8,31.75,29.25,30.58,30.66,32.41,30.75,31.02,32.03,32.51,32.12,58.34,36.84,33.21,31.84,40.43,73.93,38.14,38.97,39.25,38.69,43.88,99.02
44491,96.37,102.8,31.75,29.25,30.58,30.66,32.32,30.75,31.02,32.03,32.51,32.12,58.34,36.84,33.21,31.84,40.43,73.93,38.14,38.97,39.25,38.69,44.06,99.02
44511,96.37,102.8,31.75,29.25,30.58,30.66,32.61,30.75,31.02,32.03,32.61,32.12,58.34,36.96,33.21,31.84,40.43,73.93,38.14,38.97,39.25,38.69,43.88,99.02
44530,96.37,102.8,31.84,29.25,30.58,30.66,32.51,30.75,31.11,31.93,32.51,32.12,58.66,36.84,33.21,31.84,40.43,73.93,38.14,38.97,39.25,38.69,44.06,99.02
44550,96.37,102.8,31.75,29.25,30.58,30.66,32.22,30.75,31.11,31.84,32.51,32.12,58.66,36.84,33.21,31.84,40.43,73.93,38.14,38.97,39.25,38.69,44.06,99.02
44568,96.37,102.8,31.75,29.25,30.58,30.66,32.22,30.75,31.11,31.84,32.51,32.12,58.66,36.84,33.21,31.84,40.43,73.43,38.14,38.97,39.25,38.69,44.06,99.02
44589,96.37,102.8,31.75,29.25,30.58,30.66,32.12,30.75,31.11,31.84,32.51,32.12,58.34,36.84,33.21,31.93,40.43,73.93,38.14,38.97,39.25,38.69,44.06,98.12
44609,96.37,102.8,31.84,29.25,30.58,30.66,32.12,30.75,31.11,31.93,32.51,32.12,58.66,36.84,33.21,31.84,40.43,73.43,38.14,38.97,39.25,38.69,44.06,98.12
44628,96.37,101.83,31.93,29.25,30.58,30.58,32.12,30.75,31.11,31.93,32.51,32.12,58.66,36.84,33.21,31.93,40.27,44.6,38.14,38.97,39.25,38.69,44.06,98.12
44648,95.52,101.83,31.93,29.25,30.58,30.58,32.12,30.75,31.2,31.93,32.61,32.12,58.66,36.84,33.21,31.84,40.43,44.6,38.01,39.11,39.25,38.69,44.24,99.02
44667,95.52,101.83,31.84,29.25,30.58,30.58,32.12,30.75,31.11,31.93,32.51,32.12,58.34,36.84,33.21,31.84,40.43,44.79,38.14,38.97,39.25,38.69,44.06,98.12
44687,96.37,101.83,31.75,29.25,30.58,30.58,32.12,30.75,31.11,31.93,32.51,32.12,58.66,36.84,33.21,31.84,40.43,44.79,38.14,38.97,39.25,38.69,44.24,99.02
44706,95.52,101.83,31.75,29.25,30.58,30.58,32.22,30.75,31.11,31.93,32.61,32.12,59.31,36.96,33.21,31.84,40.43,44.6,38.14,38.97,39.25,38.69,44.24,99.02
44726,96.37,101.83,31.75,29.25,30.58,30.66,32.12,30.75,31.11,31.93,32.61,32.12,59.63,36.84,33.21,31.84,40.43,44.6,38.14,38.97,39.25,38.69,44.06,99.02
44747,95.52,101.83,31.75,29.25,30.58,30.58,32.12,30.75,31.2,31.93,32.51,32.12,59.63,36.84,33.21,31.93,40.43,44.6,38.14,39.11,39.25,38.69,44.06,98.12
44765,96.37,101.83,31.84,29.25,30.58,30.58,32.12,30.75,31.11,31.93,32.51,32.12,59.63,36.84,33.21,31.84,40.43,44.6,38.14,39.11,39.25,38.69,44.24,99.02
44786,96.37,101.83,31.75,29.25,30.58,30.58,32.22,30.75,31.11,31.93,32.51,32.12,59.63,36.84,33.21,31.93,40.43,44.6,38.14,38.97,39.25,38.69,44.24,99.02
44804,96.37,102.8,31.75,29.25,30.58,30.66,32.22,30.66,31.11,31.93,32.51,32.12,59.63,36.84,33.21,31.84,40.43,44.6,38.14,38.97,39.25,38.69,45.74,99.02
44824,96.37,102.8,31.84,29.25,30.58,30.58,32.22,30.75,31.11,31.93,32.51,32.12,59.96,36.84,33.21,31.84,40.43,44.6,38.14,38.97,39.25,38.69,45.54,99.02
44845,96.37,102.8,31.75,29.25,30.58,30.66,32.22,30.75,31.11,31.93,32.51,32.12,59.63,36.71,33.21,31.84,40.27,44.6,38.14,38.97,39.25,38.69,44.24,99.02
44863,96.37,100.87,31.75,29.25,30.58,30.66,32.22,30.75,31.11,31.93,32.51,32.12,59.63,36.84,33.21,31.93,40.43,44.6,38.14,38.97,39.25,38.69,44.24,98.12
44884,96.37,102.8,31.75,29.25,30.58,30.66,42.66,30.75,31.11,31.93,32.51,32.12,59.63,36.84,33.21,31.93,40.43,44.79,38.14,39.11,39.25,38.69,44.24,99.02
44902,96.37,102.8,31.75,29.25,30.58,30.66,32.32,30.75,31.11,31.93,32.51,32.12,59.96,36.84,33.21,31.84,40.43,44.6,38.14,38.97,39.25,38.69,44.06,98.12
44923,96.37,101.83,31.75,29.25,30.58,30.66,33.62,30.75,31.2,31.93,32.51,32.12,59.63,36.84,33.21,31.84,40.43,44.79,38.01,38.97,39.25,38.69,44.24,99.02
44943,97.24,102.8,31.75,29.25,30.58,30.66,47.13,30.75,31.2,31.93,32.51,32.12,59.31,36.84,33.21,31.93,40.43,44.79,38.14,38.97,39.25,38.69,44.06,98.12
44964,97.24,102.8,31.75,29.25,30.58,30.66,46.73,30.75,31.38,31.93,32.51,32.12,59.31,36.84,33.21,31.93,40.43,44.79,38.14,38.97,39.25,38.69,44.06,99.02
44982,96.37,101.83,31.75,29.25,30.58,30.66,59.63,30.75,31.11,31.93,32.51,32.12,59.63,36.84,33.21,31.84,40.43,44.79,38.14,38.97,39.25,38.69,44.06,99.02
45003,97.24,102.8,31.75,29.25,30.58,30.66,47.97,30.75,31.11,31.93,32.51,32.12,58.98,36.84,33.21,31.93,40.43,44.79,38.14,38.97,39.11,38.69,44.24,98.12
45021,97.24,102.8,31.75,29.25,30.58,30.66,45.35,30.75,31.11,31.93,32.61,32.12,58.98,36.84,33.21,31.84,40.43,44.6,38.14,38.97,39.25,38.69,44.24,98.12
45042,97.24,102.8,31.75,29.25,30.58,30.66,49.74,30.75,31.11,31.93,32.51,32.12,59.31,36.84,33.21,31.93,40.43,44.79,38.14,38.97,39.11,38.69,44.24,99.02
45060,96.37,102.8,31.75,29.25,30.58,30.66,47.13,30.75,31.11,32.03,32.51,32.12,59.31,36.84,33.21,31.93,40.43,44.79,38.14,38.97,39.25,38.69,44.24,99.02
45080,97.24,103.78,31.75,29.25,30.58,30.66,53.97,30.75,31.38,31.93,32.51,32.12,59.31,36.84,33.21,31.93,40.43,44.79,38.01,38.97,39.25,38.69,44.06,99.02
45101,97.24,103.78,31.65,29.25,30.58,30.66,32.41,30.75,31.02,31.93,32.51,32.12,58.98,36.84,33.21,31.93,40.27,44.6,38.01,38.97,39.25,38.69,44.24,98.12
45119,97.24,102.8,31.65,29.25,30.58,30.66,33.01,30.75,31.02,31.93,32.51,32.12,59.31,36.84,33.21,31.93,40.43,44.79,38.14,38.83,39.25,38.55,44.24,98.12
45140,97.24,103.78,31.65,29.25,30.58,30.66,46.73,30.75,31.02,32.03,32.51,32.12,59.31,36.71,33.21,31.93,40.43,44.79,38.01,38.97,39.25,38.69,44.06,98.12
45158,97.24,102.8,31.65,29.25,30.58,30.66,43,30.75,31.02,32.03,32.51,32.12,59.31,36.84,33.31,31.93,40.43,44.6,38.01,38.97,39.11,38.69,44.24,98.12
45179,97.24,103.78,31.65,29.25,30.58,30.66,49.97,30.75,31.02,31.93,32.51,32.12,59.31,36.84,33.21,31.93,40.43,44.6,38.14,38.97,39.25,38.69,44.24,99.02
45197,97.24,103.78,31.65,29.25,30.58,30.66,61.68,30.75,31.02,31.93,32.51,32.12,58.98,36.84,33.21,31.93,40.43,44.6,38.01,38.97,39.25,38.69,44.24,99.02
45218,97.24,103.78,31.65,29.25,30.58,30.66,63.12,30.75,31.02,31.93,32.51,32.12,58.98,36.84,33.21,31.93,40.43,44.6,38.01,38.97,39.25,38.69,47.97,99.02
45238,97.24,103.78,31.75,29.25,30.58,30.66,62.75,30.75,31.02,31.93,32.51,32.12,58.98,36.84,33.31,31.93,40.43,44.6,38.14,38.97,39.25,38.69,49.51,99.94
45257,97.24,103.78,31.65,29.25,30.58,30.66,62.75,30.75,31.02,31.93,32.51,32.12,58.98,36.84,33.21,31.93,40.43,44.6,38.01,38.97,39.25,38.69,51.89,98.12
45277,97.24,103.78,31.65,29.25,30.58,30.58,62.75,30.75,31.02,31.93,32.51,32.12,58.98,36.84,33.21,31.93,40.27,44.6,38.14,38.97,39.25,38.69,52.14,99.02
45296,97.24,103.78,31.65,29.25,30.58,30.66,61.33,30.75,31.2,31.93,32.51,32.12,58.98,36.84,33.21,31.93,40.43,44.6,38.01,38.97,39.25,38.55,51.89,99.02
45316,97.24,103.78,31.75,29.25,30.58,30.66,59.63,30.75,31.29,31.93,32.51,32.12,58.98,36.84,33.21,31.93,40.43,44.6,38.01,38.97,39.25,38.55,51.64,99.02
45336,76.55,102.8,31.56,29.25,30.58,30.66,54.24,30.75,31.11,31.93,32.51,32.12,58.98,36.84,33.21,31.93,40.43,44.6,38.01,38.97,39.25,38.69,44.24,99.02
45355,96.37,102.8,31.56,29.25,30.58,30.58,46.93,30.75,31.2,31.93,32.51,32.12,58.98,36.84,33.21,31.93,40.43,44.6,38.01,38.97,39.25,38.69,44.24,98.12
45375,97.24,103.78,31.47,29.25,30.58,30.58,56.22,30.75,31.02,31.93,32.51,32.12,58.66,36.84,33.21,31.93,40.43,44.6,38.01,38.97,39.25,38.69,44.06,98.12
45394,97.24,102.8,31.47,29.25,30.58,30.66,42.83,30.75,31.2,31.93,32.51,32.12,58.98,36.84,33.21,31.93,40.43,44.6,38.01,38.97,39.25,38.69,44.06,98.12
45414,48.4,100.87,31.47,29.25,30.58,30.58,46.13,30.75,31.2,31.93,32.51,32.12,58.98,36.84,33.21,32.03,40.43,44.6,38.01,38.97,39.25,38.69,44.06,98.12
45433,39.25,100.87,31.38,29.25,30.58,30.58,44.97,30.75,31.38,31.93,32.51,32.12,58.66,36.96,33.21,32.03,40.43,44.6,38.01,38.97,39.25,38.69,43.88,98.12
45453,63.87,100.87,31.38,29.25,30.58,30.58,49.06,30.75,31.38,31.93,32.51,32.12,58.98,36.84,33.31,31.93,40.43,44.6,38.01,38.97,39.25,38.69,44.06,98.12
45474,57.72,99.94,31.38,29.25,30.58,30.58,45.35,30.75,31.38,31.93,32.51,32.12,58.98,36.84,33.21,31.93,40.43,44.6,38.14,38.97,39.25,38.69,44.06,99.02
45492,93.05,102.8,31.38,29.25,30.58,30.58,46.32,30.75,31.38,31.93,32.51,32.12,58.98,36.71,33.21,31.93,40.43,44.6,38.01,38.97,39.25,38.55,44.24,99.02
45513,97.24,102.8,31.38,29.25,30.58,30.58,47.34,30.75,31.38,32.03,32.51,32.12,58.98,36.84,33.21,32.03,40.43,44.6,38.01,38.97,39.25,38.69,44.24,99.02
45531,97.24,102.8,31.29,29.25,30.58,30.58,48.84,30.75,31.38,32.03,32.51,32.12,58.98,36.84,33.21,31.93,40.43,44.6,38.01,38.97,39.25,38.69,44.06,99.02
45552,97.24,102.8,31.38,29.25,30.58,30.58,46.32,30.75,31.38,32.03,32.51,32.12,59.31,36.84,33.31,31.93,40.43,44.6,38.01,38.97,39.25,38.69,44.24,99.02
45570,97.24,102.8,31.38,29.25,30.58,30.58,47.97,30.75,31.38,32.03,32.51,32.12,58.98,36.84,33.21,31.93,40.27,44.6,38.01,38.97,39.25,38.69,44.06,98.12
45590,95.52,102.8,31.29,29.25,30.58,30.58,58.03,30.75,31.38,32.03,32.51,32.12,58.98,36.84,33.21,31.93,40.43,44.6,38.01,38.97,39.25,38.69,44.06,97.24
45611,94.68,72.93,31.29,29.25,30.58,30.58,33.01,30.75,31.38,32.03,32.51,32.12,58.98,36.96,33.21,31.93,40.43,44.79,38.01,38.97,39.25,38.69,44.06,97.24
45629,57.72,101.83,31.29,29.25,30.58,30.58,33.01,30.75,31.38,32.03,32.51,32.12,58.66,36.84,33.21,31.93,40.43,44.6,38.01,38.97,39.25,38.69,44.06,97.24
45650,78.78,101.83,31.29,29.25,30.58,30.58,33.01,30.75,31.38,32.12,32.51,32.12,58.98,36.96,33.21,31.93,40.43,44.6,38.01,38.97,39.25,38.69,44.06,98.12
45668,97.24,101.83,31.29,29.25,30.58,30.49,33.21,30.75,31.38,31.93,32.51,32.12,58.98,36.84,33.21,31.93,40.43,44.6,38.01,38.97,39.25,38.69,44.06,97.24
45689,95.52,63.12,31.29,29.25,30.58,30.58,33.31,30.75,31.38,31.93,32.51,32.12,58.66,36.96,33.21,32.03,40.27,44.6,38.01,38.97,39.25,38.69,44.06,96.37
45709,42.49,60.3,31.29,29.25,30.58,30.58,35.39,30.75,31.38,31.93,32.51,32.12,58.66,36.96,33.21,32.03,40.43,44.6,38.01,38.97,39.25,38.69,44.06,97.24
45728,46.73,100.87,31.29,29.25,30.58,30.49,33.11,30.75,31.38,31.93,32.51,32.12,58.66,36.96,33.31,32.03,40.43,44.6,38.01,38.97,39.25,38.69,43.88,98.12
45748,44.24,100.87,38.01,29.25,30.58,30.58,47.97,30.75,31.38,31.93,32.51,32.12,58.66,36.84,33.31,31.93,40.43,44.6,38.01,38.97,39.25,38.69,44.06,97.24
45767,42.83,100.87,31.29,29.25,30.58,30.58,49.74,30.75,31.38,31.93,32.51,32.12,58.66,36.96,33.21,32.03,40.43,44.6,38.01,38.97,39.25,38.69,43.88,97.24
45787,91.47,95.52,31.29,29.25,30.58,30.58,50.2,30.75,31.38,31.93,32.51,32.12,58.98,36.84,33.21,32.03,40.43,44.6,38.01,38.97,39.25,38.69,44.06,98.12
45805,53.43,84.32,31.29,29.25,30.58,30.58,49.97,30.75,31.38,31.93,32.51,32.12,58.98,36.96,33.21,32.03,40.43,44.6,38.01,38.97,39.25,38.69,43.7,99.94
45826,97.24,59.96,31.29,29.25,30.58,30.58,47.34,30.75,31.38,31.93,32.51,32.12,58.98,36.84,33.31,32.03,40.43,44.42,38.01,38.97,39.25,38.69,43.7,98.12
45846,97.24,102.8,31.29,29.25,30.58,30.58,48.4,30.75,31.38,31.93,32.51,32.12,58.66,36.84,33.21,32.03,40.43,44.6,38.01,38.97,39.25,38.69,43.7,99.02
45865,97.24,102.8,31.29,29.25,30.58,30.49,48.62,30.75,31.38,31.93,32.51,32.12,58.98,36.96,33.31,32.03,40.43,44.6,38.01,38.97,39.25,38.55,43.7,98.12
45885,96.37,102.8,31.29,29.25,30.58,30.58,48.84,30.75,31.38,31.93,32.51,32.12,58.66,36.84,33.31,32.03,40.43,44.6,38.01,38.97,39.25,38.69,43.7,98.12
45904,97.24,103.78,31.29,29.25,30.58,30.58,49.06,30.75,31.38,31.93,32.51,32.12,58.66,36.96,33.21,32.03,40.43,44.42,38.01,38.97,39.11,38.69,43.7,99.02
45924,98.12,102.8,31.29,29.25,30.58,30.58,60.98,30.75,31.38,31.93,32.51,32.12,58.66,36.96,33.31,32.03,40.43,44.6,38.01,38.97,39.25,38.69,43.7,99.02
45943,97.24,102.8,31.29,29.25,30.58,30.58,48.19,30.75,31.38,31.93,32.51,32.12,58.03,36.96,33.31,32.03,40.43,44.6,38.01,38.97,39.11,38.69,43.7,99.02
45963,97.24,103.78,31.29,29.25,30.58,30.58,43.52,30.75,31.38,31.93,32.51,32.12,58.66,36.96,33.31,32.03,40.43,44.6,38.01,38.97,39.11,38.69,43.7,99.02
45984,97.24,102.8,31.29,29.25,30.58,30.58,45.35,30.75,31.29,31.93,32.51,32.12,58.34,36.84,33.31,32.03,40.43,44.6,38.01,38.83,39.25,38.69,43.7,99.02
46002,97.24,102.8,31.29,29.25,30.58,30.58,43.52,30.75,31.29,31.93,32.51,32.12,58.34,36.96,33.31,32.03,40.43,44.6,38.01,38.83,39.25,38.69,43.7,99.02
46023,97.24,102.8,31.29,29.25,30.58,30.58,44.6,30.75,31.38,31.93,32.51,32.12,58.66,36.96,33.21,32.03,40.27,44.79,38.01,38.97,39.25,38.69,43.7,99.02
46041,97.24,102.8,31.29,29.25,30.58,30.58,44.97,30.75,31.38,31.93,32.51,32.12,58.66,36.84,33.21,32.03,40.43,44.97,38.01,38.97,39.25,38.69,43.7,98.12
46061,96.37,101.83,31.29,29.25,30.58,30.58,45.93,30.75,31.38,32.03,32.51,32.12,58.66,36.96,33.21,32.03,40.43,44.6,38.01,38.97,39.25,38.69,43.7,99.02
46082,97.24,102.8,31.2,29.25,30.58,30.58,45.16,30.75,31.38,32.03,32.51,32.12,58.66,36.96,33.21,32.03,40.43,44.6,38.01,38.97,39.11,38.69,43.7,98.12
46100,97.24,102.8,31.29,29.25,30.58,30.58,45.16,30.75,31.29,32.03,32.51,32.12,58.66,36.96,33.31,32.03,40.43,44.6,38.01,38.83,39.25,38.69,43.7,99.02
46121,97.24,100.87,31.29,29.25,30.58,30.58,42.66,30.75,31.38,32.03,32.51,32.12,58.66,36.96,33.21,32.03,40.43,44.79,38.01,38.97,39.25,38.69,43.7,99.02
46139,97.24,102.8,31.29,29.25,30.58,30.58,42.33,30.75,31.38,32.03,32.51,32.12,58.98,36.96,33.31,32.03,40.43,44.6,38.01,38.97,39.25,38.69,43.7,99.02
46160,97.24,103.78,31.29,29.25,30.58,30.58,44.24,30.75,31.38,32.03,32.51,32.12,58.66,36.96,33.21,32.03,40.27,44.97,38.01,38.97,39.11,38.69,43.7,99.02
46178,97.24,102.8,31.29,29.25,30.58,30.58,44.6,30.75,31.38,32.03,32.51,32.12,58.66,36.96,33.31,32.03,40.43,44.42,38.01,38.97,39.11,38.69,43.7,99.02
46199,97.24,98.12,31.29,29.25,30.58,30.58,47.97,30.75,31.29,32.03,32.51,32.12,58.66,36.96,33.31,32.03,40.43,44.42,38.01,38.97,39.25,38.69,43.7,99.02
46219,96.37,82.39,31.29,29.25,30.58,30.58,47.34,30.75,31.38,32.03,32.51,32.12,58.34,36.84,33.31,32.03,40.43,44.42,38.01,38.97,39.25,38.69,43.7,99.02
46238,96.37,96.37,31.29,29.25,30.58,30.58,49.06,30.75,31.29,32.03,32.51,32.12,58.34,36.96,33.21,31.93,40.43,44.42,38.01,38.97,39.11,38.55,43.7,99.94
46258,97.24,99.94,31.29,29.25,30.58,30.58,46.73,30.75,31.2,32.03,32.51,32.12,58.66,36.96,33.21,31.93,40.43,44.42,38.01,38.97,39.25,38.69,43.7,99.02
46277,97.24,102.8,31.38,29.25,30.58,30.58,32.32,30.75,31.29,32.03,32.51,32.12,58.34,36.96,33.21,31.93,40.43,44.42,38.01,38.97,39.11,38.69,43.7,99.02
46297,97.24,101.83,31.38,29.25,30.58,30.58,32.71,30.75,31.2,31.93,32.51,32.12,56.81,36.96,33.31,32.03,40.27,44.42,38.01,38.83,39.25,38.69,43.52,98.12
46315,95.52,50.67,31.47,29.25,30.58,30.58,32.51,30.75,31.11,31.93,32.51,32.12,58.34,36.84,33.31,32.03,40.27,44.42,38.01,38.97,39.25,38.69,43.7,99.02
46336,96.37,100.87,31.56,29.25,30.58,30.58,47.34,30.75,31.02,31.93,32.51,32.12,58.34,36.96,33.21,32.03,40.27,44.42,38.01,38.97,39.11,38.69,43.7,98.12
46356,94.68,52.14,31.65,29.25,30.58,30.66,45.16,30.75,31.02,31.93,32.51,32.12,58.66,36.96,33.31,32.03,40.43,44.42,38.01,38.97,39.25,38.69,43.7,99.94
46375,47.34,99.94,31.56,29.25,30.58,30.58,43,30.75,31.02,31.93,32.51,32.12,58.34,36.96,33.21,32.03,40.43,44.42,38.01,38.97,39.25,38.69,43.7,99.94
46395,55.35,99.94,31.56,29.25,30.58,30.58,42.66,30.75,31.02,31.93,32.51,32.12,58.66,36.96,33.31,32.03,40.43,44.42,38.01,38.97,39.25,38.69,43.52,99.94
46414,47.55,83.03,31.56,29.25,30.58,30.58,33.31,30.75,30.93,31.93,32.51,32.12,58.66,36.84,33.31,32.03,40.43,44.42,38.01,38.97,39.25,38.69,43.7,99.94
46434,43.17,52.91,31.56,29.25,30.58,30.58,32.51,30.75,31.02,31.93,32.51,32.12,58.98,36.84,33.21,32.03,40.43,44.42,38.01,38.97,39.11,38.69,43.7,100.87
46455,94.68,59.96,31.65,29.25,30.58,30.58,32.81,30.75,31.11,31.93,32.51,32.12,58.66,36.96,33.21,32.03,40.27,44.42,38.01,38.83,39.11,38.69,43.7,101.83
46473,96.37,100.87,31.65,29.25,30.58,30.58,33.73,30.75,31.02,31.93,32.51,32.12,58.98,36.84,33.21,31.93,40.43,44.42,38.01,38.97,39.25,38.69,43.7,100.87
46494,94.68,55.64,31.65,29.25,30.58,30.58,32.71,30.75,31.02,31.93,32.51,32.12,59.31,36.84,33.21,31.93,40.12,44.42,38.01,38.97,39.25,38.69,43.7,101.83
46512,95.52,102.8,31.56,29.25,30.58,30.58,52.91,30.75,31.02,31.93,32.51,32.12,58.98,36.96,33.21,31.93,40.43,44.42,38.01,38.97,39.11,38.69,43.7,99.94
46533,93.86,49.51,31.56,29.25,30.58,30.58,60.3,30.75,30.93,31.93,32.51,32.12,59.31,36.96,33.21,31.93,40.43,44.42,38.01,38.97,39.25,38.69,43.7,101.83
46551,95.52,102.8,31.56,29.25,30.58,30.66,32.91,30.75,30.93,31.93,32.51,32.12,58.98,36.84,33.21,31.93,40.43,44.42,38.01,38.97,39.25,38.69,44.06,101.83
46571,97.24,102.8,31.65,29.25,30.58,30.58,32.71,30.75,31.02,31.93,32.51,32.12,58.98,36.84,33.21,31.93,40.43,44.42,38.01,38.97,39.25,38.69,44.06,101.83
46592,97.24,102.8,31.75,29.25,30.58,30.66,32.41,30.75,31.02,32.03,32.51,32.12,58.66,36.96,33.21,31.93,40.43,44.42,38.01,38.97,39.25,38.69,44.79,101.83
46610,97.24,102.8,31.56,29.25,30.58,30.58,32.51,30.75,31.02,32.03,32.51,32.12,58.98,36.96,33.21,31.93,40.43,44.6,38.01,38.97,39.25,38.69,44.06,102.8
46631,96.37,102.8,31.65,29.25,30.58,30.58,36.84,30.75,31.02,32.03,32.51,32.12,58.98,36.96,33.21,31.93,40.43,44.42,38.14,38.97,39.25,38.69,44.06,99.02
46649,96.37,102.8,31.65,29.25,30.58,30.66,32.51,30.75,31.02,31.93,32.61,32.12,58.98,36.96,33.31,31.93,40.43,44.6,38.14,38.97,39.25,38.55,43.7,98.12
46670,96.37,101.83,31.47,29.25,30.58,30.66,32.51,30.75,31.02,31.84,32.51,32.12,58.34,36.84,33.21,31.93,40.43,44.6,38.01,38.97,39.25,38.69,43.7,99.02
46688,97.24,102.8,31.47,29.25,30.58,30.66,32.32,30.75,31.02,31.84,32.51,32.12,58.98,36.84,33.21,31.93,40.43,44.42,38.01,38.97,39.25,38.69,43.7,99.02
46709,96.37,102.8,31.47,29.25,30.58,30.66,32.71,30.75,31.02,31.84,32.51,32.12,58.66,36.96,33.21,31.84,40.27,44.6,38.14,38.97,39.25,38.69,43.7,99.02
46729,97.24,102.8,31.47,29.25,30.58,30.58,32.61,30.75,31.02,31.84,32.51,32.12,58.66,36.96,33.21,31.93,40.43,44.42,38.14,38.97,39.25,38.69,43.7,98.12
46748,96.37,102.8,31.47,29.25,30.58,30.66,32.61,30.75,31.02,31.84,32.51,32.12,59.31,36.96,33.21,31.93,40.43,44.6,38.01,38.97,39.11,38.69,43.7,98.12
46768,96.37,102.8,31.56,29.25,30.58,30.66,33.01,30.75,31.02,31.84,32.51,32.12,59.31,36.84,33.21,31.93,40.43,44.42,38.01,38.97,39.25,38.69,43.7,98.12
46786,97.24,102.8,31.65,29.25,30.58,30.66,33.01,30.75,31.02,31.84,32.51,32.12,59.31,36.84,33.21,31.93,40.27,44.6,38.14,39.11,39.25,38.69,43.7,98.12
46807,97.24,102.8,31.65,29.25,30.58,30.66,33.11,30.75,31.02,31.84,32.51,32.12,59.31,36.96,33.21,31.84,40.43,53.17,38.14,38.97,39.25,38.55,43.7,99.02
46825,97.24,102.8,31.75,29.25,30.58,30.66,33.11,30.75,31.11,31.84,32.51,32.12,59.63,36.84,33.21,31.84,40.43,46.52,38.14,38.97,39.25,38.69,43.7,99.02
46846,96.37,101.83,31.65,29.25,30.58,30.66,33.01,30.75,31.11,31.84,32.51,32.12,59.63,36.96,33.21,31.84,40.43,46.32,38.14,39.11,39.25,38.55,43.88,99.02
46866,96.37,101.83,31.65,29.25,30.58,30.66,33.01,30.75,31.2,31.84,32.51,32.12,59.96,36.84,33.21,31.84,40.27,46.32,38.01,38.97,39.25,38.55,43.88,99.94
46885,97.24,101.83,31.75,29.25,30.58,30.66,32.91,30.75,31.29,31.93,32.51,32.12,59.63,36.84,33.21,31.84,40.43,46.52,38.14,39.11,39.25,38.69,43.7,99.02
46905,97.24,102.8,31.75,29.25,30.58,30.66,33.01,30.75,31.11,32.03,32.51,32.12,59.63,36.84,33.21,31.84,40.43,46.52,38.14,38.97,39.25,38.69,44.24,98.12
46924,97.24,102.8,31.84,29.25,30.58,30.66,33.01,30.75,31.11,32.03,32.51,32.12,60.3,36.84,33.21,31.84,40.43,46.52,38.14,39.11,39.25,38.69,44.24,98.12
46944,97.24,102.8,31.84,29.25,30.58,30.66,33.01,30.75,31.11,32.03,32.51,32.12,60.3,36.96,33.21,31.84,40.43,46.52,38.14,38.97,39.25,38.69,44.24,99.02
46965,96.37,101.83,31.84,29.25,30.58,30.66,33.11,30.75,31.11,32.03,32.51,32.12,60.64,36.96,33.21,31.84,40.43,46.73,38.14,38.97,39.25,38.69,44.06,99.02
46983,96.37,101.83,31.84,29.25,30.58,30.66,33.11,30.75,31.11,32.03,32.51,32.12,59.96,36.84,33.21,31.84,40.43,46.52,38.14,39.11,39.25,38.69,44.24,99.02
47004,97.24,101.83,31.75,29.25,30.58,30.66,33.01,30.75,31.11,32.03,32.51,32.12,59.96,36.84,33.21,31.84,40.43,45.54,38.14,38.97,39.25,38.69,44.24,99.02
47022,96.37,102.8,31.75,29.25,30.58,30.66,33.01,30.75,31.11,32.03,32.61,32.12,59.63,36.84,33.21,31.84,40.43,46.32,38.14,38.97,39.25,38.69,44.06,99.94
47042,97.24,101.83,31.75,29.25,30.58,30.66,33.01,30.75,31.11,32.03,32.51,32.12,59.96,36.84,33.21,31.84,40.43,53.97,38.14,39.11,39.25,38.69,44.24,99.94
47061,97.24,101.83,31.75,29.25,30.58,30.66,33.01,30.75,31.11,31.93,32.51,32.12,59.96,36.84,33.21,31.84,40.27,55.07,38.14,39.11,39.25,38.69,44.24,100.87
47081,96.37,101.83,31.65,29.25,30.58,30.66,32.71,30.75,31.11,31.93,32.51,32.12,60.3,36.84,33.21,31.84,40.43,51.89,38.01,39.11,39.25,38.69,44.24,99.94
47102,97.24,101.83,31.65,29.25,30.58,30.66,32.61,30.75,31.11,32.03,32.51,32.12,60.3,36.84,33.21,31.84,40.43,52.4,38.14,38.97,39.25,38.69,44.24,99.02
47120,97.24,101.83,31.65,29.25,30.58,30.66,32.61,30.75,31.11,32.03,32.51,32.12,59.96,36.84,33.21,31.84,40.43,59.31,38.01,38.97,39.11,38.69,44.24,99.94
47141,97.24,101.83,31.65,29.25,30.58,30.66,32.61,30.75,31.11,31.93,32.51,32.12,60.64,36.84,33.21,31.84,40.43,73.93,38.14,38.97,39.25,38.69,44.06,99.94
47159,97.24,102.8,31.65,29.25,30.58,30.66,32.61,30.75,31.11,31.93,32.51,32.12,60.3,36.84,33.21,31.84,40.43,73.93,38.14,39.11,39.25,38.55,44.06,99.94
47180,97.24,101.83,31.65,29.25,30.58,30.66,32.61,30.75,31.11,31.93,32.51,32.12,60.3,36.84,33.21,31.84,40.43,73.93,38.14,38.97,39.25,38.69,44.06,99.94
47200,97.24,102.8,31.65,29.25,30.58,30.66,32.51,30.75,31.11,31.93,32.51,32.12,60.64,36.84,33.21,31.84,40.43,73.93,38.14,38.97,39.25,38.69,44.24,99.94
47219,97.24,102.8,31.75,29.25,30.58,30.66,32.61,30.75,31.11,31.93,32.51,32.12,60.3,36.84,33.21,31.84,40.43,73.93,38.14,38.97,39.11,38.69,43.88,99.94
47239,97.24,102.8,31.75,29.25,30.58,30.66,32.51,30.75,31.11,31.93,32.51,32.12,60.98,36.84,33.21,31.93,40.43,73.93,38.14,38.97,39.25,38.55,44.06,99.94
47258,97.24,102.8,31.84,29.25,30.58,30.58,32.61,30.75,31.11,31.93,32.51,32.12,60.64,36.84,33.21,31.84,40.27,72.44,38.14,38.97,39.25,38.69,44.06,99.02
47278,97.24,102.8,31.75,29.25,30.58,30.66,32.61,30.75,31.11,31.93,32.51,32.12,60.64,36.84,33.21,31.84,40.43,73.93,38.14,38.97,39.25,38.69,44.06,99.94
47296,97.24,102.8,31.65,29.25,30.58,30.66,32.61,30.75,31.11,31.93,32.51,32.12,60.64,36.84,33.21,31.84,40.43,47.34,38.14,38.97,39.11,38.69,44.24,99.94
47317,97.24,102.8,31.65,29.25,30.58,30.66,32.61,30.75,31.11,31.93,32.51,32.12,60.64,36.84,33.21,31.93,40.43,47.34,38.14,38.97,39.25,38.69,44.24,99.02
47337,97.24,101.83,31.75,29.25,30.58,30.66,32.41,30.75,31.11,31.93,32.51,32.12,60.64,36.84,33.21,31.93,40.43,46.73,38.14,38.97,39.25,38.69,44.06,99.02
47356,96.37,102.8,31.75,29.25,30.58,30.66,32.71,30.75,31.29,31.93,32.51,32.12,60.64,36.84,33.21,31.93,40.43,46.52,38.14,38.97,39.25,38.69,44.24,99.94
47376,96.37,102.8,31.75,29.25,30.58,30.66,32.41,30.75,31.38,31.93,32.51,32.12,60.64,36.84,33.21,31.84,40.43,46.32,38.14,38.97,39.25,38.69,44.24,99.94
47395,97.24,102.8,31.75,29.25,30.58,30.66,32.32,30.75,31.38,31.93,32.51,32.12,60.64,36.84,33.21,31.93,40.43,46.52,38.01,38.97,39.25,38.69,44.24,99.94
47415,97.24,102.8,31.75,29.25,30.58,30.66,32.51,30.75,31.38,31.93,32.51,32.12,60.64,36.84,33.21,31.84,40.43,74.44,38.14,38.97,39.25,38.69,47.13,98.12
47434,97.24,102.8,31.75,29.25,30.58,30.66,42.16,30.75,31.29,31.93,32.51,32.12,60.64,36.84,33.21,31.84,40.43,58.98,38.01,38.97,39.25,38.69,46.73,99.02
47454,97.24,103.78,31.65,29.25,30.58,30.58,59.96,30.75,31.11,31.93,32.51,32.12,60.64,36.84,33.21,31.93,40.43,46.73,38.01,38.97,39.25,38.69,47.34,99.02
47475,97.24,102.8,31.75,29.25,30.58,30.58,43.88,30.75,31.11,31.93,32.51,32.12,60.98,36.84,33.21,31.93,40.43,44.6,38.14,38.97,39.25,38.69,47.34,99.02
47493,97.24,103.78,31.65,29.25,30.58,30.66,51.4,30.75,31.11,31.93,32.51,32.12,60.64,36.84,33.31,31.84,40.43,44.6,38.14,38.97,39.25,38.69,46.73,99.02
47514,97.24,102.8,31.65,29.25,30.58,30.58,58.66,30.75,31.2,31.93,32.51,32.12,60.64,36.84,33.21,31.93,40.27,44.6,38.01,38.97,39.25,38.69,47.34,98.12
47532,63.49,100.87,31.65,29.25,30.58,30.58,33.52,30.75,31.11,31.93,32.51,32.12,60.64,36.84,33.21,31.93,40.43,44.6,38.14,38.97,39.25,38.69,47.34,99.02
47552,95.52,101.83,31.65,29.25,30.58,30.58,32.51,30.75,31.11,31.93,32.51,32.12,60.98,36.84,33.21,31.93,40.43,44.6,38.01,38.97,39.25,38.55,47.13,98.12
47573,41.2,101.83,31.65,29.25,30.58,30.66,43.52,30.75,31.11,31.93,32.51,32.12,60.64,36.84,33.21,31.93,40.43,44.6,38.14,38.97,39.11,38.69,46.93,98.12
47591,39.25,100.87,31.65,29.25,30.58,30.58,52.14,30.75,31.11,31.93,32.51,32.12,60.3,36.84,33.21,31.93,40.43,44.6,38.14,38.97,39.25,38.69,47.13,98.12
47612,38.41,100.87,31.65,29.25,30.58,30.58,46.73,30.75,31.02,31.93,32.51,32.12,60.3,36.84,33.31,31.93,40.27,44.79,38.01,38.97,39.25,38.69,47.34,99.02
47630,84.99,102.8,31.56,29.25,30.58,30.58,62.39,30.75,30.93,31.93,32.51,32.12,60.3,36.84,33.21,31.93,40.43,44.6,38.01,38.97,39.25,38.69,47.13,98.12
47651,55.35,101.83,31.65,29.25,30.58,30.58,63.12,30.75,30.93,31.93,32.51,32.12,60.3,36.84,33.21,31.84,40.43,44.6,38.01,38.97,39.25,38.69,47.34,98.12
47669,40.12,100.87,31.47,29.25,30.58,30.58,55.64,30.75,31.02,31.93,32.51,32.12,60.3,36.84,33.31,31.93,40.43,44.6,38.01,38.97,39.25,38.69,46.93,97.24
47690,40.27,100.87,31.56,29.25,30.58,30.58,53.17,30.75,31.02,31.93,32.51,32.12,60.3,36.84,33.31,31.93,40.43,44.6,38.01,38.83,39.25,38.69,47.13,98.12
47710,38.83,100.87,31.56,29.25,30.58,30.58,58.66,30.75,31.2,31.93,32.51,32.12,60.64,36.84,33.21,31.93,40.43,44.6,38.01,38.97,39.11,38.69,46.93,99.02
47729,96.37,102.8,31.38,29.25,30.58,30.58,49.29,30.75,31.38,31.93,32.51,32.12,60.64,36.84,33.21,32.03,40.43,45.35,38.01,38.97,39.25,38.69,47.13,99.02
47749,97.24,102.8,31.47,29.25,30.58,30.58,50.44,30.75,31.38,32.03,32.51,32.12,60.64,36.84,33.21,31.93,40.43,44.79,38.01,38.97,39.25,38.69,46.93,99.02
47767,97.24,103.78,31.38,29.25,30.58,30.58,55.07,30.75,31.38,32.03,32.51,32.12,60.64,36.84,33.31,31.93,40.43,44.6,37.87,38.97,39.25,38.69,47.34,99.02
47788,97.24,103.78,31.38,29.25,30.58,30.58,49.51,30.75,31.38,32.03,32.51,32.12,60.64,36.84,33.21,31.93,40.27,44.6,38.01,38.97,39.11,38.69,47.13,98.12
47806,97.24,103.78,31.38,29.25,30.58,30.58,49.51,30.75,31.38,32.03,32.51,32.12,60.64,36.84,33.31,32.03,40.43,44.6,38.01,38.97,39.25,38.69,47.13,99.02
47827,98.12,103.78,31.47,29.25,30.58,30.58,50.67,30.75,31.38,32.03,32.51,32.12,60.64,36.84,33.21,31.93,40.43,44.79,38.01,38.97,39.25,38.69,47.13,99.02
47847,97.24,103.78,31.29,29.25,30.58,30.49,55.92,30.75,31.29,32.03,32.51,32.12,60.98,36.84,33.21,31.93,40.43,44.6,38.01,38.97,39.25,38.69,46.93,99.02
47866,97.24,95.52,31.29,29.25,30.58,30.58,60.98,30.75,31.38,32.03,32.51,32.12,60.64,36.84,33.31,31.93,40.43,44.6,38.01,38.97,39.25,38.69,47.34,99.94
47886,97.24,76.01,31.29,29.25,30.58,30.58,62.39,30.75,31.38,32.03,32.51,32.12,60.98,36.84,33.21,32.03,40.43,44.6,38.01,38.83,39.25,38.55,46.93,99.02
47905,96.37,103.78,31.29,29.25,30.58,30.58,62.75,30.75,31.38,32.03,32.51,32.12,61.33,36.96,33.31,32.03,40.43,44.6,38.01,38.97,39.25,38.69,47.34,99.94
47925,97.24,103.78,31.29,29.25,30.58,30.58,63.49,30.75,31.38,32.03,32.51,32.12,61.68,36.84,33.21,31.93,40.43,44.6,38.01,38.97,39.25,38.69,47.13,99.02
47944,98.12,103.78,31.29,29.25,30.58,30.58,63.49,30.75,31.38,32.03,32.51,32.12,60.64,36.96,33.21,32.03,40.43,44.6,38.01,38.97,39.25,38.69,46.52,99.02
47964,97.24,103.78,31.29,29.25,30.58,30.58,63.49,30.75,31.38,32.03,32.51,32.12,61.33,36.84,33.21,32.03,40.43,44.6,38.01,38.97,39.25,38.69,47.13,99.02
47985,98.12,103.78,31.29,29.25,30.58,30.58,63.49,30.75,31.02,32.03,32.51,32.12,61.68,36.96,33.21,32.03,40.43,44.6,38.01,38.97,39.25,38.69,47.34,99.02
48003,98.12,103.78,31.29,29.25,30.58,30.58,63.49,30.75,31.2,32.03,32.51,32.12,61.33,36.96,33.31,32.03,40.43,44.6,38.01,38.97,39.25,38.55,47.34,99.02
48023,98.12,103.78,31.29,29.25,30.58,30.49,63.49,30.75,31.11,32.03,32.51,32.12,61.68,36.84,33.21,31.93,40.43,44.6,38.01,38.97,39.25,38.69,46.73,99.02
48042,98.12,103.78,31.29,29.25,30.58,30.58,63.49,30.75,31.02,32.03,32.51,32.12,60.64,36.96,33.31,32.03,40.27,44.6,38.01,38.97,39.25,38.69,47.13,99.02
48062,98.12,103.78,31.29,29.25,30.58,30.58,63.49,30.75,31.38,32.03,32.51,32.12,61.68,36.96,33.31,32.03,40.43,44.6,38.01,38.97,39.25,38.69,47.34,99.02
48083,97.24,103.78,31.29,29.25,30.58,30.58,62.39,30.75,31.11,32.03,32.51,32.12,60.98,36.84,33.21,31.93,40.43,44.6,37.87,38.83,39.25,38.69,46.93,99.02
48101,96.37,102.8,31.29,29.25,30.58,30.58,35.74,30.75,31.38,32.03,32.51,32.12,61.33,36.96,33.31,32.03,40.43,44.6,38.01,38.83,39.25,38.69,46.93,99.94
48122,96.37,102.8,31.29,29.25,30.58,30.58,54.79,30.75,31.38,32.03,32.51,32.12,60.64,36.96,33.21,32.03,40.43,44.6,38.01,38.97,39.25,38.69,47.13,100.87
48140,97.24,102.8,31.38,29.25,30.58,30.58,46.73,30.75,31.38,32.03,32.51,32.12,60.64,36.96,33.21,32.03,40.43,44.6,38.01,38.97,39.25,38.69,46.13,99.02
48161,97.24,103.78,31.38,29.25,30.58,30.49,48.84,30.75,31.38,32.03,32.51,32.12,60.3,36.96,33.21,32.03,40.27,44.6,37.87,38.83,39.25,38.69,47.34,99.94
48179,97.24,103.78,31.38,29.25,30.58,30.49,60.64,30.75,31.38,32.03,32.51,32.12,60.3,36.96,33.21,32.03,40.43,44.6,38.01,38.97,39.11,38.69,47.13,99.02
48200,97.24,102.8,31.38,29.25,30.58,30.49,60.98,30.75,31.38,32.03,32.51,32.12,59.96,36.96,33.21,32.03,40.43,44.6,38.01,38.83,39.25,38.69,47.34,99.02
48220,97.24,102.8,31.38,29.25,30.58,30.58,49.97,30.75,31.38,32.03,32.51,32.12,59.96,36.96,33.31,32.03,40.27,44.42,38.01,38.97,39.25,38.69,47.13,99.94
48239,97.24,103.78,31.2,29.25,30.58,30.58,59.31,30.75,31.2,32.03,32.51,32.12,60.64,36.96,33.31,32.03,40.27,44.6,38.01,38.83,39.25,38.69,47.34,99.02
48259,97.24,103.78,31.29,29.25,30.58,30.49,49.29,30.75,31.29,32.03,32.51,32.12,60.98,36.84,33.21,31.93,40.27,44.42,38.01,38.97,39.11,38.69,47.13,99.94
48277,96.37,102.8,31.29,29.25,30.58,30.58,50.2,30.75,31.11,32.03,32.51,32.12,60.3,36.84,33.21,32.03,40.43,44.6,38.01,38.97,39.25,38.69,47.13,99.94
48298,96.37,102.8,31.29,29.25,30.58,30.58,49.97,30.75,31.2,32.03,32.51,32.12,60.3,36.96,33.21,32.03,40.43,44.6,38.01,38.83,39.11,38.69,46.93,99.02
48316,96.37,102.8,31.29,29.25,30.58,30.58,53.43,30.75,31.02,32.03,32.51,32.12,60.64,36.84,33.21,31.93,40.43,44.6,38.01,38.97,39.25,38.55,46.93,99.02
48337,97.24,103.78,31.38,29.25,30.58,30.58,51.4,30.75,31.02,31.93,32.51,32.12,60.64,36.84,33.21,31.93,40.43,44.6,38.01,38.97,39.25,38.69,47.34,98.12
48357,97.24,102.8,31.47,29.25,30.58,30.58,49.74,30.75,31.02,31.93,32.51,32.12,60.3,36.96,33.21,31.93,40.27,44.42,38.01,38.97,39.11,38.69,47.34,99.02
48376,97.24,102.8,31.38,29.25,30.58,30.58,63.49,30.75,31.38,31.84,32.51,32.12,60.3,36.96,33.21,31.93,40.43,44.6,38.01,38.97,39.25,38.69,47.13,98.12
48396,44.06,100.87,31.47,29.25,30.58,30.58,63.12,30.75,31.02,31.93,32.51,32.12,60.64,36.84,33.21,31.84,40.27,44.6,38.01,38.97,39.11,38.69,46.73,99.02
48415,97.24,102.8,31.65,29.25,30.58,30.49,63.12,30.75,31.38,31.93,32.51,32.12,61.33,36.84,33.31,31.84,40.43,44.6,38.01,38.97,39.25,38.69,47.13,99.02
48435,72.93,101.83,31.56,29.25,30.58,30.49,62.75,30.75,31.11,31.84,32.51,32.12,60.98,36.96,33.21,31.84,40.27,44.6,38.01,38.97,39.25,38.69,46.93,98.12
48456,70.09,101.83,31.47,29.25,30.58,30.49,62.39,30.75,31.02,31.93,32.51,32.12,60.98,36.96,33.21,31.84,40.27,44.6,38.01,38.97,39.11,38.69,47.13,98.12
48474,96.37,102.8,31.65,29.25,30.58,30.49,38.01,30.75,31.02,32.03,32.51,32.12,61.68,36.84,33.21,31.84,40.43,44.6,38.01,38.97,39.25,38.69,46.93,99.02
48495,91.47,102.8,31.65,29.25,30.58,30.49,33.73,30.75,31.11,32.03,32.51,32.12,61.68,36.84,33.21,31.84,40.43,44.6,38.14,38.97,39.25,38.69,46.93,98.12
48513,62.39,100.87,31.65,29.25,30.58,30.49,33.62,30.75,31.11,32.03,32.51,32.12,61.33,36.96,33.21,31.84,40.43,44.6,38.01,38.97,39.25,38.69,46.93,99.02
48533,95.52,101.83,31.65,29.25,30.58,30.49,33.62,30.75,31.29,31.93,32.51,32.12,61.68,36.96,33.21,31.84,40.43,44.6,38.14,38.83,39.25,38.69,47.13,99.02
48552,96.37,101.83,31.65,29.25,30.58,30.49,33.52,30.75,31.29,31.93,32.51,32.12,61.68,36.96,33.21,31.84,40.27,52.91,38.14,38.97,39.25,38.69,47.13,99.02
48572,96.37,102.8,31.56,29.25,30.58,30.58,33.62,30.75,31.2,31.93,32.51,32.12,62.39,36.84,33.21,31.84,40.43,46.73,38.14,38.97,39.25,38.69,47.13,98.12
48593,96.37,101.83,31.65,29.25,30.58,30.49,49.51,30.75,31.11,31.93,32.51,32.12,63.12,36.96,33.21,31.84,40.43,73.93,38.14,38.97,39.11,38.69,46.93,99.94
48611,97.24,100.87,31.75,29.25,30.58,30.49,36.71,30.75,31.11,31.75,32.51,32.12,63.87,36.84,33.21,31.84,40.43,47.13,38.01,38.97,39.25,38.69,47.34,99.02
48632,96.37,101.83,31.65,29.25,30.58,30.58,39.11,30.75,31.11,31.75,32.51,32.12,62.75,36.84,33.21,31.84,40.43,72.93,38.14,38.83,39.11,38.69,47.13,99.94
48650,97.24,101.83,31.65,29.25,30.58,30.58,33.52,30.75,31.11,31.84,32.51,32.12,62.39,36.84,33.21,31.84,40.43,73.93,38.14,38.97,39.25,38.69,46.73,98.12
48671,95.52,100.87,31.65,29.25,30.58,30.49,33.62,30.75,31.2,31.84,32.51,32.12,62.03,36.84,33.21,31.84,40.43,44.6,38.14,38.97,39.25,38.69,46.32,98.12
48689,95.52,100.87,31.65,29.25,30.58,30.58,33.52,30.75,31.11,31.84,32.51,32.12,62.03,36.84,33.21,31.84,40.43,44.6,38.14,38.97,39.25,38.69,46.73,98.12
48710,95.52,100.87,31.65,29.25,30.58,30.58,33.52,30.75,31.2,31.84,32.51,32.12,62.75,36.84,33.21,31.84,40.43,44.6,38.14,38.97,39.25,38.69,46.73,99.02
48730,95.52,99.94,31.65,29.25,30.58,30.58,33.52,30.75,31.2,31.84,32.51,32.12,63.49,36.84,33.21,31.84,40.43,44.42,38.01,39.11,39.25,38.69,46.93,99.02
48748,95.52,99.94,31.65,29.25,30.58,30.58,33.52,30.75,31.2,31.84,32.51,32.12,63.87,36.84,33.21,31.84,40.43,44.6,38.01,38.97,39.11,38.69,46.52,97.24
48769,94.68,72.44,31.75,29.25,30.58,30.58,33.52,30.75,31.2,31.84,32.51,32.12,66.63,36.84,33.21,31.84,40.43,44.6,38.14,38.97,39.25,38.69,46.73,98.12
48787,94.68,98.12,31.65,29.25,30.58,30.58,33.52,30.75,31.11,31.84,32.41,32.12,66.22,36.84,33.21,31.84,40.43,44.6,38.14,38.97,39.25,38.69,46.93,98.12
48808,94.68,97.24,31.84,29.25,30.58,30.58,33.52,30.75,31.11,31.84,32.51,32.03,67.88,36.84,33.21,31.84,40.43,44.6,38.14,39.11,39.25,38.69,47.13,98.12
48828,93.05,68.75,31.84,29.25,30.58,30.58,33.52,30.75,31.11,31.84,32.51,32.12,68.31,36.84,33.21,31.84,40.27,44.42,38.14,39.11,39.25,38.69,47.34,97.24
48847,93.05,97.24,31.75,29.25,30.58,30.49,33.52,30.75,31.11,31.84,32.41,32.12,65.02,36.84,33.21,31.84,40.43,44.6,38.14,38.97,39.25,38.69,47.13,98.12
48867,93.05,97.24,31.75,29.25,30.58,30.49,33.52,30.75,31.11,31.84,32.51,32.12,64.63,36.84,33.21,31.75,40.27,44.6,38.14,39.11,39.25,38.69,47.34,98.12
48886,92.25,96.37,31.75,29.25,30.58,30.58,33.42,30.75,31.11,31.84,32.51,32.12,65.42,36.84,33.21,31.84,40.43,44.6,38.14,38.97,39.25,38.69,46.93,97.24
48906,93.05,97.24,31.65,29.25,30.58,30.58,33.42,30.66,31.11,31.84,32.51,32.12,67.04,36.71,33.21,31.84,40.43,44.6,38.14,39.11,39.25,38.69,46.93,98.12
48925,93.05,97.24,31.65,29.25,30.58,30.58,33.42,30.75,31.2,31.84,32.41,32.12,67.46,36.71,33.21,31.75,40.43,44.6,38.14,38.97,39.25,38.69,47.13,98.12
48945,93.86,97.24,31.75,29.25,30.58,30.58,33.42,30.66,31.2,31.84,32.51,32.12,67.46,36.71,33.21,31.84,40.43,44.6,38.14,39.11,39.25,38.69,47.34,98.12
48966,93.86,97.24,31.75,29.25,30.58,30.58,33.42,30.75,31.11,31.84,32.51,32.12,68.31,36.71,33.21,31.84,40.43,44.6,38.14,39.11,39.25,38.69,47.13,98.12
48984,93.86,97.24,31.75,29.25,30.58,30.58,33.52,30.75,31.11,31.84,32.41,32.12,67.88,36.84,33.21,31.75,40.58,44.6,38.01,38.97,39.25,38.69,47.13,98.12
49004,93.86,98.12,31.65,29.25,30.58,30.58,33.52,30.75,31.2,31.84,32.51,32.12,67.46,36.71,33.21,31.75,40.58,44.6,38.14,39.11,39.25,38.69,47.34,98.12
49023,94.68,98.12,31.75,29.25,30.58,30.58,33.52,30.75,31.2,31.84,32.51,32.12,67.88,36.84,33.21,31.75,40.58,44.42,38.14,38.97,39.25,38.69,47.55,99.02
49043,94.68,98.12,31.65,29.25,30.58,30.58,33.52,30.75,31.2,31.84,32.51,32.12,67.88,36.84,33.21,31.75,40.43,44.6,38.14,39.11,39.25,38.69,47.13,99.02
49062,93.86,99.02,31.65,29.25,30.58,30.58,33.52,30.75,31.2,31.84,32.51,32.12,67.88,36.84,33.21,31.84,40.43,44.6,38.14,39.11,39.25,38.69,47.13,98.12
49082,94.68,98.12,31.75,29.25,30.58,30.58,33.52,30.75,31.2,31.84,32.51,32.12,67.88,36.84,33.21,31.84,40.43,44.6,38.14,38.97,39.25,38.69,47.34,98.12
49103,95.52,99.02,31.65,29.25,30.58,30.66,33.52,30.75,31.2,31.84,32.51,32.12,67.88,36.84,33.21,31.84,40.43,44.6,38.14,39.11,39.25,38.69,47.13,97.24
49121,94.68,99.02,31.65,29.25,30.58,30.66,33.52,30.66,31.2,31.84,32.51,32.12,67.04,36.84,33.21,31.84,40.43,44.6,38.14,39.11,39.25,38.69,47.55,98.12
49142,95.52,99.94,31.65,29.25,30.58,30.58,33.52,30.75,31.2,31.84,32.51,32.12,68.31,36.84,33.21,31.75,40.58,44.6,38.14,39.11,39.25,38.69,47.13,99.02
49160,95.52,99.94,31.65,29.25,30.58,30.66,33.52,30.75,31.2,31.84,32.51,32.12,68.31,36.84,33.11,31.75,40.43,44.6,38.14,39.11,39.25,38.69,47.34,99.02
49181,96.37,100.87,31.75,29.25,30.58,30.58,33.52,30.75,31.2,32.03,32.41,32.12,67.46,36.84,33.21,31.84,40.43,44.79,38.14,39.11,39.25,38.69,47.13,98.12
49201,96.37,100.87,31.65,29.25,30.58,30.66,33.52,30.75,31.2,32.03,32.51,32.12,67.46,36.84,33.21,31.84,40.43,44.6,38.14,39.11,39.25,38.69,47.13,99.02
49219,96.37,100.87,31.65,29.25,30.58,30.66,33.52,30.75,31.2,31.93,32.51,32.12,67.46,36.71,33.21,31.84,40.58,44.6,38.14,38.97,39.25,38.69,47.55,99.94
49240,96.37,100.87,31.65,29.25,30.58,30.66,33.52,30.75,31.2,31.84,32.51,32.12,67.88,36.96,33.11,31.84,40.58,44.6,38.14,39.11,39.25,38.69,47.34,99.02
49258,96.37,100.87,31.75,29.25,30.58,30.58,33.52,30.75,31.2,32.03,32.51,32.12,67.04,36.84,33.21,31.84,40.43,44.6,38.14,39.11,39.25,38.69,46.93,99.02
49279,96.37,101.83,31.65,29.25,30.58,30.66,33.62,30.75,31.2,31.93,32.51,32.12,67.46,36.84,33.21,31.84,40.43,44.6,38.14,39.11,39.25,38.69,47.34,99.02
49297,97.24,101.83,31.65,29.25,30.58,30.66,33.52,30.75,31.29,32.03,32.51,32.12,67.46,36.84,33.21,31.84,40.43,44.6,38.14,39.11,39.25,38.69,47.13,99.94
49318,97.24,101.83,31.65,29.25,30.58,30.66,33.62,30.75,31.2,32.03,32.51,32.12,67.04,36.84,33.21,31.84,40.43,44.6,38.14,39.11,39.25,38.69,47.34,99.94
49338,97.24,101.83,31.75,29.25,30.58,30.66,63.49,30.75,31.56,31.93,32.51,32.12,67.46,36.84,33.21,31.84,40.58,44.6,38.14,38.97,39.25,38.69,47.13,99.94
49357,97.24,102.8,31.75,29.25,30.58,30.66,64.25,30.75,31.38,32.03,32.41,32.12,67.88,36.84,33.21,31.84,40.58,44.6,38.14,38.97,39.25,38.69,47.34,99.94
49377,97.24,102.8,31.65,29.25,30.58,30.66,64.63,30.75,31.38,32.03,32.51,32.12,68.75,36.84,33.21,31.84,40.58,44.6,38.01,38.97,39.25,38.69,47.13,99.94
49396,97.24,102.8,31.65,29.25,30.58,30.66,64.63,30.75,31.38,31.93,32.51,32.12,68.75,36.84,33.21,31.84,40.43,44.6,38.01,39.11,39.25,38.69,47.34,99.94
49416,97.24,102.8,31.65,29.25,30.58,30.66,64.63,30.75,31.38,31.93,32.51,32.12,67.88,36.84,33.21,31.84,40.43,44.6,38.14,38.97,39.25,38.69,47.13,99.94
49435,97.24,102.8,31.65,29.25,30.58,30.66,33.62,30.75,31.38,31.93,32.41,32.12,68.31,36.84,33.21,31.84,40.43,44.42,38.14,39.11,39.25,38.69,47.13,99.94
49455,97.24,102.8,31.65,29.25,30.58,30.66,33.62,30.66,31.2,31.93,32.51,32.12,68.75,36.84,33.11,31.75,40.43,44.42,38.14,39.11,39.25,38.69,47.34,99.94
49475,97.24,102.8,31.65,29.25,30.58,30.66,33.62,30.66,31.2,31.93,32.51,32.12,71.01,36.71,33.21,31.84,40.58,44.42,38.14,38.97,39.25,38.69,47.13,99.02
49494,97.24,102.8,31.56,29.25,30.58,30.66,33.73,30.66,31.29,31.93,32.51,32.03,76.01,36.84,33.21,31.84,40.58,44.42,38.14,39.11,39.25,38.69,46.93,99.02
49514,98.12,102.8,31.65,29.25,30.58,30.66,33.73,30.75,31.2,31.93,32.51,32.12,77.1,36.84,33.21,31.84,40.43,44.42,38.14,39.11,39.39,38.69,46.93,99.94
49533,99.02,102.8,31.65,29.25,30.58,30.66,33.73,30.75,31.38,31.93,32.51,32.12,78.78,36.84,33.21,31.84,40.43,44.42,38.01,39.11,39.25,38.69,46.93,99.94
49553,101.83,102.8,31.65,29.25,30.58,30.66,33.84,30.75,31.29,31.93,32.51,32.12,79.36,36.84,33.21,31.84,40.43,44.6,38.01,38.97,39.25,38.69,46.93,99.02
49574,102.8,102.8,31.56,29.25,30.58,30.66,53.43,30.75,31.11,31.93,32.51,32.03,79.36,36.84,33.21,31.84,40.43,44.6,38.14,38.97,39.25,38.69,46.93,99.94
49592,103.78,102.8,31.56,29.25,30.58,30.66,52.91,30.75,31.2,31.84,32.41,32.12,78.78,36.71,33.21,31.84,40.43,44.6,38.14,38.97,39.25,38.69,46.93,99.94
49613,102.8,103.78,31.56,29.25,30.58,30.66,64.63,30.66,31.29,31.93,32.51,32.12,79.95,36.84,33.21,31.84,40.43,44.6,38.01,38.97,39.25,38.69,46.93,99.02
49631,101.83,102.8,31.56,29.25,30.58,30.66,64.63,30.75,31.29,31.93,32.51,32.12,79.36,36.84,33.21,31.84,40.43,44.42,38.14,39.11,39.25,38.69,47.13,99.02
49652,99.94,103.78,31.56,29.25,30.58,30.58,64.63,30.75,31.29,31.93,32.41,32.12,79.95,36.84,33.21,31.84,40.43,44.42,38.01,38.97,39.11,38.69,46.73,99.94
49670,97.24,103.78,31.56,29.25,30.58,30.58,65.02,30.75,31.29,31.93,32.41,32.12,79.95,36.84,33.21,31.84,40.58,44.6,38.14,38.97,39.25,38.69,46.93,99.94
49691,97.24,102.8,31.56,29.25,30.58,30.58,65.42,30.75,31.29,31.93,32.51,32.12,79.95,36.84,33.21,31.93,40.43,44.6,38.01,38.97,39.25,38.69,47.34,99.94
49711,97.24,103.78,31.56,29.25,30.58,30.66,65.02,30.75,31.29,31.93,32.51,32.12,79.95,36.84,33.21,31.93,40.43,44.6,38.01,38.97,39.25,38.69,47.34,99.94
49729,98.12,103.78,31.47,29.25,30.58,30.58,65.02,30.75,31.29,31.93,32.51,32.12,79.95,36.84,33.21,31.93,40.43,44.6,38.01,38.97,39.25,38.69,46.73,99.02
49750,97.24,103.78,31.47,29.25,30.58,30.58,33.73,30.66,31.11,31.93,32.51,32.12,79.95,36.84,33.21,31.93,40.43,44.6,38.01,38.97,39.25,38.69,46.93,99.94
49768,97.24,103.78,31.47,29.25,30.58,30.58,65.02,30.75,31.11,31.93,32.51,32.12,79.95,36.84,33.21,31.93,40.43,44.6,38.01,38.97,39.25,38.55,47.13,99.02
49789,96.37,103.78,31.38,29.25,30.58,30.58,33.73,30.75,31.11,31.93,32.51,32.12,78.21,36.96,33.21,31.93,40.43,44.6,38.01,38.97,39.25,38.69,47.13,99.94
49807,96.37,103.78,31.38,29.25,30.58,30.58,33.73,30.75,31.11,31.84,32.51,32.12,79.36,36.96,33.21,31.84,40.43,44.6,38.01,38.97,39.25,38.69,47.13,99.02
49828,96.37,103.78,31.38,29.25,30.58,30.58,65.02,30.75,31.11,31.84,32.51,32.12,79.95,36.96,33.21,31.93,40.43,44.6,38.01,38.97,39.25,38.69,47.34,99.94
49848,97.24,103.78,31.38,29.25,30.58,30.58,65.02,30.75,31.38,31.84,32.51,32.12,78.78,36.96,33.31,31.93,40.43,44.6,38.01,38.97,39.25,38.69,47.34,99.94
49867,97.24,103.78,31.29,29.25,30.58,30.58,65.02,30.75,31.11,31.84,32.51,32.12,66.22,36.96,33.21,31.93,40.43,44.6,38.01,38.97,39.25,38.69,47.13,99.94
49887,96.37,103.78,31.29,29.25,30.58,30.58,65.02,30.75,31.11,31.84,32.51,32.12,65.42,36.96,33.21,31.93,40.43,44.42,38.01,38.97,39.25,38.69,46.93,99.02
49906,97.24,103.78,31.29,29.25,30.58,30.58,65.02,30.75,31.11,31.93,32.51,32.12,60.3,36.96,33.21,31.93,40.43,44.6,38.01,38.97,39.25,38.69,46.93,99.02
49926,96.37,103.78,31.29,29.25,30.58,30.58,65.02,30.75,31.11,31.93,32.51,32.12,59.96,36.96,33.21,31.93,40.43,44.6,38.01,38.97,39.25,38.69,46.73,99.94
49947,60.3,101.83,31.29,29.25,30.58,30.58,64.63,30.75,31.2,31.93,32.51,32.12,59.96,36.84,33.21,31.93,40.43,44.42,38.01,38.97,39.25,38.55,46.93,99.02
49965,60.64,101.83,31.29,29.25,30.58,30.58,65.02,30.75,31.2,31.93,32.51,32.12,61.33,36.84,33.21,31.93,40.27,44.42,38.01,38.97,39.25,38.55,46.93,99.02
49985,90.7,103.78,31.2,29.25,30.58,30.58,65.02,30.75,31.38,31.84,32.51,32.12,65.81,36.84,33.21,31.93,40.43,44.42,38.01,38.97,39.25,38.69,47.13,99.94
50004,97.24,103.78,31.29,29.25,30.58,30.58,65.02,30.75,31.47,31.84,32.51,32.12,65.81,36.96,33.11,31.93,40.43,44.42,38.01,38.97,39.25,38.69,46.93,99.02
50024,96.37,68.31,31.29,29.25,30.58,30.58,64.63,30.75,31.38,31.84,32.51,32.12,65.42,36.84,33.21,31.93,40.27,44.42,38.01,38.97,39.25,38.69,46.93,99.02
50043,98.12,103.78,31.29,29.25,30.58,30.58,64.63,30.75,31.38,31.84,32.51,32.12,65.42,36.84,33.21,31.93,40.43,44.42,38.01,38.97,39.11,38.69,43,98.12
50063,50.67,65.42,31.2,29.25,30.58,30.58,64.63,30.75,31.38,31.84,32.51,32.12,65.42,36.96,33.21,32.03,40.43,44.6,38.01,38.97,39.25,38.69,43,99.02
50084,97.24,102.8,31.29,29.25,30.58,30.58,64.25,30.75,31.11,31.84,32.51,32.12,65.42,36.96,33.21,31.93,40.43,44.6,38.01,38.97,39.25,38.69,43,98.12
50104,96.37,101.83,31.38,29.25,30.58,30.49,64.63,30.75,31.11,31.84,32.51,32.12,64.63,36.96,33.21,31.93,40.43,44.6,37.87,38.97,39.25,38.69,43.17,99.02
50123,98.12,103.78,31.29,29.25,30.58,30.49,64.63,30.75,31.11,31.84,32.51,32.12,64.25,36.96,33.21,31.93,40.43,44.6,38.01,38.97,39.25,38.69,43,99.94
50143,98.12,103.78,31.29,29.25,30.58,30.58,64.63,30.66,31.11,31.84,32.51,32.03,64.63,36.96,33.21,32.03,40.43,44.6,38.01,38.97,39.25,38.69,43,99.94
50162,97.24,103.78,31.29,29.25,30.58,30.49,64.25,30.75,31.11,31.84,32.51,32.12,64.63,36.96,33.11,32.03,40.43,44.6,38.01,38.97,39.11,38.69,43,99.94
50182,98.12,103.78,31.2,29.25,30.58,30.49,64.25,30.75,31.11,31.84,32.51,32.12,65.02,36.96,33.21,31.93,40.43,44.79,38.01,38.97,39.11,38.69,43,99.02
50203,98.12,103.78,31.2,29.25,30.58,30.49,64.25,30.75,31.11,31.84,32.51,32.12,64.63,36.96,33.21,32.03,40.43,44.6,38.01,38.97,39.11,38.69,43,99.02
50221,98.12,102.8,31.2,29.25,30.58,30.49,64.63,30.75,31.11,31.84,32.51,32.12,65.42,36.96,33.21,32.03,40.43,44.79,38.01,38.83,39.25,38.55,43.17,99.02
50241,96.37,77.65,31.2,29.25,30.58,30.49,64.25,30.75,31.11,31.84,32.51,32.12,65.42,36.96,33.21,32.03,40.43,44.79,38.01,38.97,39.25,38.69,43,99.02
50260,95.52,103.78,31.2,29.25,30.58,30.58,64.63,30.75,31.11,31.84,32.51,32.12,65.42,36.96,33.11,31.93,40.27,44.79,38.01,38.97,39.25,38.69,43,99.02
50280,97.24,102.8,31.2,29.25,30.58,30.49,64.25,30.75,31.11,31.84,32.51,32.12,65.42,36.96,33.21,32.03,40.27,44.79,38.01,38.97,39.11,38.69,43,99.02
50299,98.12,102.8,31.2,29.25,30.58,30.49,64.25,30.75,31.2,31.84,32.51,32.12,65.02,36.96,33.21,32.03,40.43,44.6,38.01,38.97,39.11,38.55,43,99.02
50319,97.24,103.78,31.2,29.25,30.58,30.58,64.25,30.75,31.29,31.84,32.51,32.12,65.02,36.96,33.21,31.93,40.43,44.6,38.01,38.97,39.11,38.69,43,99.02
50340,97.24,103.78,31.2,29.25,30.58,30.49,63.49,30.75,31.38,31.84,32.51,32.12,65.42,36.96,33.21,32.03,40.27,44.6,38.01,38.97,39.25,38.69,43,99.02
50358,97.24,103.78,31.2,29.25,30.58,30.49,63.49,30.75,31.38,31.93,32.51,32.12,65.42,36.96,33.21,31.93,40.43,44.6,38.01,38.97,39.25,38.69,43,99.94
50379,97.24,103.78,31.2,29.25,30.58,30.49,63.87,30.75,31.38,31.84,32.51,32.12,67.04,36.96,33.21,32.03,40.43,44.79,38.01,38.97,39.25,38.55,43,99.94
50397,97.24,101.83,31.2,29.25,30.58,30.49,63.87,30.75,31.38,31.93,32.51,32.12,67.04,36.96,33.21,32.03,40.27,44.6,38.01,38.97,39.25,38.69,43,99.02
50418,97.24,103.78,31.2,29.25,30.58,30.49,63.87,30.75,31.38,31.93,32.51,32.12,65.42,36.96,33.21,31.93,40.43,44.79,38.01,38.97,39.25,38.55,43,99.02
50438,96.37,84.99,31.2,29.25,30.58,30.49,63.49,30.75,31.38,31.93,32.51,32.12,65.81,36.96,33.21,31.93,40.43,44.79,38.01,38.97,39.11,38.69,43,99.02
50456,98.12,103.78,31.2,29.25,30.58,30.49,63.49,30.66,31.38,31.93,32.51,32.12,65.42,36.96,33.21,31.93,40.27,44.79,38.01,38.97,39.25,38.69,42.83,99.94
50477,97.24,103.78,31.2,29.25,30.58,30.49,63.49,30.75,31.29,31.93,32.51,32.12,64.63,36.96,33.21,31.93,40.12,45.74,38.01,38.97,39.25,38.69,42.83,99.94
50495,98.12,102.8,31.2,29.25,30.58,30.49,58.34,30.75,31.29,31.93,32.51,32.12,64.63,36.96,33.21,32.03,40.43,46.32,38.01,38.97,39.25,38.69,43,99.94
50516,98.12,103.78,31.2,29.25,30.58,30.49,63.49,30.75,31.29,31.93,32.51,32.12,65.02,36.96,33.21,32.03,40.43,46.32,38.01,38.83,39.25,38.69,43,99.02
50536,98.12,103.78,31.2,29.25,30.58,30.49,63.49,30.75,31.29,31.93,32.51,32.12,64.63,36.96,33.21,31.93,40.43,46.73,38.01,38.97,39.25,38.69,43,99.94
50555,97.24,103.78,31.2,29.25,30.58,30.49,63.87,30.75,31.2,31.93,32.51,32.12,64.63,36.96,33.21,31.93,40.43,46.93,38.01,38.97,39.25,38.55,43,99.94
50575,98.12,103.78,31.2,29.25,30.58,30.49,63.87,30.75,31.11,31.93,32.51,32.12,64.63,36.96,33.21,32.03,40.27,46.93,38.01,38.97,39.25,38.69,43,99.94
50596,97.24,103.78,31.2,29.25,30.58,30.49,63.49,30.75,31.11,31.93,32.51,32.12,65.02,36.96,33.21,32.03,40.43,47.76,37.87,38.97,39.25,38.69,43,99.94
50614,98.12,103.78,31.2,29.25,30.58,30.49,64.25,30.66,31.11,31.93,32.51,32.12,65.02,36.96,33.21,31.93,40.43,47.76,38.01,38.97,39.25,38.69,42.83,99.02
50635,97.24,103.78,31.29,29.25,30.58,30.49,64.25,30.75,31.11,31.84,32.51,32.12,65.02,36.84,33.21,31.93,40.43,47.55,38.01,38.97,39.25,38.69,43,98.12
50653,96.37,103.78,31.29,29.25,30.58,30.49,64.25,30.75,31.11,31.93,32.51,32.12,64.25,36.96,33.21,31.93,40.43,48.19,38.01,38.97,39.25,38.69,43,99.94
50674,97.24,103.78,31.2,29.25,30.58,30.49,64.25,30.66,31.11,31.93,32.51,32.12,63.87,36.96,33.21,32.03,40.43,46.52,38.01,38.97,39.25,38.69,43,99.02
50694,96.37,102.8,31.2,29.25,30.58,30.49,64.25,30.75,31.2,31.84,32.51,32.12,63.87,36.96,33.21,31.93,40.43,45.54,38.01,38.97,39.25,38.69,43,99.94
50712,96.37,103.78,31.29,29.25,30.58,30.49,64.25,30.75,31.38,31.93,32.51,32.12,63.87,36.84,33.21,31.93,40.43,44.6,38.01,38.97,39.25,38.69,43,99.94
50733,97.24,103.78,31.38,29.25,30.58,30.49,63.87,30.66,31.38,31.93,32.51,32.12,64.25,36.96,33.21,32.03,40.43,44.42,38.01,38.97,39.25,38.69,43,99.02
50751,96.37,102.8,31.47,29.25,30.58,30.49,64.25,30.75,31.38,31.93,32.51,32.12,63.87,36.84,33.21,32.03,40.43,44.24,38.01,38.97,39.25,38.69,43,99.02
50772,96.37,103.78,31.29,29.25,30.58,30.49,64.25,30.75,31.38,31.93,32.51,32.12,63.49,36.84,33.21,31.93,40.43,44.24,38.01,38.97,39.25,38.69,43,99.02
50790,42.16,100.87,31.38,29.25,30.58,30.49,63.87,30.75,31.38,31.93,32.51,32.12,63.49,36.96,33.21,31.93,40.27,44.24,38.01,38.83,39.25,38.69,43,98.12
50811,38.14,100.87,31.38,29.25,30.58,30.49,63.87,30.75,31.29,31.93,32.51,32.12,64.25,36.84,33.21,31.93,40.43,44.24,38.14,38.97,39.25,38.69,43,99.02
50831,38.14,100.87,31.29,29.25,30.58,30.49,63.87,30.75,31.38,31.93,32.51,32.12,63.87,36.84,33.21,31.93,40.43,44.24,38.01,38.97,39.25,38.69,43,99.02
50850,38.69,100.87,31.38,29.25,30.58,30.49,63.87,30.75,31.38,31.93,32.51,32.12,63.49,36.84,33.21,31.93,40.43,44.24,38.01,38.97,39.25,38.69,43,99.02
50870,48.62,100.87,31.38,29.25,30.58,30.49,64.25,30.75,31.38,31.93,32.51,32.12,63.87,36.96,33.21,32.03,40.27,44.24,38.01,38.97,39.25,38.55,43,99.02
50889,93.86,102.8,31.56,29.25,30.58,30.49,63.87,30.75,31.38,31.93,32.51,32.12,63.49,36.84,33.21,31.93,40.27,44.24,38.01,38.83,39.25,38.69,43,99.02
50909,52.14,100.87,31.47,29.25,30.58,30.49,64.25,30.75,31.38,31.93,32.51,32.12,63.49,36.84,33.21,31.93,40.43,44.24,38.14,38.97,39.25,38.69,43,99.02
50928,38.41,99.94,31.38,29.25,30.58,30.49,63.87,30.75,31.38,31.93,32.51,32.12,63.49,36.96,33.21,31.93,40.27,44.42,38.14,38.83,39.25,38.69,43,99.94
50948,38.69,100.87,31.47,29.25,30.58,30.49,63.87,30.66,31.38,31.93,32.51,32.12,63.49,36.84,33.21,31.93,40.43,44.42,38.01,38.97,39.25,38.69,43,98.12
50968,41.04,100.87,31.56,29.25,30.58,30.49,63.87,30.75,31.38,31.93,32.51,32.12,63.49,36.84,33.21,31.84,40.27,44.42,38.01,38.97,39.25,38.69,43,98.12
50987,96.37,102.8,31.47,29.25,30.58,30.49,64.25,30.75,31.38,31.93,32.51,32.12,63.87,36.84,33.21,31.84,40.43,44.42,38.01,38.97,39.25,38.55,43,97.24
51007,38.97,68.31,31.56,29.25,30.58,30.49,63.87,30.75,31.38,31.93,32.51,32.12,63.87,36.84,33.21,31.93,40.27,44.42,38.14,38.97,39.25,38.69,43,99.02
51026,93.05,102.8,31.56,29.25,30.58,30.49,63.87,30.75,31.38,31.93,32.51,32.12,63.87,36.84,33.21,31.93,40.43,44.24,38.01,38.97,39.25,38.69,43,99.02
51046,42.16,100.87,31.56,29.25,30.58,30.49,64.25,30.75,31.38,31.93,32.51,32.12,63.87,36.96,33.21,31.93,40.43,44.42,38.14,38.97,39.25,38.69,43,98.12
51065,51.15,99.94,31.56,29.25,30.58,30.49,63.87,30.75,31.38,31.93,32.51,32.12,63.49,36.84,33.21,31.93,40.43,44.42,38.14,38.97,39.25,38.69,43,98.12
51085,61.68,100.87,31.56,29.25,30.58,30.49,63.87,30.75,31.2,31.93,32.51,32.12,63.87,36.84,33.21,31.93,40.43,44.42,38.01,38.97,39.25,38.69,43,99.02
51106,78.78,102.8,31.65,29.25,30.58,30.49,64.25,30.75,31.11,31.93,32.51,32.12,63.87,36.84,33.21,31.93,40.43,44.42,38.14,38.97,39.25,38.69,43,99.02
51124,96.37,101.83,31.47,29.25,30.58,30.49,64.25,30.75,31.11,31.93,32.51,32.12,64.25,36.84,33.21,31.93,40.43,44.42,38.01,38.97,39.25,38.69,43,99.02
51145,96.37,101.83,31.47,29.25,30.58,30.49,33.62,30.75,31.02,31.93,32.51,32.12,63.87,36.84,33.21,31.93,40.43,44.42,38.14,39.11,39.11,38.69,43,99.02
51165,96.37,101.83,31.47,29.25,30.58,30.49,64.25,30.75,31.02,31.93,32.41,32.12,63.87,36.84,33.21,31.84,40.43,44.6,38.01,38.97,39.25,38.69,43,98.12
51184,96.37,101.83,31.47,29.25,30.58,30.49,63.87,30.75,31.11,32.03,32.51,32.12,63.49,36.84,33.21,31.93,40.27,44.6,38.01,38.97,39.25,38.69,43,99.02
51204,96.37,102.8,31.47,29.25,30.58,30.49,48.62,30.75,31.38,31.93,32.51,32.12,63.87,36.96,33.21,31.93,40.27,44.42,38.14,38.97,39.25,38.69,43,99.02
51224,96.37,101.83,31.47,29.25,30.58,30.49,52.91,30.75,31.11,32.03,32.51,32.12,63.49,36.84,33.21,31.93,40.43,44.42,38.01,38.97,39.25,38.69,43,99.02
51243,96.37,101.83,31.47,29.25,30.58,30.58,33.73,30.75,31.11,32.03,32.51,32.12,63.87,36.84,33.21,31.84,40.43,44.42,38.14,38.97,39.25,38.69,43,95.52
51263,95.52,101.83,31.47,29.25,30.58,30.58,42,30.75,31.11,32.03,32.51,32.12,63.12,36.84,33.21,31.84,40.43,44.42,38.01,38.97,39.25,38.69,43,98.12
51282,96.37,101.83,31.47,29.25,30.58,30.58,39.54,30.75,31.11,31.93,32.51,32.12,63.87,36.96,33.21,31.93,40.27,44.42,38.14,38.97,39.25,38.69,43,99.02
51302,96.37,101.83,31.47,29.25,30.58,30.58,51.89,30.75,31.11,32.03,32.51,32.12,63.87,36.96,33.21,31.84,40.43,44.6,38.14,38.97,39.25,38.55,43,98.12
51321,96.37,101.83,31.47,29.25,30.58,30.58,59.63,30.75,31.11,32.03,32.51,32.12,63.87,36.84,33.21,31.84,40.43,44.42,38.14,38.97,39.25,38.69,43,98.12
51341,96.37,101.83,31.47,29.25,30.58,30.58,48.4,30.75,31.11,32.03,32.51,32.12,64.25,36.84,33.21,31.84,40.27,44.42,38.14,38.97,39.25,38.69,43,98.12
51362,96.37,101.83,31.47,29.25,30.58,30.58,49.51,30.75,31.11,32.03,32.51,32.12,64.25,36.96,33.21,31.93,40.27,44.6,38.14,38.97,39.25,38.69,43,98.12
