Time_ms,Sensor 1,Sensor 2,Sensor 3,Sensor 4,Sensor 5,Sensor 6,Sensor 7,Sensor 8,Sensor 9,Sensor 10,Sensor 11,Sensor 12,Sensor 13,Sensor 14,Sensor 15,Sensor 16,Sensor 17,Sensor 18,Sensor 19,Sensor 20,Sensor 21,Sensor 22,Sensor 23,Sensor 24
62601,93.05,97.24,30.93,29.33,30.58,30.4,32.03,30.58,31.47,31.93,32.51,32.12,81.15,35.5,33.31,31.93,40.27,44.24,38.14,38.97,39.83,38.69,43,95.52
62622,93.05,97.24,30.93,29.33,30.49,30.4,32.03,30.58,31.56,32.03,32.51,32.12,81.77,35.5,33.31,31.84,40.27,44.24,38.01,38.83,39.83,38.69,43,94.68
62640,93.05,97.24,30.93,29.33,30.58,30.4,32.03,30.58,31.47,32.03,32.51,32.12,81.77,35.5,33.31,31.93,40.12,44.24,38.01,38.97,39.83,38.69,43,94.68
62661,93.05,97.24,31.02,29.33,30.58,30.4,32.03,30.58,31.47,32.03,32.51,32.12,81.77,35.5,33.31,31.84,40.27,44.24,38.01,38.97,39.83,38.55,43,95.52
62681,92.25,97.24,30.93,29.33,30.58,30.4,32.03,30.58,31.47,32.03,32.51,32.12,81.77,35.39,33.31,31.93,40.27,44.24,38.01,38.97,39.83,38.69,43,94.68
62699,93.86,98.12,31.47,29.25,30.58,30.4,31.93,30.58,31.47,32.03,32.51,32.12,81.77,35.5,33.31,31.93,40.27,44.24,38.01,38.97,39.83,38.55,43,95.52
62720,94.68,98.12,31.47,29.33,30.58,30.4,31.93,30.58,31.47,32.03,32.51,32.12,81.15,35.5,33.31,31.84,40.27,44.24,38.01,38.83,39.83,38.69,43,93.86
62738,93.86,98.12,31.47,29.33,30.58,30.4,31.93,30.58,31.47,32.03,32.51,32.12,81.77,35.5,33.21,31.93,40.27,44.24,38.01,38.97,39.83,38.69,43,92.25
62759,93.86,97.24,31.47,29.33,30.58,30.4,31.93,30.58,31.47,32.03,32.51,32.12,81.15,35.5,33.31,31.93,40.27,44.24,38.14,38.83,39.83,38.69,43,91.47
62777,93.05,97.24,31.47,29.33,30.49,30.4,31.93,30.58,31.47,32.03,32.51,32.12,81.77,35.5,33.21,31.93,40.27,44.24,38.14,38.83,39.83,38.69,43,91.47
62798,93.86,98.12,31.47,29.33,30.58,30.4,31.93,30.58,31.47,32.03,32.51,32.12,81.15,35.5,33.21,31.93,40.12,44.24,38.01,38.97,39.83,38.69,43,92.25
62818,93.86,98.12,31.47,29.33,30.58,30.4,31.93,30.58,31.47,32.03,32.51,32.12,81.77,35.62,33.31,31.93,40.27,44.24,38.14,38.97,39.83,38.69,43.17,92.25
62837,94.68,99.02,44.6,29.33,30.58,30.4,31.93,30.58,31.47,31.93,32.51,32.12,81.15,35.5,33.21,31.93,40.27,44.24,38.01,38.97,39.68,38.69,43,92.25
62857,94.68,99.94,31.47,29.33,30.58,30.4,32.03,30.58,31.47,32.03,32.51,32.12,81.77,35.5,33.31,31.93,40.27,44.24,38.01,38.97,39.83,38.69,43,92.25
62876,94.68,99.94,31.47,29.33,30.58,30.4,31.93,30.58,31.47,32.03,32.51,32.12,81.77,35.5,33.21,31.84,40.27,44.24,38.01,38.83,39.83,38.55,43.17,92.25
62896,94.68,99.94,31.47,29.33,30.58,30.4,31.93,30.58,31.56,32.03,32.51,32.12,81.15,35.5,33.21,31.93,40.27,44.24,38.01,38.97,39.83,38.69,43.17,93.05
62914,94.68,99.94,31.47,29.33,30.58,30.4,31.93,30.58,31.56,32.03,32.51,32.12,81.77,35.5,33.31,31.84,40.27,44.42,38.01,38.97,39.83,38.69,43.52,93.05
62935,95.52,100.87,31.47,29.33,30.58,30.4,31.93,30.58,31.56,32.03,32.51,32.12,81.77,35.5,33.31,31.93,40.27,44.24,38.01,38.83,39.83,38.69,43.52,93.05
62955,95.52,100.87,31.47,29.33,30.58,30.4,31.93,30.58,31.47,32.03,32.51,32.12,81.77,35.5,33.31,31.93,40.27,44.24,38.14,38.97,39.83,38.55,43.7,93.05
62974,95.52,100.87,31.02,29.33,30.58,30.4,31.93,30.58,31.47,31.93,32.51,32.12,81.15,35.5,33.21,31.93,40.27,44.24,38.01,38.83,39.83,38.69,43.7,93.05
62994,95.52,101.83,31.02,29.33,30.58,30.4,31.93,30.58,31.47,31.93,32.51,32.12,81.77,35.5,33.31,31.93,40.27,44.24,38.14,38.97,39.83,38.69,43.7,93.86
63013,95.52,101.83,31.02,29.33,30.58,30.49,31.93,30.58,31.47,32.03,32.51,32.12,81.77,35.5,33.21,31.93,40.27,44.42,38.01,38.97,39.83,38.55,43.7,93.05
63033,95.52,101.83,31.56,29.33,30.58,30.4,31.93,30.58,31.47,31.93,32.51,32.12,81.77,35.5,33.31,31.93,40.27,44.42,38.14,38.97,39.83,38.69,43.52,93.05
63052,95.52,101.83,31.56,29.33,30.58,30.4,31.93,30.58,31.47,31.93,32.51,32.12,81.15,35.5,33.31,31.93,40.27,44.42,38.14,38.83,39.83,38.69,43.7,93.86
63072,95.52,100.87,31.56,29.33,30.49,30.4,31.93,30.58,31.47,32.03,32.51,32.12,81.15,35.62,33.31,31.93,40.27,44.24,38.01,38.97,39.83,38.69,43.7,93.05
63093,95.52,101.83,31.56,29.33,30.58,30.4,31.93,30.58,31.47,32.03,32.51,32.12,81.15,35.5,33.31,31.84,40.27,44.24,38.01,38.97,39.83,38.69,43.7,93.86
63111,95.52,100.87,31.56,29.33,30.58,30.4,31.93,30.58,31.47,31.93,32.51,32.12,81.77,35.5,33.21,31.84,40.27,44.24,38.14,38.83,39.83,38.55,43.52,93.86
63132,95.52,101.83,31.56,29.25,30.58,30.4,31.93,30.58,31.47,31.93,32.51,32.12,81.77,35.5,33.31,31.93,40.12,44.42,38.01,38.83,39.83,38.69,43.35,93.86
63150,95.52,101.83,31.56,29.33,30.58,30.4,31.93,30.58,31.47,32.03,32.51,32.12,81.15,35.5,33.31,31.93,40.12,44.24,38.14,38.97,39.83,38.69,43.52,93.86
63170,96.37,101.83,31.56,29.33,30.58,30.4,31.93,30.58,31.47,31.93,32.51,32.12,81.77,35.5,33.31,31.93,39.98,44.42,38.01,38.83,39.83,38.55,43.52,93.86
63189,96.37,101.83,31.56,29.33,30.49,30.4,31.93,30.58,31.47,31.93,32.51,32.12,81.77,35.5,33.31,31.93,40.27,44.42,38.01,38.97,39.83,38.69,43.52,94.68
63211,96.37,101.83,31.02,29.33,30.49,30.4,31.93,30.58,31.47,31.93,32.51,32.12,81.77,35.5,33.31,31.84,40.27,44.42,38.01,38.97,39.83,38.55,43.52,94.68
63230,96.37,101.83,30.93,29.33,30.58,30.4,31.93,30.58,31.47,31.93,32.51,32.12,81.77,35.5,33.31,31.93,40.27,44.24,38.14,38.97,39.83,38.69,43.52,93.86
63250,96.37,101.83,31.02,29.33,30.49,30.4,31.93,30.58,31.47,31.93,32.51,32.12,81.77,35.5,33.31,31.93,40.27,44.24,38.14,38.83,39.83,38.69,43.52,94.68
63269,96.37,101.83,31.02,29.33,30.58,30.4,31.93,30.58,31.47,31.93,32.51,32.12,81.77,35.5,33.31,31.93,40.27,44.24,38.01,38.83,39.83,38.69,43.35,94.68
63289,96.37,101.83,31.02,29.33,30.58,30.4,32.03,30.58,31.47,31.93,32.51,32.12,81.15,35.5,33.31,31.84,40.12,44.24,38.01,38.97,39.83,38.69,43.7,93.86
63308,96.37,101.83,31.02,29.25,30.58,30.4,31.93,30.58,31.47,31.93,32.51,32.12,81.77,35.5,33.31,31.93,40.27,44.24,38.01,38.83,39.83,38.69,43.88,94.68
63328,96.37,101.83,31.02,29.33,30.58,30.4,31.93,30.58,31.47,31.93,32.51,32.12,81.77,35.5,33.31,31.93,40.27,44.42,38.14,38.97,39.83,38.69,43.7,93.86
63349,96.37,102.8,31.02,29.33,30.58,30.4,31.93,30.58,31.47,31.93,32.51,32.12,81.15,35.5,33.31,31.93,40.27,44.42,38.01,38.83,39.83,38.69,43.7,94.68
63367,96.37,101.83,31.02,29.33,30.58,30.4,31.93,30.58,31.47,31.93,32.51,32.12,81.77,35.5,33.31,31.93,40.27,44.42,38.14,38.83,39.83,38.69,43.7,93.86
63388,96.37,102.8,43,29.33,30.49,30.4,31.93,30.58,31.65,31.93,32.51,32.03,81.77,35.5,33.31,31.84,40.27,44.42,38.14,38.97,39.83,38.69,43.88,94.68
63406,96.37,101.83,31.02,29.33,30.58,30.4,31.93,30.58,31.56,31.93,32.51,32.12,81.15,35.5,33.31,31.84,40.27,44.42,38.14,38.83,39.83,38.55,43.88,94.68
63426,96.37,101.83,31.02,29.33,30.58,30.4,31.93,30.58,31.84,31.93,32.51,32.12,81.77,35.5,33.31,31.84,40.27,44.42,38.14,38.97,39.83,38.69,43.35,94.68
63447,96.37,101.83,31.02,29.33,30.58,30.4,32.03,30.66,31.84,31.93,32.51,32.12,81.77,35.5,33.31,31.93,40.27,44.42,38.14,38.97,39.83,38.55,43.17,94.68
63465,96.37,101.83,31.02,29.33,30.49,30.4,32.12,30.66,31.93,32.03,32.51,32.12,81.77,35.5,33.31,31.93,40.27,44.24,38.14,38.97,39.83,38.69,43.35,94.68
63486,96.37,101.83,31.02,29.33,30.58,30.4,32.03,30.66,31.93,31.93,32.51,32.12,81.77,35.5,33.31,31.93,40.27,44.42,38.01,38.83,39.83,38.69,43.17,94.68
63504,96.37,102.8,31.02,29.33,30.58,30.4,32.22,30.58,32.81,31.93,32.51,32.12,81.15,35.5,33.31,31.93,40.27,44.42,38.14,38.83,39.98,38.55,43.17,94.68
63525,96.37,102.8,31.02,29.33,30.58,30.4,32.12,30.66,31.84,31.93,32.51,32.12,81.77,35.5,33.31,31.93,40.27,44.42,38.14,38.97,39.83,38.55,43.17,94.68
63543,96.37,102.8,31.02,29.33,30.49,30.4,32.61,30.58,32.32,31.93,32.51,32.12,81.77,35.5,33.31,31.84,40.27,44.42,38.14,38.97,39.83,38.69,43.17,94.68
63564,96.37,102.8,31.2,29.33,30.49,30.4,32.71,30.58,31.84,31.93,32.51,32.12,81.77,35.5,33.31,31.84,40.27,44.42,38.01,38.97,39.83,38.69,43.17,94.68
63584,96.37,102.8,31.11,29.33,30.58,30.4,32.61,30.66,31.84,31.93,32.51,32.12,81.77,35.5,33.31,31.93,40.27,44.42,38.01,38.83,39.83,38.69,43.35,94.68
63603,96.37,102.8,30.93,29.33,30.58,30.4,32.61,30.66,31.84,31.93,32.51,32.12,81.77,35.5,33.31,31.93,40.27,44.42,38.14,38.83,39.83,38.69,43.17,94.68
63623,96.37,102.8,30.93,29.33,30.49,30.4,32.61,30.66,31.84,31.93,32.51,32.12,81.77,35.5,33.31,31.84,40.27,44.42,38.01,38.97,39.83,38.69,43.17,95.52
63642,96.37,102.8,31.02,29.33,30.58,30.4,32.71,30.58,31.47,31.93,32.51,32.12,81.77,35.62,33.31,31.84,40.27,44.42,38.14,38.97,39.83,38.69,43.35,95.52
63662,96.37,101.83,31.02,29.33,30.58,30.4,32.61,30.66,31.84,31.93,32.51,32.12,81.77,35.62,33.31,31.93,40.27,44.42,38.14,38.97,39.83,38.69,43.35,95.52
63680,96.37,102.8,30.93,29.33,30.58,30.4,32.61,30.66,31.84,31.93,32.51,32.12,81.77,35.62,33.31,31.84,40.27,44.42,38.14,38.97,39.83,38.69,43.17,94.68
63701,97.24,102.8,31.02,29.33,30.49,30.4,32.71,30.66,31.02,31.93,32.51,32.12,81.77,35.5,33.31,31.93,40.27,44.42,38.01,38.97,39.83,38.69,43.17,96.37
63721,97.24,102.8,31.02,29.33,30.49,30.4,32.61,30.66,31.02,31.93,32.51,32.12,81.77,35.5,33.31,31.84,40.27,44.42,38.01,38.97,39.83,38.69,43.17,96.37
63740,97.24,102.8,31.02,29.33,30.49,30.4,32.61,30.66,31.02,31.93,32.51,32.12,81.77,35.62,33.31,31.93,40.27,44.24,38.14,38.97,39.83,38.69,43.17,97.24
63760,97.24,102.8,31.02,29.33,30.49,30.4,32.61,30.66,30.93,31.93,32.51,32.12,81.77,35.62,33.31,31.93,40.27,44.24,38.14,38.97,39.83,38.69,43.17,96.37
63779,97.24,103.78,30.93,29.33,30.49,30.4,32.71,30.66,30.93,31.93,32.51,32.12,81.77,35.62,33.31,31.93,40.27,44.24,38.01,38.97,39.98,38.69,43.17,97.24
63799,97.24,103.78,31.02,29.33,30.49,30.4,32.71,30.66,30.93,31.93,32.51,32.12,81.77,35.62,33.31,31.93,40.27,44.24,38.01,38.83,39.83,38.69,43.17,96.37
63820,96.37,103.78,31.02,29.33,30.58,30.4,32.61,30.66,31.02,31.93,32.51,32.03,81.77,35.62,33.31,31.93,40.27,44.24,38.01,38.97,39.83,38.69,43.17,97.24
63838,97.24,103.78,31.02,29.33,30.58,30.4,32.61,30.58,31.02,31.93,32.51,32.12,81.77,35.62,33.31,31.84,40.27,44.24,38.01,38.97,39.98,38.69,43.35,97.24
63859,97.24,104.79,31.02,29.33,30.58,30.4,32.61,30.66,31.02,31.93,32.51,32.12,81.77,35.62,33.31,31.93,40.27,44.24,38.01,38.97,39.83,38.69,43.52,97.24
63877,101.83,104.79,31.02,29.33,30.49,30.4,32.61,30.66,31.02,31.93,32.51,32.12,81.77,35.62,33.31,31.93,40.27,44.24,38.01,38.97,39.83,38.69,43.52,97.24
63898,103.78,103.78,31.02,29.33,30.58,30.4,32.61,30.66,31.02,31.93,32.51,32.12,81.77,35.62,33.31,31.93,40.27,44.24,38.14,38.97,39.83,38.69,43.35,97.24
63916,103.78,103.78,31.02,29.33,30.58,30.4,32.61,30.66,31.02,31.93,32.51,32.12,81.77,35.62,33.31,31.93,40.27,44.24,38.14,38.97,39.83,38.69,43.35,97.24
63936,102.8,103.78,31.02,29.33,30.49,30.4,32.61,30.66,31.02,31.93,32.51,32.12,81.77,35.62,33.31,31.93,40.27,44.24,38.14,38.97,39.83,38.69,43.7,95.52
63957,102.8,103.78,30.93,29.33,30.58,30.49,32.61,30.58,30.93,31.93,32.51,32.12,82.39,35.62,33.31,31.84,40.27,44.24,38.14,38.97,39.83,38.69,43.88,95.52
63975,101.83,103.78,30.93,29.33,30.58,30.49,32.61,30.66,30.93,31.93,32.51,32.03,82.39,35.62,33.31,31.93,40.27,44.24,38.14,38.83,39.83,38.69,43.88,94.68
63996,100.87,103.78,30.93,29.33,30.49,30.49,32.71,30.66,31.02,31.93,32.51,32.12,81.77,35.62,33.31,31.84,40.27,44.24,38.01,38.97,39.83,38.69,43.7,94.68
64014,38.69,101.83,31.02,29.33,30.58,30.49,32.71,30.66,30.93,31.93,32.51,32.12,81.77,35.62,33.31,31.93,40.27,44.06,38.01,38.83,39.83,38.69,43.88,94.68
64035,38.69,101.83,30.93,29.33,30.58,30.4,32.61,30.66,30.93,31.93,32.51,32.12,81.77,35.62,33.31,31.93,40.27,44.24,38.14,38.97,39.83,38.69,43.88,94.68
64053,64.25,102.8,31.02,29.33,30.49,30.49,32.61,30.66,30.93,31.93,32.51,32.12,81.77,35.62,33.31,31.93,40.27,44.24,38.14,38.83,39.83,38.69,44.06,94.68
64074,104.79,104.79,31.38,29.33,30.49,30.4,32.71,30.66,30.93,31.93,32.51,32.12,81.77,35.62,33.31,31.84,40.27,44.24,38.14,38.97,39.83,38.69,43.88,94.68
64094,50.67,102.8,31.38,29.33,30.58,30.49,32.61,30.66,30.93,31.93,32.51,32.12,81.77,35.62,33.31,31.84,40.27,44.24,38.01,38.97,39.83,38.69,43.88,94.68
64113,38.01,102.8,31.38,29.33,30.49,30.4,32.51,30.66,31.02,31.93,32.51,32.12,81.77,35.62,33.31,31.93,40.27,44.24,38.01,38.97,39.83,38.69,44.06,94.68
64133,38.41,101.83,31.02,29.33,30.49,30.49,32.81,30.66,30.93,31.93,32.51,32.12,81.15,35.62,33.31,31.93,40.27,44.06,38.01,38.97,39.83,38.69,43.88,94.68
64151,42.66,101.83,31.02,29.33,30.49,30.49,32.61,30.66,30.93,31.93,32.51,32.12,81.77,35.62,33.31,31.93,40.27,44.06,38.14,38.97,39.83,38.69,44.06,94.68
64172,47.97,102.8,31.02,29.33,30.58,30.4,32.61,30.66,30.93,31.93,32.51,32.12,81.77,35.62,33.31,31.93,40.27,44.24,38.01,38.97,39.83,38.69,44.06,96.37
64190,44.24,101.83,31.02,29.33,30.49,30.4,32.61,30.58,31.02,31.93,32.51,32.12,81.77,35.62,33.31,31.93,40.27,44.06,38.01,38.83,39.83,38.69,43.88,95.52
64211,61.68,102.8,30.93,29.33,30.49,30.4,32.81,30.66,30.93,31.93,32.51,32.03,82.39,35.62,33.31,31.93,40.27,44.06,38.14,38.97,39.83,38.69,44.06,96.37
64231,94.68,104.79,31.02,29.33,30.49,30.4,32.71,30.66,30.93,31.93,32.51,32.12,81.77,35.62,33.31,31.93,40.12,44.06,38.14,38.83,39.83,38.69,43.88,95.52
64250,38.41,101.83,31.02,29.33,30.49,30.4,32.61,30.66,30.93,31.93,32.51,32.12,81.77,35.62,33.31,31.93,40.27,44.06,38.14,38.83,39.83,38.69,44.06,94.68
64270,38.27,101.83,31.02,29.33,30.58,30.49,32.61,30.66,30.93,31.93,32.51,32.12,81.15,35.62,33.31,31.84,40.27,44.06,38.01,38.83,39.83,38.69,44.06,95.52
64289,98.12,104.79,31.02,29.25,30.49,30.4,32.51,30.66,30.93,31.93,32.51,32.12,81.77,35.62,33.31,31.93,40.12,44.06,38.14,38.97,39.83,38.69,44.06,95.52
64309,96.37,103.78,31.02,29.33,30.49,30.4,32.51,30.66,30.93,31.93,32.51,32.12,81.77,35.62,33.31,31.93,40.27,44.06,38.01,38.97,39.83,38.69,44.06,93.86
64330,54.51,102.8,31.02,29.33,30.58,30.4,32.61,30.66,30.93,31.93,32.51,32.12,81.77,35.62,33.31,31.93,40.12,44.06,38.01,38.83,39.83,38.69,43.88,94.68
64348,47.97,101.83,31.02,29.33,30.49,30.4,32.61,30.66,30.93,31.93,32.51,32.12,81.15,35.62,33.31,31.93,40.27,44.06,38.14,38.83,39.83,38.69,43.88,95.52
64369,50.91,100.87,30.93,29.33,30.58,30.4,32.61,30.66,30.93,31.93,32.51,32.12,81.77,35.62,33.31,31.93,40.27,44.06,38.14,38.97,39.83,38.69,44.06,94.68
64387,45.93,103.78,31.02,29.33,30.49,30.4,32.61,30.66,30.93,31.93,32.51,32.12,81.77,35.62,33.31,31.93,40.27,44.06,38.01,38.97,39.83,38.69,44.06,95.52
64407,46.13,101.83,31.02,29.33,30.49,30.4,32.61,30.66,30.93,31.93,32.51,32.12,81.15,35.62,33.31,31.93,40.27,44.06,38.01,38.83,39.83,38.69,44.06,95.52
64426,47.13,102.8,31.02,29.33,30.49,30.49,32.61,30.66,30.93,31.93,32.51,32.12,81.77,35.62,33.31,31.93,40.12,44.06,38.01,38.83,39.83,38.69,44.06,95.52
64446,47.97,102.8,31.02,29.33,30.49,30.4,32.61,30.58,30.93,31.93,32.51,32.12,81.77,35.62,33.31,31.93,40.12,44.06,38.14,38.83,39.83,38.69,44.06,95.52
64467,52.14,102.8,31.02,29.33,30.58,30.4,32.91,30.66,31.02,31.93,32.51,32.03,81.77,35.62,33.31,31.93,40.27,44.06,38.14,38.83,39.83,38.69,44.06,95.52
64485,49.97,102.8,31.75,29.33,30.58,30.4,32.71,30.66,30.93,31.93,32.51,32.12,81.15,35.62,33.31,31.93,40.27,44.24,38.01,38.83,39.83,38.69,43.88,96.37
64506,46.32,102.8,38.27,29.33,30.49,30.4,32.61,30.66,31.02,31.93,32.51,32.12,81.15,35.62,33.31,31.93,40.27,44.06,38.01,38.97,39.83,38.55,44.06,96.37
64524,98.12,102.8,31.56,29.33,30.58,30.4,32.71,30.66,30.93,31.93,32.51,32.12,81.77,35.5,33.31,31.93,40.27,44.06,38.01,38.97,39.83,38.69,44.06,95.52
64545,57.72,102.8,39.25,29.33,30.49,30.4,32.61,30.66,30.93,31.93,32.51,32.03,81.15,35.62,33.31,31.93,40.27,44.06,38.01,38.97,39.83,38.55,44.06,96.37
64563,52.91,101.83,31.02,29.33,30.49,30.4,32.61,30.66,31.02,31.93,32.51,32.03,81.15,35.62,33.31,31.93,40.27,44.06,38.14,38.83,39.83,38.69,44.06,96.37
64584,51.64,101.83,31.02,29.33,30.49,30.49,32.71,30.66,31.02,31.93,32.51,32.12,81.15,35.62,33.31,31.93,40.27,44.06,38.14,38.83,39.83,38.69,43.88,96.37
64604,47.76,101.83,31.02,29.33,30.49,30.4,32.71,30.66,31.2,31.93,32.51,32.12,81.77,35.62,33.31,31.84,40.27,44.06,38.01,38.83,39.83,38.69,43.88,96.37
64623,99.02,104.79,31.02,29.33,30.49,30.49,32.61,30.66,31.29,31.93,32.51,32.12,81.77,35.62,33.31,31.93,40.27,44.06,38.01,38.83,39.83,38.55,43.88,97.24
64643,91.47,104.79,31.02,29.33,30.58,30.49,32.71,30.66,31.38,31.93,32.51,32.12,81.15,35.62,33.31,31.93,40.27,44.06,38.01,38.83,39.83,38.69,43.88,96.37
64661,58.98,102.8,31.02,29.33,30.58,30.4,32.71,30.66,31.2,31.93,32.51,32.12,81.15,35.62,33.31,31.93,40.27,44.06,38.01,38.83,39.83,38.69,43.88,96.37
64682,53.7,101.83,31.02,29.33,30.58,30.4,32.61,30.66,31.02,31.93,32.51,32.03,81.15,35.62,33.21,31.93,40.27,44.06,38.01,38.97,39.83,38.69,43.88,97.24
64702,46.52,101.83,31.02,29.33,30.49,30.4,32.71,30.66,30.93,31.93,32.51,32.12,81.15,35.62,33.31,31.93,40.12,44.06,38.01,38.83,39.83,38.69,43.88,96.37
64721,44.97,100.87,31.02,29.33,30.49,30.49,32.71,30.66,30.93,31.93,32.51,32.12,81.15,35.62,33.31,31.93,39.98,44.06,38.14,38.83,39.83,38.69,43.7,97.24
64741,47.55,102.8,31.02,29.33,30.58,30.4,32.71,30.66,30.93,31.93,32.51,32.12,81.15,35.62,33.31,31.93,40.27,44.06,38.14,38.83,39.83,38.69,43.7,96.37
64760,47.13,100.87,31.02,29.33,30.58,30.4,32.61,30.66,30.93,31.93,32.51,32.12,81.15,35.62,33.31,31.93,40.27,44.06,38.01,38.97,39.83,38.69,43.7,96.37
64780,46.73,102.8,31.02,29.33,30.49,30.49,32.71,30.66,31.02,31.93,32.51,32.12,81.15,35.62,33.31,31.93,40.27,44.06,38.01,38.83,39.83,38.69,43.7,96.37
64799,47.34,100.87,31.02,29.33,30.58,30.49,32.61,30.66,30.93,31.93,32.51,32.12,81.77,35.62,33.21,31.93,40.27,44.06,38.01,38.83,39.83,38.69,43.7,96.37
64819,47.76,101.83,30.93,29.33,30.49,30.4,32.61,30.66,30.93,31.93,32.51,32.12,81.77,35.62,33.31,31.93,40.27,44.06,38.01,38.83,39.83,38.69,43.7,96.37
64840,47.34,100.87,31.02,29.33,30.58,30.4,32.71,30.66,31.2,31.93,32.51,32.12,81.15,35.62,33.31,31.93,40.27,44.24,38.01,38.97,39.83,38.69,44.06,96.37
64858,47.97,100.87,31.02,29.33,30.58,30.49,32.71,30.66,31.29,31.93,32.51,32.12,81.77,35.62,33.31,31.93,40.27,44.06,38.01,38.97,39.83,38.69,43.88,95.52
64879,44.24,100.87,31.02,29.33,30.58,30.4,32.61,30.58,31.29,31.93,32.51,32.12,81.77,35.62,33.21,31.93,39.83,44.24,38.01,38.83,39.83,38.69,44.06,96.37
64897,40.88,100.87,30.93,29.33,30.58,30.49,32.61,30.66,31.2,31.93,32.51,32.12,81.15,35.62,33.31,31.93,40.27,44.06,38.01,38.83,39.83,38.55,43.88,96.37
64917,39.25,100.87,30.93,29.33,30.49,30.4,32.61,30.66,31.29,31.93,32.51,32.03,81.15,35.62,33.31,31.93,40.27,44.06,38.01,38.83,39.83,38.69,43.88,95.52
64936,38.55,100.87,30.93,29.33,30.49,30.49,32.71,30.58,31.29,31.93,32.51,32.12,67.04,35.62,33.31,31.93,40.27,44.06,38.14,38.83,39.83,38.69,43.7,95.52
64956,38.83,100.87,30.93,29.33,30.58,30.49,32.71,30.66,31.38,31.93,32.51,32.12,67.04,35.62,33.31,31.93,40.27,44.24,38.01,38.83,39.83,38.55,43.88,93.86
64977,38.41,100.87,30.93,29.33,30.58,30.49,32.71,30.66,31.29,31.93,32.51,32.12,67.46,35.62,33.31,31.93,40.27,44.06,38.01,38.83,39.83,38.69,43.88,94.68
64995,38.83,100.87,30.84,29.33,30.58,30.4,32.71,30.58,31.29,31.93,32.51,32.12,67.04,35.62,33.31,31.93,40.12,44.06,38.01,38.83,39.83,38.69,44.06,94.68
65016,53.43,101.83,30.84,29.33,30.49,30.49,32.71,30.66,31.38,31.93,32.51,32.12,67.46,35.62,33.31,31.93,40.27,44.06,38.01,38.83,39.83,38.55,44.06,94.68
65034,50.91,101.83,30.84,29.33,30.49,30.4,32.71,30.66,31.38,31.93,32.51,32.12,67.46,35.62,33.31,31.93,40.12,44.06,38.01,38.83,39.83,38.69,43.88,95.52
65055,38.97,100.87,30.84,29.33,30.58,30.4,32.71,30.66,31.38,31.93,32.51,32.12,67.04,35.62,33.31,31.93,40.27,44.06,38.14,38.83,39.83,38.69,43.88,95.52
65075,38.69,100.87,30.84,29.33,30.58,30.4,32.71,30.66,31.38,31.93,32.51,32.12,67.04,35.62,33.31,31.93,40.27,44.06,38.01,38.83,39.83,38.55,43.88,95.52
65094,38.27,99.94,30.84,29.33,30.58,30.49,32.71,30.66,31.38,31.93,32.51,32.12,67.46,35.62,33.31,31.93,40.27,44.06,38.01,38.83,39.83,38.55,43.88,94.68
65114,39.39,100.87,30.84,29.33,30.49,30.49,32.71,30.66,31.29,31.93,32.51,32.12,67.46,35.62,33.31,31.93,40.12,44.06,38.01,38.83,39.83,38.69,43.88,96.37
65132,96.37,102.8,30.84,29.33,30.58,30.49,32.71,30.66,31.29,31.93,32.51,32.12,67.46,35.62,33.31,31.93,40.27,44.06,38.01,38.83,39.83,38.69,43.88,96.37
65153,97.24,101.83,30.84,29.33,30.58,30.49,32.71,30.66,31.29,31.84,32.51,32.12,72.44,35.62,33.31,31.93,40.27,44.06,38.01,38.83,39.83,38.55,43.88,96.37
65171,97.24,102.8,30.84,29.33,30.58,30.49,32.71,30.66,31.38,31.93,32.51,32.12,71.96,35.62,33.31,31.93,40.27,44.06,38.01,38.83,39.68,38.69,43.88,95.52
65192,96.37,102.8,30.84,29.33,30.58,30.49,32.71,30.66,31.38,31.84,32.51,32.12,73.93,35.62,33.31,31.93,40.27,44.06,38.01,38.83,39.68,38.69,43.88,97.24
65212,97.24,103.78,30.84,29.33,30.58,30.49,32.81,30.66,31.38,31.93,32.51,32.12,74.44,35.62,33.31,31.93,40.27,44.06,38.01,38.83,39.83,38.69,44.06,96.37
65231,98.12,103.78,30.84,29.33,30.58,30.49,32.91,30.66,31.38,31.93,32.51,32.12,74.44,35.62,33.31,31.93,40.27,44.24,38.01,38.83,39.83,38.69,43.88,96.37
65251,97.24,102.8,30.93,29.33,30.58,30.49,32.71,30.66,31.29,31.93,32.51,32.12,74.44,35.62,33.31,31.93,40.12,44.06,38.01,38.83,39.83,38.69,43.88,97.24
65270,97.24,102.8,30.93,29.33,30.58,30.4,32.71,30.66,31.2,31.84,32.51,32.12,74.95,35.62,33.31,31.93,40.27,44.06,38.01,38.83,39.83,38.69,43.88,97.24
65290,97.24,102.8,31.38,29.33,30.49,30.49,32.71,30.66,31.29,31.93,32.51,32.12,75.48,35.62,33.31,31.93,40.12,44.06,38.01,38.83,39.83,38.69,43.88,97.24
65309,97.24,102.8,31.38,29.33,30.49,30.49,32.71,30.66,31.2,31.93,32.51,32.12,76.01,35.62,33.31,31.93,40.27,44.06,38.01,38.69,39.83,38.69,43.88,97.24
65329,97.24,102.8,31.38,29.33,30.58,30.49,32.81,30.66,31.29,31.93,32.51,32.12,76.55,35.62,33.31,31.93,40.27,44.06,38.01,38.83,39.83,38.69,44.06,96.37
65350,96.37,102.8,31.47,29.33,30.58,30.49,32.81,30.66,31.2,31.84,32.51,32.12,74.44,35.62,33.31,31.93,40.27,44.06,38.14,38.83,39.83,38.69,44.06,97.24
65368,96.37,103.78,31.47,29.33,30.58,30.49,32.71,30.66,31.2,31.84,32.51,32.03,72.93,35.62,33.31,31.93,40.27,44.06,38.01,38.83,39.83,38.69,43.88,96.37
65388,96.37,103.78,31.47,29.33,30.58,30.49,32.81,30.66,31.29,31.93,32.51,32.12,78.21,35.62,33.31,31.93,40.27,44.06,38.01,38.83,39.83,38.69,43.88,98.12
65407,96.37,103.78,31.38,29.33,30.49,30.49,32.71,30.66,31.2,31.93,32.51,32.12,80.55,35.62,33.31,32.03,40.27,44.06,38.01,38.83,39.83,38.69,43.88,95.52
65427,96.37,102.8,31.38,29.33,30.49,30.49,32.71,30.66,31.29,31.93,32.51,32.03,81.15,35.62,33.31,31.93,40.12,44.06,38.01,38.83,39.83,38.69,43.88,96.37
65448,96.37,103.78,31.47,29.33,30.49,30.49,32.71,30.66,31.2,31.93,32.51,32.12,81.15,35.62,33.31,31.93,40.27,44.06,38.01,38.83,39.83,38.69,43.88,97.24
65466,96.37,102.8,31.47,29.25,30.58,30.49,32.71,30.66,31.29,31.93,32.51,32.12,81.77,35.62,33.31,31.84,40.27,44.06,38.01,38.83,39.83,38.69,44.06,96.37
65487,96.37,102.8,31.38,29.33,30.58,30.49,32.71,30.66,31.29,31.93,32.51,32.12,81.15,35.62,33.21,31.93,40.27,44.06,38.01,38.83,39.68,38.69,43.88,96.37
65505,96.37,102.8,31.47,29.33,30.49,30.49,32.71,30.66,31.29,31.93,32.51,32.03,81.77,35.62,33.31,31.93,40.12,44.06,38.01,38.83,39.83,38.69,43.88,97.24
65526,96.37,103.78,31.47,29.33,30.58,30.49,32.71,30.66,31.29,31.93,32.51,32.12,81.77,35.62,33.31,32.03,40.27,44.06,38.01,38.83,39.83,38.69,43.88,96.37
8,97.24,102.8,31.38,29.33,30.58,30.49,32.71,30.66,31.56,31.93,32.51,32.12,81.77,35.62,33.31,31.93,40.27,44.06,38.01,38.83,39.83,38.69,43.88,96.37
29,97.24,103.78,31.38,29.33,30.58,30.49,32.81,30.66,31.56,31.93,32.51,32.12,81.77,35.62,33.31,31.93,40.12,44.06,38.01,38.83,39.83,38.69,43.88,96.37
49,97.24,103.78,31.47,29.33,30.58,30.49,32.81,30.66,31.65,31.93,32.51,32.12,81.77,35.62,33.31,32.03,40.27,44.06,38.14,38.83,39.83,38.69,43.88,97.24
70,98.12,103.78,31.47,29.33,30.58,30.49,32.91,30.66,31.65,31.93,32.51,32.12,81.77,35.62,33.31,31.93,40.12,44.06,38.01,38.83,39.83,38.69,43.88,97.24
88,98.12,103.78,31.38,29.33,30.49,30.49,32.81,30.66,31.65,31.93,32.51,32.12,81.77,35.62,33.31,31.93,40.27,44.06,38.01,38.83,39.83,38.69,43.88,97.24
108,98.12,103.78,31.47,29.33,30.58,30.49,32.91,30.66,31.65,31.93,32.51,32.12,81.77,35.62,33.31,32.03,40.27,44.06,38.14,38.83,39.83,38.69,43.88,97.24
129,98.12,103.78,33.84,29.33,30.58,30.49,32.91,30.66,31.75,31.93,32.51,32.12,81.15,35.62,33.31,31.93,40.27,44.06,38.01,38.83,39.83,38.55,43.88,96.37
147,98.12,103.78,35.62,29.33,30.58,30.49,32.91,30.66,31.65,31.93,32.51,32.12,81.77,35.62,33.31,31.93,40.27,44.06,38.01,38.83,39.83,38.55,43.7,95.52
168,97.24,102.8,35.39,29.33,30.49,30.49,32.91,30.66,31.65,31.93,32.51,32.12,81.77,35.74,33.31,32.03,40.27,44.06,38.01,38.83,39.83,38.69,43.88,96.37
186,98.12,103.78,36.71,29.33,30.49,30.49,32.91,30.66,31.65,31.93,32.51,32.12,81.77,35.62,33.31,31.93,40.27,44.24,38.01,38.83,39.83,38.69,43.88,97.24
207,98.12,103.78,33.84,29.33,30.58,30.49,32.91,30.66,31.75,31.93,32.51,32.12,81.77,35.74,33.31,32.03,40.27,44.06,38.01,38.83,39.83,38.69,43.88,96.37
225,98.12,103.78,41.51,29.33,30.58,30.49,32.91,30.66,31.75,31.93,32.51,32.12,81.77,35.62,33.31,31.93,40.27,44.06,38.01,38.83,39.83,38.69,43.88,97.24
246,98.12,103.78,44.06,29.33,30.49,30.49,32.91,30.66,31.75,31.93,32.51,32.12,81.77,35.74,33.31,32.03,40.27,44.06,38.01,38.83,39.83,38.69,44.06,97.24
264,98.12,103.78,44.79,29.33,30.58,30.49,32.91,30.66,31.65,31.93,32.51,32.12,81.77,35.74,33.31,31.93,40.27,44.06,38.01,38.83,39.83,38.69,43.88,97.24
285,98.12,103.78,45.54,29.33,30.58,30.49,32.91,30.66,31.75,31.93,32.51,32.12,81.15,35.62,33.31,32.03,40.27,44.06,38.14,38.83,39.83,38.55,43.88,97.24
303,98.12,102.8,45.35,29.33,30.58,30.49,32.91,30.66,31.65,31.93,32.51,32.12,81.15,35.62,33.31,31.93,39.98,44.06,38.01,38.83,39.83,38.69,44.06,97.24
323,98.12,103.78,43.35,29.33,30.49,30.49,32.91,30.66,31.65,31.93,32.51,32.12,82.39,35.62,33.31,31.93,40.27,44.06,38.01,38.83,39.68,38.69,43.88,96.37
344,38.14,100.87,44.79,29.33,30.58,30.49,32.91,30.66,31.65,31.93,32.51,32.12,81.77,35.62,33.31,31.93,40.27,44.06,38.01,38.83,39.83,38.69,43.88,96.37
362,38.14,101.83,43.17,29.33,30.58,30.49,32.91,30.66,31.75,31.93,32.51,32.12,81.77,35.62,33.31,31.93,40.12,44.06,38.01,38.83,39.83,38.69,43.88,96.37
383,38.14,101.83,42.83,29.33,30.58,30.49,32.91,30.66,31.75,31.93,32.51,32.12,81.77,35.62,33.31,31.93,40.27,44.06,38.01,38.83,39.83,38.55,43.88,96.37
401,38.01,100.87,42.66,29.33,30.58,30.49,32.91,30.66,31.84,31.93,32.51,32.12,81.77,35.62,33.31,31.93,40.27,44.06,38.14,38.83,39.83,38.69,43.88,95.52
422,37.87,101.83,42,29.33,30.58,30.49,32.91,30.66,31.84,31.93,32.51,32.12,81.77,35.62,33.31,31.93,40.27,44.06,38.14,38.83,39.83,38.69,44.06,96.37
440,38.01,100.87,43.17,29.33,30.58,30.49,32.81,30.66,31.84,31.93,32.51,32.12,81.77,35.62,33.31,31.93,40.27,44.06,38.01,38.83,39.83,38.69,44.06,96.37
461,38.27,100.87,43.7,29.33,30.49,30.49,32.71,30.66,31.29,31.93,32.51,32.12,81.77,35.62,33.31,32.03,40.27,44.06,38.01,38.83,39.83,38.69,43.88,95.52
479,38.27,101.83,41.84,29.33,30.58,30.49,32.91,30.66,31.38,31.93,32.51,32.12,81.15,35.62,33.31,31.93,40.27,44.06,38.01,38.83,39.83,38.69,44.06,96.37
500,41.2,101.83,42.49,29.33,30.58,30.49,32.71,30.66,31.11,31.93,32.51,32.12,81.77,35.62,33.31,31.93,40.27,44.06,38.01,38.83,39.83,38.69,43.88,96.37
518,44.42,100.87,43.17,29.33,30.49,30.49,32.71,30.66,31.38,31.93,32.51,32.12,81.77,35.62,33.31,31.93,40.12,44.06,38.01,38.69,39.83,38.55,43.88,96.37
539,47.34,101.83,43.17,29.33,30.58,30.49,32.71,30.66,31.38,31.93,32.51,32.12,81.77,35.62,33.31,31.93,40.27,44.24,38.14,38.83,39.83,38.55,43.88,96.37
557,56.22,101.83,36.34,29.33,30.49,30.49,32.71,30.66,31.38,31.93,32.51,32.12,81.15,35.62,33.31,31.93,40.27,44.06,38.14,38.83,39.83,38.69,43.88,96.37
577,52.65,101.83,31.47,29.33,30.58,30.49,32.71,30.66,31.02,31.93,32.51,32.12,81.77,35.62,33.31,31.93,40.27,44.06,38.01,38.83,39.83,38.55,43.88,96.37
598,55.35,101.83,31.47,29.33,30.58,30.49,32.81,30.66,31.11,31.93,32.51,32.12,81.77,35.62,33.21,31.93,40.27,44.06,38.01,38.83,39.83,38.69,43.88,96.37
616,62.03,101.83,31.47,29.33,30.58,30.49,33.52,30.66,31.2,31.93,32.51,32.12,81.77,35.62,33.31,31.93,40.27,44.06,38.01,38.83,39.83,38.69,44.06,96.37
637,60.98,101.83,31.47,29.33,30.58,30.49,33.01,30.66,31.2,31.93,32.51,32.12,82.39,35.62,33.31,31.93,40.12,44.06,38.01,38.83,39.83,38.55,43.88,97.24
655,101.83,103.78,31.47,29.33,30.49,30.49,32.91,30.66,31.2,31.93,32.51,32.12,82.39,35.62,33.31,31.93,40.12,43.88,38.14,38.83,39.83,38.69,43.88,96.37
676,66.22,101.83,31.47,29.33,30.58,30.49,33.01,30.66,31.2,31.93,32.51,32.12,81.77,35.62,33.31,31.93,40.27,44.06,38.01,38.83,39.83,38.69,43.88,96.37
694,97.24,103.78,31.47,29.33,30.49,30.49,33.01,30.66,31.2,31.93,32.51,32.12,82.39,35.62,33.31,32.03,40.27,44.06,38.01,38.83,39.83,38.69,43.88,95.52
715,66.63,101.83,31.38,29.33,30.58,30.49,32.91,30.66,31.2,31.93,32.51,32.12,81.77,35.62,33.31,31.93,40.27,44.06,38.01,38.83,39.83,38.55,43.88,95.52
733,67.46,101.83,31.47,29.33,30.58,30.49,32.91,30.66,31.2,31.93,32.51,32.12,82.39,35.74,33.31,31.93,40.27,44.06,38.01,38.83,39.83,38.69,43.88,96.37
754,65.81,101.83,31.47,29.33,30.58,30.49,32.81,30.66,31.2,31.93,32.51,32.12,81.77,35.62,33.31,31.93,40.27,44.06,38.01,38.83,39.68,38.55,43.88,95.52
772,67.46,101.83,31.47,29.33,30.58,30.49,32.91,30.66,31.2,31.93,32.51,32.12,81.77,35.62,33.31,31.93,40.27,44.06,38.01,38.83,39.83,38.69,43.88,96.37
792,72.93,101.83,31.47,29.33,30.58,30.49,32.91,30.66,31.2,31.93,32.51,32.12,82.39,35.62,33.31,31.93,40.27,44.06,38.01,38.83,39.83,38.55,43.88,96.37
811,68.75,101.83,31.47,29.33,30.58,30.49,33.01,30.66,31.2,31.93,32.51,32.12,81.77,35.62,33.31,31.93,40.27,44.06,38.14,38.83,39.83,38.69,43.88,95.52
831,65.42,101.83,53.17,29.33,30.58,30.49,32.81,30.66,31.65,31.93,32.51,32.12,82.39,35.62,33.31,32.03,40.27,44.24,38.01,38.83,39.83,38.69,43.88,96.37
852,71.48,102.8,53.17,29.33,30.58,30.49,32.81,30.66,31.75,31.93,32.51,32.12,81.77,35.74,33.21,31.93,40.27,44.06,38.01,38.83,39.83,38.69,43.88,97.24
870,61.68,101.83,46.93,29.33,30.58,30.49,32.81,30.58,31.75,31.93,32.51,32.12,82.39,35.62,33.31,31.93,40.27,44.06,38.01,38.83,39.83,38.69,44.06,97.24
891,72.44,103.78,52.65,29.33,30.49,30.49,32.81,30.66,31.84,31.93,32.51,32.12,82.39,35.62,33.31,31.93,40.27,44.06,38.14,38.97,39.83,38.55,43.88,97.24
909,64.25,101.83,41.2,29.33,30.58,30.49,32.81,30.66,31.47,31.93,32.51,32.12,81.77,35.62,33.31,31.93,40.27,44.24,38.01,38.83,39.83,38.55,43.88,97.24
930,65.81,101.83,32.22,29.33,30.58,30.49,32.81,30.66,31.84,31.93,32.51,32.12,81.77,35.62,33.31,31.93,40.27,44.06,38.14,38.83,39.83,38.69,43.88,97.24
948,68.75,101.83,43.7,29.33,30.58,30.49,32.71,30.66,31.75,31.93,32.51,32.12,82.39,35.62,33.31,31.93,40.12,44.24,38.01,38.83,39.83,38.69,43.88,97.24
969,65.81,101.83,35.98,29.33,30.58,30.49,32.81,30.66,31.93,31.93,32.51,32.12,81.77,35.62,33.31,31.93,40.27,44.06,38.01,38.83,39.83,38.69,43.88,97.24
987,68.75,101.83,40.88,29.33,30.58,30.49,32.71,30.58,31.93,31.93,32.51,32.12,81.77,35.62,33.31,31.93,40.27,44.24,38.14,38.83,39.83,38.69,43.88,97.24
1008,68.75,101.83,34.82,29.33,30.58,30.49,32.81,30.66,31.84,31.93,32.51,32.12,81.77,35.62,33.31,31.93,40.27,44.06,38.14,38.69,39.83,38.69,43.88,97.24
1026,70.09,101.83,31.11,29.33,30.58,30.49,32.91,30.66,31.93,31.93,32.51,32.12,81.77,35.62,33.31,31.93,40.27,44.06,38.01,38.97,39.83,38.69,43.88,97.24
1046,72.44,101.83,31.11,29.33,30.49,30.49,32.91,30.66,32.03,31.93,32.51,32.12,82.39,35.62,33.31,31.93,40.27,44.06,38.14,38.97,39.83,38.69,43.88,97.24
1067,63.12,102.8,31.11,29.33,30.49,30.49,32.81,30.66,31.93,31.93,32.51,32.12,82.39,35.62,33.31,31.93,40.27,44.06,38.01,38.83,39.83,38.69,43.88,97.24
1085,60.64,100.87,31.11,29.33,30.49,30.49,32.81,30.66,31.56,31.93,32.51,32.12,81.77,35.62,33.31,31.93,40.27,44.24,38.01,38.83,39.83,38.69,43.88,97.24
1106,54.24,102.8,31.11,29.33,30.58,30.49,32.91,30.66,31.65,31.93,32.51,32.12,82.39,35.62,33.31,31.93,40.27,44.06,38.01,38.97,39.83,38.55,43.88,96.37
1124,60.64,102.8,31.02,29.33,30.58,30.49,32.91,30.66,31.56,31.93,32.51,32.12,81.77,35.62,33.31,31.93,40.27,44.06,38.14,38.83,39.83,38.69,43.88,97.24
1145,57.11,96.37,30.93,29.33,30.58,30.4,32.91,30.66,31.56,31.93,32.51,32.12,81.77,35.62,33.31,31.93,40.27,44.06,38.14,38.97,39.83,38.69,43.88,97.24
1163,56.81,102.8,30.93,29.33,30.49,30.49,32.12,30.66,31.47,31.93,32.51,32.12,81.77,35.62,33.21,31.93,40.27,44.06,38.01,38.83,39.83,38.69,43.88,97.24
1184,97.24,104.79,31.02,29.33,30.58,30.49,32.12,30.66,31.47,31.93,32.51,32.12,82.39,35.74,33.31,31.93,40.27,44.06,38.01,38.97,39.83,38.69,43.88,97.24
1202,98.12,104.79,31.02,29.33,30.58,30.49,32.12,30.66,31.47,31.93,32.51,32.12,82.39,35.62,33.31,31.93,40.27,44.24,38.14,38.97,39.83,38.69,43.88,98.12
1223,98.12,104.79,31.02,29.33,30.58,30.49,32.03,30.66,31.47,31.93,32.51,32.03,82.39,35.62,33.31,31.93,40.27,44.24,38.14,38.97,39.83,38.69,43.88,97.24
1241,97.24,104.79,31.29,29.33,30.49,30.49,32.12,30.66,31.47,31.93,32.51,32.12,82.39,35.62,33.31,31.93,40.27,44.06,38.14,38.97,39.83,38.69,43.88,98.12
1261,98.12,104.79,31.02,29.33,30.58,30.49,39.11,30.66,31.47,31.93,32.51,32.12,81.77,35.62,33.31,31.93,40.27,44.06,38.14,38.97,39.83,38.69,43.88,98.12
1282,98.12,104.79,31.02,29.33,30.58,30.49,32.61,30.66,31.47,31.93,32.51,32.03,82.39,35.62,33.31,31.93,40.27,44.06,38.14,38.97,39.83,38.69,43.88,98.12
1300,98.12,104.79,31.02,29.33,30.58,30.49,32.51,30.66,31.38,31.93,32.51,32.12,82.39,35.62,33.31,31.93,40.27,44.24,38.01,38.83,39.83,38.69,43.88,98.12
1321,98.12,104.79,31.02,29.33,30.58,30.49,32.51,30.66,31.47,31.93,32.51,32.12,82.39,35.62,33.31,31.93,40.27,44.06,38.14,38.97,39.83,38.69,43.7,97.24
1339,98.12,105.82,31.02,29.33,30.58,30.49,32.61,30.66,31.38,31.93,32.51,32.12,82.39,35.62,33.31,31.93,40.27,44.06,38.14,38.97,39.83,38.55,43.88,97.24
1360,99.02,104.79,31.02,29.33,30.49,30.49,32.51,30.66,31.2,31.93,32.51,32.03,82.39,35.62,33.31,31.93,40.12,44.06,38.14,38.83,39.83,38.69,43.7,98.12
1378,99.02,104.79,31.02,29.33,30.49,30.49,32.51,30.66,31.02,31.93,32.51,32.12,82.39,35.62,33.31,31.93,40.12,44.06,38.14,38.83,39.83,38.55,43.88,97.24
1399,99.02,104.79,31.02,29.33,30.49,30.49,32.51,30.66,31.02,31.93,32.51,32.12,67.46,35.62,33.21,31.93,40.27,44.06,38.14,38.97,39.83,38.69,43.88,96.37
1419,63.49,102.8,31.02,29.33,30.49,30.49,32.51,30.66,31.02,31.93,32.51,32.12,67.04,35.62,33.31,31.93,40.27,44.24,38.14,38.83,39.83,38.69,43.88,97.24
1438,93.05,104.79,31.02,29.33,30.49,30.49,32.61,30.66,31.02,31.93,32.51,32.12,67.46,35.62,33.31,31.93,40.27,44.24,38.01,38.97,39.83,38.69,43.88,97.24
1458,79.36,104.79,31.02,29.33,30.58,30.49,32.71,30.66,31.02,31.93,32.51,32.12,67.46,35.62,33.31,31.93,40.27,44.06,38.14,38.97,39.83,38.69,43.7,97.24
1477,65.81,102.8,30.93,29.33,30.58,30.49,32.71,30.66,31.02,31.93,32.51,32.12,67.46,35.62,33.31,31.93,40.27,44.06,38.14,38.83,39.83,38.69,43.88,97.24
1497,101.83,105.82,30.93,29.33,30.49,30.49,32.61,30.66,31.02,31.93,32.51,32.12,67.46,35.62,33.31,31.93,40.27,44.24,38.14,38.83,39.83,38.69,43.88,98.12
1515,102.8,104.79,31.02,29.33,30.49,30.4,32.91,30.66,31.02,31.93,32.51,32.12,67.46,35.62,33.31,31.93,40.27,44.06,38.14,38.97,39.83,38.69,43.88,97.24
1536,103.78,105.82,31.02,29.33,30.49,30.49,32.81,30.66,31.02,31.93,32.51,32.12,67.46,35.62,33.31,31.93,40.27,44.06,38.14,38.83,39.83,38.69,43.88,97.24
1554,102.8,105.82,31.02,29.33,30.49,30.49,32.91,30.66,31.02,31.93,32.51,32.12,67.88,35.62,33.31,31.93,40.27,44.24,38.14,38.97,39.83,38.69,43.88,98.12
1575,72.44,103.78,31.02,29.33,30.49,30.49,32.91,30.66,31.02,31.93,32.51,32.12,67.46,35.62,33.31,31.93,40.27,44.06,38.14,38.97,39.83,38.69,43.7,97.24
1595,53.43,103.78,31.02,29.33,30.49,30.49,32.71,30.66,31.02,31.93,32.51,32.12,70.09,35.62,33.31,31.93,40.12,44.06,38.14,38.83,39.83,38.69,43.88,97.24
1614,54.51,102.8,31.02,29.33,30.58,30.49,32.81,30.66,31.11,31.93,32.51,32.12,73.93,35.62,33.31,31.93,40.27,44.06,38.01,38.97,39.83,38.69,43.88,97.24
1634,46.32,104.79,31.02,29.33,30.58,30.49,32.91,30.66,31.02,31.93,32.51,32.03,75.48,35.62,33.31,31.93,40.27,44.06,38.01,38.97,39.83,38.69,43.88,96.37
1653,42.16,103.78,31.02,29.33,30.58,30.49,32.91,30.66,31.02,31.93,32.51,32.12,71.96,35.62,33.31,31.93,40.27,44.06,38.14,38.83,39.83,38.69,43.88,97.24
1673,47.13,102.8,31.02,29.33,30.58,30.49,32.91,30.66,31.11,31.93,32.51,32.12,67.46,35.62,33.31,31.93,40.27,44.06,38.14,38.97,39.83,38.69,43.88,97.24
1692,54.24,102.8,31.02,29.25,30.49,30.4,32.91,30.66,31.11,31.93,32.51,32.12,67.46,35.62,33.31,31.93,40.27,44.06,38.01,38.83,39.83,38.69,43.88,97.24
1712,52.4,103.78,31.02,29.33,30.49,30.49,32.91,30.66,31.02,31.93,32.51,32.12,67.46,35.62,33.31,31.93,40.27,44.24,38.01,38.97,39.83,38.69,43.88,97.24
1730,63.87,103.78,31.02,29.33,30.49,30.4,32.91,30.66,31.2,31.93,32.51,32.12,67.46,35.5,33.31,31.93,40.27,44.06,38.01,38.83,39.83,38.69,43.88,97.24
1751,53.7,103.78,31.02,29.33,30.49,30.49,32.81,30.66,31.29,31.93,32.51,32.12,67.46,35.62,33.31,31.93,40.27,44.06,38.14,38.97,39.83,38.69,43.88,97.24
1771,54.51,102.8,30.93,29.33,30.58,30.49,32.91,30.66,31.29,31.93,32.51,32.12,67.46,35.62,33.31,31.93,40.27,44.06,38.14,38.97,39.83,38.69,43.88,97.24
1790,52.91,103.78,31.02,29.33,30.49,30.4,32.91,30.66,31.29,31.93,32.51,32.12,67.46,35.62,33.31,31.93,40.27,44.06,38.01,38.83,39.83,38.69,43.7,96.37
1810,50.91,103.78,31.02,29.33,30.58,30.49,32.91,30.66,31.29,31.93,32.51,32.12,67.04,35.62,33.31,31.93,40.27,44.06,38.01,38.83,39.83,38.69,43.88,97.24
1829,50.67,102.8,31.02,29.33,30.49,30.49,32.91,30.66,31.29,31.93,32.51,32.12,67.46,35.62,33.31,31.93,40.27,44.06,38.14,38.83,39.83,38.69,43.7,96.37
1849,45.93,103.78,30.93,29.33,30.49,30.49,32.91,30.66,31.29,31.93,32.51,32.12,67.46,35.62,33.31,31.93,40.12,44.06,38.01,38.83,39.83,38.69,43.88,97.24
1868,45.35,103.78,31.02,29.33,30.49,30.4,32.91,30.66,31.29,31.93,32.51,32.12,67.04,35.62,33.31,31.93,40.12,44.06,38.01,38.97,39.83,38.69,43.7,98.12
1888,52.65,103.78,31.02,29.33,30.49,30.49,32.71,30.66,31.29,31.93,32.51,32.12,67.46,35.62,33.31,31.93,40.27,44.24,38.14,38.83,39.83,38.69,43.88,97.24
1907,59.31,102.8,31.02,29.33,30.49,30.49,32.71,30.66,31.29,31.93,32.51,32.12,67.46,35.62,33.31,31.93,40.27,44.06,38.01,38.97,39.83,38.69,43.88,97.24
1927,67.04,103.78,31.02,29.33,30.49,30.49,32.81,30.66,31.29,31.93,32.51,32.12,67.04,35.62,33.31,31.93,40.27,44.06,38.01,38.83,39.83,38.69,43.7,96.37
1948,41.35,103.78,31.02,29.33,30.49,30.49,32.81,30.66,31.2,31.93,32.51,32.12,67.46,35.62,33.31,31.93,40.27,44.06,38.01,38.83,39.83,38.69,43.88,96.37
1966,40.58,102.8,31.02,29.33,30.49,30.49,32.81,30.66,31.29,31.93,32.51,32.12,67.46,35.62,33.31,31.93,40.12,44.06,38.01,38.83,39.83,38.69,43.7,96.37
1986,39.98,102.8,31.02,29.33,30.49,30.49,32.91,30.66,31.29,31.93,32.51,32.12,67.46,35.62,33.21,31.93,40.27,44.06,38.01,38.83,39.83,38.69,43.88,97.24
2005,39.68,101.83,31.02,29.33,30.49,30.49,32.71,30.66,31.29,31.93,32.51,32.03,67.46,35.62,33.31,31.93,40.27,44.06,38.14,38.83,39.83,38.55,43.7,96.37
2025,38.97,101.83,31.02,29.33,30.58,30.49,32.71,30.66,31.29,31.93,32.51,32.12,67.46,35.62,33.31,31.93,40.27,44.06,38.01,38.83,39.83,38.69,43.7,96.37
2044,39.11,102.8,31.02,29.33,30.58,30.49,32.71,30.66,31.29,31.93,32.51,32.12,67.46,35.62,33.31,31.93,40.27,44.24,38.01,38.83,39.83,38.69,43.88,96.37
2064,39.25,101.83,31.02,29.33,30.58,30.49,32.71,30.66,31.29,31.93,32.51,32.12,67.46,35.62,33.31,31.93,40.27,44.06,38.01,38.83,39.68,38.69,43.88,97.24
2083,39.39,102.8,31.02,29.33,30.49,30.49,32.71,30.58,31.29,31.93,32.51,32.12,67.46,35.62,33.31,31.93,40.27,44.06,38.01,38.83,39.83,38.69,43.88,97.24
2103,39.54,101.83,31.02,29.33,30.49,30.49,32.81,30.66,31.29,31.93,32.51,32.12,67.46,35.62,33.31,31.93,40.27,44.06,38.14,38.83,39.83,38.69,43.7,96.37
2124,39.83,101.83,31.02,29.33,30.49,30.49,32.81,30.66,31.29,31.93,32.51,32.12,67.46,35.62,33.31,31.93,40.27,44.24,38.14,38.83,39.83,38.69,43.7,96.37
2142,39.25,101.83,30.93,29.33,30.49,30.49,32.71,30.66,31.29,31.93,32.51,32.12,67.46,35.62,33.31,31.93,40.27,44.06,38.14,38.83,39.83,38.69,43.88,97.24
2163,39.11,101.83,31.02,29.33,30.49,30.49,32.71,30.66,31.29,31.93,32.51,32.12,67.46,35.62,33.31,31.93,40.27,44.06,38.14,38.83,39.83,38.69,43.88,97.24
2181,38.69,101.83,31.02,29.33,30.49,30.4,32.71,30.66,31.29,31.93,32.51,32.12,67.46,35.62,33.31,31.93,40.27,44.24,38.01,38.83,39.83,38.69,43.88,97.24
2202,38.14,101.83,31.02,29.33,30.58,30.49,32.71,30.66,31.29,31.93,32.51,32.12,67.04,35.62,33.31,31.93,40.27,44.06,38.01,38.83,39.83,38.69,43.7,95.52
2220,38.01,101.83,31.02,29.33,30.58,30.49,32.71,30.66,31.2,31.93,32.51,32.12,67.46,35.62,33.31,31.93,40.27,44.06,38.14,38.83,39.83,38.55,43.88,97.24
2240,37.87,101.83,31.02,29.33,30.49,30.49,32.71,30.66,31.38,31.93,32.51,32.12,67.46,35.62,33.31,31.93,40.27,44.24,38.14,38.83,39.83,38.69,43.88,96.37
2259,38.01,101.83,31.02,29.33,30.49,30.49,32.71,30.66,31.38,31.93,32.51,32.12,67.04,35.62,33.31,31.93,40.12,44.06,38.01,38.97,39.83,38.69,43.88,95.52
2279,38.01,101.83,31.02,29.33,30.49,30.49,32.91,30.66,31.38,31.93,32.51,32.12,67.46,35.62,33.31,31.93,40.12,44.06,38.14,38.83,39.83,38.69,43.88,96.37
2300,37.87,100.87,31.02,29.33,30.49,30.49,32.81,30.66,31.38,31.93,32.51,32.03,67.46,35.62,33.31,31.93,40.27,44.24,38.01,38.83,39.83,38.69,43.7,96.37
2318,38.01,100.87,30.93,29.33,30.49,30.49,33.01,30.66,31.29,31.93,32.51,32.12,67.46,35.62,33.31,31.93,40.27,44.06,38.14,38.83,39.83,38.69,43.88,97.24
2339,38.14,100.87,30.93,29.33,30.49,30.49,32.71,30.66,31.29,31.93,32.51,32.12,67.46,35.62,33.31,31.93,40.27,44.06,38.01,38.83,39.83,38.69,43.88,96.37
2357,38.14,100.87,30.93,29.33,30.49,30.49,32.71,30.66,31.29,31.93,32.51,32.12,67.46,35.62,33.31,31.93,40.27,44.06,38.01,38.83,39.83,38.69,43.88,96.37
2378,38.27,100.87,30.93,29.33,30.49,30.4,32.71,30.66,31.29,31.93,32.51,32.12,67.46,35.74,33.31,31.93,40.27,44.06,38.14,38.83,39.83,38.69,43.88,96.37
2396,38.14,100.87,30.93,29.33,30.49,30.49,32.71,30.58,31.38,31.93,32.51,32.12,67.46,35.62,33.31,31.93,40.27,44.06,38.01,38.83,39.83,38.69,43.88,96.37
2417,38.41,100.87,30.93,29.33,30.49,30.49,32.81,30.66,31.38,31.93,32.51,32.12,70.55,35.62,33.31,31.93,40.27,44.06,38.14,38.83,39.83,38.69,44.06,97.24
2435,38.69,100.87,30.93,29.33,30.49,30.49,32.91,30.66,31.56,31.93,32.51,32.12,74.44,35.74,33.31,31.93,40.27,44.06,38.01,38.83,39.83,38.69,43.88,97.24
2455,60.64,100.87,30.93,29.33,30.58,30.49,32.71,30.66,31.65,31.93,32.51,32.12,73.93,35.74,33.31,31.93,40.12,44.06,38.01,38.83,39.98,38.69,43.88,94.68
2476,58.66,102.8,30.93,29.33,30.49,30.49,32.71,30.66,31.65,31.93,32.51,32.03,73.93,35.62,33.31,31.93,40.12,44.06,38.01,38.83,39.83,38.69,44.06,94.68
2494,39.54,100.87,30.93,29.33,30.49,30.49,32.71,30.66,31.65,31.93,32.51,32.12,72.93,35.62,33.31,31.93,40.27,44.06,38.01,38.83,39.83,38.69,44.06,94.68
2515,43.17,100.87,30.93,29.33,30.49,30.49,32.71,30.66,31.65,31.93,32.51,32.12,73.43,35.62,33.31,31.93,40.27,44.06,38.14,38.83,39.83,38.69,44.06,95.52
2533,39.54,100.87,30.93,29.33,30.49,30.49,32.91,30.66,31.65,31.93,32.51,32.12,67.46,35.62,33.31,31.93,40.27,44.06,38.01,38.83,39.83,38.69,43.88,94.68
2554,40.58,100.87,30.93,29.33,30.49,30.49,32.91,30.66,31.65,31.93,32.51,32.12,70.55,35.62,33.31,31.93,40.27,44.06,38.01,38.83,39.83,38.69,44.06,97.24
2572,37.74,100.87,30.93,29.33,30.49,30.49,32.91,30.66,31.65,31.93,32.51,32.12,68.75,35.62,33.21,31.93,40.27,44.06,38.01,38.83,39.83,38.69,43.88,96.37
2593,38.01,100.87,30.93,29.33,30.49,30.49,32.91,30.66,31.65,31.93,32.51,32.12,67.46,35.62,33.31,31.93,40.27,44.06,38.01,38.83,39.83,38.69,43.88,96.37
2611,38.55,100.87,30.93,29.33,30.58,30.49,32.91,30.66,31.65,31.93,32.51,32.12,67.46,35.62,33.31,31.93,40.27,44.06,38.14,38.83,39.83,38.69,44.06,96.37
2632,39.11,100.87,30.93,29.33,30.58,30.49,32.91,30.66,31.65,31.93,32.51,32.12,67.46,35.74,33.31,31.93,40.27,44.06,38.01,38.83,39.83,38.69,43.88,97.24
2650,40.73,101.83,30.93,29.33,30.49,30.49,32.91,30.66,31.75,31.93,32.51,32.12,67.46,35.62,33.31,31.93,40.27,44.06,38.01,38.83,39.98,38.69,43.88,94.68
2671,42,100.87,30.93,29.33,30.49,30.49,32.91,30.66,31.65,31.93,32.51,32.12,67.04,35.62,33.31,31.93,40.27,44.06,38.14,38.83,39.83,38.69,44.06,94.68
2691,44.97,100.87,30.93,29.33,30.58,30.49,32.91,30.66,31.75,31.93,32.51,32.12,67.46,35.62,33.31,31.93,40.27,44.06,38.01,38.83,39.68,38.69,43.88,95.52
2709,45.54,100.87,30.93,29.33,30.58,30.49,32.91,30.66,31.75,31.93,32.51,32.12,67.46,35.62,33.31,31.93,40.27,44.06,38.01,38.83,39.83,38.69,44.06,94.68
2730,45.35,100.87,30.93,29.33,30.49,30.49,32.91,30.66,31.75,31.93,32.51,32.12,67.46,35.62,33.31,31.93,40.27,44.06,38.01,38.83,39.83,38.69,44.06,95.52
2748,52.4,102.8,30.93,29.33,30.58,30.49,32.91,30.66,31.65,31.93,32.51,32.12,73.43,35.62,33.31,31.93,40.27,44.06,38.14,38.83,39.98,38.69,44.06,95.52
2769,91.47,103.78,30.93,29.33,30.49,30.49,32.91,30.66,31.75,31.93,32.51,32.12,72.44,35.62,33.31,31.93,40.27,44.06,38.14,38.83,39.83,38.55,43.88,94.68
2787,91.47,103.78,30.93,29.33,30.58,30.49,32.81,30.66,31.75,31.93,32.51,32.12,72.44,35.62,33.31,31.93,40.27,44.06,38.01,38.83,39.98,38.69,44.06,95.52
2808,91.47,102.8,30.93,29.33,30.58,30.49,32.71,30.66,31.75,31.93,32.51,32.03,69.64,35.62,33.31,31.93,40.27,44.06,38.01,38.83,39.83,38.69,44.06,95.52
2828,91.47,103.78,30.93,29.33,30.58,30.49,32.81,30.66,31.65,31.93,32.51,32.12,67.46,35.62,33.31,31.93,40.27,44.06,38.14,38.83,39.83,38.69,43.88,95.52
2847,90.7,103.78,30.93,29.33,30.58,30.49,32.81,30.66,31.75,31.93,32.51,32.12,73.43,35.62,33.31,31.93,40.12,44.06,38.14,38.83,39.83,38.69,44.06,95.52
2867,91.47,102.8,35.5,29.33,30.49,30.49,32.71,30.66,31.75,31.93,32.51,32.12,78.78,35.62,33.31,31.93,40.27,44.06,38.01,38.83,39.83,38.69,43.88,95.52
2886,91.47,103.78,31.56,29.33,30.49,30.49,32.71,30.66,31.75,31.93,32.51,32.12,81.77,35.62,33.31,31.93,40.27,44.06,38.01,38.83,39.83,38.69,43.88,95.52
2906,91.47,103.78,31.47,29.33,30.49,30.49,32.71,30.66,31.75,31.93,32.51,32.12,81.77,35.74,33.31,31.93,40.27,44.06,38.14,38.83,39.98,38.69,44.06,95.52
2924,91.47,103.78,31.11,29.33,30.58,30.49,32.71,30.66,31.75,31.93,32.51,32.12,81.77,35.62,33.31,32.03,40.12,44.06,38.14,38.83,39.83,38.69,44.06,95.52
2945,91.47,103.78,31.11,29.33,30.58,30.49,32.71,30.66,31.75,31.93,32.51,32.12,82.39,35.62,33.31,31.93,40.27,44.06,38.01,38.83,39.83,38.69,43.88,95.52
2963,92.25,103.78,31.47,29.33,30.58,30.49,32.71,30.66,31.75,31.93,32.51,32.12,82.39,35.62,33.31,31.93,40.27,44.06,38.14,38.83,39.83,38.69,43.88,96.37
2984,92.25,101.83,31.47,29.33,30.49,30.49,32.71,30.66,31.75,31.93,32.51,32.12,82.39,35.62,33.31,31.93,40.27,44.06,38.14,38.83,39.83,38.69,43.88,95.52
3004,91.47,103.78,31.47,29.33,30.58,30.49,32.71,30.66,31.75,31.93,32.51,32.12,81.77,35.74,33.31,31.93,40.12,44.06,38.01,38.83,39.83,38.69,44.06,95.52
3023,91.47,102.8,31.47,29.33,30.58,30.49,32.71,30.66,31.75,31.93,32.51,32.12,82.39,35.62,33.31,31.93,40.27,44.06,38.01,38.83,39.98,38.69,44.06,96.37
3043,91.47,103.78,31.47,29.33,30.49,30.49,32.71,30.66,31.75,31.93,32.51,32.12,67.46,35.62,33.31,31.93,40.27,44.06,38.14,38.83,39.83,38.69,44.06,95.52
3062,91.47,103.78,31.47,29.33,30.58,30.49,32.71,30.66,31.75,31.93,32.51,32.12,67.46,35.62,33.31,31.93,40.27,44.06,38.01,38.83,39.83,38.69,44.06,95.52
3082,92.25,103.78,31.47,29.33,30.58,30.49,32.71,30.66,31.65,31.93,32.51,32.12,67.46,35.62,33.31,31.93,40.27,44.06,38.14,38.83,39.83,38.69,44.06,95.52
3101,92.25,103.78,31.47,29.33,30.58,30.49,32.81,30.66,31.65,31.93,32.51,32.12,67.46,35.62,33.31,31.93,40.27,44.06,38.01,38.83,39.83,38.69,44.06,95.52
3121,97.24,103.78,35.74,29.33,30.49,30.49,32.71,30.66,31.75,31.93,32.51,32.12,69.19,35.62,33.31,31.93,40.27,44.06,38.01,38.83,39.83,38.55,43.88,94.68
3139,97.24,102.8,31.47,29.33,30.58,30.49,32.71,30.66,31.75,31.93,32.51,32.12,70.09,35.62,33.31,32.03,40.12,44.06,38.01,38.83,39.83,38.55,43.88,96.37
3160,97.24,101.83,31.47,29.33,30.58,30.49,32.71,30.66,31.75,31.93,32.51,32.12,67.46,35.62,33.31,31.93,40.27,44.06,38.14,38.83,39.83,38.69,43.88,95.52
3180,96.37,103.78,31.56,29.33,30.49,30.49,32.71,30.66,31.84,31.93,32.51,32.12,67.46,35.62,33.31,31.93,40.27,44.06,38.01,38.83,39.83,38.69,43.88,94.68
3199,97.24,103.78,31.47,29.33,30.58,30.49,32.71,30.66,31.75,31.93,32.51,32.12,67.46,35.62,33.31,31.93,40.27,44.06,38.01,38.83,39.83,38.69,43.88,95.52
3219,97.24,103.78,31.47,29.33,30.49,30.49,32.81,30.66,31.84,31.93,32.51,32.12,67.46,35.62,33.31,31.93,40.27,44.06,38.01,38.83,39.83,38.69,43.88,95.52
3238,97.24,103.78,31.47,29.33,30.49,30.58,32.71,30.66,31.84,31.93,32.51,32.12,67.88,35.74,33.31,31.93,40.27,44.06,38.01,38.83,39.83,38.69,43.88,95.52
3258,97.24,103.78,31.56,29.33,30.49,30.49,32.71,30.66,31.93,31.93,32.51,32.12,67.46,35.62,33.31,31.93,40.27,44.24,38.01,38.83,39.83,38.69,44.06,96.37
3277,97.24,103.78,31.47,29.33,30.58,30.49,32.81,30.66,32.03,31.93,32.51,32.12,67.46,35.74,33.31,31.93,40.27,45.16,38.01,38.83,39.83,38.69,43.88,95.52
3297,97.24,103.78,31.47,29.33,30.58,30.49,32.71,30.66,31.93,31.93,32.51,32.12,67.46,35.62,33.31,31.93,40.27,44.79,38.01,38.83,39.83,38.69,43.88,95.52
3316,97.24,103.78,31.56,29.33,30.58,30.49,32.81,30.66,31.93,31.93,32.51,32.12,67.46,35.62,33.31,31.93,40.12,44.97,38.01,38.83,39.83,38.69,43.88,95.52
3336,97.24,103.78,33.73,29.33,30.58,30.58,32.81,30.66,31.84,31.93,32.51,32.12,67.46,35.74,33.31,31.93,40.27,45.16,38.01,38.83,39.83,38.69,43.88,94.68
3357,96.37,62.75,35.86,29.33,30.58,30.58,32.81,30.66,31.47,31.93,32.51,32.12,67.46,35.62,33.31,32.03,40.27,45.16,38.14,38.83,39.83,38.69,43.7,95.52
3375,95.52,61.68,35.5,29.33,30.58,30.58,32.81,30.66,31.29,31.93,32.51,32.12,67.46,35.62,33.31,31.93,40.27,45.16,38.14,38.83,39.83,38.55,43.7,94.68
3395,96.37,65.42,36.46,29.33,30.58,30.58,32.81,30.66,31.29,31.93,32.51,32.12,67.46,35.62,33.31,31.93,40.12,45.35,38.14,38.83,39.83,38.69,43.7,95.52
3414,98.12,103.78,32.51,29.33,30.49,30.58,32.81,30.66,31.29,31.93,32.51,32.12,67.46,35.62,33.31,31.93,40.27,45.16,38.01,38.83,39.83,38.69,43.7,95.52
3434,98.12,84.32,34.82,29.33,30.49,30.49,32.81,30.66,31.29,31.84,32.51,32.12,67.46,35.74,33.31,32.03,40.12,45.16,38.01,38.83,39.83,38.69,43.52,96.37
3453,98.12,102.8,32.71,29.33,30.49,30.58,32.81,30.66,31.11,31.84,32.51,32.12,67.46,35.62,33.31,31.93,40.27,45.16,38.14,38.83,39.83,38.69,43.52,94.68
3473,96.37,52.4,31.47,29.33,30.58,30.49,32.81,30.66,31.29,31.93,32.51,32.12,67.46,35.62,33.31,32.03,40.27,45.16,38.01,38.83,39.83,38.69,43.35,96.37
3492,98.12,101.83,31.47,29.33,30.58,30.58,32.81,30.66,31.29,31.84,32.51,32.12,67.46,35.62,33.31,32.03,40.27,45.35,38.01,38.83,39.83,38.55,43.35,96.37
3512,98.12,103.78,31.47,29.33,30.58,30.49,32.81,30.58,31.29,31.93,32.51,32.12,67.46,35.74,33.31,32.03,40.27,45.16,38.01,38.83,39.83,38.69,43.17,95.52
3533,98.12,103.78,31.47,29.33,30.49,30.49,32.71,30.66,31.29,31.84,32.51,32.12,67.46,35.74,33.31,32.03,40.27,45.16,38.01,38.69,39.83,38.55,43.35,95.52
3551,98.12,104.79,31.47,29.33,30.58,30.49,32.71,30.66,31.29,31.84,32.51,32.12,67.46,35.62,33.31,32.03,40.27,45.35,38.01,38.83,39.83,38.69,43.52,95.52
3572,98.12,103.78,31.47,29.33,30.58,30.49,32.81,30.66,31.29,31.84,32.51,32.12,67.46,35.62,33.31,32.03,40.27,45.35,38.01,38.83,39.83,38.69,43.17,94.68
3592,96.37,52.4,31.47,29.33,30.58,30.49,32.81,30.66,31.29,31.93,32.51,32.12,67.04,35.62,33.31,32.03,40.12,45.16,38.01,38.83,39.83,38.55,43,94.68
3611,96.37,55.07,31.47,29.33,30.49,30.49,32.81,30.66,31.29,31.93,32.51,32.12,67.46,35.62,33.31,32.03,40.27,45.16,38.01,38.83,39.83,38.69,43.17,95.52
3631,98.12,101.83,31.47,29.33,30.58,30.49,32.71,30.66,31.29,31.93,32.51,32.12,67.46,35.62,33.31,32.03,40.12,45.16,38.01,38.83,39.83,38.69,43,95.52
3649,98.12,102.8,31.47,29.33,30.49,30.49,32.81,30.66,31.29,31.93,32.51,32.12,67.46,35.62,33.31,31.93,40.27,45.16,38.01,38.83,39.83,38.55,43.17,96.37
3670,97.24,99.02,31.47,29.33,30.49,30.49,32.81,30.66,31.29,31.93,32.51,32.12,67.46,35.62,33.31,32.03,40.27,45.16,38.01,38.83,39.83,38.69,43,95.52
3688,98.12,98.12,31.56,29.33,30.58,30.49,32.81,30.66,31.29,31.93,32.51,32.12,67.46,35.62,33.31,31.93,40.27,45.16,38.01,38.83,39.83,38.69,43.17,94.68
3709,97.24,80.55,31.47,29.33,30.49,30.49,32.81,30.66,31.29,31.93,32.51,32.12,67.46,35.62,33.31,31.93,40.27,45.16,38.14,38.83,39.83,38.55,43.17,95.52
3729,97.24,103.78,31.56,29.33,30.58,30.49,32.71,30.66,31.29,31.93,32.51,32.12,67.46,35.62,33.31,32.03,40.27,45.16,38.01,38.83,39.83,38.69,43.17,95.52
3748,97.24,104.79,31.47,29.33,30.49,30.49,32.71,30.66,31.38,31.93,32.51,32.12,67.04,35.62,33.31,31.93,40.27,45.16,38.01,38.83,39.83,38.69,43.17,95.52
3768,98.12,103.78,31.56,29.33,30.49,30.49,32.71,30.66,31.65,31.84,32.51,32.12,67.88,35.62,33.31,31.93,39.83,45.16,38.14,38.83,39.83,38.55,43.88,95.52
3787,98.12,103.78,30.93,29.33,30.49,30.49,32.71,30.66,31.47,31.93,32.51,32.12,67.46,35.62,33.31,31.93,40.27,45.35,38.01,38.83,39.68,38.69,43.88,95.52
3807,98.12,103.78,31.02,29.33,30.49,30.49,32.71,30.66,31.38,31.93,32.51,32.12,67.46,35.5,33.31,31.93,40.12,45.16,38.01,38.83,39.83,38.69,43.35,94.68
3826,95.52,58.66,31.02,29.33,30.49,30.49,32.71,30.66,31.56,31.93,32.51,32.12,71.01,35.62,33.31,31.93,40.27,45.16,38.01,38.83,39.83,38.69,43.52,95.52
3846,97.24,71.01,31.02,29.33,30.49,30.49,32.71,30.66,32.12,31.93,32.51,32.12,67.04,35.62,33.31,31.93,40.27,45.16,38.01,38.83,39.83,38.69,43,95.52
3864,96.37,73.93,31.02,29.33,30.58,30.49,32.71,30.66,32.12,31.84,32.51,32.12,67.46,35.62,33.31,31.93,40.27,45.16,38.14,38.83,39.83,38.69,43.35,95.52
3885,96.37,59.96,31.02,29.33,30.49,30.49,32.71,30.66,32.03,31.93,32.51,32.12,67.04,35.62,33.31,31.93,40.12,45.35,38.01,38.83,39.83,38.69,43.17,94.68
3905,96.37,53.43,31.02,29.33,30.49,30.49,32.71,30.66,31.84,31.84,32.51,32.12,67.46,35.62,33.31,32.03,40.27,45.35,38.01,38.83,39.83,38.69,43.17,94.68
3924,96.37,67.46,31.02,29.33,30.49,30.49,32.91,30.66,31.38,31.93,32.51,32.12,67.46,35.62,33.31,32.03,40.27,45.16,38.01,38.83,39.83,38.69,43.17,97.24
3944,98.12,104.79,31.02,29.33,30.49,30.49,32.71,30.66,31.38,31.93,32.51,32.12,67.46,35.62,33.31,32.03,40.27,45.16,38.14,38.83,39.83,38.69,43.35,97.24
3963,98.12,104.79,31.02,29.33,30.58,30.49,32.71,30.66,31.29,31.84,32.51,32.12,67.46,35.62,33.31,31.93,40.27,45.35,38.14,38.83,39.83,38.69,43.52,98.12
3983,98.12,104.79,31.02,29.33,30.49,30.49,32.71,30.66,31.29,31.93,32.51,32.12,67.46,35.62,33.31,31.93,40.27,45.16,38.14,38.83,39.83,38.69,43.52,97.24
4002,97.24,92.25,31.02,29.33,30.58,30.49,32.81,30.66,31.29,31.93,32.51,32.12,67.04,35.62,33.31,31.93,40.12,45.16,38.01,38.83,39.83,38.69,43.52,98.12
4022,99.02,104.79,31.02,29.33,30.49,30.49,32.81,30.66,31.38,31.84,32.51,32.12,67.46,35.74,33.31,31.93,40.27,45.16,38.14,38.83,39.83,38.69,43.35,97.24
4041,98.12,104.79,31.02,29.33,30.49,30.49,32.71,30.66,31.29,31.93,32.51,32.12,67.46,35.62,33.31,31.93,40.12,45.35,38.01,38.83,39.83,38.69,43.7,98.12
4061,98.12,104.79,31.02,29.33,30.49,30.49,32.91,30.66,31.47,31.93,32.51,32.12,67.46,35.62,33.31,31.93,40.27,45.16,38.14,38.83,39.83,38.69,43.17,97.24
4082,98.12,104.79,31.02,29.33,30.49,30.49,32.81,30.66,31.47,31.93,32.51,32.12,67.46,35.62,33.31,31.93,40.27,45.16,38.01,38.97,39.83,38.69,43.17,98.12
4100,98.12,104.79,31.02,29.33,30.58,30.49,32.71,30.66,31.75,31.93,32.51,32.12,67.88,35.62,33.31,31.93,40.27,45.16,38.14,38.83,39.83,38.69,43.7,98.12
4120,98.12,104.79,31.02,29.25,30.49,30.49,32.71,30.66,31.65,31.93,32.51,32.12,67.88,35.62,33.31,31.93,40.27,45.16,38.01,38.83,39.83,38.69,43.52,98.12
4139,98.12,104.79,31.02,29.33,30.49,30.49,32.81,30.66,31.75,31.93,32.51,32.12,67.46,35.62,33.31,31.93,40.27,45.16,38.14,38.97,39.83,38.69,43.35,97.24
4159,98.12,104.79,31.02,29.33,30.49,30.49,32.71,30.66,31.75,31.93,32.51,32.12,67.46,35.62,33.31,31.93,40.12,45.16,38.14,38.83,39.83,38.69,43.52,98.12
4178,98.12,104.79,31.02,29.33,30.49,30.49,32.71,30.66,31.75,31.93,32.51,32.12,67.46,35.62,33.31,31.93,40.27,45.35,38.01,38.97,39.83,38.69,43.7,98.12
4198,98.12,104.79,31.02,29.33,30.49,30.49,32.71,30.66,31.75,31.93,32.51,32.12,67.46,35.62,33.31,31.93,40.27,45.35,38.14,38.83,39.83,38.69,43.7,97.24
4217,98.12,104.79,31.02,29.33,30.58,30.49,32.71,30.66,31.65,31.93,32.51,32.12,67.04,35.62,33.31,31.93,40.27,45.16,38.01,38.97,39.83,38.69,43.7,98.12
4237,98.12,104.79,30.93,29.33,30.49,30.49,32.32,30.66,31.65,31.93,32.51,32.12,67.46,35.62,33.31,31.93,40.27,45.16,38.14,38.97,39.83,38.69,43.52,98.12
4258,98.12,104.79,31.02,29.33,30.49,30.49,32.61,30.66,31.29,31.93,32.51,32.12,67.46,35.62,33.31,31.93,40.27,45.16,38.14,38.83,39.83,38.55,43.52,98.12
4276,98.12,104.79,31.02,29.33,30.49,30.49,32.71,30.66,31.29,31.93,32.51,32.12,67.46,35.62,33.31,31.93,40.27,45.35,38.01,38.97,39.83,38.69,43.17,97.24
4297,98.12,104.79,31.02,29.33,30.49,30.49,32.71,30.66,31.29,31.93,32.51,32.12,67.46,35.62,33.31,31.93,40.27,45.16,38.01,38.83,39.83,38.69,43.17,98.12
4315,99.02,105.82,31.02,29.33,30.49,30.49,32.81,30.66,31.29,31.93,32.51,32.12,67.46,35.62,33.31,31.93,40.27,45.35,38.14,38.83,39.83,38.69,43.17,97.24
4336,99.02,104.79,31.02,29.33,30.49,30.49,32.81,30.66,31.29,31.93,32.51,32.12,67.46,35.62,33.31,31.93,40.27,45.16,38.01,38.97,39.83,38.69,43,97.24
4354,99.02,104.79,31.02,29.33,30.49,30.49,32.71,30.66,31.29,31.93,32.51,32.12,67.46,35.62,33.31,31.93,40.27,45.35,38.01,38.83,39.83,38.69,43.17,97.24
4374,99.02,105.82,31.02,29.33,30.49,30.49,32.71,30.66,31.29,31.93,32.51,32.12,67.88,35.62,33.31,31.93,40.12,45.35,38.01,38.97,39.83,38.69,43,98.12
4393,99.02,105.82,30.93,29.33,30.58,30.49,32.71,30.66,31.65,31.93,32.51,32.12,67.46,35.62,33.31,31.93,40.27,45.35,38.01,38.97,39.68,38.69,43,98.12
4413,99.02,105.82,31.02,29.33,30.58,30.49,32.91,30.66,31.29,31.93,32.51,32.12,68.31,35.62,33.31,31.93,40.27,45.16,38.01,38.97,39.83,38.69,43.17,98.12
4434,99.02,105.82,31.02,29.33,30.49,30.49,32.81,30.66,31.47,31.93,32.51,32.12,67.88,35.62,33.31,31.93,40.27,45.35,38.14,38.97,39.83,38.69,43.17,98.12
4454,98.12,105.82,31.02,29.33,30.49,30.49,32.81,30.66,31.38,31.93,32.51,32.12,67.88,35.62,33.31,31.93,40.27,45.35,38.01,38.97,39.83,38.69,43.17,98.12
4473,99.02,105.82,31.02,29.33,30.49,30.49,32.81,30.66,31.38,31.93,32.51,32.12,67.46,35.62,33.31,31.93,40.27,45.35,38.14,38.97,39.83,38.69,43.17,98.12
4493,98.12,104.79,31.02,29.33,30.49,30.49,32.91,30.66,31.29,31.93,32.51,32.12,68.31,35.62,33.31,31.93,40.27,45.35,38.01,38.83,39.83,38.69,43,98.12
4512,99.02,105.82,31.02,29.33,30.49,30.49,32.71,30.66,31.29,31.93,32.51,32.03,67.46,35.62,33.31,31.93,40.27,45.35,38.14,38.97,39.83,38.69,43.17,98.12
4532,99.02,105.82,31.02,29.33,30.49,30.49,32.71,30.66,31.29,31.93,32.51,32.12,67.46,35.62,33.31,31.93,40.27,45.35,38.14,38.97,39.83,38.69,43.17,98.12
4551,98.12,104.79,31.02,29.33,30.49,30.49,32.71,30.66,31.29,31.93,32.51,32.12,71.48,35.74,33.31,31.93,40.27,45.35,38.14,38.97,39.83,38.69,43.17,98.12
4571,99.02,105.82,31.02,29.33,30.49,30.49,32.81,30.66,31.29,31.93,32.51,32.12,67.46,35.62,33.31,31.93,40.27,45.35,38.14,38.83,39.83,38.69,43.17,98.12
4589,99.02,105.82,31.02,29.33,30.49,30.49,32.81,30.66,31.38,31.84,32.51,32.12,67.46,35.62,33.31,31.93,40.12,45.16,38.14,38.97,39.83,38.69,43.17,98.12
4610,99.02,104.79,31.02,29.33,30.49,30.49,32.81,30.66,31.38,31.93,32.51,32.12,67.88,35.62,33.31,31.93,40.27,45.35,38.14,38.97,39.83,38.69,43.35,98.12
4630,99.02,104.79,31.02,29.33,30.49,30.49,32.41,30.66,31.38,31.93,32.51,32.12,67.46,35.62,33.31,31.93,40.27,45.16,38.01,38.97,39.83,38.69,43.17,98.12
4649,99.02,105.82,31.02,29.33,30.58,30.49,32.91,30.66,31.38,31.93,32.51,32.12,69.64,35.62,33.31,31.93,40.27,45.35,38.01,38.97,39.83,38.69,43.52,98.12
4669,99.02,105.82,31.02,29.33,30.58,30.49,32.91,30.66,31.38,31.93,32.51,32.12,67.88,35.62,33.42,31.93,40.27,45.16,38.01,38.97,39.83,38.69,43.35,98.12
4688,99.02,105.82,31.02,29.33,30.49,30.49,32.91,30.66,31.38,31.93,32.51,32.12,67.46,35.62,33.31,31.93,40.27,45.35,38.01,38.83,39.83,38.69,43.52,98.12
4708,99.02,104.79,31.02,29.33,30.49,30.49,32.91,30.66,31.38,31.93,32.51,32.12,67.46,35.62,33.31,31.93,40.27,45.35,38.14,38.97,39.98,38.69,43.52,97.24
4727,99.02,105.82,31.02,29.33,30.49,30.49,32.81,30.66,31.29,31.93,32.51,32.12,67.88,35.62,33.31,31.93,40.27,45.35,38.14,38.83,39.83,38.69,43.52,98.12
4747,99.02,104.79,31.02,29.33,30.49,30.49,32.03,30.66,31.29,31.93,32.51,32.12,67.46,35.62,33.31,31.93,40.27,45.35,38.14,38.97,39.83,38.69,43.7,98.12
4768,99.02,105.82,31.02,29.33,30.49,30.49,32.03,30.66,31.29,31.93,32.51,32.12,67.88,35.62,33.31,31.93,40.27,45.35,38.01,38.97,39.83,38.69,43.52,98.12
4786,98.12,104.79,31.02,29.33,30.49,30.49,32.03,30.66,31.29,31.93,32.51,32.12,67.46,35.62,33.31,31.93,40.27,45.35,38.14,38.83,39.83,38.69,43.52,98.12
4807,99.02,105.82,31.02,29.33,30.49,30.49,32.12,30.66,31.38,31.93,32.51,32.12,82.39,35.62,33.31,31.93,40.27,45.35,38.14,38.97,39.83,38.69,43.52,98.12
4825,98.12,105.82,30.93,29.25,30.49,30.49,32.03,30.66,31.38,31.93,32.51,32.12,67.46,35.62,33.31,31.93,40.27,45.35,38.14,38.83,39.98,38.69,43.52,97.24
4845,99.02,105.82,31.02,29.33,30.49,30.49,32.12,30.66,31.38,31.93,32.51,32.12,67.46,35.62,33.31,31.93,40.27,45.35,38.01,38.83,39.83,38.69,43.7,98.12
4864,98.12,104.79,31.02,29.33,30.49,30.49,32.12,30.66,31.29,31.93,32.51,32.12,67.46,35.62,33.31,31.93,40.27,45.35,38.14,38.83,39.83,38.69,43.7,98.12
4884,98.12,104.79,31.02,29.33,30.49,30.49,32.81,30.66,31.38,31.93,32.51,32.12,67.46,35.62,33.31,31.93,40.27,45.35,38.14,38.97,39.83,38.69,43.7,98.12
4903,98.12,104.79,31.02,29.33,30.49,30.49,32.81,30.66,31.38,31.93,32.51,32.12,73.43,35.62,33.31,31.93,40.27,45.35,38.14,38.97,39.83,38.69,43.88,98.12
4923,99.02,104.79,31.02,29.33,30.49,30.49,32.81,30.66,31.29,31.93,32.51,32.12,83.03,35.62,33.31,31.93,40.27,45.35,38.14,38.83,39.83,38.69,43.88,98.12
4944,98.12,104.79,31.02,29.33,30.58,30.49,32.81,30.66,31.29,31.93,32.51,32.12,83.03,35.62,33.31,31.93,40.27,45.35,38.14,38.97,39.83,38.69,44.06,97.24
4962,98.12,104.79,31.02,29.33,30.49,30.49,32.81,30.66,31.38,31.93,32.51,32.12,83.03,35.62,33.31,31.93,40.27,45.35,38.01,38.83,39.83,38.69,44.06,98.12
4983,99.02,104.79,31.02,29.33,30.49,30.49,32.81,30.66,31.29,31.93,32.51,32.12,83.03,35.62,33.31,31.93,40.27,45.35,38.14,38.97,39.83,38.69,43.88,98.12
5001,99.94,105.82,31.02,29.33,30.49,30.49,32.81,30.66,31.47,31.93,32.51,32.12,83.03,35.62,33.31,31.93,40.12,45.16,38.14,38.97,39.83,38.69,43.88,98.12
5022,103.78,104.79,31.02,29.33,30.49,30.49,32.81,30.66,31.56,31.93,32.51,32.12,83.03,35.62,33.31,31.93,40.27,45.35,38.14,38.97,39.83,38.69,43.7,97.24
5040,102.8,104.79,31.02,29.33,30.58,30.49,32.81,30.66,31.47,31.93,32.51,32.12,83.03,35.62,33.31,31.93,40.27,45.35,38.14,38.83,39.83,38.69,43.88,97.24
5061,102.8,104.79,31.02,29.33,30.49,30.49,32.81,30.75,31.47,31.93,32.51,32.12,83.03,35.62,33.31,31.93,40.27,45.35,38.14,38.83,39.83,38.69,43.88,97.24
5079,99.02,104.79,31.02,29.33,30.49,30.49,32.81,30.66,31.47,31.93,32.51,32.12,83.03,35.62,33.31,31.93,40.27,45.16,38.14,38.97,39.83,38.69,43.88,97.24
5099,98.12,104.79,31.02,29.33,30.49,30.49,32.81,30.66,31.47,31.93,32.51,32.12,72.44,35.62,33.31,31.93,40.27,45.35,38.14,38.97,39.83,38.69,43.7,98.12
5118,97.24,104.79,30.93,29.33,30.49,30.49,32.81,30.66,31.56,31.93,32.51,32.12,71.01,35.62,33.31,31.93,40.27,45.35,38.01,38.83,39.83,38.69,44.06,98.12
5138,98.12,104.79,30.93,29.33,30.58,30.49,32.81,30.66,31.47,31.93,32.51,32.12,70.55,35.62,33.31,31.93,40.27,45.35,38.14,38.97,39.83,38.69,44.06,98.12
5159,98.12,104.79,30.93,29.33,30.58,30.49,32.91,30.66,31.47,31.93,32.51,32.12,69.19,35.62,33.31,31.93,40.27,45.35,38.01,38.83,39.83,38.69,44.06,98.12
5177,98.12,103.78,31.02,29.33,30.49,30.49,32.81,30.66,31.56,31.93,32.51,32.12,67.46,35.62,33.31,31.93,40.27,45.35,38.01,38.83,39.83,38.69,44.06,97.24
5198,98.12,103.78,31.38,29.33,30.49,30.49,32.81,30.66,31.47,31.93,32.51,32.12,69.64,35.62,33.31,32.03,40.27,45.35,38.01,38.83,39.83,38.69,44.06,98.12
5216,97.24,104.79,31.47,29.33,30.49,30.49,32.71,30.66,31.47,31.93,32.51,32.12,74.95,35.62,33.31,31.93,40.27,45.16,38.01,38.83,39.83,38.69,44.06,98.12
5237,97.24,103.78,31.47,29.33,30.58,30.49,32.91,30.66,31.38,31.93,32.51,32.12,78.21,35.62,33.31,31.93,40.27,45.35,38.01,38.83,39.83,38.55,44.06,98.12
5255,97.24,104.79,31.38,29.33,30.49,30.49,32.81,30.66,31.38,31.93,32.51,32.12,82.39,35.74,33.31,31.93,40.12,45.35,38.14,38.83,39.83,38.69,43.7,98.12
5276,98.12,104.79,31.38,29.33,30.49,30.49,32.81,30.66,31.38,31.93,32.51,32.12,83.03,35.62,33.31,31.93,40.27,45.35,38.01,38.83,39.83,38.69,43.7,98.12
5296,97.24,103.78,31.38,29.33,30.58,30.49,33.01,30.66,31.47,31.93,32.51,32.12,83.03,35.62,33.31,31.93,40.27,45.35,38.14,38.83,39.83,38.69,43.7,95.52
5314,97.24,103.78,31.11,29.33,30.58,30.49,32.91,30.66,31.29,31.93,32.51,32.12,83.03,35.62,33.31,31.93,40.27,45.35,38.14,38.83,39.98,38.69,43.7,96.37
5335,97.24,103.78,31.02,29.33,30.49,30.49,33.01,30.66,31.47,31.93,32.51,32.12,83.03,35.62,33.31,31.93,40.27,45.35,38.01,38.83,39.83,38.69,43.35,96.37
5353,96.37,103.78,30.93,29.25,30.49,30.49,33.01,30.66,31.75,31.93,32.51,32.12,83.03,35.62,33.31,31.93,40.27,45.35,38.14,38.83,39.98,38.69,43.7,96.37
5374,98.12,103.78,49.06,29.33,30.58,30.49,32.91,30.66,31.56,31.93,32.51,32.12,82.39,35.62,33.31,31.93,40.27,45.35,38.01,38.83,39.83,38.69,43.52,96.37
5392,97.24,102.8,31.38,29.33,30.49,30.49,32.91,30.66,31.84,31.93,32.51,32.12,83.03,35.62,33.31,31.93,40.27,45.35,38.01,38.83,39.83,38.69,43.52,95.52
5413,97.24,103.78,31.38,29.33,30.49,30.49,33.01,30.66,32.03,31.93,32.51,32.12,83.03,35.62,33.31,31.93,40.27,45.35,38.14,38.83,39.83,38.69,43.35,96.37
5431,97.24,103.78,30.93,29.33,30.49,30.49,33.01,30.66,32.12,31.93,32.51,32.12,83.03,35.5,33.31,31.93,40.27,45.35,38.14,38.83,39.83,38.69,43.35,96.37
5452,97.24,102.8,31.02,29.33,30.58,30.4,32.81,30.66,32.22,31.93,32.51,32.12,83.03,35.62,33.31,31.93,40.27,45.35,38.01,38.83,39.83,38.69,43.35,96.37
5472,97.24,103.78,31.47,29.33,30.49,30.49,32.81,30.66,32.22,31.93,32.51,32.12,83.03,35.62,33.31,31.93,40.27,45.35,38.14,38.83,39.83,38.69,43.52,96.37
5491,97.24,103.78,31.47,29.33,30.58,30.49,32.61,30.66,32.22,31.93,32.51,32.12,83.03,35.62,33.31,31.93,40.27,45.35,38.14,38.83,39.83,38.69,43.35,96.37
5511,97.24,103.78,31.47,29.33,30.49,30.49,32.71,30.66,32.22,31.93,32.51,32.12,83.03,35.62,33.31,31.93,40.27,45.35,38.01,38.83,39.83,38.69,43.52,96.37
5530,98.12,103.78,31.47,29.33,30.49,30.49,32.71,30.66,32.22,31.93,32.51,32.12,83.03,35.62,33.31,31.93,40.27,45.35,38.14,38.83,39.83,38.69,43.35,96.37
5550,97.24,103.78,31.47,29.33,30.58,30.49,32.71,30.66,32.22,31.93,32.51,32.12,83.03,35.62,33.31,31.93,40.27,45.35,38.01,38.83,39.83,38.69,43.52,95.52
5568,97.24,103.78,31.47,29.33,30.58,30.49,32.81,30.66,32.12,31.93,32.51,32.03,67.46,35.62,33.31,31.93,40.27,45.35,38.01,38.83,39.83,38.69,43.35,95.52
5589,97.24,102.8,31.47,29.33,30.49,30.49,32.71,30.66,31.65,31.93,32.51,32.12,67.46,35.62,33.31,31.93,40.27,45.35,38.14,38.83,39.83,38.69,43.52,95.52
5607,97.24,103.78,31.47,29.33,30.49,30.49,32.71,30.66,31.47,31.93,32.51,32.12,67.46,35.62,33.31,31.93,40.27,45.35,38.01,38.83,39.83,38.69,43.52,94.68
5628,96.37,102.8,31.47,29.33,30.58,30.49,32.81,30.66,31.38,31.93,32.51,32.12,67.46,35.62,33.31,31.93,40.27,45.35,38.14,38.83,39.83,38.69,43.7,95.52
5648,97.24,103.78,31.47,29.33,30.58,30.49,32.81,30.66,31.29,31.93,32.51,32.12,67.46,35.62,33.31,31.93,40.27,45.35,38.01,38.83,39.83,38.69,43.7,95.52
5667,97.24,103.78,31.47,29.33,30.49,30.49,32.71,30.66,31.29,31.93,32.51,32.12,67.88,35.62,33.31,31.93,40.27,45.35,38.14,38.83,39.83,38.55,43.88,95.52
5687,97.24,103.78,31.47,29.33,30.49,30.49,32.81,30.66,31.29,31.93,32.51,32.12,67.46,35.62,33.31,31.93,40.27,45.35,38.01,38.83,39.83,38.69,43.7,95.52
5706,96.37,103.78,30.93,29.33,30.58,30.49,32.81,30.66,31.29,31.93,32.51,32.12,67.88,35.62,33.31,31.93,40.27,45.35,38.01,38.83,39.98,38.55,43.52,95.52
5726,92.25,103.78,30.93,29.33,30.49,30.49,32.81,30.66,31.38,31.93,32.51,32.12,67.46,35.62,33.31,31.93,40.27,45.35,38.01,38.83,39.83,38.69,43.7,95.52
5745,96.37,103.78,30.93,29.33,30.49,30.49,32.81,30.66,31.56,31.93,32.51,32.03,67.46,35.62,33.31,31.93,40.27,45.35,38.01,38.83,39.83,38.69,43.88,95.52
5765,96.37,103.78,30.93,29.33,30.49,30.58,32.91,30.66,31.38,31.93,32.51,32.12,67.46,35.62,33.31,32.03,40.27,45.35,38.01,38.83,39.83,38.69,43.7,95.52
5783,96.37,102.8,31.38,29.33,30.58,30.49,32.91,30.66,31.38,31.93,32.51,32.12,67.46,35.62,33.31,31.93,40.12,45.35,38.14,38.83,39.83,38.69,43.7,95.52
5804,97.24,103.78,31.29,29.33,30.58,30.49,32.71,30.66,31.38,31.93,32.51,32.12,67.46,35.62,33.31,31.93,40.27,45.35,38.01,38.83,39.83,38.69,43.7,95.52
5824,97.24,103.78,30.93,29.33,30.58,30.58,32.81,30.66,31.29,31.93,32.51,32.12,67.46,35.62,33.31,31.93,39.98,45.35,38.01,38.83,39.83,38.69,43.7,95.52
5843,97.24,103.78,30.93,29.33,30.49,30.58,32.91,30.66,31.29,31.93,32.51,32.12,67.88,35.62,33.31,31.93,40.27,45.35,38.01,38.83,39.83,38.69,43.88,96.37
5863,97.24,102.8,31.02,29.33,30.49,30.58,32.81,30.66,31.38,31.93,32.51,32.12,67.88,35.62,33.31,31.93,40.27,45.35,38.14,38.83,39.83,38.69,43.88,94.68
5882,97.24,103.78,30.93,29.33,30.49,30.58,32.81,30.66,31.84,31.93,32.51,32.12,67.88,35.62,33.31,32.03,40.27,45.35,38.14,38.83,39.83,38.69,43.7,95.52
5902,97.24,103.78,30.93,29.33,30.58,30.58,32.81,30.66,31.47,31.93,32.51,32.12,67.88,35.62,33.31,32.03,40.27,45.35,38.01,38.83,39.83,38.69,43.7,96.37
5921,98.12,103.78,30.93,29.33,30.49,30.49,32.81,30.66,31.56,31.93,32.51,32.12,67.46,35.62,33.31,32.03,40.27,45.35,38.14,38.83,39.83,38.55,43.7,95.52
5941,98.12,103.78,30.93,29.33,30.49,30.58,32.81,30.66,31.11,31.93,32.51,32.12,67.46,35.62,33.31,31.93,40.27,45.35,38.01,38.83,39.83,38.55,43.7,95.52
5960,97.24,103.78,30.93,29.33,30.49,30.58,32.81,30.66,31.11,31.93,32.51,32.12,67.46,35.62,33.31,32.03,40.27,45.35,38.01,38.83,39.83,38.69,43.7,95.52
5980,98.12,103.78,30.93,29.33,30.49,30.58,32.81,30.66,31.11,31.93,32.51,32.12,67.46,35.62,33.31,31.93,40.27,45.35,38.01,38.83,39.83,38.69,43.88,95.52
6001,98.12,103.78,30.93,29.33,30.49,30.58,32.81,30.66,31.02,31.93,32.51,32.12,67.88,35.74,33.31,31.93,40.27,45.35,38.01,38.83,39.83,38.69,43.52,95.52
6019,98.12,103.78,30.93,29.33,30.49,30.58,32.81,30.66,31.02,31.93,32.51,32.12,77.65,35.62,33.31,31.93,40.12,45.35,38.01,38.83,39.83,38.69,43.52,95.52
6039,99.02,103.78,30.93,29.33,30.49,30.58,32.81,30.66,31.02,31.93,32.51,32.03,81.15,35.74,33.31,31.93,40.27,45.35,38.01,38.83,39.83,38.55,43.52,96.37
6058,98.12,103.78,30.84,29.33,30.58,30.58,32.81,30.66,31.29,31.93,32.51,32.12,82.39,35.62,33.31,32.03,40.27,45.35,38.14,38.83,39.83,38.69,43.7,95.52
6078,98.12,101.83,30.93,29.33,30.58,30.58,33.01,30.66,31.02,31.84,32.51,32.12,81.77,35.62,33.31,32.03,40.27,45.35,38.14,38.83,39.83,38.69,43.52,94.68
6097,97.24,83.03,30.93,29.33,30.58,30.58,32.81,30.66,31.02,31.93,32.51,32.12,82.39,35.62,33.31,31.93,40.27,45.35,38.01,38.83,39.83,38.69,43.7,95.52
6117,97.24,86.35,30.93,29.33,30.49,30.58,32.81,30.66,31.2,31.93,32.51,32.12,82.39,35.74,33.31,32.03,40.27,45.35,38.01,38.83,39.98,38.69,43.7,95.52
6136,98.12,84.32,30.93,29.33,30.49,30.58,32.91,30.66,31.11,31.93,32.51,32.12,82.39,35.62,33.31,32.03,40.27,45.35,38.01,38.83,39.83,38.69,43.52,95.52
6156,98.12,86.35,30.93,29.33,30.58,30.58,32.91,30.66,31.11,31.93,32.51,32.12,83.03,35.62,33.31,32.03,40.27,45.35,38.14,38.83,39.83,38.69,43.7,96.37
6177,98.12,103.78,30.93,29.33,30.58,30.58,32.91,30.66,31.11,31.93,32.51,32.03,83.03,35.62,33.31,31.93,40.27,45.16,38.01,38.83,39.83,38.69,43.7,96.37
6195,99.02,104.79,30.93,29.33,30.58,30.58,32.91,30.66,31.11,31.93,32.51,32.12,82.39,35.62,33.31,32.03,40.27,45.16,38.01,38.83,39.83,38.55,43.52,96.37
6216,99.02,103.78,30.93,29.33,30.49,30.58,33.01,30.66,31.29,31.93,32.51,32.12,79.36,35.62,33.31,31.93,40.27,45.16,38.01,38.83,39.83,38.69,43.7,95.52
6234,99.02,103.78,30.93,29.33,30.58,30.58,32.91,30.66,31.29,31.93,32.51,32.12,67.46,35.74,33.31,32.03,40.27,45.35,38.01,38.83,39.83,38.69,43.7,95.52
6255,97.24,103.78,30.93,29.33,30.58,30.58,32.91,30.66,31.29,31.93,32.51,32.12,67.46,35.62,33.31,31.93,40.27,45.35,38.01,38.83,39.83,38.69,43.52,94.68
6273,50.67,100.87,30.93,29.33,30.58,30.58,32.91,30.66,31.02,31.93,32.51,32.03,67.46,35.62,33.31,32.03,40.27,45.16,38.14,38.83,39.83,38.69,43.88,95.52
6293,53.43,100.87,30.93,29.33,30.58,30.58,32.91,30.66,31.02,31.84,32.51,32.12,67.88,35.62,33.31,31.93,40.12,45.16,38.01,38.83,39.83,38.69,43.7,95.52
6312,83.03,103.78,30.93,29.33,30.58,30.58,36.96,30.66,31.02,31.84,32.51,32.12,67.46,35.62,33.31,32.03,40.12,45.35,38.14,38.83,39.83,38.55,43.52,95.52
6332,81.15,103.78,30.93,29.25,30.49,30.58,32.91,30.66,31.02,31.84,32.51,32.12,67.88,35.62,33.31,31.93,40.27,45.35,38.14,38.83,39.83,38.69,43.7,96.37
6353,97.24,102.8,30.93,29.33,30.58,30.58,32.81,30.66,31.02,31.93,32.51,32.12,67.46,35.74,33.31,31.93,40.27,45.35,38.01,38.83,39.83,38.69,43.7,95.52
6371,98.12,103.78,30.93,29.33,30.49,30.58,32.81,30.66,31.84,31.93,32.51,32.12,67.46,35.62,33.31,32.03,40.27,45.35,38.01,38.83,39.83,38.69,43.7,95.52
6392,97.24,103.78,30.93,29.33,30.49,30.58,32.81,30.66,31.38,31.93,32.51,32.12,67.46,35.74,33.31,31.93,40.12,45.35,38.14,38.83,39.83,38.69,43.88,95.52
6410,84.32,103.78,30.93,29.33,30.49,30.49,32.81,30.66,31.38,31.93,32.51,32.12,67.46,35.62,33.31,31.93,40.27,45.35,38.01,38.83,39.83,38.69,43.88,95.52
6431,84.99,103.78,30.93,29.33,30.58,30.58,32.81,30.66,31.38,31.93,32.51,32.12,67.46,35.62,33.31,32.03,40.27,45.35,38.14,38.83,39.83,38.69,43.88,95.52
6449,87.04,103.78,31.02,29.33,30.49,30.58,32.81,30.66,31.38,31.93,32.51,32.12,67.46,35.62,33.31,31.93,40.27,45.16,38.01,38.83,39.83,38.69,43.88,96.37
6470,89.95,103.78,31.02,29.33,30.49,30.49,32.91,30.66,31.38,31.93,32.51,32.12,67.46,35.74,33.31,32.03,40.27,45.35,38.14,38.97,39.83,38.69,43.88,98.12
6488,93.05,103.78,31.02,29.33,30.49,30.58,32.91,30.66,31.38,31.93,32.51,32.12,67.46,35.62,33.31,31.93,40.27,45.35,38.01,38.83,39.83,38.69,43.7,98.12
6508,94.68,103.78,31.02,29.33,30.49,30.49,32.91,30.66,31.38,31.93,32.51,32.12,67.46,35.62,33.31,31.93,40.27,45.35,38.01,38.83,39.83,38.69,43.7,97.24
6527,98.12,103.78,31.02,29.33,30.49,30.58,32.91,30.66,31.38,31.93,32.51,32.12,79.95,35.62,33.31,31.93,40.27,45.16,38.01,38.83,39.83,38.69,43.7,98.12
6547,88.47,104.79,31.02,29.33,30.58,30.58,32.71,30.66,31.38,31.93,32.51,32.12,82.39,35.62,33.31,31.93,40.27,45.35,38.01,38.97,39.83,38.69,43.88,98.12
6568,96.37,104.79,31.02,29.33,30.58,30.58,32.71,30.66,31.38,31.93,32.51,32.12,82.39,35.74,33.31,31.93,40.12,45.35,38.14,38.83,39.83,38.69,43.7,98.12
6586,99.02,103.78,31.02,29.33,30.49,30.49,32.71,30.66,31.38,31.93,32.51,32.12,67.88,35.62,33.21,31.93,40.27,45.35,38.01,38.97,39.83,38.69,43.88,98.12
6607,99.02,104.79,31.02,29.33,30.49,30.49,32.71,30.66,31.29,31.93,32.51,32.12,67.88,35.62,33.31,31.93,40.12,45.35,38.14,38.97,39.98,38.69,43.7,97.24
6625,99.02,103.78,31.02,29.33,30.49,30.58,43,30.66,31.29,31.93,32.51,32.12,67.88,35.62,33.31,31.93,39.98,45.35,38.14,38.83,39.83,38.69,43.88,98.12
6646,99.02,104.79,31.02,29.33,30.49,30.58,56.22,30.66,31.29,31.93,32.51,32.12,67.88,35.62,33.31,31.93,40.27,45.35,38.14,38.97,39.83,38.69,43.52,97.24
6664,99.02,104.79,31.02,29.33,30.49,30.58,53.7,30.66,31.38,31.93,32.51,32.12,73.93,35.62,33.31,31.93,40.27,45.35,38.14,38.83,39.83,38.69,43.88,98.12
6685,99.94,104.79,31.02,29.33,30.49,30.58,67.04,30.66,31.38,31.93,32.51,32.12,67.88,35.62,33.31,31.93,40.12,45.35,38.14,38.97,39.83,38.69,43.7,96.37
6705,99.94,104.79,31.02,29.33,30.49,30.49,67.04,30.66,31.38,31.93,32.51,32.12,69.19,35.62,33.31,31.93,40.27,45.35,38.14,38.83,39.98,38.69,43.52,98.12
6723,99.94,104.79,30.93,29.33,30.49,30.58,67.04,30.66,31.38,31.93,32.51,32.12,67.88,35.62,33.31,31.93,40.27,45.35,38.14,38.97,39.98,38.69,43.52,97.24
6744,99.94,105.82,31.02,29.33,30.58,30.58,66.22,30.66,31.38,31.93,32.51,32.12,83.03,35.62,33.31,31.93,40.27,45.16,38.01,38.97,39.83,38.69,43.7,98.12
6762,99.02,104.79,31.02,29.33,30.58,30.49,33.11,30.66,31.38,31.93,32.51,32.12,83.03,35.62,33.31,31.93,40.27,45.35,38.14,38.83,39.83,38.69,43.88,97.24
6783,99.02,104.79,31.02,29.33,30.49,30.58,32.71,30.66,31.47,31.93,32.51,32.12,67.46,35.62,33.31,31.93,40.27,45.35,38.14,38.83,39.83,38.69,43.7,98.12
6801,98.12,104.79,31.02,29.33,30.49,30.58,32.91,30.66,31.47,31.93,32.51,32.12,67.88,35.62,33.31,31.93,40.27,45.35,38.01,38.97,39.83,38.69,43.7,98.12
6822,99.02,104.79,31.02,29.33,30.49,30.58,32.71,30.66,31.47,31.93,32.51,32.12,67.46,35.74,33.31,31.93,40.27,45.35,38.01,38.83,39.83,38.69,43.7,97.24
6842,99.02,104.79,31.02,29.33,30.49,30.58,32.71,30.66,31.47,31.93,32.51,32.03,67.46,35.62,33.31,31.93,40.27,45.35,38.01,38.97,39.83,38.69,43.88,98.12
6861,99.02,104.79,31.02,29.33,30.49,30.58,32.71,30.66,31.47,31.93,32.51,32.12,67.88,35.62,33.31,31.93,40.27,45.35,38.14,38.97,39.83,38.69,43.7,98.12
6881,98.12,104.79,31.02,29.33,30.58,30.58,32.71,30.66,31.38,31.93,32.51,32.12,67.46,35.62,33.31,32.03,40.27,45.16,38.14,38.83,39.83,38.69,43.7,97.24
6902,98.12,104.79,31.02,29.33,30.49,30.58,32.71,30.66,31.47,31.93,32.51,32.12,67.88,35.62,33.31,31.93,40.27,45.35,38.14,38.83,39.83,38.69,43.7,98.12
6920,98.12,104.79,31.02,29.33,30.49,30.58,32.71,30.66,31.47,31.93,32.51,32.12,67.46,35.62,33.31,31.93,40.27,45.16,38.14,38.97,39.83,38.69,43.88,98.12
6941,98.12,104.79,31.02,29.33,30.49,30.49,33.01,30.66,31.47,31.93,32.51,32.12,67.88,35.74,33.31,31.93,40.27,45.16,38.14,38.97,39.83,38.69,43.88,98.12
6959,98.12,104.79,31.02,29.33,30.58,30.49,32.71,30.66,31.47,31.93,32.51,32.12,67.88,35.74,33.31,31.93,40.27,45.35,38.01,38.83,39.83,38.69,43.88,98.12
6979,98.12,105.82,31.02,29.33,30.58,30.58,32.91,30.66,31.38,31.93,32.51,32.12,67.46,35.62,33.31,31.93,40.27,45.35,38.01,38.97,39.98,38.69,44.06,98.12
6998,99.02,106.87,31.02,29.33,30.49,30.58,32.81,30.66,31.38,31.93,32.51,32.12,67.88,35.62,33.31,31.93,40.12,45.35,38.14,38.97,39.83,38.69,44.06,98.12
7018,98.12,105.82,31.02,29.33,30.49,30.58,32.71,30.66,31.38,31.93,32.51,32.12,67.46,35.62,33.31,31.93,39.83,45.35,38.01,38.83,39.83,38.69,43.88,98.12
7037,98.12,105.82,31.02,29.33,30.58,30.58,32.71,30.66,31.38,31.93,32.51,32.12,67.46,35.74,33.31,31.93,40.27,45.35,38.01,38.97,39.83,38.69,43.88,95.52
7057,98.12,105.82,31.11,29.33,30.58,30.49,32.71,30.66,31.38,31.93,32.51,32.12,67.46,35.62,33.31,31.93,40.27,44.24,38.14,38.97,39.83,38.69,43.7,95.52
7078,98.12,105.82,31.11,29.33,30.49,30.49,32.71,30.66,31.38,31.93,32.51,32.12,67.46,35.62,33.31,31.93,40.27,44.24,38.14,38.97,39.83,38.69,43.88,96.37
7096,98.12,105.82,31.02,29.33,30.49,30.58,32.71,30.66,31.38,31.93,32.51,32.12,67.46,35.62,33.31,31.93,40.27,44.24,38.01,38.83,39.83,38.55,43.88,97.24
7117,98.12,105.82,30.93,29.33,30.49,30.58,32.71,30.66,31.56,31.93,32.51,32.12,67.46,35.62,33.31,31.93,40.12,44.24,38.01,38.97,39.83,38.55,43.88,98.12
7135,98.12,105.82,30.93,29.33,30.58,30.58,32.71,30.75,31.47,31.93,32.51,32.12,67.46,35.62,33.31,31.93,40.27,44.24,38.01,38.97,39.83,38.69,43.88,98.12
7156,98.12,105.82,31.02,29.33,30.58,30.58,32.91,30.66,31.84,31.93,32.51,32.12,67.88,35.62,33.31,31.93,40.27,44.06,38.14,38.97,39.83,38.69,43.88,98.12
7174,98.12,105.82,31.02,29.33,30.49,30.58,32.71,30.66,32.12,31.93,32.51,32.12,67.46,35.62,33.31,31.93,40.12,44.24,38.14,38.83,39.83,38.69,43.7,99.02
7195,98.12,105.82,31.02,29.33,30.58,30.58,32.71,30.66,31.38,31.93,32.51,32.12,67.46,35.74,33.31,31.93,40.27,44.24,38.14,38.97,39.83,38.69,43.7,98.12
7213,98.12,105.82,31.02,29.33,30.49,30.58,32.71,30.66,31.38,31.93,32.51,32.12,69.19,35.62,33.31,31.93,40.27,44.06,38.14,38.83,39.83,38.69,43.88,97.24
7233,98.12,105.82,31.02,29.33,30.49,30.58,32.71,30.66,31.75,31.93,32.51,32.12,67.88,35.62,33.31,31.93,40.27,44.24,38.14,38.97,39.83,38.69,43.88,98.12
7254,98.12,104.79,31.02,29.33,30.58,30.58,32.71,30.66,31.38,31.93,32.51,32.12,67.88,35.62,33.31,31.93,40.27,44.24,38.14,38.97,39.83,38.69,43.7,99.02
7272,98.12,105.82,30.93,29.33,30.58,30.58,32.61,30.66,31.29,31.93,32.51,32.12,67.46,35.62,33.31,31.93,40.27,44.42,38.01,38.97,39.83,38.69,43.7,98.12
7293,98.12,104.79,31.02,29.33,30.49,30.58,32.03,30.75,31.29,31.93,32.51,32.12,67.88,35.62,33.31,31.93,40.27,44.24,38.14,38.97,39.83,38.69,43.7,98.12
7311,98.12,105.82,31.02,29.33,30.49,30.58,32.03,30.66,31.38,31.93,32.51,32.12,67.88,35.62,33.31,31.93,40.27,44.24,38.01,38.97,39.83,38.69,43.7,98.12
7332,98.12,105.82,31.02,29.33,30.49,30.58,32.03,30.75,31.47,31.93,32.51,32.12,67.88,35.62,33.31,31.93,40.27,44.24,38.14,38.97,39.83,38.69,43.7,99.02
7350,98.12,104.79,31.02,29.33,30.49,30.49,32.03,30.66,31.56,31.93,32.51,32.12,67.88,35.74,33.31,31.84,40.27,44.24,38.14,38.97,39.83,38.69,43.88,98.12
7371,98.12,105.82,31.02,29.33,30.49,30.58,32.32,30.75,31.38,31.93,32.51,32.03,67.46,35.62,33.31,31.84,39.98,44.24,38.14,38.97,39.83,38.69,43.52,98.12
7389,98.12,105.82,31.02,29.33,30.49,30.58,32.41,30.66,31.47,31.93,32.51,32.12,67.88,35.62,33.31,31.93,40.27,44.24,38.14,38.97,39.83,38.69,43.7,98.12
7410,98.12,105.82,31.02,29.33,30.49,30.58,32.41,30.66,31.47,31.93,32.51,32.12,67.46,35.62,33.31,31.93,40.27,44.42,38.14,38.97,39.83,38.69,43.7,98.12
7430,98.12,105.82,31.02,29.33,30.49,30.58,32.41,30.66,31.56,31.93,32.51,32.12,67.46,35.62,33.31,31.93,40.27,44.24,38.01,38.97,39.83,38.69,43.52,99.02
7448,98.12,105.82,31.02,29.33,30.49,30.58,32.41,30.66,31.47,31.93,32.51,32.12,67.46,35.62,33.31,31.93,40.27,44.42,38.01,38.97,39.83,38.69,43.52,98.12
7469,98.12,105.82,31.02,29.33,30.58,30.58,32.51,30.75,31.56,31.93,32.51,32.12,67.88,35.62,33.31,31.93,40.27,44.42,38.14,38.83,39.98,38.83,43.52,98.12
7487,98.12,104.79,30.93,29.33,30.49,30.58,32.51,30.75,31.65,31.93,32.51,32.12,67.46,35.62,33.31,31.93,40.27,44.42,38.01,38.97,39.83,38.69,43.35,98.12
7508,98.12,105.82,31.02,29.33,30.58,30.58,32.41,30.75,31.65,31.93,32.51,32.12,67.46,35.62,33.31,31.93,39.98,44.42,38.14,38.97,39.83,38.69,43.52,98.12
7526,98.12,104.79,31.02,29.33,30.49,30.49,32.12,30.66,31.65,31.93,32.51,32.12,67.88,35.62,33.31,31.93,40.27,44.24,38.14,38.83,39.83,38.69,43.52,98.12
7547,99.02,105.82,31.02,29.33,30.58,30.58,32.12,30.66,31.65,31.93,32.51,32.12,82.39,35.62,33.31,31.93,40.27,44.42,38.14,38.97,39.83,38.69,43.7,99.02
7565,99.02,105.82,31.02,29.33,30.49,30.58,32.22,30.66,31.65,31.93,32.51,32.12,82.39,35.62,33.31,31.93,40.27,44.42,38.01,38.97,39.83,38.69,43.7,99.02
7586,99.02,105.82,31.02,29.33,30.49,30.58,32.71,30.66,31.56,31.93,32.51,32.12,82.39,35.62,33.31,31.93,40.27,44.42,38.14,38.97,39.83,38.55,43.52,99.02
7606,98.12,104.79,31.02,29.33,30.58,30.49,32.91,30.66,31.56,31.93,32.51,32.12,67.46,35.62,33.31,31.93,40.27,44.42,38.14,38.83,39.83,38.55,43.52,98.12
7625,98.12,105.82,31.02,29.33,30.49,30.58,32.71,30.66,31.65,31.93,32.51,32.12,67.46,35.62,33.31,31.93,40.27,44.42,38.14,38.83,39.83,38.69,43.52,98.12
7645,99.02,105.82,31.02,29.33,30.58,30.58,32.71,30.66,31.56,31.93,32.51,32.12,67.46,35.62,33.31,31.93,40.27,44.42,38.14,38.83,39.98,38.69,43.7,99.02
7664,99.94,105.82,31.02,29.33,30.49,30.58,32.71,30.66,31.56,31.93,32.51,32.12,67.46,35.62,33.31,31.93,40.27,44.42,38.14,38.83,39.83,38.69,43.7,98.12
7684,99.02,104.79,31.02,29.33,30.49,30.58,32.71,30.66,31.65,31.93,32.51,32.12,67.46,35.62,33.31,31.93,40.12,44.42,38.14,38.97,39.83,38.69,43.52,98.12
7702,99.94,105.82,31.02,29.33,30.49,30.49,32.71,30.66,31.65,31.93,32.51,32.12,67.46,35.62,33.31,31.84,40.27,44.42,38.14,38.83,39.83,38.69,43.35,98.12
7723,99.02,104.79,31.02,29.33,30.49,30.58,32.71,30.66,31.65,31.93,32.51,32.12,67.46,35.62,33.31,31.93,40.12,44.42,38.01,38.97,39.83,38.69,43.35,98.12
7741,98.12,104.79,30.93,29.33,30.49,30.58,32.71,30.66,31.56,31.93,32.51,32.12,67.46,35.62,33.31,31.93,40.27,44.42,38.14,38.97,39.83,38.69,43.35,99.02
7762,99.02,104.79,31.02,29.33,30.58,30.58,32.71,30.66,31.56,31.93,32.51,32.12,69.19,35.62,33.31,31.93,40.27,44.42,38.14,38.83,39.83,38.69,43.35,98.12
7782,99.02,104.79,30.93,29.33,30.58,30.58,32.71,30.66,31.56,31.93,32.51,32.12,70.09,35.62,33.31,31.93,40.27,44.42,38.01,38.97,39.83,38.69,43.35,99.02
7801,98.12,104.79,31.02,29.33,30.49,30.49,32.71,30.66,31.56,31.93,32.51,32.12,70.09,35.62,33.31,31.93,40.27,44.42,38.01,38.83,39.83,38.69,43.35,96.37
7821,98.12,104.79,30.93,29.33,30.49,30.58,32.71,30.75,31.65,31.93,32.51,32.12,71.48,35.62,33.31,31.93,40.27,44.42,38.14,38.83,39.83,38.69,43.52,95.52
7840,98.12,103.78,30.93,29.33,30.49,30.49,32.71,30.66,31.75,31.93,32.51,32.12,71.96,35.62,33.31,31.93,40.27,44.42,38.14,38.83,39.83,38.69,43.52,96.37
7860,97.24,104.79,30.93,29.33,30.49,30.58,32.71,30.66,31.84,31.93,32.51,32.12,72.44,35.62,33.31,31.93,40.27,44.42,38.01,38.83,39.83,38.69,43.17,98.12
7879,98.12,104.79,30.93,29.33,30.58,30.58,32.71,30.66,31.93,31.93,32.51,32.12,72.93,35.62,33.31,31.93,40.12,44.42,38.14,38.83,39.83,38.69,43.17,98.12
7899,98.12,103.78,31.02,29.33,30.49,30.58,32.71,30.75,32.03,31.93,32.51,32.12,77.1,35.62,33.31,31.93,40.27,44.42,38.14,38.83,39.83,38.69,43.35,98.12
7917,42.49,101.83,31.02,29.25,30.58,30.58,32.71,30.75,32.12,31.93,32.51,32.12,74.95,35.62,33.31,31.93,40.27,44.42,38.14,38.83,39.83,38.69,43.17,97.24
7938,55.64,101.83,31.02,29.33,30.49,30.49,32.81,30.66,32.12,31.93,32.51,32.12,67.46,35.62,33.31,32.03,40.12,44.42,38.01,38.97,39.83,38.69,43.17,98.12
7958,46.52,102.8,31.02,29.33,30.49,30.58,32.91,30.66,32.12,31.93,32.51,32.12,69.19,35.62,33.31,31.93,40.27,44.42,38.14,38.97,39.83,38.69,43.17,99.02
7977,94.68,104.79,31.02,29.33,30.58,30.58,32.91,30.66,31.84,31.93,32.51,32.12,67.46,35.62,33.31,31.93,40.27,44.42,38.14,38.97,39.83,38.55,43.17,98.12
7997,97.24,104.79,31.02,29.33,30.58,30.58,32.71,30.66,32.03,31.93,32.51,32.12,67.88,35.62,33.31,32.03,40.27,44.42,38.14,38.97,39.83,38.69,43.35,99.02
8016,97.24,104.79,31.02,29.33,30.58,30.58,32.71,30.66,32.12,31.93,32.51,32.12,67.88,35.62,33.31,31.93,40.27,44.42,38.01,38.83,39.83,38.69,43.17,99.02
8036,98.12,104.79,31.02,29.33,30.58,30.58,32.71,30.66,32.12,31.93,32.51,32.12,67.88,35.62,33.31,31.93,40.27,44.42,38.14,38.69,39.98,38.69,43.17,98.12
8055,98.12,104.79,31.02,29.33,30.49,30.58,32.71,30.66,31.38,31.93,32.51,32.12,81.77,35.62,33.31,31.93,40.12,44.42,38.14,38.83,39.83,38.69,43.17,98.12
8075,98.12,104.79,31.02,29.33,30.49,30.58,32.81,30.66,31.38,31.93,32.51,32.12,83.03,35.74,33.31,31.93,40.12,44.42,38.14,38.83,39.83,38.69,43.17,99.02
8094,99.02,104.79,31.02,29.33,30.49,30.58,32.91,30.66,31.75,31.93,32.51,32.12,67.88,35.62,33.31,31.93,40.27,44.42,38.01,38.83,39.83,38.69,43.17,99.02
8114,99.02,104.79,31.02,29.33,30.58,30.58,33.01,30.66,32.12,31.93,32.51,32.12,67.88,35.62,33.31,32.03,40.27,44.42,38.14,38.83,39.83,38.69,43.17,99.02
8135,99.02,104.79,31.02,29.33,30.58,30.58,32.91,30.66,31.56,31.93,32.51,32.12,67.88,35.62,33.31,31.93,40.27,44.42,38.14,38.83,39.83,38.69,43.35,98.12
8153,98.12,104.79,31.02,29.33,30.58,30.58,32.81,30.66,31.75,31.93,32.51,32.12,67.88,35.74,33.31,31.93,40.27,44.42,38.01,38.97,39.83,38.55,43.17,98.12
8173,98.12,104.79,31.02,29.33,30.58,30.58,33.01,30.66,31.75,31.93,32.51,32.12,67.46,35.62,33.31,31.93,40.27,44.42,38.01,38.83,39.83,38.69,43.17,98.12
8192,98.12,104.79,31.02,29.33,30.49,30.58,33.21,30.66,31.47,31.93,32.51,32.12,67.88,35.62,33.31,31.93,40.27,44.42,38.14,38.83,39.83,38.69,43.35,99.02
8212,98.12,104.79,31.02,29.33,30.49,30.58,33.21,30.66,31.29,31.93,32.51,32.12,67.88,35.74,33.31,31.93,40.27,44.42,38.14,38.97,39.83,38.55,43.17,98.12
8231,98.12,104.79,31.47,29.33,30.58,30.58,33.21,30.66,31.38,31.93,32.51,32.12,67.88,35.62,33.31,32.03,40.27,44.42,38.14,38.83,39.83,38.69,43.17,98.12
8251,99.02,104.79,31.38,29.33,30.58,30.58,33.21,30.66,31.47,31.93,32.51,32.12,67.46,35.74,33.31,31.93,40.27,44.42,38.14,38.83,39.83,38.69,43.17,98.12
8272,98.12,104.79,31.47,29.33,30.58,30.58,33.21,30.66,31.56,31.93,32.51,32.12,67.88,35.62,33.31,32.03,40.27,44.42,38.14,38.83,39.98,38.69,43.17,98.12
8290,98.12,104.79,31.38,29.33,30.58,30.58,33.11,30.66,31.65,31.93,32.51,32.12,67.88,35.74,33.31,32.03,40.27,44.42,38.01,38.83,39.83,38.69,43.17,98.12
8311,99.02,104.79,31.38,29.33,30.49,30.58,33.01,30.66,31.65,31.93,32.51,32.12,67.46,35.62,33.31,31.93,40.27,44.42,38.14,38.83,39.83,38.69,43.17,99.02
8329,99.02,103.78,31.02,29.33,30.58,30.58,33.01,30.66,31.84,31.93,32.51,32.12,67.88,35.62,33.31,31.93,40.27,44.42,38.14,38.83,39.83,38.69,43.17,98.12
8350,99.02,104.79,31.02,29.33,30.49,30.58,33.01,30.66,32.03,31.93,32.51,32.12,67.88,35.62,33.31,32.03,40.27,44.42,38.14,38.83,39.83,38.69,43,99.02
8368,98.12,103.78,31.02,29.33,30.58,30.58,33.11,30.66,32.03,31.93,32.51,32.12,67.88,35.62,33.31,31.93,40.27,44.24,38.01,38.83,39.83,38.69,43.35,98.12
8389,98.12,103.78,31.02,29.33,30.49,30.58,33.01,30.66,32.12,31.93,32.51,32.12,67.88,35.62,33.31,32.03,40.27,44.42,38.14,38.83,39.83,38.69,43,98.12
8407,99.02,104.79,31.38,29.33,30.49,30.58,33.01,30.66,32.12,31.93,32.51,32.12,67.46,35.62,33.31,31.93,40.27,44.42,38.01,38.83,39.83,38.69,43.17,98.12
8427,99.02,104.79,31.02,29.33,30.58,30.58,33.01,30.66,32.12,31.93,32.51,32.12,67.46,35.62,33.31,32.03,40.27,44.42,38.01,38.83,39.83,38.69,43.35,99.02
8448,99.02,104.79,30.93,29.33,30.58,30.58,33.01,30.66,32.12,31.93,32.51,32.12,67.88,35.62,33.31,31.93,40.27,44.42,38.14,38.83,39.83,38.69,43.17,98.12
8466,99.02,104.79,31.02,29.33,30.58,30.58,33.01,30.66,32.12,31.93,32.51,32.12,67.88,35.62,33.31,32.03,40.27,44.42,38.01,38.83,39.83,38.69,43.17,98.12
8487,99.02,104.79,31.02,29.33,30.49,30.58,33.01,30.66,32.12,31.93,32.51,32.12,67.88,35.74,33.31,31.93,40.27,44.42,38.14,38.83,39.98,38.69,43.17,98.12
8505,99.94,104.79,30.93,29.33,30.58,30.58,32.81,30.66,32.12,31.93,32.51,32.12,67.88,35.62,33.31,32.03,40.27,44.24,38.01,38.83,39.83,38.69,43.17,98.12
8526,99.94,104.79,31.02,29.33,30.58,30.58,32.81,30.66,32.12,31.93,32.51,32.12,67.46,35.62,33.31,31.93,40.12,44.42,38.01,38.83,39.83,38.69,43.17,98.12
8544,99.94,104.79,31.02,29.33,30.49,30.58,32.81,30.66,32.12,31.93,32.51,32.12,67.46,35.74,33.31,32.03,40.27,44.42,38.01,38.83,39.83,38.69,43.17,97.24
8565,99.94,103.78,30.93,29.33,30.49,30.58,32.81,30.66,32.12,31.93,32.51,32.12,67.88,35.62,33.31,31.93,40.12,44.42,38.14,38.83,39.83,38.69,43.17,96.37
8583,99.94,103.78,31.02,29.33,30.49,30.58,32.81,30.66,32.12,31.93,32.51,32.12,67.88,35.62,33.31,31.93,40.27,44.42,38.14,38.83,39.83,38.69,43.35,95.52
8604,99.94,104.79,30.93,29.33,30.49,30.58,32.81,30.66,32.12,31.93,32.51,32.12,67.46,35.62,33.31,31.93,40.27,44.42,38.01,38.83,39.83,38.69,43.17,95.52
8624,99.94,104.79,30.93,29.33,30.49,30.58,32.81,30.66,32.12,31.93,32.51,32.03,67.88,35.62,33.31,31.93,40.27,44.42,38.14,38.83,39.83,38.69,43.17,96.37
8642,99.94,104.79,31.02,29.33,30.58,30.58,32.81,30.66,32.12,31.93,32.51,32.12,67.88,35.62,33.31,31.93,40.27,44.42,38.14,38.83,39.83,38.55,43.35,96.37
8663,99.94,104.79,30.93,29.33,30.49,30.58,32.81,30.66,32.12,31.93,32.51,32.12,67.88,35.62,33.31,31.93,40.27,44.42,38.14,38.83,39.83,38.69,43.17,96.37
8681,99.94,104.79,30.93,29.33,30.58,30.58,32.81,30.66,32.12,31.93,32.51,32.12,67.88,35.62,33.31,32.03,40.27,44.42,38.14,38.83,39.83,38.69,43.35,96.37
8702,99.94,104.79,30.93,29.33,30.49,30.58,32.71,30.66,32.12,31.93,32.51,32.12,67.46,35.62,33.31,32.03,40.12,44.42,38.14,38.83,39.98,38.69,43.35,95.52
8720,99.02,104.79,30.93,29.33,30.49,30.58,32.81,30.66,32.12,31.93,32.51,32.12,67.46,35.62,33.31,31.93,40.27,44.42,38.14,38.83,39.98,38.69,43.35,95.52
8741,99.94,104.79,31.02,29.33,30.49,30.58,32.71,30.66,32.12,31.93,32.51,32.12,67.88,35.62,33.31,32.03,40.27,44.42,38.01,38.97,39.98,38.69,43.35,95.52
8759,99.94,104.79,31.02,29.33,30.49,30.49,32.71,30.66,32.12,31.93,32.51,32.12,67.88,35.62,33.31,31.93,40.27,44.42,38.01,38.83,39.83,38.69,43.17,96.37
8780,99.94,103.78,30.93,29.33,30.49,30.58,32.71,30.66,32.12,31.93,32.51,32.12,67.88,35.62,33.31,31.93,40.27,44.42,38.01,38.83,39.83,38.69,43.17,96.37
8800,99.94,104.79,30.93,29.33,30.49,30.58,32.71,30.66,32.12,31.93,32.51,32.12,81.77,35.74,33.31,31.93,40.27,44.42,38.14,38.83,39.83,38.69,43.17,96.37
8819,99.94,104.79,30.93,29.33,30.58,30.49,32.81,30.66,32.12,31.93,32.51,32.12,82.39,35.62,33.31,32.03,40.27,44.42,38.14,38.83,39.83,38.69,43.35,96.37
8839,99.94,104.79,31.02,29.33,30.49,30.49,32.71,30.66,32.12,31.93,32.51,32.12,81.15,35.62,33.31,32.03,40.27,44.42,38.14,38.83,39.83,38.69,43.17,96.37
8858,99.94,104.79,31.02,29.33,30.49,30.49,33.01,30.66,32.12,31.93,32.51,32.12,67.46,35.62,33.31,32.03,40.27,44.42,38.14,38.83,39.83,38.69,43.17,96.37
8878,99.94,104.79,31.02,29.33,30.49,30.49,32.71,30.66,31.93,31.93,32.51,32.12,67.46,35.5,33.31,32.03,40.12,44.42,38.14,38.83,39.83,38.69,43.35,96.37
8896,102.8,104.79,30.93,29.33,30.49,30.49,32.71,30.66,31.75,31.93,32.51,32.12,67.88,35.62,33.31,32.03,40.27,44.42,38.14,38.83,39.83,38.69,43.35,96.37
8917,98.12,104.79,31.02,29.33,30.49,30.49,32.81,30.66,31.65,31.93,32.51,32.12,67.46,35.5,33.31,32.03,40.27,44.42,38.01,38.83,39.83,38.69,43.35,96.37
8935,99.02,104.79,31.02,29.33,30.49,30.49,32.81,30.66,31.47,31.93,32.51,32.12,67.46,35.5,33.31,32.03,40.27,44.42,38.01,38.83,39.83,38.69,43.35,95.52
8956,99.02,104.79,31.02,29.33,30.49,30.49,32.81,30.66,31.38,31.93,32.51,32.12,67.46,35.5,33.31,32.03,40.27,44.24,38.14,38.83,39.83,38.69,43.52,95.52
8976,101.83,104.79,30.93,29.33,30.49,30.49,32.91,30.66,31.38,31.93,32.51,32.12,67.46,35.5,33.31,32.03,40.27,44.42,38.01,38.83,39.83,38.69,43.35,95.52
8995,101.83,104.79,31.02,29.33,30.49,30.49,32.91,30.66,31.47,31.93,32.51,32.12,67.46,35.5,33.31,32.03,40.27,44.42,38.14,38.83,39.83,38.69,43.52,96.37
9015,101.83,104.79,31.02,29.33,30.49,30.49,32.91,30.66,31.29,31.93,32.51,32.12,67.46,35.62,33.31,32.03,40.27,44.42,38.14,38.83,39.83,38.69,43.52,98.12
9034,100.87,105.82,31.02,29.33,30.58,30.49,32.71,30.66,32.12,31.93,32.51,32.12,67.46,35.5,33.21,32.03,40.12,44.42,38.14,38.97,39.83,38.69,43.52,98.12
9054,101.83,104.79,31.02,29.33,30.49,30.49,32.71,30.66,31.93,31.93,32.51,32.12,67.46,35.5,33.31,31.93,40.27,44.42,38.01,38.83,39.83,38.69,43.35,98.12
9073,100.87,104.79,31.02,29.33,30.49,30.49,32.71,30.66,31.65,31.93,32.51,32.12,67.46,35.5,33.31,31.93,40.27,44.42,38.14,38.97,39.83,38.69,43.35,98.12
9093,101.83,104.79,31.02,29.33,30.49,30.49,32.71,30.66,31.38,31.93,32.51,32.12,67.46,35.62,33.31,32.03,40.27,44.42,38.14,38.83,39.83,38.69,43.52,98.12
9111,100.87,104.79,31.02,29.33,30.49,30.49,32.81,30.66,31.38,31.93,32.51,32.12,67.46,35.5,33.31,31.93,40.27,44.42,38.14,38.97,39.83,38.69,43.52,98.12
9132,100.87,104.79,31.02,29.33,30.49,30.49,32.91,30.66,31.29,31.84,32.51,32.12,67.46,35.5,33.31,31.93,40.27,44.42,38.14,38.97,39.83,38.69,43.52,97.24
9152,99.02,104.79,31.02,29.33,30.49,30.49,32.81,30.66,31.29,31.93,32.51,32.12,67.46,35.5,33.31,32.03,40.27,44.42,38.14,38.83,39.83,38.69,43.52,97.24
9171,100.87,104.79,31.02,29.33,30.49,30.49,32.71,30.66,31.29,31.93,32.51,32.12,67.46,35.5,33.31,31.93,40.27,44.42,38.14,38.83,39.83,38.69,43.52,98.12
9191,102.8,104.79,31.02,29.33,30.49,30.49,32.71,30.66,31.29,31.93,32.51,32.12,76.55,35.5,33.31,31.93,40.27,44.42,38.14,38.97,39.83,38.69,43.52,98.12
9210,99.02,101.83,31.02,29.33,30.49,30.49,32.71,30.66,31.47,31.93,32.51,32.12,78.78,35.62,33.31,31.93,40.27,44.42,38.14,38.97,39.83,38.69,43.52,98.12
9230,99.02,104.79,31.11,29.33,30.49,30.49,32.71,30.66,31.29,31.93,32.51,32.12,79.95,35.62,33.31,32.03,40.27,44.42,38.01,38.97,39.83,38.83,43.52,98.12
9249,99.02,103.78,31.02,29.33,30.49,30.49,32.61,30.66,32.12,31.93,32.51,32.12,81.77,35.5,33.31,31.93,40.27,44.42,38.14,38.97,39.83,38.69,43.52,98.12
9269,99.02,104.79,31.02,29.33,30.58,30.49,32.71,30.66,32.12,31.93,32.51,32.12,82.39,35.62,33.31,31.93,40.12,44.42,38.14,38.83,39.83,38.69,43.52,98.12
9288,99.02,104.79,31.02,29.33,30.49,30.49,32.71,30.66,32.12,31.93,32.51,32.12,82.39,35.5,33.31,31.93,40.27,44.42,38.14,38.97,39.83,38.69,43.52,98.12
9308,98.12,104.79,31.02,29.33,30.49,30.49,32.71,30.66,31.38,31.93,32.51,32.12,82.39,35.5,33.31,31.93,40.27,44.42,38.14,38.83,39.83,38.69,43.52,98.12
9329,99.02,104.79,31.02,29.33,30.49,30.49,32.71,30.75,31.38,31.93,32.51,32.12,81.77,35.5,33.31,31.93,40.27,44.42,38.14,38.83,39.83,38.69,43.35,99.02
9347,99.02,104.79,31.02,29.33,30.49,30.49,32.71,30.66,31.38,31.93,32.51,32.12,82.39,35.5,33.31,31.93,40.27,44.42,38.14,38.83,39.83,38.69,43.35,98.12
9367,99.02,104.79,31.47,29.33,30.49,30.49,32.71,30.75,31.38,31.93,32.51,32.12,81.77,35.5,33.31,31.93,40.27,44.42,38.14,38.97,39.83,38.69,43.52,98.12
9386,99.02,104.79,31.29,29.33,30.49,30.49,32.71,30.66,31.29,31.93,32.51,32.12,82.39,35.5,33.31,32.03,40.27,44.6,38.01,38.83,39.83,38.69,43.17,98.12
9406,99.02,104.79,31.38,29.33,30.58,30.49,32.71,30.66,31.02,31.93,32.51,32.12,82.39,35.5,33.31,31.93,40.12,44.42,38.14,38.83,39.83,38.69,43.35,98.12
9425,99.02,104.79,31.38,29.33,30.49,30.49,32.71,30.75,31.29,31.93,32.51,32.12,82.39,35.5,33.31,31.93,40.27,44.6,38.01,38.83,39.83,38.69,43.52,99.02
9445,99.02,104.79,31.02,29.33,30.49,30.49,32.71,30.66,31.29,31.93,32.51,32.12,82.39,35.5,33.31,31.93,40.12,44.6,38.01,38.83,39.83,38.69,43.35,98.12
9464,99.94,103.78,31.02,29.33,30.49,30.49,32.61,30.75,31.29,31.93,32.51,32.12,82.39,35.5,33.31,31.93,40.27,44.6,38.14,38.83,39.83,38.69,43.35,99.02
9484,100.87,104.79,31.02,29.33,30.49,30.49,32.61,30.66,31.93,31.93,32.51,32.12,82.39,35.62,33.31,31.93,40.27,44.6,38.14,38.83,39.83,38.83,43.35,99.02
9505,103.78,103.78,31.02,29.33,30.49,30.49,32.61,30.66,32.12,31.93,32.51,32.12,82.39,35.5,33.31,31.93,40.27,44.6,38.14,38.83,39.83,38.83,43.17,99.02
9523,103.78,103.78,31.02,29.33,30.58,30.49,32.61,30.66,32.12,31.93,32.51,32.12,82.39,35.62,33.31,31.93,40.27,44.6,38.14,38.83,39.83,38.83,43.35,99.02
9544,103.78,103.78,31.02,29.33,30.49,30.58,32.61,30.75,32.03,31.93,32.51,32.12,82.39,35.5,33.31,31.93,40.27,44.6,38.14,38.97,39.83,38.69,43.35,99.02
9562,103.78,104.79,31.02,29.33,30.49,30.49,32.61,30.75,31.93,31.93,32.51,32.12,83.03,35.62,33.31,31.84,40.27,44.6,38.14,38.83,39.83,38.83,43.35,99.02
9583,102.8,104.79,31.02,29.33,30.49,30.49,32.71,30.66,31.29,31.93,32.51,32.12,82.39,35.62,33.31,31.93,40.27,44.79,38.14,38.83,39.83,38.69,43.17,99.02
9601,103.78,104.79,31.02,29.33,30.58,30.49,32.61,30.66,31.29,31.93,32.51,32.12,82.39,35.5,33.31,31.93,40.27,44.79,38.14,38.97,39.83,38.83,43.17,99.02
9621,103.78,105.82,31.02,29.33,30.49,30.49,32.61,30.75,31.29,31.93,32.51,32.12,82.39,35.5,33.31,31.93,40.27,44.79,38.14,38.97,39.83,38.83,43.17,98.12
9640,98.12,104.79,31.02,29.33,30.49,30.49,32.61,30.75,31.29,31.93,32.51,32.12,67.46,35.5,33.31,31.93,40.27,44.79,38.14,38.83,39.83,38.83,43.17,98.12
9660,98.12,105.82,31.02,29.33,30.49,30.49,31.93,30.75,31.29,31.93,32.51,32.12,67.46,35.5,33.31,31.93,40.27,44.97,38.01,38.97,39.83,38.69,43.17,98.12
9681,98.12,105.82,31.02,29.33,30.49,30.49,31.93,30.66,31.29,31.93,32.51,32.12,67.46,35.62,33.31,31.93,40.27,44.79,38.14,38.83,39.83,38.83,43.17,98.12
9699,98.12,104.79,31.02,29.33,30.49,30.49,32.51,30.75,31.29,31.93,32.51,32.12,67.46,35.5,33.31,31.93,40.27,44.79,38.14,38.83,39.83,38.83,43.17,99.02
9720,98.12,104.79,31.02,29.33,30.49,30.49,32.51,30.75,31.29,31.93,32.51,32.12,67.46,35.5,33.31,31.93,40.12,44.97,38.01,38.97,39.83,38.83,43.17,98.12
9738,99.02,104.79,30.93,29.33,30.49,30.49,32.51,30.75,31.29,31.93,32.51,32.12,67.46,35.5,33.31,31.93,40.12,44.97,38.01,38.83,39.83,38.69,43,98.12
9759,99.02,104.79,30.93,29.33,30.49,30.49,32.51,30.66,31.29,31.93,32.51,32.12,67.46,35.62,33.31,31.93,40.12,44.97,38.14,38.83,39.83,38.83,43.52,98.12
9777,100.87,104.79,31.02,29.33,30.49,30.49,32.51,30.75,31.29,31.93,32.51,32.12,67.46,35.5,33.31,31.93,40.12,44.97,38.14,38.83,39.83,38.69,43.17,98.12
9798,98.12,104.79,31.02,29.33,30.49,30.49,32.12,30.66,31.29,31.93,32.51,32.12,67.46,35.5,33.31,31.93,40.27,44.97,38.14,38.83,39.83,38.69,43.17,98.12
9816,98.12,103.78,31.02,29.33,30.49,30.49,32.61,30.66,31.29,31.93,32.51,32.12,67.46,35.5,33.31,31.93,40.27,44.97,38.01,38.97,39.83,38.69,43.35,98.12
9836,98.12,104.79,30.93,29.25,30.49,30.49,32.51,30.66,31.29,31.93,32.51,32.12,67.46,35.5,33.31,31.93,40.27,45.16,38.14,38.97,39.83,38.83,43.52,98.12
9855,98.12,104.79,31.02,29.33,30.49,30.49,32.61,30.75,31.29,31.93,32.51,32.12,67.46,35.5,33.31,31.93,40.12,45.16,38.01,38.83,39.83,38.83,43.7,98.12
9875,98.12,103.78,31.02,29.25,30.49,30.49,32.61,30.66,31.29,31.93,32.51,32.12,67.46,35.5,33.31,31.93,40.27,45.16,38.14,38.83,39.83,38.83,43.7,98.12
9896,98.12,103.78,31.02,29.33,30.49,30.49,32.61,30.66,31.29,31.93,32.51,32.12,67.46,35.5,33.31,31.93,40.27,45.16,38.14,38.83,39.83,38.69,43.88,98.12
9914,98.12,104.79,31.02,29.33,30.49,30.49,32.61,30.66,31.29,31.93,32.51,32.12,67.46,35.62,33.31,31.93,40.12,45.16,38.14,38.83,39.83,38.83,43.7,98.12
9935,98.12,104.79,31.02,29.33,30.49,30.49,32.61,30.66,31.29,31.93,32.51,32.12,67.46,35.5,33.31,31.93,40.27,45.16,38.14,38.83,39.83,38.69,43.52,99.02
9953,103.78,104.79,31.02,29.25,30.49,30.49,32.61,30.66,31.29,31.93,32.51,32.12,67.46,35.62,33.31,31.93,40.27,45.16,38.14,38.97,39.83,38.83,43.35,99.02
9974,103.78,104.79,31.02,29.33,30.49,30.49,32.61,30.75,31.29,31.93,32.51,32.12,67.46,35.5,33.31,31.93,40.12,45.16,38.14,38.97,39.83,38.69,43.52,98.12
9992,98.12,104.79,31.02,29.33,30.49,30.49,32.61,30.75,31.29,31.93,32.51,32.12,67.04,35.5,33.31,31.93,40.27,45.16,38.01,38.97,39.83,38.69,43.35,98.12
10013,98.12,104.79,31.02,29.33,30.49,30.49,32.61,30.66,31.29,31.93,32.51,32.12,67.46,35.5,33.31,31.93,40.27,45.16,38.14,38.97,39.83,38.69,43.7,98.12
10033,90.7,104.79,31.02,29.33,30.49,30.49,32.61,30.66,31.29,31.93,32.51,32.03,67.46,35.5,33.31,31.93,40.27,45.16,38.14,38.83,39.83,38.83,43.52,99.02
10051,98.12,103.78,31.02,29.33,30.49,30.49,32.61,30.75,31.29,31.93,32.51,32.12,67.46,35.62,33.31,31.93,40.27,45.16,38.14,38.83,39.83,38.83,43.35,97.24
10072,90.7,103.78,31.02,29.33,30.58,30.49,32.61,30.66,31.29,31.93,32.51,32.12,67.46,35.5,33.31,31.93,40.27,45.16,38.14,38.83,39.68,38.69,43.52,98.12
10090,95.52,104.79,31.02,29.25,30.49,30.49,32.61,30.66,31.29,31.93,32.51,32.12,67.46,35.5,33.31,31.93,40.27,45.16,38.14,38.97,39.83,38.69,43.52,98.12
10111,95.52,104.79,31.02,29.33,30.49,30.49,32.71,30.75,31.29,31.93,32.51,32.12,67.46,35.5,33.31,31.93,40.27,45.16,38.01,38.83,39.83,38.83,43.52,98.12
10129,95.52,103.78,31.02,29.33,30.49,30.49,32.61,30.66,31.29,31.93,32.51,32.12,67.46,35.5,33.31,31.93,40.12,45.16,38.01,38.83,39.83,38.69,43.52,98.12
10150,95.52,104.79,31.02,29.33,30.49,30.49,32.61,30.66,31.29,31.93,32.51,32.12,67.04,35.5,33.31,31.93,40.27,45.16,38.14,38.83,39.83,38.83,43.7,98.12
10170,93.86,104.79,31.02,29.33,30.49,30.49,32.71,30.66,31.29,31.93,32.51,32.12,67.46,35.5,33.31,31.93,40.27,45.16,38.01,38.83,39.83,38.83,43.7,98.12
10189,90.7,103.78,31.02,29.33,30.49,30.49,32.61,30.66,31.29,31.93,32.51,32.12,67.46,35.5,33.31,31.84,40.27,44.97,38.14,38.83,39.83,38.69,43.7,98.12
10209,92.25,104.79,31.02,29.33,30.49,30.49,32.03,30.66,31.29,31.93,32.51,32.12,67.46,35.5,33.31,31.93,40.12,45.16,38.01,38.83,39.83,38.83,43.35,98.12
10228,94.68,103.78,31.02,29.25,30.49,30.49,32.03,30.66,31.29,31.93,32.51,32.12,67.46,35.5,33.31,31.93,40.27,44.97,38.14,38.83,39.83,38.83,43,98.12
10248,95.52,103.78,31.02,29.33,30.49,30.49,32.03,30.66,31.29,31.93,32.51,32.12,67.46,35.5,33.31,31.93,40.27,45.16,38.14,38.83,39.83,38.69,43,98.12
10267,91.47,103.78,31.02,29.25,30.49,30.49,32.41,30.66,31.29,31.93,32.51,32.12,67.46,35.5,33.31,31.93,40.12,45.16,38.14,38.97,39.98,38.69,43,98.12
10287,102.8,103.78,31.38,29.33,30.49,30.49,32.61,30.66,31.29,31.93,32.51,32.12,67.46,35.5,33.31,31.93,40.27,44.97,38.14,38.83,39.83,38.69,43,98.12
10307,102.8,104.79,31.38,29.33,30.49,30.49,32.71,30.66,31.29,31.93,32.51,32.12,67.46,35.5,33.31,31.93,40.27,44.97,38.14,38.83,39.83,38.69,43,98.12
10326,97.24,102.8,31.38,29.33,30.49,30.49,32.71,30.66,31.29,31.93,32.51,32.12,67.46,35.5,33.31,31.93,40.27,45.16,38.14,38.83,39.83,38.83,43,96.37
10346,98.12,102.8,31.38,29.33,30.58,30.49,32.71,30.66,31.29,31.93,32.51,32.12,67.46,35.5,33.31,31.93,40.27,45.16,38.14,38.97,39.83,38.83,43,96.37
10365,99.94,102.8,31.38,29.33,30.49,30.49,32.71,30.66,31.29,31.93,32.51,32.12,67.46,35.5,33.31,31.93,40.12,45.16,38.01,38.83,39.98,38.69,43.17,95.52
10385,100.87,103.78,31.38,29.25,30.49,30.49,32.81,30.66,31.29,31.93,32.51,32.12,67.46,35.62,33.31,31.93,40.27,45.16,38.01,38.83,39.83,38.83,43,95.52
10404,98.12,103.78,31.38,29.33,30.49,30.49,32.71,30.66,31.29,31.93,32.51,32.12,67.46,35.5,33.31,31.93,39.98,45.16,38.14,38.83,39.83,38.69,43,95.52
10424,98.12,103.78,31.38,29.33,30.49,30.49,32.81,30.66,31.29,31.93,32.51,32.12,67.46,35.5,33.31,31.93,40.27,45.16,38.01,38.97,39.83,38.69,43,95.52
10445,98.12,103.78,31.38,29.33,30.49,30.49,32.71,30.75,31.29,31.93,32.51,32.12,67.46,35.5,33.31,31.93,40.12,44.97,38.14,38.83,39.83,38.69,43,95.52
10463,90.7,102.8,31.38,29.33,30.58,30.49,32.71,30.66,31.29,31.93,32.51,32.12,67.04,35.5,33.31,31.93,40.27,45.16,38.01,38.97,39.83,38.69,43,95.52
10484,90.7,103.78,31.38,29.33,30.49,30.49,32.81,30.66,31.29,31.93,32.51,32.12,67.46,35.5,33.31,31.93,40.27,45.16,38.14,38.83,39.83,38.69,43,95.52
10502,90.7,103.78,31.47,29.33,30.49,30.49,32.71,30.66,31.29,31.93,32.51,32.12,67.46,35.5,33.31,31.93,40.27,45.16,38.01,38.83,39.83,38.69,43,95.52
10523,90.7,103.78,31.38,29.33,30.58,30.58,32.71,30.66,31.29,31.93,32.51,32.12,67.46,35.5,33.31,31.93,40.12,45.16,38.01,38.83,39.83,38.69,43,95.52
10543,91.47,103.78,31.38,29.33,30.49,30.58,32.71,30.66,31.29,31.93,32.51,32.12,67.46,35.5,33.31,31.93,40.27,45.16,38.14,38.83,39.83,38.69,43,96.37
10561,90.7,103.78,31.38,29.25,30.49,30.58,32.71,30.75,31.29,31.93,32.51,32.12,67.46,35.5,33.21,31.93,40.27,45.16,38.14,38.83,39.83,38.69,43,95.52
10582,90.7,102.8,31.47,29.25,30.58,30.49,32.71,30.66,31.29,31.93,32.51,32.12,69.19,35.5,33.31,31.93,40.27,45.16,38.01,38.97,39.83,38.69,43,95.52
10600,90.7,103.78,31.38,29.33,30.49,30.58,32.71,30.66,31.29,31.93,32.51,32.12,70.09,35.62,33.31,31.93,40.27,45.16,38.01,38.83,39.83,38.55,43,95.52
10621,90.7,102.8,31.47,29.33,30.49,30.58,32.71,30.66,31.29,31.93,32.51,32.12,67.88,35.62,33.31,31.93,40.12,45.16,38.14,38.83,39.83,38.69,43.17,95.52
10639,90.7,103.78,31.47,29.33,30.49,30.58,32.71,30.66,31.29,31.93,32.51,32.12,67.46,35.62,33.31,31.93,40.27,45.16,38.14,38.83,39.83,38.69,43,95.52
10660,90.7,103.78,31.47,29.33,30.58,30.58,32.71,30.66,31.29,31.93,32.51,32.12,67.46,35.62,33.31,31.93,40.27,45.16,38.01,38.97,39.83,38.69,43,95.52
10680,90.7,103.78,31.47,29.33,30.49,30.58,32.71,30.66,31.29,31.93,32.51,32.12,67.46,35.62,33.31,31.93,40.27,45.16,38.14,38.83,39.83,38.69,43,95.52
10699,91.47,103.78,31.47,29.33,30.49,30.58,32.71,30.66,31.29,31.93,32.51,32.12,67.46,35.62,33.31,31.93,40.12,45.16,38.14,38.83,39.83,38.69,43,95.52
10719,91.47,103.78,31.38,29.33,30.49,30.58,32.71,30.66,31.29,31.93,32.51,32.12,67.46,35.62,33.31,31.93,40.12,45.16,38.14,38.83,39.83,38.69,43,95.52
10738,91.47,102.8,31.47,29.33,30.49,30.58,32.71,30.66,31.29,31.93,32.51,32.12,67.46,35.62,33.31,31.84,40.27,45.16,38.01,38.97,39.83,38.69,43.17,96.37
10758,91.47,103.78,31.47,29.33,30.49,30.58,32.71,30.66,31.29,31.93,32.51,32.12,67.46,35.62,33.31,31.93,40.27,45.16,38.14,38.97,39.83,38.69,43,95.52
10776,91.47,103.78,31.38,29.33,30.58,30.58,32.71,30.66,31.29,31.93,32.51,32.12,75.48,35.62,33.21,31.93,40.27,45.16,38.01,38.83,39.83,38.83,43,95.52
10797,92.25,102.8,31.47,29.33,30.49,30.58,32.71,30.66,31.29,31.93,32.51,32.12,82.39,35.74,33.31,31.93,40.27,45.16,38.01,38.97,39.83,38.69,43,96.37
10817,92.25,103.78,31.47,29.33,30.49,30.58,32.71,30.66,31.29,31.93,32.51,32.12,82.39,35.62,33.31,31.93,40.27,45.16,38.01,38.83,39.83,38.69,43,96.37
10836,94.68,103.78,31.47,29.33,30.49,30.58,32.71,30.66,31.29,31.93,32.51,32.12,83.03,35.62,33.31,31.93,40.12,44.97,38.14,38.83,39.83,38.69,43,96.37
10856,95.52,103.78,31.38,29.33,30.58,30.58,32.71,30.66,31.29,31.93,32.51,32.12,83.03,35.74,33.31,31.93,40.12,44.97,38.01,38.83,39.83,38.69,43,96.37
10875,96.37,103.78,31.38,29.33,30.49,30.58,32.71,30.66,31.29,31.93,32.51,32.12,82.39,35.74,33.31,31.93,40.27,44.97,38.14,38.83,39.83,38.69,43,95.52
10895,98.12,104.79,31.47,29.33,30.58,30.58,32.71,30.66,31.29,31.84,32.51,32.12,83.03,35.62,33.31,31.93,40.12,44.97,38.14,38.83,39.83,38.69,43,95.52
10916,98.12,104.79,31.47,29.33,30.58,30.58,32.71,30.66,31.29,31.84,32.51,32.12,83.03,35.62,33.31,32.03,40.27,45.16,38.14,38.97,39.83,38.69,43.17,95.52
10934,98.12,104.79,31.38,29.33,30.49,30.58,32.71,30.66,31.29,31.93,32.51,32.12,82.39,35.62,33.31,31.93,40.27,45.16,38.14,38.83,39.83,38.55,43,96.37
10955,98.12,104.79,31.38,29.33,30.49,30.58,32.71,30.66,31.29,31.93,32.51,32.12,83.03,35.74,33.21,31.93,40.12,45.16,38.14,38.97,39.83,38.69,43,95.52
10973,99.02,103.78,31.47,29.33,30.58,30.58,32.71,30.66,31.29,31.93,32.51,32.12,82.39,35.62,33.31,31.93,40.27,44.97,38.01,38.83,39.83,38.69,43,95.52
10994,98.12,103.78,31.47,29.33,30.49,30.58,32.71,30.66,31.29,31.84,32.51,32.12,82.39,35.62,33.31,31.93,40.27,45.16,38.01,38.83,39.83,38.69,43,95.52
11012,98.12,103.78,31.38,29.33,30.58,30.58,32.71,30.66,31.29,31.93,32.51,32.12,83.03,35.74,33.31,31.93,40.12,45.16,38.01,38.97,39.83,38.69,43,95.52
11032,98.12,104.79,31.38,29.33,30.58,30.58,32.71,30.66,31.29,31.93,32.51,32.12,83.03,35.62,33.31,31.93,40.27,45.16,38.14,38.83,39.83,38.69,43.17,95.52
11053,98.12,104.79,31.38,29.33,30.58,30.58,32.71,30.66,31.29,31.93,32.51,32.12,82.39,35.62,33.31,31.93,40.27,45.16,38.01,38.97,39.83,38.69,43,96.37
11071,98.12,104.79,31.38,29.33,30.49,30.58,32.71,30.66,31.29,31.93,32.51,32.12,83.03,35.62,33.31,31.93,40.27,45.16,38.14,38.83,39.83,38.69,43,96.37
11092,98.12,103.78,31.38,29.33,30.58,30.58,32.71,30.66,31.29,31.84,32.51,32.12,82.39,35.74,33.31,31.93,40.27,45.16,38.01,38.83,39.83,38.69,43,95.52
11110,98.12,104.79,31.47,29.33,30.58,30.58,32.71,30.66,31.29,31.93,32.51,32.12,82.39,35.62,33.31,31.93,40.27,45.16,38.01,38.83,39.83,38.69,43.17,96.37
11131,98.12,103.78,31.38,29.33,30.58,30.58,32.71,30.66,31.29,31.93,32.51,32.12,82.39,35.74,33.31,32.03,40.27,45.16,38.14,38.83,39.83,38.69,43,95.52
11149,98.12,103.78,31.02,29.33,30.49,30.58,32.71,30.66,31.29,31.84,32.51,32.12,82.39,35.74,33.31,31.93,40.12,45.16,38.14,38.83,39.83,38.69,43,96.37
11170,98.12,104.79,31.02,29.33,30.58,30.58,32.71,30.66,31.29,31.93,32.51,32.12,82.39,35.74,33.31,31.93,40.27,45.16,38.14,38.83,39.83,38.69,43,96.37
11190,98.12,103.78,31.02,29.33,30.58,30.58,32.71,30.66,31.29,31.93,32.51,32.12,81.77,35.62,33.31,31.93,40.27,45.16,38.14,38.83,39.83,38.55,43,96.37
11209,98.12,100.87,30.93,29.33,30.58,30.58,32.71,30.66,31.29,31.93,32.51,32.12,82.39,35.62,33.31,31.93,40.12,45.16,38.14,38.83,39.83,38.69,43,96.37
11229,98.12,104.79,31.02,29.33,30.49,30.58,32.71,30.66,31.29,31.84,32.51,32.12,83.03,35.62,33.31,31.93,40.27,45.16,38.14,38.83,39.83,38.69,43,95.52
11248,98.12,103.78,30.93,29.33,30.58,30.58,32.71,30.66,31.29,31.93,32.51,32.12,82.39,35.74,33.31,31.93,40.27,45.16,38.14,38.83,39.83,38.69,43,95.52
11268,98.12,103.78,31.02,29.33,30.49,30.58,32.71,30.66,31.29,31.93,32.51,32.12,82.39,35.74,33.31,31.93,40.27,45.16,38.14,38.83,39.83,38.69,43,96.37
11288,98.12,103.78,31.02,29.33,30.58,30.58,32.71,30.66,31.29,31.93,32.51,32.12,82.39,35.74,33.31,31.93,40.27,45.16,38.01,38.83,39.83,38.69,43,95.52
11307,98.12,96.37,31.02,29.33,30.58,30.58,32.71,30.66,31.29,31.93,32.51,32.12,82.39,35.62,33.31,32.03,40.27,45.16,38.14,38.83,39.83,38.69,43,95.52
11327,97.24,78.78,30.93,29.25,30.49,30.58,32.71,30.66,31.29,31.93,32.51,32.12,82.39,35.62,33.31,31.93,40.12,45.16,38.01,38.83,39.83,38.69,43,95.52
11346,98.12,99.94,31.02,29.33,30.49,30.58,32.81,30.66,31.29,31.93,32.51,32.12,82.39,35.74,33.31,31.93,40.12,45.16,38.01,38.83,39.83,38.69,43,95.52
11366,98.12,100.87,30.93,29.33,30.49,30.58,32.71,30.66,31.38,31.84,32.51,32.12,82.39,35.74,33.31,31.93,40.27,45.16,38.14,38.83,39.83,38.69,43,95.52
11385,98.12,99.94,30.93,29.33,30.49,30.58,32.71,30.66,31.38,31.93,32.51,32.12,82.39,35.74,33.31,31.93,40.27,44.97,38.01,38.83,39.83,38.69,43,95.52
11405,98.12,103.78,31.02,29.33,30.49,30.58,32.71,30.66,31.38,31.93,32.51,32.12,83.03,35.74,33.31,31.93,40.12,45.16,38.14,38.83,39.83,38.69,43,96.37
11426,98.12,103.78,31.02,29.33,30.49,30.58,32.71,30.66,31.38,31.93,32.51,32.12,82.39,35.62,33.31,31.93,40.12,45.16,38.14,38.83,39.98,38.69,43,96.37
11444,98.12,103.78,31.02,29.33,30.58,30.58,32.71,30.66,31.47,31.93,32.51,32.12,82.39,35.62,33.31,31.93,40.12,45.16,38.01,38.83,39.83,38.69,43,96.37
11465,98.12,103.78,30.93,29.33,30.49,30.58,32.71,30.66,31.56,31.93,32.51,32.12,83.03,35.74,33.31,31.93,40.27,45.16,38.14,38.83,39.83,38.69,42.83,96.37
11483,97.24,104.79,31.02,29.33,30.49,30.58,32.71,30.66,31.56,31.93,32.51,32.12,82.39,35.62,33.31,32.03,40.27,45.16,38.14,38.83,39.83,38.69,43,95.52
11504,98.12,103.78,31.02,29.25,30.49,30.58,32.71,30.66,31.56,31.93,32.51,32.12,82.39,35.62,33.31,31.93,40.27,45.16,38.14,38.83,39.98,38.69,43,95.52
11522,97.24,103.78,31.02,29.33,30.49,30.58,32.71,30.66,31.65,31.93,32.51,32.12,82.39,35.62,33.31,31.93,40.27,45.16,38.01,38.97,39.83,38.69,43,96.37
11542,97.24,104.79,31.02,29.33,30.58,30.58,32.71,30.66,31.65,31.93,32.51,32.12,83.03,35.74,33.31,31.93,40.27,45.16,38.14,38.97,39.83,38.69,43,96.37
11563,98.12,104.79,31.02,29.33,30.49,30.58,32.71,30.66,31.65,31.93,32.51,32.12,83.03,35.62,33.31,31.93,40.27,45.16,38.01,38.83,39.83,38.69,43,95.52
11581,98.12,103.78,31.02,29.33,30.49,30.58,32.71,30.66,31.65,31.93,32.51,32.12,83.03,35.74,33.31,32.03,40.27,45.16,38.14,38.83,39.98,38.55,43,95.52
11602,98.12,104.79,31.02,29.33,30.49,30.58,32.71,30.66,31.65,31.93,32.51,32.12,83.03,35.74,33.31,31.93,40.27,45.16,38.01,38.83,39.83,38.69,43,96.37
11620,97.24,103.78,31.02,29.33,30.58,30.58,32.71,30.66,31.56,31.93,32.51,32.12,82.39,35.62,33.31,31.93,40.12,45.16,38.14,38.97,39.83,38.69,43,96.37
11641,97.24,104.79,31.02,29.33,30.58,30.58,32.71,30.66,31.65,31.93,32.51,32.12,83.03,35.62,33.21,31.93,40.27,45.16,38.14,38.83,39.83,38.69,43,95.52
11661,98.12,103.78,31.02,29.33,30.49,30.58,32.71,30.66,31.47,31.93,32.51,32.03,82.39,35.62,33.31,31.93,40.27,45.16,38.01,38.97,39.83,38.69,43,96.37
11680,93.86,103.78,31.02,29.33,30.58,30.58,32.71,30.75,31.38,31.93,32.51,32.12,82.39,35.62,33.31,31.93,40.27,44.97,38.14,38.97,39.83,38.69,43,96.37
11700,98.12,103.78,31.02,29.33,30.49,30.58,32.71,30.66,31.29,31.93,32.51,32.12,83.03,35.62,33.31,31.93,40.12,45.16,38.14,38.97,39.83,38.69,43,96.37
11719,96.37,103.78,31.02,29.33,30.49,30.58,32.71,30.66,31.29,31.93,32.51,32.12,83.03,35.62,33.21,31.93,40.27,45.16,38.14,38.97,39.83,38.69,43,95.52
11739,98.12,104.79,31.02,29.33,30.49,30.58,32.71,30.66,31.29,31.93,32.51,32.12,67.46,35.62,33.31,31.93,40.27,45.16,38.01,38.83,39.83,38.69,43,95.52
11757,93.05,103.78,31.02,29.33,30.58,30.58,32.71,30.66,31.29,31.93,32.51,32.12,67.46,35.62,33.31,31.93,40.27,45.16,38.01,38.97,39.83,38.69,43,95.52
11778,93.86,102.8,31.02,29.33,30.49,30.58,32.71,30.66,31.29,31.93,32.51,32.12,67.46,35.62,33.31,31.93,40.27,45.16,38.14,38.97,39.83,38.69,43,95.52
11798,93.05,103.78,31.02,29.33,30.49,30.58,32.71,30.66,31.29,31.93,32.51,32.12,67.46,35.62,33.31,31.93,40.27,45.16,38.14,38.97,39.83,38.69,43,95.52
11817,93.05,103.78,31.02,29.25,30.49,30.58,32.81,30.75,31.29,31.93,32.51,32.12,67.46,35.62,33.31,31.93,40.27,45.16,38.01,38.83,39.83,38.69,43,95.52
11837,95.52,103.78,31.02,29.33,30.49,30.58,32.71,30.66,31.29,31.93,32.51,32.03,67.46,35.62,33.21,31.93,40.27,45.16,38.01,38.83,39.83,38.69,43,96.37
11856,99.02,103.78,31.02,29.25,30.49,30.58,32.71,30.66,31.29,31.93,32.51,32.12,67.88,35.74,33.31,31.93,40.27,44.97,38.14,38.97,39.83,38.69,43,99.02
11876,99.02,103.78,31.02,29.33,30.49,30.58,32.71,30.66,31.38,31.93,32.51,32.12,67.46,35.62,33.31,31.93,40.27,45.16,38.01,38.97,39.83,38.83,43,98.12
11895,99.02,103.78,31.02,29.33,30.49,30.58,32.71,30.75,31.29,31.93,32.51,32.12,67.46,35.62,33.31,31.93,40.27,45.16,38.14,38.97,39.83,38.69,43,98.12
11915,98.12,103.78,31.02,29.33,30.49,30.58,32.71,30.75,31.29,31.93,32.51,32.12,67.46,35.62,33.31,31.93,40.27,44.97,38.01,38.83,39.98,38.69,43,98.12
11936,97.24,103.78,31.02,29.33,30.49,30.58,32.71,30.66,31.29,31.93,32.51,32.12,67.88,35.74,33.31,31.93,40.27,45.16,38.14,38.97,39.83,38.69,43,97.24
11954,97.24,103.78,31.02,29.33,30.49,30.58,32.03,30.75,31.29,31.93,32.51,32.12,67.46,35.62,33.31,31.93,40.27,45.16,38.14,38.97,39.83,38.69,43,99.02
11975,97.24,103.78,30.93,29.33,30.49,30.58,32.51,30.75,31.29,31.93,32.51,32.12,67.46,35.62,33.31,31.93,40.27,45.16,38.14,38.83,39.83,38.69,43,98.12
11993,97.24,103.78,30.93,29.33,30.49,30.58,32.71,30.66,31.29,31.93,32.51,32.12,67.46,35.62,33.31,31.93,40.27,45.16,38.14,38.97,39.83,38.69,43,98.12
12013,98.12,104.79,30.93,29.33,30.58,30.58,32.71,30.66,31.29,31.93,32.51,32.12,72.93,35.62,33.31,31.93,40.27,45.16,38.14,38.97,39.83,38.69,43,99.02
12034,98.12,104.79,30.93,29.33,30.58,30.58,32.61,30.75,31.29,31.93,32.51,32.12,67.46,35.74,33.31,31.93,40.27,45.16,38.14,38.97,39.83,38.69,43,98.12
12052,97.24,104.79,30.93,29.33,30.49,30.58,32.71,30.66,31.29,31.93,32.51,32.12,70.09,35.62,33.31,31.93,40.27,45.16,38.01,38.97,39.98,38.83,43,99.02
12073,99.02,104.79,30.93,29.33,30.49,30.58,32.61,30.75,31.29,31.93,32.51,32.12,68.31,35.62,33.31,31.93,40.27,45.16,38.14,38.83,39.83,38.69,43,98.12
12091,97.24,104.79,30.93,29.33,30.49,30.58,32.03,30.66,31.29,31.93,32.51,32.12,67.46,35.62,33.21,31.93,40.27,45.16,38.14,38.97,39.83,38.69,43.17,99.02
12112,98.12,104.79,31.02,29.33,30.49,30.49,32.03,30.75,31.29,31.93,32.51,32.12,68.75,35.62,33.31,31.93,40.12,45.16,38.14,38.97,39.83,38.83,43,98.12
12130,98.12,104.79,31.02,29.33,30.49,30.58,32.03,30.66,31.29,31.93,32.51,32.03,67.88,35.62,33.31,31.93,40.27,45.16,38.14,38.97,39.83,38.83,43,99.02
12151,98.12,104.79,30.93,29.33,30.49,30.58,32.03,30.66,31.29,31.93,32.51,32.12,67.88,35.62,33.31,31.93,40.27,44.97,38.14,38.83,39.83,38.83,43,98.12
12171,98.12,104.79,30.93,29.33,30.49,30.58,32.12,30.75,31.29,31.93,32.51,32.12,67.88,35.74,33.31,31.93,40.27,45.16,38.14,38.97,39.83,38.69,43,99.02
12190,98.12,104.79,30.93,29.33,30.49,30.58,32.03,30.75,31.29,31.93,32.51,32.12,68.75,35.62,33.31,31.93,40.27,45.16,38.14,38.97,39.83,38.83,43,99.02
12210,99.02,104.79,30.93,29.33,30.49,30.58,32.03,30.66,31.29,31.93,32.51,32.12,73.93,35.62,33.31,31.93,40.27,45.16,38.14,38.97,39.83,38.69,43,99.02
12229,98.12,104.79,31.02,29.33,30.49,30.58,32.03,30.66,31.29,31.93,32.51,32.12,72.44,35.62,33.31,31.93,40.27,45.16,38.14,38.97,39.83,38.69,43,99.02
12249,99.02,104.79,31.02,29.33,30.49,30.58,32.03,30.75,31.29,31.93,32.51,32.12,72.44,35.74,33.31,31.93,40.27,45.16,38.14,38.97,39.98,38.69,43,98.12
12267,98.12,104.79,31.02,29.33,30.49,30.58,32.03,30.75,31.29,31.93,32.51,32.12,71.48,35.62,33.31,31.93,40.27,45.16,38.14,38.97,39.83,38.83,43,98.12
12288,98.12,104.79,30.93,29.33,30.49,30.58,32.61,30.75,31.29,31.93,32.51,32.12,71.01,35.62,33.31,31.93,40.27,45.16,38.14,38.97,39.83,38.83,43,99.02
12308,98.12,104.79,30.93,29.33,30.49,30.58,32.61,30.66,31.29,31.93,32.51,32.03,71.48,35.74,33.31,31.84,40.12,44.97,38.01,38.97,39.83,38.69,43,99.02
12327,98.12,104.79,30.93,29.33,30.49,30.58,32.61,30.75,31.29,31.93,32.51,32.12,72.93,35.62,33.31,31.93,40.27,45.16,38.14,38.97,39.83,38.69,43,99.02
12347,98.12,104.79,30.93,29.33,30.49,30.58,32.61,30.75,31.29,31.93,32.51,32.12,71.48,35.74,33.31,31.93,40.27,44.97,38.14,38.97,39.83,38.69,43,99.02
12366,98.12,104.79,30.93,29.33,30.49,30.58,32.61,30.75,31.29,31.93,32.51,32.12,69.64,35.62,33.31,31.93,40.27,45.16,38.14,38.83,39.83,38.69,43,98.12
12386,98.12,104.79,30.93,29.33,30.49,30.58,32.61,30.75,31.29,31.93,32.51,32.03,71.01,35.62,33.31,31.93,40.27,45.16,38.01,38.83,39.83,38.69,43,98.12
12407,98.12,103.78,30.93,29.33,30.49,30.49,32.61,30.75,31.38,31.93,32.51,32.12,70.09,35.62,33.31,31.93,40.27,44.97,38.14,38.97,39.83,38.69,43,99.02
12425,98.12,104.79,30.93,29.33,30.58,30.58,32.61,30.75,31.38,31.93,32.51,32.12,71.96,35.62,33.31,31.93,40.27,44.97,38.14,38.97,39.98,38.69,43,98.12
12446,98.12,104.79,30.93,29.33,30.49,30.58,32.71,30.66,31.29,31.93,32.51,32.12,70.09,35.62,33.31,31.93,40.27,45.16,38.14,38.97,39.83,38.69,43,99.02
12464,98.12,105.82,30.93,29.33,30.49,30.58,32.71,30.66,31.38,31.93,32.51,32.12,71.01,35.74,33.31,31.93,40.12,44.97,38.01,38.97,39.83,38.69,43,99.02
12485,98.12,104.79,30.93,29.33,30.58,30.49,32.71,30.75,31.29,31.93,32.51,32.12,72.44,35.62,33.31,31.93,40.12,45.16,38.14,38.97,39.83,38.69,43,99.02
12503,98.12,104.79,30.93,29.25,30.49,30.58,32.61,30.75,31.29,31.93,32.51,32.12,72.44,35.74,33.31,31.93,40.12,45.16,38.14,38.97,39.83,38.69,43,98.12
12523,98.12,104.79,30.93,29.25,30.49,30.58,32.71,30.75,31.29,31.93,32.51,32.12,69.64,35.62,33.31,31.93,40.27,45.16,38.14,38.97,39.83,38.69,43,99.02
12544,98.12,104.79,30.93,29.33,30.49,30.58,32.71,30.75,31.29,31.93,32.51,32.12,74.44,35.62,33.31,31.93,40.27,45.16,38.01,38.97,39.83,38.83,43,99.02
12562,98.12,104.79,30.93,29.33,30.49,30.58,32.71,30.75,31.29,31.93,32.51,32.03,77.1,35.62,33.31,31.93,40.27,45.16,38.14,38.97,39.83,38.69,43,98.12
12583,98.12,104.79,30.93,29.33,30.58,30.58,32.71,30.66,31.29,31.93,32.51,32.12,76.01,35.62,33.31,31.93,40.27,44.97,38.14,38.97,39.83,38.83,43,99.02
12601,98.12,105.82,30.93,29.33,30.49,30.49,33.01,30.66,31.29,31.93,32.51,32.12,76.55,35.74,33.31,31.93,40.27,45.16,38.14,38.83,39.83,38.69,43,98.12
12622,98.12,104.79,30.93,29.33,30.49,30.58,32.91,30.66,31.29,31.93,32.51,32.03,75.48,35.62,33.31,31.93,40.12,45.16,38.14,38.97,39.83,38.69,43,98.12
12640,97.24,105.82,30.93,29.33,30.49,30.49,32.71,30.66,31.56,31.93,32.51,32.12,76.55,35.74,33.31,31.93,40.27,45.16,38.14,38.97,39.83,38.69,43,99.02
12661,98.12,104.79,30.93,29.33,30.49,30.58,32.71,30.66,32.12,31.93,32.51,32.12,77.1,35.62,33.31,31.93,40.27,45.16,38.14,38.83,39.83,38.83,43,98.12
12681,98.12,104.79,31.02,29.33,30.49,30.58,32.71,30.66,31.47,31.93,32.51,32.12,73.93,35.62,33.31,31.93,40.27,45.16,38.14,38.97,39.83,38.69,43,99.02
12700,98.12,104.79,31.02,29.33,30.49,30.49,32.71,30.66,31.29,31.93,32.51,32.12,72.93,35.74,33.31,31.93,40.27,45.16,38.14,38.97,39.83,38.69,43,99.02
12720,98.12,104.79,31.02,29.33,30.49,30.49,32.71,30.66,31.29,31.93,32.51,32.12,72.44,35.74,33.31,31.93,40.27,44.97,38.14,38.97,39.98,38.69,43,98.12
12738,98.12,104.79,31.02,29.33,30.49,30.49,32.71,30.75,31.38,31.93,32.51,32.12,76.01,35.74,33.31,31.93,40.27,45.16,38.14,38.97,39.83,38.69,43.17,99.02
12759,98.12,104.79,31.02,29.33,30.49,30.49,32.61,30.66,31.38,31.93,32.51,32.12,75.48,35.62,33.31,31.93,40.27,45.16,38.01,38.97,39.83,38.69,43,99.02
12779,98.12,105.82,31.02,29.33,30.49,30.49,32.71,30.66,31.29,31.93,32.51,32.12,78.78,35.62,33.31,31.93,40.27,44.97,38.14,38.97,39.83,38.69,43,96.37
12798,98.12,104.79,31.02,29.33,30.49,30.49,32.81,30.66,31.29,31.93,32.51,32.12,79.95,35.62,33.31,31.93,40.27,44.97,38.14,38.97,39.98,38.69,43,96.37
12818,98.12,105.82,31.02,29.33,30.49,30.49,32.81,30.66,31.29,31.93,32.51,32.12,79.95,35.62,33.31,31.93,40.27,44.97,38.01,38.97,39.83,38.69,43,95.52
12837,99.02,104.79,31.02,29.33,30.49,30.49,32.71,30.66,31.29,31.93,32.51,32.12,81.15,35.74,33.31,31.93,40.27,45.16,38.14,38.83,39.83,38.69,43,95.52
12857,98.12,104.79,31.02,29.33,30.49,30.49,32.71,30.66,31.38,31.93,32.51,32.12,81.77,35.62,33.31,31.93,40.27,45.16,38.14,38.97,39.83,38.69,43,96.37
12876,99.94,104.79,31.02,29.25,30.49,30.49,32.71,30.66,31.38,31.93,32.51,32.12,81.77,35.62,33.31,31.93,40.27,44.97,38.14,38.97,39.83,38.69,43,96.37
12896,99.94,103.78,31.02,29.33,30.58,30.49,32.61,30.66,31.47,31.93,32.51,32.12,81.77,35.74,33.31,31.93,40.12,45.16,38.14,38.83,39.83,38.69,43,95.52
12917,99.94,104.79,31.02,29.33,30.49,30.49,32.71,30.66,32.12,31.93,32.51,32.12,81.77,35.74,33.31,31.93,40.27,44.97,38.01,38.83,39.83,38.69,43,96.37
12935,99.94,104.79,31.02,29.25,30.49,30.49,32.71,30.66,32.22,31.93,32.51,32.12,81.77,35.74,33.21,31.93,40.27,44.97,38.14,38.97,39.83,38.69,43,96.37
12956,99.94,103.78,31.02,29.33,30.49,30.49,32.71,30.66,32.22,31.93,32.51,32.12,81.77,35.62,33.31,31.93,40.27,45.16,38.14,38.97,39.98,38.69,43,96.37
12974,99.02,104.79,30.93,29.33,30.49,30.49,32.71,30.66,32.22,31.93,32.51,32.12,81.77,35.5,33.31,31.93,40.27,44.97,38.14,38.83,39.83,38.69,43,96.37
12994,99.94,104.79,30.93,29.33,30.49,30.49,32.71,30.66,31.38,31.93,32.51,32.12,82.39,35.62,33.31,31.93,40.27,44.97,38.14,38.83,39.83,38.69,43,96.37
13013,99.94,104.79,31.02,29.33,30.58,30.49,32.71,30.66,31.38,31.93,32.51,32.12,81.15,35.74,33.31,31.93,40.27,44.97,38.14,38.83,39.83,38.69,43,96.37
13033,99.94,103.78,31.02,29.33,30.49,30.49,32.71,30.75,31.29,31.93,32.51,32.12,79.36,35.74,33.31,31.93,40.27,44.97,38.14,38.97,39.83,38.69,43,96.37
13054,99.02,103.78,31.02,29.33,30.49,30.49,32.71,30.66,31.29,31.93,32.51,32.12,76.01,35.74,33.31,31.93,40.27,44.79,38.01,38.83,39.83,38.69,43,96.37
13072,99.02,103.78,31.11,29.33,30.49,30.49,32.71,30.66,31.29,31.93,32.51,32.12,76.01,35.62,33.31,31.93,40.27,44.79,38.14,38.97,39.83,38.69,43,96.37
13093,98.12,104.79,31.38,29.33,30.49,30.49,32.71,30.66,31.38,31.93,32.51,32.12,74.44,35.74,33.31,31.93,40.27,44.79,38.14,38.97,39.83,38.69,43,96.37
13111,99.02,103.78,31.38,29.33,30.49,30.49,32.71,30.66,31.38,31.93,32.51,32.12,71.01,35.62,33.31,31.93,40.27,44.79,38.14,38.97,39.98,38.69,43,96.37
13132,98.12,102.8,31.02,29.25,30.49,30.49,32.71,30.66,31.29,31.93,32.51,32.12,67.46,35.62,33.31,31.93,40.27,44.79,38.14,38.83,39.83,38.69,43,95.52
13152,99.02,103.78,30.93,29.33,30.49,30.49,32.71,30.66,31.38,31.93,32.51,32.12,67.46,35.62,33.31,31.93,40.27,44.79,38.14,38.83,39.98,38.69,43,96.37
13171,101.83,103.78,30.93,29.33,30.49,30.49,32.71,30.66,31.29,31.93,32.51,32.12,67.88,35.62,33.31,31.93,40.27,44.79,38.14,38.83,39.83,38.69,43,95.52
13191,101.83,103.78,30.93,29.25,30.58,30.49,32.71,30.66,31.29,31.93,32.51,32.03,67.88,35.74,33.31,31.93,40.27,44.79,38.14,38.83,39.83,38.69,43,96.37
13210,98.12,103.78,31.02,29.33,30.49,30.49,32.71,30.66,31.29,31.93,32.51,32.12,67.46,35.62,33.31,31.93,40.27,44.79,38.14,38.97,39.83,38.69,43,96.37
13230,98.12,103.78,30.93,29.33,30.58,30.49,32.71,30.66,31.29,31.93,32.51,32.12,67.46,35.62,33.31,31.93,40.27,44.97,38.14,38.97,39.83,38.69,43,96.37
13248,99.02,103.78,31.02,29.33,30.58,30.49,32.71,30.66,31.29,31.93,32.51,32.12,67.88,35.74,33.31,31.93,40.27,44.79,38.14,38.83,39.83,38.69,43,96.37
13269,98.12,103.78,31.02,29.33,30.49,30.49,32.71,30.66,31.29,31.93,32.51,32.12,67.88,35.62,33.31,31.93,40.27,44.79,38.14,38.83,39.83,38.69,43,95.52
13289,99.02,103.78,31.02,29.33,30.49,30.49,32.71,30.66,31.29,31.93,32.51,32.12,67.46,35.74,33.31,31.93,40.27,44.79,38.14,38.83,39.83,38.69,43,95.52
13308,97.24,103.78,30.93,29.33,30.49,30.49,32.71,30.66,31.29,32.03,32.51,32.12,67.46,35.62,33.31,31.93,40.27,44.79,38.14,38.83,39.83,38.69,43,95.52
13328,97.24,103.78,31.02,29.33,30.49,30.49,32.71,30.66,31.29,31.93,32.51,32.12,67.88,35.62,33.31,31.93,40.27,44.97,38.14,38.83,39.98,38.69,43,95.52
13347,97.24,103.78,31.02,29.33,30.49,30.49,32.71,30.66,31.29,32.03,32.51,32.12,67.88,35.74,33.31,31.93,40.27,44.79,38.14,38.83,39.83,38.69,43,95.52
13367,97.24,103.78,31.29,29.33,30.49,30.49,32.71,30.66,31.29,32.03,32.51,32.12,67.88,35.62,33.31,31.93,40.27,44.79,38.14,38.83,39.83,38.69,43,97.24
13386,98.12,103.78,31.02,29.33,30.49,30.49,32.71,30.66,31.29,32.03,32.51,32.03,67.46,35.62,33.31,31.93,40.27,44.97,38.14,38.83,39.83,38.69,43,97.24
13408,97.24,103.78,31.02,29.33,30.49,30.49,32.71,30.66,31.29,32.03,32.51,32.12,67.46,35.74,33.31,31.93,40.12,44.97,38.14,38.83,39.68,38.69,43,98.12
13427,98.12,103.78,31.02,29.33,30.49,30.49,32.71,30.66,31.29,32.03,32.51,32.12,67.88,35.62,33.31,31.93,40.12,44.79,38.01,38.83,39.83,38.69,43,98.12
13447,98.12,103.78,31.02,29.33,30.49,30.49,32.71,30.66,31.29,32.03,32.51,32.12,67.88,35.62,33.31,31.93,40.27,44.79,38.01,38.83,39.83,38.69,43,98.12
13466,98.12,103.78,31.02,29.33,30.49,30.49,32.71,30.66,31.29,32.03,32.51,32.12,67.46,35.62,33.31,31.93,40.27,44.79,38.14,38.83,39.83,38.69,43,98.12
13486,98.12,103.78,31.02,29.33,30.49,30.49,32.71,30.66,31.29,32.03,32.51,32.12,67.46,35.74,33.31,31.93,40.27,44.79,38.14,38.83,39.83,38.69,43,97.24
13504,98.12,103.78,31.02,29.33,30.49,30.49,32.71,30.66,31.29,32.03,32.51,32.12,67.46,35.74,33.31,31.93,40.27,44.79,38.14,38.83,39.83,38.69,43,97.24
13525,98.12,103.78,31.02,29.33,30.49,30.49,32.71,30.66,31.29,32.03,32.51,32.12,71.96,35.74,33.31,31.93,40.27,44.79,38.01,38.83,39.83,38.69,43,98.12
13545,98.12,103.78,31.02,29.33,30.49,30.49,32.71,30.66,31.29,31.93,32.51,32.12,68.31,35.62,33.31,31.93,40.27,44.97,38.14,38.69,39.83,38.69,43,97.24
13564,98.12,100.87,31.02,29.33,30.49,30.49,32.71,30.66,31.29,31.93,32.51,32.12,73.43,35.62,33.31,31.93,40.27,44.79,38.14,38.83,39.83,38.69,43,98.12
13584,97.24,103.78,31.02,29.33,30.49,30.49,32.71,30.66,31.29,32.03,32.51,32.12,71.01,35.62,33.31,31.93,40.27,44.79,38.14,38.83,39.83,38.69,43,98.12
13603,98.12,103.78,31.02,29.33,30.58,30.49,32.71,30.66,31.29,32.03,32.51,32.12,71.01,35.62,33.31,31.93,40.12,44.79,38.14,38.83,39.83,38.69,43,98.12
13623,98.12,103.78,31.02,29.33,30.49,30.49,32.71,30.66,31.38,32.03,32.51,32.12,71.48,35.62,33.31,31.93,40.27,44.97,38.14,38.83,39.83,38.69,43,98.12
13642,98.12,103.78,31.02,29.33,30.49,30.49,32.71,30.66,31.29,32.03,32.51,32.12,72.44,35.62,33.31,31.93,40.27,44.79,38.14,38.83,39.83,38.83,43,98.12
13662,98.12,100.87,31.02,29.33,30.49,30.49,32.71,30.66,31.29,32.03,32.51,32.12,73.43,35.62,33.31,31.93,40.27,44.79,38.14,38.83,39.83,38.69,43,97.24
13683,98.12,94.68,31.02,29.25,30.49,30.49,32.71,30.66,31.47,32.03,32.51,32.12,73.43,35.62,33.31,31.93,40.27,44.97,38.01,38.83,39.83,38.69,43,98.12
13701,98.12,102.8,30.93,29.33,30.49,30.58,32.71,30.66,31.29,31.93,32.51,32.12,72.93,35.62,33.31,32.03,40.27,44.97,38.14,38.83,39.83,38.69,43,97.24
13722,98.12,102.8,31.02,29.33,30.58,30.49,32.71,30.66,31.38,31.93,32.51,32.12,73.93,35.62,33.31,31.93,40.27,44.79,38.14,38.83,39.83,38.69,43,98.12
13740,98.12,103.78,31.02,29.33,30.58,30.49,32.71,30.66,31.29,32.03,32.51,32.12,73.93,35.62,33.31,31.93,40.12,44.79,38.14,38.83,39.83,38.69,43,98.12
13760,98.12,103.78,31.02,29.33,30.58,30.49,32.71,30.66,31.29,31.93,32.51,32.12,74.95,35.74,33.31,31.93,40.27,44.79,38.14,38.83,39.83,38.69,43,97.24
13779,98.12,103.78,31.02,29.33,30.49,30.49,32.71,30.66,31.29,32.03,32.51,32.12,75.48,35.62,33.31,31.93,40.27,44.79,38.14,38.83,39.83,38.69,43,97.24
13799,98.12,103.78,30.93,29.33,30.58,30.49,32.71,30.66,31.29,32.03,32.51,32.12,76.55,35.74,33.31,31.93,40.27,44.79,38.14,38.83,39.83,38.69,43,98.12
13820,98.12,103.78,31.02,29.33,30.49,30.49,32.71,30.66,31.29,32.03,32.51,32.12,76.01,35.62,33.31,31.93,40.27,44.97,38.14,38.83,39.83,38.69,43,98.12
13838,98.12,102.8,31.02,29.33,30.49,30.49,32.71,30.66,31.29,32.03,32.51,32.12,74.95,35.74,33.31,32.03,40.27,44.79,38.01,38.83,39.83,38.69,43,98.12
13859,98.12,103.78,30.93,29.33,30.49,30.49,32.71,30.75,31.38,32.03,32.51,32.12,74.95,35.62,33.31,31.93,40.27,44.79,38.01,38.83,39.83,38.69,43,98.12
13877,98.12,103.78,30.93,29.33,30.49,30.49,32.71,30.66,31.38,32.03,32.51,32.12,75.48,35.74,33.31,31.93,40.27,44.79,38.14,38.83,39.83,38.69,43,98.12
13898,99.02,103.78,31.02,29.33,30.49,30.49,32.71,30.66,31.29,32.03,32.51,32.12,75.48,35.74,33.31,31.93,40.12,44.79,38.14,38.83,39.83,38.69,43,98.12
13916,98.12,103.78,30.93,29.33,30.49,30.49,32.71,30.66,31.29,32.03,32.51,32.12,74.95,35.62,33.31,31.93,40.27,44.97,38.01,38.83,39.83,38.69,43,98.12
13937,98.12,103.78,31.02,29.33,30.49,30.49,32.71,30.75,31.29,32.03,32.51,32.12,75.48,35.62,33.31,31.93,40.27,44.97,38.14,38.83,39.83,38.69,43,98.12
13957,98.12,103.78,30.93,29.33,30.49,30.49,32.71,30.66,31.29,31.93,32.51,32.12,75.48,35.74,33.31,32.03,40.12,44.79,38.14,38.83,39.83,38.55,43,98.12
13975,98.12,103.78,31.02,29.33,30.49,30.49,32.71,30.66,31.29,32.03,32.51,32.12,75.48,35.74,33.31,31.93,40.27,44.79,38.01,38.83,39.83,38.69,43,98.12
13996,98.12,103.78,30.93,29.33,30.49,30.49,32.71,30.66,31.29,32.03,32.51,32.12,76.01,35.62,33.31,32.03,40.27,44.79,38.01,38.83,39.83,38.55,43,97.24
14014,99.02,103.78,31.02,29.33,30.49,30.49,32.71,30.66,31.29,32.03,32.51,32.12,76.55,35.62,33.31,31.93,40.12,44.79,38.14,38.83,39.83,38.69,43,97.24
14035,98.12,103.78,31.02,29.33,30.49,30.49,32.71,30.66,31.29,32.03,32.51,32.03,78.78,35.62,33.31,31.93,40.27,44.79,38.01,38.83,39.83,38.69,43,98.12
14055,98.12,103.78,31.02,29.33,30.49,30.49,32.71,30.66,31.29,31.93,32.51,32.12,78.78,35.62,33.31,31.93,40.27,44.79,38.14,38.83,39.83,38.69,43,97.24
14074,99.02,103.78,31.02,29.33,30.58,30.49,32.91,30.66,31.29,31.93,32.51,32.12,77.65,35.62,33.31,32.03,40.27,44.79,38.14,38.83,39.83,38.69,43,98.12
14094,98.12,103.78,30.93,29.33,30.49,30.49,32.91,30.66,31.29,32.03,32.51,32.12,78.78,35.74,33.31,31.93,40.27,44.79,38.01,38.83,39.83,38.69,43,98.12
14113,98.12,103.78,30.93,29.33,30.49,30.49,32.91,30.66,31.29,31.93,32.51,32.12,79.95,35.74,33.31,32.03,40.27,44.79,38.14,38.83,39.83,38.69,43,98.12
14133,99.02,103.78,31.02,29.33,30.49,30.49,32.91,30.66,31.29,32.03,32.51,32.12,79.95,35.74,33.31,31.93,40.27,44.97,38.01,38.83,39.83,38.69,43,98.12
14152,98.12,103.78,30.93,29.33,30.49,30.49,32.81,30.66,31.29,31.93,32.51,32.12,79.95,35.62,33.31,31.93,40.27,44.97,38.01,38.83,39.83,38.69,43,98.12
14172,99.02,103.78,31.02,29.33,30.49,30.49,32.81,30.66,31.38,32.03,32.51,32.12,79.95,35.74,33.31,32.03,40.27,44.79,38.14,38.83,39.83,38.69,43,98.12
14193,102.8,104.79,30.93,29.33,30.49,30.49,32.71,30.66,31.29,31.93,32.51,32.12,80.55,35.74,33.21,31.93,40.27,44.79,38.14,38.69,39.83,38.69,43,98.12
14211,102.8,104.79,30.93,29.33,30.49,30.49,32.71,30.66,31.29,32.03,32.51,32.12,79.95,35.62,33.31,31.93,39.98,44.79,38.14,38.83,39.83,38.69,43,98.12
14231,103.78,104.79,31.02,29.33,30.49,30.49,32.71,30.66,31.29,32.03,32.51,32.12,79.95,35.62,33.31,31.93,40.27,44.6,38.01,38.83,39.83,38.69,43,98.12
14250,102.8,104.79,31.02,29.33,30.49,30.49,32.71,30.66,31.29,32.03,32.51,32.12,80.55,35.62,33.31,31.93,40.12,44.79,38.01,38.83,39.83,38.69,43,98.12
14270,103.78,104.79,31.11,29.33,30.58,30.49,32.71,30.66,31.29,31.93,32.51,32.12,79.95,35.62,33.31,31.93,40.27,44.79,38.14,38.83,39.83,38.69,43,98.12
14289,102.8,102.8,31.2,29.33,30.49,30.49,32.71,30.66,31.29,32.03,32.51,32.12,79.95,35.74,33.31,31.93,39.98,44.79,38.01,38.83,39.83,38.69,43,98.12
14309,103.78,87.75,31.29,29.33,30.49,30.49,32.71,30.66,31.29,31.93,32.51,32.12,80.55,35.62,33.31,31.93,40.27,44.79,38.01,38.83,39.83,38.69,43,98.12
14330,103.78,103.78,31.2,29.25,30.49,30.49,32.71,30.66,31.29,31.93,32.51,32.12,80.55,35.62,33.31,31.93,40.27,44.79,38.14,38.83,39.83,38.69,43,98.12
14348,102.8,103.78,31.29,29.33,30.49,30.49,32.61,30.66,31.29,31.93,32.51,32.12,78.78,35.62,33.31,31.93,40.27,44.79,38.01,38.83,39.83,38.69,43,98.12
14369,102.8,104.79,31.29,29.33,30.49,30.49,32.71,30.75,31.38,31.93,32.51,32.12,81.77,35.62,33.31,31.93,40.27,44.79,38.14,38.97,39.83,38.69,43,98.12
14389,102.8,103.78,31.29,29.33,30.49,30.49,32.61,30.66,31.29,32.03,32.51,32.12,82.39,35.62,33.31,31.93,40.12,44.79,38.01,38.83,39.83,38.69,43,98.12
14408,102.8,93.05,31.29,29.33,30.49,30.49,32.71,30.66,31.29,31.93,32.51,32.12,82.39,35.62,33.31,31.93,40.27,44.79,38.14,38.83,39.83,38.69,43,98.12
14428,103.78,104.79,31.2,29.33,30.49,30.49,32.71,30.75,31.38,31.93,32.51,32.12,82.39,35.62,33.31,31.93,40.12,44.79,38.14,38.83,39.83,38.69,43,98.12
14449,103.78,103.78,31.11,29.33,30.49,30.49,32.71,30.66,31.29,31.93,32.51,32.12,82.39,35.62,33.31,31.93,40.27,44.79,38.14,38.83,39.83,38.83,43,98.12
14469,101.83,73.43,31.02,29.33,30.49,30.49,32.71,30.75,31.29,31.93,32.51,32.12,82.39,35.62,33.31,31.93,40.27,44.79,38.01,38.97,39.83,38.69,43,98.12
14487,101.83,70.09,31.02,29.33,30.49,30.49,32.71,30.66,31.29,32.03,32.51,32.12,82.39,35.62,33.31,31.93,40.27,44.79,38.14,38.83,39.83,38.83,43,99.02
14508,101.83,93.05,31.02,29.25,30.49,30.49,32.61,30.66,31.29,32.03,32.51,32.12,82.39,35.62,33.31,31.93,40.12,44.79,38.01,38.83,39.83,38.69,42.83,98.12
14526,102.8,55.35,31.02,29.25,30.49,30.49,32.61,30.66,31.29,31.93,32.51,32.12,82.39,35.62,33.31,31.93,40.27,44.79,38.14,38.83,39.83,38.69,43,99.02
14547,101.83,104.79,31.02,29.33,30.49,30.49,32.03,30.66,31.29,31.93,32.51,32.12,83.03,35.62,33.31,31.93,40.27,44.79,38.01,38.83,39.83,38.69,43,99.02
14565,102.8,102.8,31.02,29.33,30.49,30.49,31.93,30.66,31.29,31.93,32.51,32.12,83.03,35.62,33.31,31.93,40.27,44.79,38.01,38.97,39.83,38.69,43,98.12
14586,99.02,103.78,30.93,29.33,30.49,30.49,31.93,30.75,31.29,31.93,32.51,32.12,83.03,35.74,33.31,31.93,40.27,44.79,38.14,38.97,39.98,38.83,43,99.02
14606,99.02,104.79,30.93,29.33,30.49,30.49,32.03,30.66,31.29,31.93,32.51,32.12,82.39,35.62,33.31,31.93,40.27,44.79,38.14,38.83,39.98,38.83,43,98.12
14625,98.12,102.8,30.93,29.33,30.58,30.49,32.03,30.75,31.38,31.93,32.51,32.12,82.39,35.62,33.31,31.93,40.27,44.79,38.14,38.83,39.83,38.83,43,98.12
14645,97.24,68.75,31.02,29.33,30.49,30.49,32.03,30.66,31.29,31.93,32.51,32.12,82.39,35.62,33.31,31.93,40.27,44.79,38.14,38.83,39.83,38.69,43,99.02
14664,98.12,104.79,31.02,29.25,30.49,30.49,31.93,30.75,31.29,31.93,32.51,32.12,82.39,35.62,33.31,31.93,40.27,44.79,38.14,38.97,39.83,38.83,43,98.12
14684,98.12,104.79,31.02,29.33,30.49,30.49,32.03,30.75,31.29,31.93,32.51,32.12,82.39,35.74,33.31,31.93,40.27,44.79,38.14,38.97,39.83,38.83,43,98.12
14705,98.12,105.82,31.2,29.33,30.49,30.49,32.12,30.75,31.29,31.93,32.51,32.12,82.39,35.74,33.31,31.93,40.27,44.79,38.14,38.83,39.98,38.69,43,98.12
14723,99.02,104.79,31.02,29.33,30.49,30.49,32.12,30.66,31.29,31.93,32.51,32.12,82.39,35.62,33.31,31.93,40.27,44.79,38.14,38.97,39.83,38.83,43,98.12
14743,98.12,104.79,31.02,29.33,30.49,30.49,32.61,30.66,32.12,31.93,32.51,32.12,82.39,35.62,33.31,31.93,40.27,45.16,38.14,38.83,39.83,38.69,43,98.12
14762,99.02,104.79,31.02,29.33,30.49,30.49,32.61,30.75,32.12,31.93,32.51,32.12,82.39,35.62,33.31,31.93,40.27,45.35,38.14,38.97,39.68,38.83,43,98.12
14782,98.12,104.79,31.02,29.33,30.49,30.49,32.61,30.75,32.12,31.93,32.51,32.12,82.39,35.74,33.31,31.93,40.27,45.35,38.14,38.83,39.83,38.69,43,98.12
14801,99.02,104.79,31.02,29.33,30.49,30.49,32.61,30.66,32.12,31.93,32.51,32.12,83.03,35.62,33.31,31.93,40.27,45.35,38.14,38.83,39.83,38.69,43,98.12
14821,99.02,105.82,31.02,29.25,30.49,30.49,32.61,30.66,32.12,31.93,32.51,32.12,83.03,35.62,33.31,31.93,40.27,45.35,38.14,38.97,39.83,38.83,43,98.12
14842,99.02,104.79,31.02,29.33,30.49,30.49,32.61,30.66,32.12,31.93,32.51,32.03,83.03,35.62,33.31,31.93,40.27,45.35,38.14,38.97,39.83,38.83,43,98.12
14860,98.12,103.78,31.02,29.25,30.49,30.49,32.61,30.66,32.12,31.93,32.51,32.12,83.03,35.62,33.31,31.93,40.27,45.35,38.14,38.97,39.98,38.83,43,98.12
14881,99.02,104.79,31.02,29.33,30.49,30.49,32.61,30.66,32.12,31.93,32.51,32.12,83.03,35.74,33.31,31.93,40.27,45.35,38.14,38.97,39.83,38.69,43,98.12
14899,98.12,105.82,31.02,29.33,30.49,30.49,32.61,30.66,32.12,31.93,32.51,32.12,83.03,35.62,33.31,31.93,40.27,45.35,38.14,38.97,39.83,38.83,43,98.12
14920,98.12,104.79,31.02,29.33,30.49,30.49,32.61,30.66,32.12,31.93,32.51,32.12,83.03,35.74,33.31,31.93,40.27,45.35,38.14,38.83,39.83,38.83,43,98.12
14938,98.12,105.82,31.02,29.33,30.49,30.49,32.71,30.66,32.22,31.93,32.51,32.12,83.03,35.62,33.31,31.93,40.27,45.35,38.14,38.97,39.83,38.83,43,98.12
14959,98.12,105.82,31.02,29.33,30.49,30.49,33.01,30.66,32.12,31.93,32.51,32.12,83.03,35.74,33.31,31.93,39.98,45.35,38.14,38.97,39.83,38.83,43,98.12
14979,98.12,105.82,31.02,29.33,30.49,30.49,32.91,30.75,32.12,31.93,32.51,32.12,83.03,35.62,33.31,31.93,40.27,45.35,38.14,38.97,39.98,38.69,43,98.12
14997,95.52,104.79,31.02,29.33,30.49,30.49,32.71,30.75,32.12,31.93,32.51,32.12,83.03,35.74,33.31,31.93,40.27,45.35,38.01,38.83,39.83,38.69,43,98.12
15018,92.25,104.79,31.02,29.33,30.49,30.49,32.81,30.66,32.12,31.93,32.51,32.12,83.03,35.62,33.31,31.93,40.27,45.35,38.14,38.83,39.83,38.83,43,98.12
15036,94.68,104.79,31.02,29.33,30.49,30.49,32.81,30.66,32.12,31.93,32.51,32.12,83.03,35.74,33.31,31.93,40.12,45.16,38.14,38.97,39.98,38.69,43,98.12
15057,96.37,104.79,31.02,29.33,30.49,30.49,32.61,30.66,32.12,31.93,32.51,32.12,83.03,35.62,33.31,31.93,40.27,45.35,38.01,38.97,39.83,38.69,43,98.12
15077,96.37,105.82,31.02,29.33,30.49,30.49,32.61,30.66,32.12,31.93,32.51,32.12,83.03,35.62,33.31,31.93,40.27,45.16,38.14,38.97,39.83,38.83,43,98.12
15096,96.37,104.79,31.02,29.33,30.49,30.49,32.61,30.66,32.12,31.93,32.51,32.12,83.03,35.62,33.31,31.93,40.12,45.35,38.01,38.97,39.83,38.69,43,98.12
15116,96.37,104.79,31.02,29.33,30.49,30.49,32.71,30.75,32.12,31.93,32.51,32.12,83.03,35.62,33.31,31.93,40.27,45.35,38.14,38.83,39.83,38.83,43,98.12
15135,95.52,104.79,31.02,29.33,30.58,30.49,32.71,30.75,32.12,31.93,32.51,32.12,83.03,35.62,33.31,31.93,40.12,45.35,38.01,38.83,39.83,38.83,43,98.12
15155,94.68,104.79,31.02,29.33,30.49,30.49,32.61,30.75,32.12,31.93,32.51,32.12,83.03,35.62,33.31,31.93,40.27,45.35,38.14,38.97,39.83,38.83,43,98.12
15174,95.52,104.79,31.02,29.33,30.49,30.49,32.61,30.75,32.12,31.93,32.51,32.12,83.03,35.62,33.31,31.93,40.27,45.16,38.14,38.83,39.83,38.69,43,98.12
15194,95.52,104.79,31.02,29.33,30.49,30.49,32.61,30.66,32.12,31.93,32.51,32.12,83.03,35.62,33.31,31.93,40.12,45.35,38.01,38.83,39.83,38.69,43,99.02
15215,97.24,104.79,31.02,29.33,30.49,30.49,32.61,30.66,32.12,31.93,32.51,32.12,83.67,35.74,33.31,31.93,40.27,45.35,38.14,38.83,39.83,38.69,43,98.12
15233,98.12,104.79,31.29,29.33,30.49,30.49,32.61,30.75,32.12,31.93,32.51,32.12,83.03,35.62,33.31,31.93,40.27,45.35,38.14,38.97,39.83,38.83,43,98.12
15253,96.37,104.79,31.02,29.33,30.49,30.49,32.61,30.66,32.03,31.93,32.51,32.12,83.03,35.62,33.31,31.93,40.27,45.35,38.14,38.97,39.83,38.83,43,98.12
15272,97.24,104.79,31.02,29.33,30.49,30.49,32.61,30.75,32.03,31.93,32.51,32.12,83.03,35.62,33.31,31.93,40.27,45.16,38.14,38.97,39.83,38.83,43,99.02
15292,96.37,104.79,31.11,29.33,30.58,30.49,32.12,30.75,32.12,31.93,32.51,32.12,83.03,35.62,33.31,31.93,40.27,45.35,38.14,38.97,39.83,38.69,43,99.02
15311,96.37,104.79,31.2,29.33,30.49,30.49,32.32,30.75,32.12,31.93,32.51,32.12,83.03,35.62,33.31,31.93,40.12,45.35,38.14,38.97,39.83,38.83,43,99.02
15331,91.47,104.79,31.38,29.33,30.49,30.49,32.61,30.75,32.12,31.93,32.51,32.12,83.03,35.62,33.31,31.93,40.27,45.35,38.14,38.83,39.83,38.83,43,99.02
15352,96.37,104.79,31.2,29.33,30.49,30.49,32.61,30.75,31.47,31.93,32.51,32.12,83.03,35.74,33.31,31.93,40.27,45.35,38.14,38.97,39.83,38.69,43,98.12
15370,59.96,102.8,31.2,29.33,30.49,30.49,32.61,30.66,31.38,31.93,32.51,32.12,83.03,35.62,33.31,31.93,40.27,45.35,38.14,38.97,39.83,38.69,43,98.12
15391,77.65,102.8,31.2,29.33,30.49,30.49,32.71,30.66,31.38,31.93,32.51,32.12,83.03,35.74,33.31,31.93,40.27,45.35,38.14,38.97,39.83,38.69,43,98.12
15409,95.52,103.78,31.47,29.25,30.49,30.49,32.61,30.66,31.38,31.93,32.51,32.03,83.03,35.62,33.31,31.93,39.98,45.35,38.01,38.97,39.83,38.69,43,99.02
15430,96.37,103.78,31.38,29.33,30.49,30.58,32.61,30.75,31.47,31.93,32.51,32.12,83.03,35.74,33.31,31.93,40.27,45.35,38.01,38.97,39.83,38.69,43,98.12
15448,95.52,103.78,31.38,29.25,30.49,30.49,32.71,30.75,31.47,31.93,32.51,32.12,83.03,35.62,33.31,31.93,40.27,45.35,38.14,38.97,39.83,38.69,43,98.12
15468,67.46,102.8,31.38,29.33,30.49,30.49,32.71,30.75,31.47,31.93,32.51,32.12,83.03,35.74,33.31,31.93,40.12,45.35,38.14,38.83,39.83,38.69,43,98.12
15489,97.24,103.78,31.2,29.33,30.49,30.49,32.71,30.66,31.93,31.93,32.51,32.12,83.67,35.62,33.31,32.03,40.27,45.35,38.01,38.83,39.83,38.69,43,98.12
15507,96.37,103.78,30.93,29.33,30.49,30.49,32.71,30.66,31.84,31.93,32.51,32.12,83.03,35.74,33.31,31.93,40.27,45.35,38.14,38.83,39.83,38.69,43,98.12
15528,97.24,103.78,31.02,29.33,30.49,30.49,32.71,30.66,31.56,31.93,32.51,32.12,83.03,35.62,33.31,31.93,40.27,45.35,38.01,38.97,39.83,38.69,43,99.02
15546,96.37,102.8,30.93,29.33,30.49,30.49,32.71,30.75,31.56,31.93,32.51,32.12,83.03,35.74,33.31,31.93,40.27,45.35,38.14,38.97,39.83,38.83,43,99.02
15567,96.37,103.78,30.93,29.33,30.49,30.49,32.71,30.66,31.93,31.93,32.51,32.03,83.03,35.62,33.31,32.03,40.12,45.35,38.14,38.97,39.83,38.69,43,98.12
15585,97.24,103.78,31.02,29.33,30.58,30.49,32.71,30.75,32.03,31.93,32.51,32.12,83.03,35.74,33.31,31.93,40.27,45.54,38.14,38.83,39.83,38.69,43,98.12
15608,97.24,103.78,30.93,29.33,30.49,30.49,32.71,30.66,32.03,31.93,32.51,32.12,83.67,35.74,33.31,31.93,40.27,45.35,38.14,38.83,39.83,38.69,43,99.02
15626,97.24,103.78,30.93,29.33,30.49,30.49,32.71,30.75,32.03,31.93,32.51,32.12,83.03,35.62,33.31,31.93,40.27,45.35,38.14,38.97,39.83,38.83,43,98.12
15647,96.37,103.78,31.02,29.33,30.49,30.49,32.71,30.66,32.03,31.93,32.51,32.12,83.03,35.62,33.31,31.93,40.27,45.54,38.14,38.83,39.83,38.69,43,99.02
15665,97.24,103.78,30.93,29.33,30.49,30.49,32.71,30.66,32.12,31.93,32.51,32.03,83.67,35.74,33.31,31.93,40.27,45.35,38.01,38.83,39.83,38.69,43,99.02
15686,97.24,103.78,31.11,29.33,30.49,30.49,32.71,30.66,32.12,31.93,32.51,32.03,83.03,35.62,33.31,31.93,40.27,45.54,38.14,38.83,39.83,38.83,43,98.12
15704,97.24,103.78,31.38,29.33,30.49,30.49,32.71,30.66,32.12,31.93,32.51,32.12,83.67,35.62,33.31,31.93,40.27,45.35,38.01,38.97,39.83,38.69,43,98.12
15724,97.24,103.78,30.93,29.33,30.49,30.49,32.71,30.66,32.12,31.93,32.51,32.12,83.03,35.62,33.31,31.93,40.27,45.54,38.14,38.83,39.83,38.69,43,99.02
15745,98.12,103.78,30.93,29.33,30.49,30.49,32.71,30.66,32.12,31.93,32.51,32.12,83.03,35.74,33.31,31.93,40.27,45.35,38.14,38.83,39.83,38.83,43,99.02
15763,97.24,103.78,30.93,29.33,30.49,30.49,32.71,30.66,32.12,31.93,32.51,32.12,83.67,35.74,33.31,31.93,40.27,45.35,38.14,38.83,39.83,38.83,43,98.12
15784,97.24,102.8,30.93,29.33,30.49,30.49,32.71,30.75,32.12,31.93,32.51,32.12,83.03,35.74,33.31,32.03,40.27,45.35,38.14,38.83,39.83,38.69,43,98.12
15802,98.12,103.78,30.93,29.33,30.49,30.49,32.71,30.75,32.12,31.93,32.51,32.03,83.03,35.74,33.31,32.03,40.27,45.35,38.01,38.83,39.83,38.69,43,98.12
15823,97.24,103.78,30.93,29.33,30.49,30.49,32.71,30.66,32.12,31.93,32.51,32.12,83.67,35.62,33.42,31.93,40.27,45.35,38.01,38.83,39.83,38.83,43,99.02
15841,97.24,103.78,30.93,29.33,30.49,30.49,32.71,30.66,32.12,31.93,32.51,32.12,83.03,35.62,33.42,31.93,40.27,45.35,38.14,38.83,39.83,38.69,43,98.12
15862,98.12,103.78,30.93,29.33,30.49,30.49,32.71,30.66,32.12,31.93,32.51,32.12,83.03,35.74,33.42,32.03,40.27,45.35,38.14,38.83,39.83,38.83,43,99.02
15882,97.24,103.78,30.93,29.33,30.49,30.49,32.71,30.66,32.12,31.93,32.51,32.12,83.03,35.74,33.31,31.93,40.27,45.16,38.14,38.83,39.83,38.69,43,99.02
15901,99.02,101.83,31.47,29.33,30.49,30.49,32.71,30.66,32.12,31.93,32.51,32.12,83.03,35.62,33.31,31.93,40.27,45.35,38.14,38.83,39.83,38.69,43,97.24
15921,95.52,60.3,31.47,29.33,30.49,30.49,32.71,30.66,32.12,31.93,32.51,32.12,83.03,35.62,33.31,32.03,40.27,45.35,38.14,38.83,39.83,38.69,43,98.12
15939,96.37,97.24,31.47,29.33,30.49,30.49,32.71,30.66,32.12,31.93,32.51,32.12,83.03,35.74,33.31,32.03,40.27,45.35,38.01,38.83,39.83,38.69,43,98.12
15960,97.24,102.8,31.56,29.33,30.58,30.49,32.71,30.75,32.12,31.93,32.51,32.12,83.03,35.74,33.31,32.03,40.27,45.35,38.01,38.83,39.83,38.69,43,98.12
15978,97.24,103.78,41.84,29.33,30.49,30.49,32.81,30.75,31.38,31.93,32.51,32.12,83.03,35.62,33.31,32.03,40.12,45.35,38.01,38.83,39.83,38.69,43,98.12
15999,97.24,103.78,31.38,29.33,30.49,30.49,32.81,30.66,31.11,31.84,32.51,32.03,83.03,35.62,33.31,32.03,40.27,45.35,38.01,38.83,39.83,38.69,43,98.12
16019,97.24,59.96,31.38,29.33,30.49,30.49,32.81,30.66,31.11,31.84,32.51,32.12,83.03,35.62,33.31,32.03,40.27,45.35,38.14,38.83,39.83,38.69,43,98.12
16038,97.24,102.8,31.38,29.33,30.49,30.49,32.91,30.75,31.29,31.84,32.51,32.12,83.67,35.74,33.31,32.03,40.27,45.35,38.14,38.83,39.83,38.69,43,98.12
16058,96.37,103.78,31.38,29.33,30.49,30.49,32.81,30.75,31.38,31.93,32.51,32.12,83.67,35.74,33.31,32.03,40.27,45.35,38.14,38.83,39.83,38.69,43,98.12
16077,97.24,103.78,31.38,29.33,30.49,30.49,32.81,30.66,31.84,31.93,32.51,32.12,83.67,35.74,33.31,31.93,40.27,45.35,38.01,38.83,39.83,38.69,43,98.12
16097,97.24,103.78,31.38,29.33,30.49,30.49,32.81,30.75,32.12,31.93,32.51,32.12,83.03,35.62,33.42,32.03,40.27,45.35,38.01,38.83,39.83,38.69,43,98.12
16116,97.24,103.78,31.38,29.33,30.49,30.49,32.81,30.66,31.29,31.84,32.51,32.12,83.03,35.62,33.42,31.93,40.27,45.54,38.01,38.83,39.83,38.83,43,98.12
16136,97.24,103.78,31.38,29.25,30.49,30.49,32.91,30.66,31.47,31.93,32.51,32.12,83.03,35.74,33.31,31.93,40.27,45.35,38.01,38.83,39.83,38.69,43,98.12
16157,98.12,103.78,31.38,29.33,30.49,30.49,32.91,30.66,31.56,31.93,32.51,32.12,83.03,35.62,33.31,31.93,40.27,45.35,38.01,38.83,39.83,38.55,43,98.12
16175,97.24,103.78,31.38,29.33,30.49,30.49,32.91,30.66,31.47,31.93,32.51,32.12,83.03,35.62,33.31,32.03,40.27,45.35,38.01,38.83,39.83,38.83,43,98.12
16195,97.24,103.78,31.38,29.33,30.49,30.49,32.91,30.75,31.47,31.93,32.51,32.12,83.03,35.62,33.31,32.03,40.27,45.35,38.14,38.83,39.83,38.83,43,98.12
16214,98.12,102.8,31.38,29.33,30.49,30.49,32.81,30.66,31.38,31.93,32.51,32.12,83.67,35.62,33.31,31.93,40.12,45.54,38.01,38.83,39.83,38.83,43,98.12
16234,98.12,103.78,31.38,29.33,30.49,30.49,32.91,30.75,31.29,31.93,32.51,32.12,83.03,35.74,33.31,32.03,40.27,45.35,38.01,38.83,39.83,38.83,43,99.02
16255,98.12,103.78,31.38,29.33,30.49,30.49,32.81,30.75,31.38,31.93,32.51,32.12,83.03,35.74,33.31,32.03,40.27,45.54,38.14,38.83,39.83,38.69,43,99.02
16273,97.24,103.78,31.38,29.25,30.49,30.49,32.71,30.66,32.22,31.93,32.51,32.12,83.67,35.74,33.42,32.03,40.27,45.54,38.01,38.83,39.83,38.83,43,99.02
16294,97.24,103.78,31.38,29.33,30.49,30.49,32.71,30.66,32.22,31.93,32.51,32.12,83.03,35.62,33.31,31.93,40.27,45.35,38.14,38.83,39.83,38.69,43,98.12
16312,97.24,103.78,31.38,29.33,30.49,30.49,32.71,30.66,32.22,31.93,32.51,32.12,82.39,35.62,33.31,32.03,40.27,45.54,38.14,38.97,39.83,38.83,43,99.02
16333,98.12,103.78,31.38,29.33,30.49,30.49,32.71,30.75,31.93,31.93,32.51,32.12,83.03,35.62,33.31,32.03,40.27,45.35,38.14,38.83,39.83,38.83,43,99.02
16351,97.24,103.78,31.47,29.33,30.49,30.49,32.71,30.66,31.93,31.93,32.51,32.12,83.67,35.74,33.42,32.03,40.27,45.35,38.01,38.83,39.83,38.69,43,99.02
16372,97.24,103.78,31.47,29.33,30.49,30.49,32.71,30.75,31.38,31.93,32.51,32.12,83.03,35.74,33.31,31.93,40.27,45.54,38.14,38.83,39.83,38.83,43,98.12
16392,97.24,103.78,31.47,29.33,30.49,30.49,59.96,30.66,31.38,31.93,32.51,32.12,83.67,35.62,33.31,32.03,40.27,45.54,38.14,38.83,39.83,38.69,43,99.02
16411,97.24,103.78,31.47,29.33,30.49,30.49,32.71,30.66,31.38,31.93,32.51,32.12,83.67,35.74,33.31,31.93,40.27,45.54,38.14,38.83,39.83,38.83,43,98.12
16431,97.24,103.78,31.47,29.33,30.49,30.49,32.71,30.75,31.47,31.93,32.51,32.12,83.03,35.74,33.31,31.93,40.27,45.54,38.01,38.83,39.83,38.69,43,97.24
16449,98.12,103.78,30.93,29.33,30.49,30.49,32.71,30.75,31.47,31.93,32.51,32.12,83.03,35.74,33.31,31.93,40.27,45.54,38.01,38.83,39.83,38.69,43,98.12
16470,97.24,103.78,30.93,29.33,30.49,30.49,32.71,30.66,31.56,31.93,32.51,32.03,83.03,35.62,33.31,31.93,40.27,45.35,38.01,38.83,39.83,38.69,43,99.02
16488,98.12,103.78,30.93,29.33,30.49,30.49,32.71,30.66,31.56,31.93,32.51,32.12,83.03,35.62,33.31,31.93,40.27,45.35,38.01,38.83,39.83,38.83,43,99.02
16509,97.24,103.78,30.93,29.33,30.49,30.49,32.71,30.66,31.56,31.93,32.51,32.12,83.03,35.74,33.31,31.93,40.27,45.35,38.14,38.83,39.83,38.69,43,99.02
16529,97.24,103.78,31.02,29.33,30.49,30.49,32.71,30.66,31.56,31.93,32.51,32.12,82.39,35.62,33.31,32.03,40.27,45.35,38.01,38.83,39.83,38.69,43,99.02
16548,98.12,103.78,31.02,29.33,30.49,30.49,32.71,30.66,31.65,31.84,32.51,32.12,83.03,35.62,33.31,31.93,40.27,45.35,38.14,38.83,39.83,38.83,43,98.12
16568,97.24,103.78,31.02,29.33,30.49,30.49,32.71,30.66,32.22,31.93,32.51,32.12,83.03,35.62,33.31,31.93,40.12,45.16,38.01,38.83,39.83,38.69,43,98.12
16589,95.52,69.64,30.93,29.33,30.49,30.49,32.71,30.66,32.12,31.93,32.51,32.03,83.03,35.62,33.31,31.93,40.27,45.35,38.14,38.83,39.83,38.69,43,98.12
16607,97.24,103.78,31.02,29.33,30.49,30.49,32.71,30.66,32.22,31.93,32.51,32.12,83.03,35.62,33.31,31.93,40.27,45.35,38.14,38.83,39.83,38.69,43,98.12
16628,98.12,103.78,31.02,29.33,30.49,30.49,32.71,30.66,32.12,31.93,32.51,32.12,83.67,35.62,33.31,31.93,40.27,45.35,38.14,38.97,39.83,38.69,43,98.12
16648,97.24,103.78,31.02,29.25,30.49,30.49,32.03,30.66,31.47,31.93,32.51,32.12,83.03,35.62,33.31,31.93,40.27,45.35,38.14,38.83,39.83,38.69,43,99.02
16667,98.12,103.78,30.93,29.33,30.49,30.49,32.03,30.66,31.47,31.93,32.51,32.12,82.39,35.62,33.31,31.93,40.27,45.35,38.14,38.83,39.83,38.83,43,98.12
16687,97.24,100.87,30.93,29.33,30.49,30.49,32.03,30.66,31.47,31.93,32.51,32.12,83.03,35.62,33.31,31.93,40.27,45.35,38.14,38.97,39.83,38.69,43,98.12
16705,98.12,104.79,31.02,29.33,30.49,30.49,32.03,30.66,31.47,31.93,32.51,32.03,83.03,35.74,33.31,31.93,40.27,45.35,38.14,38.97,39.83,38.69,43,98.12
16726,98.12,104.79,30.93,29.33,30.49,30.49,32.03,30.66,31.47,31.93,32.51,32.12,83.03,35.62,33.31,31.93,40.27,45.35,38.14,38.97,39.83,38.83,43,98.12
16744,98.12,104.79,30.93,29.25,30.49,30.49,32.12,30.66,31.47,31.93,32.51,32.12,83.03,35.62,33.31,31.93,40.27,45.35,38.14,38.83,39.83,38.83,43,98.12
16765,98.12,104.79,30.93,29.25,30.49,30.49,32.03,30.66,31.2,31.93,32.51,32.12,83.67,35.62,33.31,31.93,40.27,45.35,38.01,38.97,39.83,38.69,43,98.12
16785,98.12,104.79,30.84,29.33,30.49,30.58,32.03,30.66,31.11,31.93,32.51,32.12,83.03,35.62,33.31,31.93,40.12,45.35,38.14,38.97,39.83,38.69,43,98.12
16806,98.12,104.79,30.93,29.33,30.49,30.58,32.12,30.66,31.11,31.93,32.51,32.12,83.67,35.62,33.31,31.93,39.98,45.54,38.14,38.97,39.68,38.69,43,98.12
16824,98.12,104.79,30.84,29.33,30.49,30.58,32.03,30.66,31.11,31.93,32.51,32.12,83.67,35.62,33.31,31.93,40.27,45.35,38.14,38.83,39.83,38.83,43,97.24
16845,98.12,105.82,30.93,29.33,30.49,30.58,32.03,30.75,31.11,31.93,32.51,32.12,83.67,35.74,33.31,31.93,40.27,45.35,38.14,38.97,39.83,38.69,42.83,98.12
16863,98.12,104.79,30.93,29.33,30.49,30.58,32.03,30.66,31.11,31.93,32.51,32.12,83.67,35.62,33.31,31.93,40.27,45.35,38.14,38.83,39.83,38.83,43,97.24
16884,97.24,104.79,30.93,29.33,30.49,30.58,32.03,30.66,31.11,31.93,32.51,32.12,83.03,35.74,33.31,31.93,40.27,45.35,38.14,38.97,39.98,38.69,43,98.12
16902,98.12,105.82,30.93,29.33,30.49,30.58,32.03,30.75,31.11,31.93,32.51,32.03,83.03,35.74,33.31,31.93,40.27,45.35,38.14,38.83,39.83,38.69,42.83,98.12
16923,98.12,105.82,31.02,29.33,30.49,30.58,32.03,30.75,31.11,31.93,32.51,32.12,83.03,35.74,33.31,31.93,40.27,45.35,38.14,38.97,39.83,38.69,43,98.12
16943,98.12,104.79,30.93,29.33,30.58,30.58,32.03,30.75,31.11,31.93,32.51,32.12,83.03,35.62,33.31,31.93,40.27,45.35,38.14,38.97,39.98,38.83,43,99.02
16961,98.12,104.79,30.93,29.33,30.49,30.58,32.03,30.75,31.11,31.93,32.51,32.12,83.03,35.62,33.31,31.93,40.27,45.35,38.14,38.97,39.98,38.83,42.83,97.24
16982,98.12,105.82,30.93,29.33,30.49,30.58,32.51,30.75,31.11,31.93,32.51,32.12,83.03,35.62,33.31,31.93,40.27,45.35,38.01,38.97,39.83,38.83,43,98.12
17000,98.12,104.79,30.93,29.33,30.49,30.58,32.61,30.75,31.11,31.93,32.51,32.12,83.03,35.62,33.31,31.93,40.12,45.35,38.14,38.97,39.98,38.83,43,97.24
17021,98.12,105.82,30.93,29.33,30.49,30.58,32.61,30.75,31.11,31.93,32.51,32.12,73.43,35.74,33.31,31.93,40.27,44.42,38.01,38.97,39.98,38.83,43,97.24
17041,97.24,104.79,30.93,29.33,30.49,30.58,32.61,30.75,31.11,31.93,32.51,32.12,82.39,35.74,33.31,31.93,40.27,44.42,38.14,38.83,39.83,38.69,43,98.12
17060,97.24,105.82,30.93,29.33,30.49,30.58,32.71,30.75,31.11,31.93,32.51,32.12,83.03,35.62,33.31,31.93,40.27,44.42,38.01,38.83,39.83,38.69,43,98.12
17080,97.24,105.82,30.84,29.33,30.49,30.58,32.71,30.66,31.11,31.93,32.51,32.12,67.46,35.74,33.31,31.93,40.27,44.6,38.14,38.97,39.98,38.83,43,98.12
17099,98.12,104.79,30.93,29.33,30.49,30.58,32.61,30.75,31.11,31.93,32.51,32.12,81.77,35.62,33.42,31.93,40.27,44.97,38.14,38.97,39.98,38.69,43,98.12
17119,98.12,105.82,30.93,29.33,30.49,30.58,32.61,30.75,31.11,31.93,32.51,32.12,77.65,35.74,33.31,31.93,40.12,45.54,38.01,38.97,39.83,38.83,43,98.12
17138,98.12,104.79,30.93,29.25,30.49,30.58,32.61,30.66,31.11,31.93,32.51,32.12,82.39,35.62,33.42,31.93,40.27,45.74,38.14,38.97,39.83,38.69,43,97.24
17158,98.12,104.79,30.93,29.33,30.49,30.58,32.81,30.75,31.02,31.93,32.51,32.12,82.39,35.74,33.42,31.93,40.27,45.54,38.01,38.97,39.83,38.83,43,98.12
17179,98.12,104.79,30.93,29.33,30.49,30.58,32.81,30.75,31.11,31.93,32.51,32.12,82.39,35.74,33.31,31.93,40.12,45.54,38.14,38.97,39.83,38.83,43,98.12
17197,98.12,104.79,31.02,29.33,30.49,30.58,32.81,30.66,31.11,31.93,32.51,32.12,82.39,35.74,33.31,31.93,40.27,45.54,38.01,38.97,39.83,38.69,43,98.12
17217,98.12,104.79,30.93,29.33,30.49,30.58,32.71,30.75,31.11,31.93,32.51,32.12,82.39,35.74,33.31,31.93,40.27,45.54,38.14,38.97,39.83,38.83,43,98.12
17236,98.12,105.82,30.93,29.33,30.58,30.58,32.61,30.66,31.11,31.93,32.51,32.12,82.39,35.62,33.42,31.93,40.27,45.54,38.14,38.97,39.83,38.69,43,98.12
17256,98.12,104.79,30.93,29.33,30.58,30.58,32.71,30.75,31.02,31.93,32.51,32.12,82.39,35.62,33.42,31.93,40.27,45.54,38.14,38.97,39.83,38.83,43,98.12
17275,97.24,105.82,30.93,29.33,30.49,30.58,32.71,30.75,31.11,31.93,32.51,32.12,82.39,35.74,33.31,31.93,40.27,45.35,38.14,38.83,39.83,38.69,43,97.24
17295,98.12,104.79,30.93,29.33,30.49,30.58,32.71,30.75,31.11,31.93,32.51,32.12,81.77,35.74,33.31,31.93,40.27,45.54,38.01,38.83,39.83,38.69,43,98.12
17316,98.12,104.79,31.02,29.33,30.49,30.49,32.81,30.66,31.11,31.93,32.51,32.03,82.39,35.62,33.31,31.93,40.27,45.54,38.01,38.97,39.83,38.69,43,98.12
17334,97.24,104.79,31.02,29.25,30.49,30.58,32.71,30.66,31.11,31.93,32.51,32.12,82.39,35.62,33.42,31.93,40.27,45.54,38.01,38.97,39.83,38.69,43,98.12
17355,98.12,104.79,30.93,29.33,30.49,30.58,32.81,30.75,31.11,31.93,32.51,32.12,80.55,35.74,33.42,31.93,40.27,45.54,38.14,38.97,39.83,38.69,43,98.12
17373,98.12,103.78,30.93,29.33,30.58,30.58,32.81,30.75,31.11,31.93,32.51,32.12,82.39,35.74,33.31,31.93,40.27,45.54,38.14,38.83,39.83,38.69,42.83,98.12
17394,98.12,102.8,30.93,29.33,30.58,30.58,32.81,30.66,31.11,31.93,32.51,32.12,82.39,35.74,33.31,31.93,40.27,45.54,38.01,38.97,39.68,38.69,43,97.24
17412,95.52,59.31,30.93,29.33,30.49,30.58,32.91,30.66,31.11,31.93,32.51,32.12,79.36,35.62,33.31,31.93,40.12,45.54,38.01,38.97,39.83,38.83,43,97.24
17432,95.52,55.07,30.93,29.33,30.58,30.58,32.91,30.75,31.11,31.93,32.51,32.12,67.04,35.62,33.31,31.93,40.27,45.54,38.01,38.83,39.83,38.69,43,97.24
17453,96.37,81.77,30.93,29.33,30.49,30.58,32.91,30.75,31.11,31.93,32.51,32.12,67.46,35.74,33.31,31.93,40.27,45.54,38.14,38.83,39.83,38.83,43,98.12
17471,97.24,102.8,30.93,29.33,30.49,30.58,32.91,30.75,31.11,31.93,32.51,32.12,67.46,35.74,33.31,31.93,40.12,45.54,38.14,38.97,39.83,38.83,43,98.12
17492,97.24,103.78,30.93,29.33,30.49,30.58,32.81,30.66,31.11,31.93,32.51,32.12,67.88,35.74,33.42,31.93,40.27,45.54,38.14,38.97,39.83,38.69,43,98.12
17510,97.24,103.78,30.93,29.33,30.49,30.58,32.71,30.75,31.11,31.93,32.51,32.03,68.75,35.62,33.31,31.93,40.27,45.35,38.14,38.97,39.83,38.83,43,98.12
17531,97.24,103.78,31.02,29.33,30.49,30.58,32.81,30.75,31.11,31.93,32.51,32.12,81.77,35.62,33.31,31.93,40.27,45.35,38.14,38.97,39.83,38.83,43,98.12
17551,97.24,102.8,30.93,29.33,30.58,30.58,32.61,30.66,31.11,31.93,32.51,32.12,83.03,35.74,33.31,31.93,40.27,45.35,38.14,38.83,39.83,38.83,43,97.24
17570,98.12,104.79,30.93,29.33,30.58,30.58,32.61,30.75,31.11,31.93,32.51,32.12,83.03,35.62,33.31,31.93,40.27,45.35,38.14,38.97,39.83,38.69,43,98.12
17590,98.12,102.8,31.02,29.33,30.58,30.58,32.61,30.75,31.11,31.93,32.51,32.12,82.39,35.74,33.31,31.93,40.27,45.54,38.14,38.97,39.83,38.69,43,97.24
17609,38.55,100.87,30.93,29.33,30.58,30.58,32.81,30.75,31.11,31.93,32.51,32.12,67.46,35.62,33.31,31.93,40.27,45.35,38.14,38.97,39.83,38.83,43,97.24
17629,39.54,100.87,30.93,29.33,30.49,30.58,32.61,30.66,31.11,31.93,32.51,32.12,71.01,35.62,33.31,31.93,40.27,45.35,38.14,38.83,39.83,38.69,43,97.24
17648,38.27,101.83,30.93,29.25,30.49,30.58,32.71,30.75,31.11,31.93,32.51,32.12,81.77,35.62,33.31,31.93,40.27,45.35,38.14,38.83,39.83,38.69,43,97.24
17668,38.27,101.83,30.93,29.33,30.49,30.58,32.61,30.75,31.11,31.93,32.51,32.12,82.39,35.62,33.31,31.93,40.12,45.35,38.14,38.97,39.83,38.69,43,97.24
17688,38.27,101.83,31.02,29.33,30.49,30.58,32.71,30.66,31.11,31.93,32.51,32.12,82.39,35.62,33.31,31.93,40.27,45.35,38.14,38.83,39.83,38.83,43,97.24
17707,38.41,101.83,30.84,29.33,30.49,30.58,32.61,30.75,31.11,31.93,32.51,32.03,82.39,35.74,33.31,31.93,40.12,45.54,38.14,38.83,39.83,38.69,43,97.24
17727,53.17,101.83,30.93,29.33,30.58,30.58,32.71,30.75,31.11,31.93,32.51,32.12,82.39,35.62,33.31,31.93,40.27,45.35,38.14,38.83,39.98,38.83,43,97.24
17746,43.35,101.83,30.93,29.33,30.58,30.58,32.71,30.66,31.11,31.93,32.51,32.12,82.39,35.62,33.31,31.93,40.27,45.35,38.14,38.83,39.83,38.69,43,97.24
17766,46.32,101.83,31.02,29.33,30.58,30.58,32.71,30.66,31.2,31.93,32.51,32.12,82.39,35.62,33.31,31.93,40.27,45.35,38.01,38.83,39.83,38.69,43,95.52
17785,37.74,100.87,31.11,29.33,30.49,30.58,32.91,30.66,31.38,31.93,32.51,32.12,82.39,35.62,33.31,31.93,40.27,45.35,38.14,38.83,39.83,38.55,43,97.24
17805,37.74,100.87,31.11,29.33,30.49,30.58,32.71,30.66,31.38,31.93,32.51,32.12,82.39,35.62,33.31,31.93,40.27,45.16,38.01,38.83,39.83,38.55,43,97.24
17826,37.87,101.83,31.02,29.25,30.49,30.58,32.71,30.75,32.22,31.93,32.51,32.12,82.39,35.62,33.31,31.93,40.12,45.35,38.14,38.83,39.83,38.69,43,97.24
17844,48.62,100.87,30.93,29.33,30.49,30.58,43.35,30.66,32.22,31.93,32.51,32.12,82.39,35.62,33.31,31.93,40.27,45.35,38.14,38.83,39.83,38.69,43,97.24
17865,39.68,101.83,31.02,29.25,30.49,30.58,32.81,30.66,31.56,31.93,32.51,32.12,82.39,35.62,33.31,31.93,40.27,45.35,38.14,38.83,39.83,38.69,43,96.37
17883,38.69,101.83,30.93,29.33,30.49,30.58,32.81,30.66,31.47,31.93,32.51,32.12,83.03,35.74,33.31,31.93,40.27,45.35,38.01,38.83,39.83,38.69,43,96.37
17904,37.74,100.87,30.93,29.33,30.49,30.58,32.71,30.66,31.29,31.93,32.51,32.12,83.03,35.62,33.31,31.93,40.27,45.35,38.14,38.83,39.83,38.69,43,97.24
17924,37.74,101.83,30.93,29.33,30.49,30.58,32.81,30.66,31.29,31.93,32.51,32.12,82.39,35.74,33.31,31.93,40.27,45.35,38.01,38.83,39.83,38.69,42.83,96.37
17942,37.74,100.87,31.02,29.33,30.49,30.58,32.71,30.66,31.38,31.93,32.51,32.12,82.39,35.62,33.31,31.93,40.27,45.35,38.14,38.83,39.83,38.69,43,98.12
17963,37.74,101.83,31.02,29.33,30.58,30.58,32.71,30.66,31.38,32.03,32.51,32.12,82.39,35.62,33.31,31.93,40.27,45.35,38.01,38.83,39.83,38.69,43,97.24
17981,37.74,100.87,31.02,29.33,30.58,30.58,32.91,30.66,31.38,32.03,32.51,32.12,83.03,35.74,33.31,31.93,40.27,45.35,38.14,38.83,39.83,38.69,43,97.24
18002,37.61,100.87,30.93,29.33,30.58,30.58,32.71,30.66,31.38,32.03,32.51,32.12,82.39,35.62,33.31,31.93,40.27,45.35,38.14,38.83,39.83,38.69,43,96.37
18020,64.25,101.83,30.93,29.33,30.49,30.58,32.71,30.66,31.38,31.93,32.51,32.12,82.39,35.74,33.31,31.93,40.27,45.35,38.01,38.83,39.83,38.69,43,97.24
18041,37.87,100.87,30.93,29.33,30.49,30.58,32.81,30.66,31.38,31.93,32.51,32.12,83.03,35.62,33.31,31.93,40.27,45.35,38.01,38.83,39.83,38.69,43,97.24
18061,38.14,100.87,30.93,29.33,30.49,30.58,32.81,30.66,31.29,31.93,32.51,32.12,83.03,35.74,33.31,31.93,40.27,45.35,38.14,38.83,39.83,38.69,43,96.37
18080,38.01,100.87,30.93,29.33,30.58,30.58,32.71,30.66,31.29,31.93,32.51,32.12,83.03,35.62,33.31,32.03,40.27,45.35,38.01,38.83,39.83,38.69,43,97.24
18100,38.01,100.87,30.93,29.33,30.49,30.58,32.71,30.66,31.38,31.93,32.51,32.12,82.39,35.74,33.31,31.93,40.27,45.35,38.01,38.83,39.83,38.69,43,97.24
18119,38.27,100.87,30.93,29.33,30.49,30.58,32.71,30.66,31.56,32.03,32.51,32.12,82.39,35.62,33.31,31.93,40.12,45.35,38.14,38.83,39.83,38.69,43,96.37
18139,39.11,100.87,30.93,29.33,30.49,30.58,32.71,30.75,31.75,32.03,32.51,32.12,83.03,35.74,33.31,31.93,40.27,45.35,38.01,38.83,39.68,38.69,43,97.24
18157,38.01,100.87,30.93,29.33,30.49,30.49,32.71,30.66,31.65,32.03,32.51,32.12,82.39,35.74,33.31,31.93,40.27,45.54,38.14,38.83,39.83,38.69,43,96.37
18180,37.87,99.94,30.93,29.33,30.58,30.58,32.71,30.66,31.56,32.03,32.51,32.12,82.39,35.74,33.31,31.93,40.27,45.35,38.01,38.83,39.83,38.55,43,97.24
18198,38.14,100.87,30.93,29.33,30.49,30.58,32.61,30.66,31.56,32.03,32.51,32.12,83.03,35.74,33.21,32.03,40.12,45.35,38.01,38.83,39.83,38.69,43,96.37
18219,38.01,100.87,30.93,29.33,30.49,30.58,32.71,30.66,31.38,32.03,32.51,32.12,82.39,35.62,33.31,31.93,40.27,45.54,38.01,38.83,39.83,38.69,43,97.24
18237,38.27,100.87,30.93,29.33,30.49,30.49,32.71,30.66,31.47,31.93,32.51,32.03,83.03,35.74,33.31,31.93,40.27,45.35,38.01,38.83,39.83,38.69,43,96.37
18258,61.68,100.87,30.84,29.33,30.49,30.49,32.71,30.75,31.65,31.93,32.51,32.12,83.03,35.62,33.31,32.03,40.27,45.35,38.01,38.69,39.83,38.55,42.83,97.24
18276,38.14,100.87,30.93,29.33,30.49,30.58,32.61,30.66,31.65,32.03,32.51,32.12,82.39,35.62,33.31,32.03,40.27,45.35,38.01,38.83,39.83,38.69,43,97.24
18297,68.31,100.87,30.93,29.33,30.58,30.58,32.71,30.66,31.65,32.03,32.51,32.12,82.39,35.74,33.31,32.03,40.27,45.35,38.01,38.69,39.83,38.69,43,97.24
18317,70.55,101.83,30.84,29.33,30.49,30.58,32.61,30.66,31.56,31.93,32.51,32.12,82.39,35.74,33.31,32.03,40.12,45.35,38.01,38.69,39.83,38.69,43,97.24
18336,72.93,100.87,30.93,29.33,30.49,30.58,32.61,30.66,31.47,32.03,32.51,32.12,82.39,35.74,33.31,32.03,40.27,45.35,38.01,38.83,39.83,38.69,43,97.24
18356,65.81,100.87,30.93,29.33,30.49,30.49,32.61,30.66,31.56,32.03,32.51,32.12,82.39,35.74,33.31,31.93,40.12,45.35,38.14,38.83,39.83,38.69,43,96.37
18375,38.55,100.87,30.93,29.33,30.49,30.58,32.81,30.66,31.56,32.03,32.51,32.12,82.39,35.74,33.31,32.03,40.27,45.35,38.14,38.83,39.83,38.69,43,96.37
18395,39.39,99.94,30.93,29.33,30.49,30.49,32.61,30.66,31.56,32.03,32.51,32.12,82.39,35.62,33.31,31.93,40.27,45.35,38.01,38.83,39.83,38.69,43,97.24
18413,41.51,100.87,30.93,29.33,30.49,30.49,32.61,30.66,31.56,31.93,32.51,32.12,82.39,35.62,33.31,32.03,40.27,45.54,38.14,38.83,39.83,38.69,43,96.37
18434,53.7,100.87,30.93,29.33,30.49,30.49,32.61,30.66,31.47,31.93,32.51,32.12,82.39,35.74,33.31,32.03,40.27,45.54,38.14,38.83,39.83,38.69,43,97.24
18454,44.97,100.87,30.93,29.33,30.49,30.49,32.61,30.66,31.65,32.03,32.51,32.12,82.39,35.74,33.31,32.03,40.27,45.54,38.01,38.83,39.83,38.69,43,97.24
18473,44.24,100.87,30.93,29.33,30.49,30.49,32.71,30.66,31.56,32.03,32.51,32.12,82.39,35.74,33.31,31.93,40.12,45.54,38.01,38.83,39.83,38.83,43,97.24
18493,45.54,100.87,30.93,29.33,30.49,30.49,32.71,30.75,31.47,32.03,32.51,32.12,82.39,35.62,33.31,31.93,40.27,45.54,38.01,38.83,39.83,38.69,43,97.24
18512,41.2,100.87,30.93,29.33,30.49,30.49,32.61,30.66,31.84,32.03,32.51,32.12,82.39,35.62,33.31,31.93,40.27,45.54,38.14,38.83,39.83,38.69,43,97.24
18532,40.43,100.87,30.93,29.33,30.49,30.49,32.61,30.66,31.65,32.03,32.51,32.12,82.39,35.62,33.31,31.93,40.27,45.54,38.01,38.83,39.83,38.69,43,96.37
18551,39.98,100.87,30.93,29.33,30.49,30.49,32.61,30.66,31.47,32.03,32.51,32.12,82.39,35.74,33.31,32.03,40.27,45.54,38.01,38.83,39.83,38.69,43,97.24
18571,39.83,100.87,30.93,29.33,30.49,30.49,32.71,30.75,31.38,31.93,32.51,32.12,82.39,35.74,33.31,32.03,40.27,45.54,38.01,38.83,39.83,38.69,43,97.24
18592,39.68,100.87,30.93,29.25,30.49,30.49,32.61,30.66,31.29,31.93,32.51,32.12,82.39,35.62,33.31,32.03,40.27,45.54,38.14,38.83,39.83,38.69,43,96.37
18610,39.54,100.87,30.93,29.33,30.49,30.49,32.61,30.75,31.29,32.03,32.51,32.12,82.39,35.74,33.31,32.03,40.27,45.35,38.01,38.83,39.83,38.69,43,97.24
18631,40.12,100.87,30.93,29.33,30.49,30.49,32.71,30.75,31.29,31.93,32.51,32.12,82.39,35.74,33.31,32.03,40.27,45.35,38.14,38.83,39.83,38.83,43,97.24
18649,89.95,102.8,31.02,29.25,30.49,30.49,32.61,30.66,32.03,32.03,32.51,32.12,83.03,35.62,33.21,32.03,40.27,45.35,38.14,38.83,39.83,38.69,43,98.12
18669,94.68,102.8,30.93,29.33,30.49,30.49,32.61,30.66,32.12,32.03,32.51,32.12,83.03,35.62,33.31,32.03,40.12,45.35,38.14,38.83,39.83,38.69,43,96.37
18688,40.27,100.87,31.29,29.25,30.49,30.49,32.61,30.66,32.22,32.03,32.51,32.12,83.03,35.5,33.31,32.03,40.27,45.35,38.14,38.83,39.83,38.69,43,96.37
18708,43.52,100.87,31.2,29.33,30.49,30.49,32.61,30.66,32.22,31.93,32.51,32.12,83.03,35.5,33.31,31.93,40.27,45.35,38.14,38.83,39.83,38.69,43,97.24
18729,42,101.83,31.2,29.33,30.49,30.49,71.96,30.66,32.03,32.03,32.51,32.12,82.39,35.62,33.31,32.03,40.12,45.54,38.14,38.83,39.83,38.69,43,97.24
18747,40.27,101.83,31.11,29.33,30.49,30.49,32.61,30.66,31.65,32.03,32.51,32.12,83.03,35.5,33.31,31.93,40.27,45.54,38.14,38.83,39.83,38.69,43,97.24
18768,40.43,100.87,31.2,29.33,30.49,30.49,32.61,30.66,31.84,31.93,32.51,32.12,83.03,35.62,33.31,31.93,40.27,45.54,38.14,38.83,39.83,38.69,43,96.37
18788,39.11,60.98,31.02,29.33,30.49,30.49,32.61,30.75,32.03,31.93,32.51,32.12,82.39,35.5,33.31,32.03,40.27,45.54,38.14,38.83,39.83,38.55,43,95.52
18807,40.88,100.87,31.02,29.33,30.49,30.49,32.61,30.75,32.03,31.93,32.51,32.12,83.03,35.5,33.31,32.03,40.27,45.54,38.14,38.97,39.83,38.69,43,97.24
18827,40.43,100.87,30.93,29.33,30.49,30.49,32.61,30.66,32.03,31.93,32.51,32.12,82.39,35.62,33.31,31.93,40.27,45.54,38.14,38.83,39.83,38.69,43,97.24
18848,69.19,101.83,31.02,29.25,30.49,30.49,32.03,30.75,31.75,31.93,32.51,32.12,83.03,35.62,33.31,31.93,40.27,45.54,38.14,38.83,39.98,38.69,43,96.37
18866,38.27,100.87,31.02,29.33,30.49,30.49,32.03,30.75,31.29,31.93,32.51,32.12,82.39,35.62,33.31,31.93,40.27,45.54,38.14,38.97,39.83,38.83,43,97.24
18887,39.68,101.83,30.93,29.33,30.49,30.49,32.61,30.75,31.29,31.93,32.51,32.12,82.39,35.62,33.31,31.93,40.27,45.54,38.14,38.97,39.83,38.69,43,95.52
18905,38.83,60.64,30.93,29.25,30.49,30.49,32.03,30.75,31.29,31.93,32.51,32.12,82.39,35.62,33.31,31.93,40.27,45.54,38.14,38.97,39.83,38.69,43,97.24
18925,41.84,98.12,30.93,29.33,30.49,30.49,32.03,30.66,31.29,31.93,32.51,32.12,81.77,35.5,33.31,31.93,40.27,45.54,38.14,38.97,39.83,38.69,43,97.24
18944,38.01,101.83,30.93,29.33,30.49,30.49,31.93,30.75,31.29,31.93,32.51,32.12,82.39,35.62,33.31,31.93,40.27,45.54,38.14,38.97,39.83,38.83,43,97.24
18964,43.52,102.8,30.93,29.33,30.49,30.58,31.93,30.66,31.29,31.93,32.51,32.12,82.39,35.5,33.31,31.93,40.27,45.54,38.14,38.97,39.83,38.69,43,96.37
18985,41.84,102.8,30.93,29.33,30.49,30.49,31.93,30.75,31.29,31.93,32.51,32.12,83.03,35.5,33.31,31.93,40.27,45.54,38.14,38.83,39.83,38.69,43,97.24
19005,41.2,102.8,30.93,29.33,30.49,30.49,32.61,30.75,31.29,31.93,32.51,32.12,83.03,35.62,33.31,31.93,40.27,45.54,38.14,38.97,39.83,38.69,43,97.24
19024,48.84,101.83,30.93,29.25,30.49,30.58,32.61,30.75,31.38,31.93,32.51,32.12,83.03,35.62,33.31,31.93,40.27,45.54,38.14,38.97,39.83,38.69,43,97.24
19044,39.54,73.43,30.93,29.33,30.49,30.49,31.93,30.75,31.29,31.93,32.51,32.12,83.03,35.74,33.31,31.84,40.27,45.54,38.01,38.97,39.83,38.69,43,98.12
19063,58.66,99.94,30.93,29.33,30.49,30.58,32.71,30.66,31.38,31.93,32.51,32.12,83.03,35.62,33.31,31.93,40.27,45.54,38.14,38.97,39.83,38.83,43,97.24
19083,55.92,101.83,30.93,29.33,30.49,30.58,31.93,30.75,31.38,31.93,32.51,32.12,82.39,35.62,33.31,31.93,40.12,45.16,38.01,38.97,39.83,38.69,43,97.24
19102,41.67,102.8,30.93,29.33,30.58,30.58,31.93,30.75,31.38,31.93,32.51,32.12,83.03,35.62,33.31,31.93,40.27,45.35,38.14,38.97,39.83,38.69,43,97.24
19122,62.75,103.78,30.93,29.33,30.58,30.58,32.03,30.75,31.56,31.93,32.51,32.12,82.39,35.62,33.42,31.93,40.27,45.35,38.14,38.97,39.83,38.69,43,97.24
19143,40.88,102.8,30.93,29.33,30.49,30.58,31.93,30.75,31.29,31.93,32.51,32.03,82.39,35.62,33.31,31.93,40.27,45.35,38.14,38.97,39.83,38.83,43,97.24
19161,40.43,102.8,30.93,29.33,30.49,30.58,31.93,30.75,31.38,31.93,32.51,32.12,83.03,35.74,33.31,31.93,40.27,45.35,38.01,38.97,39.83,38.83,43,97.24
19181,40.12,102.8,30.93,29.33,30.58,30.58,31.93,30.75,31.38,31.93,32.51,32.12,83.03,35.62,33.31,31.93,40.27,45.35,38.01,38.97,39.98,38.83,43,97.24
19200,40.73,102.8,30.93,29.33,30.49,30.58,31.93,30.75,31.38,31.93,32.51,32.12,83.03,35.62,33.31,31.93,40.27,45.35,38.14,38.97,39.83,38.69,43,98.12
19220,41.35,102.8,30.93,29.33,30.49,30.58,31.93,30.75,31.38,31.93,32.51,32.12,83.03,35.74,33.31,31.93,40.27,45.35,38.14,38.83,39.83,38.69,43,97.24
19241,39.11,102.8,30.93,29.33,30.58,30.58,31.93,30.66,31.29,31.93,32.51,32.12,83.03,35.62,33.31,31.93,40.27,45.35,38.14,38.97,39.98,38.83,43,98.12
19259,38.14,102.8,31.02,29.33,30.49,30.58,31.93,30.75,31.29,31.93,32.51,32.12,83.03,35.62,33.31,31.93,40.27,45.35,38.01,38.97,39.83,38.69,43,97.24
19280,62.75,103.78,31.02,29.33,30.58,30.58,31.93,30.66,31.29,31.93,32.51,32.12,83.03,35.62,33.31,31.93,40.27,45.35,38.14,38.97,39.83,38.69,43,98.12
19298,38.01,102.8,31.02,29.33,30.49,30.58,32.51,30.75,31.29,31.93,32.51,32.12,83.03,35.62,33.31,31.93,40.27,45.35,38.14,38.97,39.83,38.69,43,98.12
19319,38.01,102.8,30.93,29.33,30.49,30.58,32.51,30.75,31.38,31.93,32.51,32.12,82.39,35.62,33.31,31.93,40.27,45.35,38.01,38.97,39.83,38.69,43,98.12
19337,38.27,103.78,30.84,29.33,30.49,30.58,32.71,30.75,31.29,31.93,32.51,32.12,83.03,35.62,33.31,31.93,40.12,45.35,38.14,38.97,39.83,38.83,43,97.24
19358,38.27,102.8,30.93,29.33,30.58,30.58,32.51,30.66,31.29,31.93,32.51,32.12,83.03,35.62,33.31,31.93,40.12,45.35,38.14,38.97,39.83,38.69,43,97.24
19378,49.74,102.8,30.93,29.33,30.49,30.58,32.61,30.75,31.38,31.93,32.51,32.12,83.03,35.74,33.31,31.93,40.27,45.35,38.14,38.97,39.83,38.83,43,97.24
19397,54.24,102.8,30.84,29.33,30.49,30.58,32.61,30.75,31.29,31.93,32.51,32.12,83.03,35.62,33.31,31.93,40.12,45.35,38.01,38.97,39.83,38.69,43,98.12
19417,54.51,103.78,30.93,29.33,30.58,30.49,32.91,30.75,31.38,31.93,32.51,32.12,83.03,35.62,33.31,31.93,40.27,45.35,38.14,38.97,39.83,38.83,43,97.24
19435,52.91,102.8,30.93,29.33,30.49,30.58,32.71,30.75,31.38,31.93,32.51,32.12,83.03,35.62,33.31,31.93,40.27,45.54,38.14,38.97,39.98,38.69,43,98.12
19456,55.35,102.8,30.93,29.33,30.49,30.49,32.81,30.75,31.38,31.93,32.51,32.12,83.03,35.62,33.31,31.93,40.27,45.35,38.14,38.97,39.83,38.83,42.83,98.12
19474,44.79,102.8,30.93,29.33,30.49,30.49,32.81,30.75,31.29,31.93,32.51,32.12,82.39,35.62,33.31,31.93,40.27,45.35,38.14,38.97,39.83,38.69,43,97.24
19495,38.55,102.8,30.93,29.33,30.49,30.58,32.71,30.75,31.29,31.93,32.51,32.12,83.03,35.62,33.31,31.93,40.27,45.54,38.14,38.97,39.83,38.83,43,98.12
19515,38.41,102.8,30.93,29.33,30.49,30.49,32.71,30.66,31.29,31.93,32.51,32.12,83.03,35.62,33.31,32.03,40.12,45.54,38.01,38.97,39.83,38.69,43,97.24
19534,38.55,102.8,30.93,29.25,30.49,30.49,32.71,30.75,31.29,31.93,32.51,32.12,83.03,35.62,33.31,31.93,40.27,45.35,38.14,38.97,39.83,38.83,43,97.24
19554,38.41,102.8,30.93,29.33,30.49,30.49,32.71,30.66,31.29,31.93,32.51,32.12,82.39,35.74,33.31,31.93,40.27,45.35,38.14,38.97,39.83,38.69,43,97.24
19573,38.97,101.83,30.93,29.33,30.49,30.58,32.71,30.75,31.29,31.93,32.51,32.12,83.03,35.74,33.31,31.93,40.27,45.35,38.14,38.97,39.83,38.83,43,97.24
19593,39.68,102.8,30.93,29.33,30.49,30.58,32.61,30.75,31.29,31.93,32.51,32.03,83.03,35.62,33.31,31.93,40.27,45.35,38.14,38.97,39.83,38.69,43,97.24
19612,38.69,102.8,30.93,29.33,30.49,30.49,32.51,30.75,31.29,31.93,32.51,32.12,83.03,35.62,33.31,31.93,40.27,45.35,38.14,38.97,39.83,38.83,43,97.24
19632,38.27,102.8,30.93,29.33,30.49,30.49,32.51,30.75,31.29,31.93,32.51,32.12,83.03,35.62,33.31,31.93,40.27,45.35,38.14,38.97,39.83,38.83,43,98.12
19653,38.01,101.83,31.02,29.33,30.49,30.49,32.51,30.75,32.22,31.93,32.51,32.12,82.39,35.74,33.31,31.93,40.27,45.35,38.14,38.97,39.83,38.69,43,96.37
19671,38.14,77.65,30.93,29.33,30.49,30.49,32.51,30.75,32.22,31.93,32.51,32.03,81.77,35.62,33.31,31.93,40.27,45.35,38.14,38.83,39.83,38.69,43,97.24
19691,38.41,100.87,30.93,29.33,30.49,30.49,32.51,30.75,32.22,31.93,32.51,32.12,82.39,35.62,33.31,31.93,40.12,45.35,38.14,38.97,39.83,38.69,43,96.37
19710,43.17,71.01,31.02,29.33,30.49,30.49,32.51,30.66,32.22,31.93,32.51,32.12,83.03,35.62,33.31,31.93,40.27,45.54,38.14,38.97,39.83,38.83,43,97.24
19730,40.58,80.55,30.93,29.33,30.49,30.49,32.51,30.66,32.22,31.93,32.51,32.12,81.77,35.5,33.31,31.93,40.27,45.54,38.14,38.97,39.83,38.83,43,97.24
19751,46.32,100.87,30.93,29.33,30.49,30.49,32.61,30.66,31.29,31.93,32.51,32.03,83.03,35.5,33.42,31.93,40.12,45.54,38.14,38.83,39.83,38.83,43,98.12
19769,38.41,100.87,30.93,29.33,30.49,30.49,32.61,30.66,31.29,31.93,32.51,32.12,83.03,35.5,33.42,31.93,40.27,45.54,38.14,38.83,39.83,38.83,43,97.24
19790,55.92,100.87,30.93,29.33,30.49,30.49,32.71,30.75,31.29,31.93,32.51,32.12,83.03,35.62,33.31,32.03,40.27,45.74,38.14,38.83,39.83,38.83,43,98.12
19808,42.33,100.87,30.93,29.33,30.49,30.49,32.61,30.66,32.03,31.93,32.51,32.12,83.03,35.62,33.31,32.03,40.27,45.74,38.14,38.97,39.83,38.83,43,98.12
19829,39.68,100.87,30.93,29.33,30.49,30.49,32.61,30.66,32.12,31.93,32.51,32.12,83.03,35.62,33.31,32.03,40.27,45.74,38.01,38.83,39.68,38.83,43,97.24
19847,38.14,99.94,30.93,29.33,30.49,30.49,32.61,30.66,32.12,31.93,32.51,32.12,83.03,35.62,33.31,31.93,40.27,45.74,38.14,38.97,39.83,38.83,43,96.37
19868,40.58,64.63,31.11,29.33,30.49,30.49,32.61,30.66,32.12,31.93,32.51,32.12,82.39,35.62,33.31,31.93,40.27,45.74,38.14,38.97,39.83,38.69,43,97.24
19888,56.81,50.91,31.02,29.33,30.49,30.49,32.71,30.66,32.12,31.93,32.51,32.12,82.39,35.5,33.31,31.93,40.27,45.74,38.01,38.83,39.83,38.83,43,96.37
19906,51.64,50.2,30.93,29.33,30.49,30.49,32.71,30.66,32.12,31.93,32.51,32.03,82.39,35.62,33.31,32.03,40.27,45.35,38.14,38.97,39.83,38.83,43,97.24
19927,43,101.83,31.02,29.33,30.49,30.49,32.51,30.75,32.22,31.93,32.51,32.12,83.03,35.62,33.31,32.03,40.27,45.54,38.01,38.83,39.83,38.69,43,96.37
19945,46.13,91.47,30.93,29.33,30.49,30.49,32.71,30.66,32.22,31.93,32.51,32.03,82.39,35.39,33.31,31.93,40.27,45.35,38.14,38.83,39.83,38.83,43,98.12
19966,92.25,101.83,30.93,29.25,30.49,30.49,32.61,30.66,32.22,31.93,32.51,32.03,83.03,35.5,33.31,31.93,40.12,45.54,38.01,38.83,39.83,38.83,43,98.12
19984,43.35,100.87,30.93,29.33,30.49,30.49,32.81,30.66,32.22,31.93,32.51,32.12,83.67,35.5,33.31,31.93,40.27,45.54,38.01,38.83,39.83,38.69,43,98.12
20005,54.51,99.94,30.93,29.33,30.49,30.49,32.81,30.66,32.22,31.93,32.51,32.12,83.03,35.62,33.31,31.93,40.27,45.35,38.14,38.97,39.83,38.83,43,98.12
20025,44.97,99.94,30.84,29.33,30.49,30.49,32.71,30.66,32.22,31.93,32.51,32.03,83.03,35.62,33.31,31.93,40.12,45.35,38.01,38.83,39.83,38.83,43,97.24
20044,58.66,100.87,30.93,29.33,30.49,30.49,32.61,30.66,32.22,31.93,32.51,32.12,83.03,35.62,33.31,31.93,40.27,45.35,38.14,38.83,39.83,38.69,43,97.24
20064,47.34,99.94,30.93,29.33,30.49,30.49,32.71,30.66,32.12,31.93,32.51,32.12,83.03,35.62,33.31,31.93,40.27,45.35,38.14,38.83,39.83,38.83,43,97.24
20083,37.87,100.87,30.93,29.33,30.49,30.49,32.61,30.66,31.29,31.93,32.51,32.12,82.39,35.62,33.31,31.93,40.27,45.35,38.01,38.83,39.83,38.69,43,97.24
20103,37.74,100.87,30.93,29.33,30.49,30.4,32.61,30.66,32.03,31.93,32.51,32.12,83.03,35.62,33.31,31.93,40.27,45.35,38.14,38.83,39.83,38.69,43,98.12
20124,37.74,100.87,37.48,29.33,30.49,30.49,32.61,30.66,31.38,31.93,32.51,32.12,83.03,35.62,33.31,31.93,40.27,45.35,38.14,38.83,39.83,38.69,43,97.24
20142,37.74,100.87,30.93,29.33,30.49,30.4,32.61,30.66,31.38,31.93,32.51,32.12,83.03,35.62,33.31,31.93,40.27,45.35,38.14,38.83,39.83,38.69,43,97.24
20162,37.74,100.87,30.93,29.33,30.49,30.4,32.61,30.66,31.29,31.93,32.51,32.12,83.03,35.62,33.21,31.93,40.27,45.35,38.01,38.83,39.83,38.69,43,97.24
20181,44.42,100.87,30.93,29.33,30.49,30.4,32.81,30.66,31.29,31.93,32.51,32.12,83.03,35.62,33.31,31.93,40.27,45.35,38.01,38.83,39.83,38.69,43,98.12
20201,37.74,100.87,30.93,29.33,30.49,30.4,32.61,30.66,31.29,31.93,32.51,32.12,82.39,35.62,33.31,31.93,40.27,45.35,38.01,38.83,39.83,38.69,43,97.24
20220,38.01,100.87,30.93,29.33,30.49,30.4,32.61,30.66,31.29,31.93,32.51,32.12,83.03,35.62,33.31,31.93,40.27,45.54,38.14,38.83,39.83,38.69,43,97.24
20240,37.87,100.87,30.93,29.33,30.49,30.4,32.61,30.66,31.29,31.93,32.51,32.03,83.03,35.62,33.31,31.93,40.27,45.35,38.01,38.83,39.83,38.69,43,96.37
20261,38.01,100.87,30.93,29.33,30.49,30.4,32.61,30.66,31.29,31.93,32.51,32.12,83.03,35.62,33.31,31.93,40.12,45.35,38.14,38.83,39.83,38.69,43,97.24
20279,38.69,100.87,30.93,29.33,30.49,30.4,32.61,30.66,31.29,31.93,32.51,32.12,83.03,35.62,33.31,31.93,40.27,45.35,38.01,38.83,39.83,38.69,43,97.24
20300,67.04,102.8,30.84,29.33,30.49,30.4,32.61,30.66,31.29,31.93,32.51,32.12,83.03,35.62,33.31,31.93,40.27,45.35,38.01,38.83,39.98,38.69,43,97.24
20318,39.68,100.87,30.84,29.33,30.49,30.4,32.71,30.66,31.29,31.93,32.51,32.12,82.39,35.62,33.31,31.93,40.27,45.35,38.01,38.83,39.83,38.69,43,97.24
20339,76.01,100.87,30.84,29.25,30.49,30.4,32.61,30.66,31.29,31.93,32.51,32.12,83.67,35.62,33.31,31.93,40.27,45.35,38.14,38.69,39.83,38.69,43,98.12
20357,94.68,102.8,30.84,29.25,30.49,30.4,32.61,30.66,31.29,31.93,32.51,32.12,83.67,35.74,33.31,32.03,40.27,45.35,38.14,38.83,39.98,38.69,43,98.12
20380,96.37,102.8,30.84,29.33,30.49,30.4,32.61,30.66,31.29,31.93,32.51,32.12,83.03,35.62,33.31,31.93,40.27,45.35,38.14,38.83,39.98,38.69,43,98.12
20398,41.84,100.87,30.84,29.33,30.49,30.4,32.61,30.66,31.29,32.03,32.51,32.03,83.03,35.62,33.31,31.93,40.27,45.35,38.01,38.83,39.83,38.55,43,97.24
20418,39.11,100.87,30.84,29.33,30.49,30.4,32.71,30.66,31.29,32.03,32.51,32.12,83.03,35.62,33.31,31.93,40.27,45.35,38.14,38.83,39.98,38.69,43,98.12
20437,95.52,99.94,30.84,29.33,30.49,30.4,32.61,30.66,31.29,31.93,32.51,32.03,83.03,35.62,33.31,31.93,40.27,45.35,38.01,38.83,39.83,38.69,43,98.12
20457,43,100.87,30.84,29.33,30.49,30.4,32.71,30.66,31.29,32.03,32.51,32.12,82.39,35.62,33.31,31.93,40.27,45.35,38.01,38.69,39.83,38.69,43,97.24
20476,38.41,99.94,30.84,29.33,30.49,30.4,32.61,30.66,31.29,31.93,32.51,32.12,82.39,35.62,33.31,31.93,40.12,45.35,38.14,38.83,39.83,38.69,43,96.37
20496,38.14,99.94,30.84,29.33,30.49,30.4,32.61,30.66,31.29,32.03,32.51,32.03,82.39,35.62,33.31,31.93,40.12,45.35,38.01,38.83,39.83,38.69,43,97.24
20517,38.14,99.94,30.84,29.33,30.49,30.4,32.61,30.66,31.29,32.03,32.51,32.12,82.39,35.62,33.31,31.93,40.27,45.35,38.01,38.83,39.83,38.69,43,97.24
20535,39.68,99.94,30.84,29.33,30.49,30.4,32.61,30.66,31.29,31.93,32.51,32.03,82.39,35.62,33.31,31.93,40.27,45.35,38.14,38.83,39.83,38.69,43,97.24
20556,44.6,99.94,30.84,29.33,30.49,30.4,32.61,30.66,31.29,31.93,32.51,32.12,82.39,35.62,33.31,31.93,40.12,45.35,38.01,38.83,39.83,38.69,43,97.24
20574,48.19,99.94,31.2,29.33,30.49,30.4,32.61,30.66,31.29,32.03,32.51,32.12,82.39,35.62,33.31,31.93,40.27,45.35,38.14,38.83,39.83,38.69,43,98.12
20595,96.37,101.83,31.38,29.33,30.49,30.49,32.61,30.66,31.29,32.03,32.51,32.12,83.03,35.62,33.31,31.93,40.27,45.54,38.01,38.83,39.83,38.69,43,97.24
20613,62.75,100.87,31.29,29.33,30.49,30.4,32.61,30.66,31.29,32.03,32.51,32.12,83.03,35.62,33.31,31.93,40.27,46.32,38.14,38.69,39.83,38.69,43,97.24
20634,49.74,99.94,32.61,29.33,30.49,30.4,32.61,30.66,31.29,32.03,32.51,32.12,83.03,35.62,33.31,31.93,40.27,45.54,38.14,38.83,39.83,38.69,43,98.12
20654,97.24,101.83,31.38,29.33,30.49,30.4,32.61,30.66,31.29,32.03,32.51,32.12,83.03,35.62,33.21,31.93,40.27,45.54,38.01,38.83,39.83,38.69,43,97.24
20672,97.24,102.8,31.29,29.33,30.49,30.4,32.61,30.66,31.29,32.03,32.51,32.12,83.03,35.62,33.31,31.93,40.27,45.35,38.01,38.83,39.83,38.55,43,98.12
20693,96.37,101.83,31.29,29.33,30.49,30.4,32.61,30.66,31.29,32.03,32.51,32.12,83.03,35.62,33.31,31.93,40.27,45.35,38.14,38.83,39.83,38.69,43,97.24
20711,97.24,102.8,31.38,29.33,30.49,30.4,32.61,30.66,31.29,32.03,32.51,32.03,83.03,35.62,33.31,31.93,40.27,45.35,38.01,38.83,39.83,38.69,43,98.12
20732,97.24,102.8,31.38,29.33,30.49,30.4,32.61,30.66,31.29,32.03,32.51,32.12,83.03,35.62,33.31,31.93,40.27,45.35,38.14,38.83,39.83,38.69,43,98.12
20750,96.37,102.8,31.38,29.33,30.49,30.4,32.61,30.66,31.29,32.03,32.51,32.12,83.03,35.74,33.31,31.93,40.27,45.35,38.01,38.83,39.83,38.69,43,98.12
20771,97.24,102.8,31.38,29.33,30.49,30.4,32.61,30.66,31.29,32.03,32.51,32.12,83.03,35.62,33.31,31.93,40.27,45.35,38.14,38.83,39.83,38.69,43,98.12
20791,94.68,102.8,31.38,29.33,30.49,30.4,32.61,30.66,31.29,32.03,32.51,32.12,83.03,35.62,33.31,31.93,40.12,45.54,38.14,38.83,39.83,38.69,43,97.24
20810,96.37,102.8,30.93,29.33,30.49,30.4,32.61,30.66,31.29,32.03,32.51,32.12,83.03,35.62,33.31,31.93,40.27,45.35,38.14,38.83,39.83,38.69,43,97.24
20830,38.97,100.87,30.84,29.33,30.49,30.4,32.61,30.66,31.29,32.03,32.51,32.12,82.39,35.62,33.31,31.93,40.27,45.35,38.14,38.83,39.83,38.69,43,97.24
20849,38.41,99.94,30.93,29.33,30.49,30.4,32.71,30.66,31.29,31.93,32.51,32.12,83.03,35.62,33.31,31.93,40.27,45.35,38.01,38.83,39.83,38.69,43,96.37
20869,38.41,99.02,30.93,29.33,30.49,30.4,32.61,30.66,31.38,31.93,32.51,32.12,82.39,35.62,33.31,31.93,40.27,45.35,38.14,38.83,39.83,38.69,43,97.24
20887,46.73,100.87,30.93,29.33,30.49,30.4,32.71,30.66,31.38,32.03,32.51,32.12,82.39,35.62,33.31,31.93,40.27,45.35,38.14,38.83,39.83,38.69,43,97.24
20908,37.87,100.87,31.11,29.33,30.49,30.4,32.51,30.66,31.29,31.93,32.51,32.12,83.03,35.62,33.31,31.93,40.27,45.35,38.14,38.83,39.83,38.69,43,96.37
20928,41.84,63.12,30.93,29.25,30.49,30.4,32.61,30.66,31.29,31.93,32.51,32.12,83.03,35.62,33.31,31.93,40.27,45.35,38.01,38.83,39.83,38.69,43,97.24
20947,41.67,100.87,30.93,29.25,30.49,30.4,31.93,30.66,31.29,31.93,32.51,32.12,83.03,35.62,33.31,31.93,40.27,45.35,38.14,38.83,39.83,38.69,43,97.24
20967,41.2,101.83,30.93,29.33,30.49,30.4,32.51,30.66,31.29,31.93,32.51,32.12,83.03,35.62,33.31,31.93,40.27,45.35,38.01,38.83,39.83,38.69,43,97.24
20988,42.49,100.87,31.02,29.33,30.49,30.49,31.93,30.66,31.29,31.93,32.51,32.12,83.03,35.62,33.31,31.93,40.12,45.35,38.14,38.83,39.83,38.69,43,97.24
21006,91.47,103.78,31.02,29.33,30.49,30.4,32.03,30.75,31.29,31.93,32.51,32.12,82.39,35.62,33.31,31.93,40.27,45.35,38.01,38.83,39.83,38.69,43,97.24
21027,51.89,101.83,31.02,29.25,30.49,30.49,31.93,30.66,31.29,31.93,32.51,32.12,83.03,35.62,33.31,31.93,40.27,45.35,38.14,38.97,39.83,38.69,43,97.24
21047,40.88,101.83,31.02,29.33,30.49,30.49,31.93,30.66,31.29,31.93,32.51,32.12,83.03,35.62,33.31,31.93,40.27,45.35,38.01,38.97,39.83,38.83,43,97.24
21066,81.77,103.78,31.02,29.33,30.49,30.49,31.93,30.66,31.29,31.93,32.51,32.03,84.32,35.62,33.31,31.93,40.27,45.54,38.14,38.97,39.83,38.83,43,97.24
21086,93.86,100.87,31.02,29.33,30.49,30.49,31.93,30.66,31.29,31.93,32.51,32.12,83.67,35.62,33.31,31.93,40.27,45.35,38.01,38.83,39.83,38.69,43,98.12
21105,43.17,100.87,30.93,29.33,30.49,30.49,31.93,30.66,31.29,31.93,32.51,32.12,82.39,35.62,33.31,31.93,40.27,45.35,38.14,38.97,39.83,38.69,43,97.24
21125,38.55,101.83,31.02,29.25,30.49,30.49,32.61,30.66,31.29,31.93,32.51,32.12,83.03,35.62,33.31,31.93,40.27,45.54,38.14,38.83,39.83,38.69,43,97.24
21143,42.49,80.55,30.93,29.33,30.49,30.49,32.61,30.75,31.29,31.93,32.51,32.12,82.39,35.62,33.31,31.93,40.27,45.35,38.01,38.83,39.83,38.69,43,97.24
21164,40.12,55.64,30.93,29.25,30.49,30.49,31.93,30.75,31.29,31.93,32.51,32.12,82.39,35.62,33.31,31.93,40.27,45.35,38.01,38.97,39.83,38.83,43,98.12
21184,90.7,96.37,30.93,29.33,30.49,30.49,31.93,30.66,31.38,31.93,32.51,32.12,83.03,35.62,33.31,31.93,40.12,45.35,38.01,38.97,39.83,38.69,43,97.24
21205,38.83,101.83,31.11,29.33,30.49,30.49,31.93,30.75,31.38,31.93,32.51,32.12,82.39,35.62,33.31,31.93,40.27,45.54,38.14,38.97,39.83,38.83,43,97.24
21223,38.55,102.8,30.93,29.33,30.49,30.49,32.03,30.66,31.38,31.93,32.51,32.12,82.39,35.62,33.31,31.93,40.12,45.35,38.01,38.97,39.83,38.69,43,97.24
21244,46.13,102.8,30.93,29.33,30.49,30.49,32.03,30.66,31.38,31.93,32.51,32.12,83.03,35.74,33.31,31.93,40.27,45.54,38.14,38.97,39.98,38.69,43,98.12
21262,56.22,102.8,31.02,29.25,30.49,30.49,31.93,30.66,31.38,31.93,32.51,32.12,83.03,35.62,33.31,31.93,40.27,45.35,38.14,38.97,39.83,38.69,43,98.12
21283,65.81,103.78,30.93,29.33,30.49,30.49,32.03,30.66,31.38,31.93,32.51,32.03,82.39,35.62,33.31,31.93,40.27,45.35,38.01,38.83,39.83,38.69,43,97.24
21303,62.03,96.37,30.93,29.33,30.49,30.49,31.93,30.66,31.29,31.93,32.51,32.12,82.39,35.62,33.31,31.93,39.98,45.35,38.01,38.83,39.83,38.83,43,97.24
21322,53.97,70.55,30.93,29.33,30.49,30.49,31.93,30.75,31.38,31.93,32.51,32.12,82.39,35.62,33.31,31.93,40.12,45.35,38.14,38.83,39.83,38.83,43,97.24
21342,44.97,82.39,30.93,29.33,30.49,30.49,31.93,30.75,32.03,31.93,32.51,32.12,81.77,35.62,33.31,31.93,40.27,45.35,38.01,38.83,39.98,38.69,43,98.12
21361,63.87,101.83,30.93,29.33,30.49,30.49,31.93,30.75,31.56,31.93,32.51,32.12,83.03,35.62,33.31,31.93,40.12,45.35,38.01,38.83,39.98,38.69,43,97.24
21381,38.27,99.94,31.02,29.33,30.49,30.49,31.84,30.75,31.29,31.93,32.51,32.12,83.03,35.62,33.31,31.93,40.27,45.35,38.14,38.97,39.83,38.55,43,97.24
21399,38.41,101.83,30.93,29.33,30.49,30.49,31.84,30.75,31.47,31.93,32.51,32.12,83.03,35.62,33.31,31.93,40.27,45.35,38.01,38.97,39.83,38.83,43,97.24
21420,51.89,99.02,31.02,29.33,30.49,30.58,31.93,30.75,31.38,31.93,32.51,32.12,83.03,35.62,33.31,31.93,40.27,45.35,38.14,38.97,39.83,38.83,43,97.24
21440,42.33,102.8,30.93,29.33,30.49,30.49,31.93,30.75,31.56,31.93,32.51,32.03,82.39,35.62,33.31,31.84,40.12,45.35,38.14,38.97,39.83,38.69,43,97.24
21459,39.68,101.83,30.93,29.33,30.49,30.58,31.84,30.66,31.29,31.93,32.51,32.12,83.03,35.62,33.31,31.93,40.27,45.54,38.14,38.97,39.83,38.69,43,98.12
21479,41.2,102.8,30.93,29.33,30.49,30.49,31.93,30.75,31.29,31.93,32.51,32.12,83.03,35.74,33.31,31.93,39.98,45.54,38.14,38.97,39.83,38.69,43,98.12
21498,48.62,103.78,30.93,29.33,30.49,30.58,31.84,30.75,31.38,31.93,32.51,32.12,83.03,35.62,33.31,31.93,40.27,45.54,38.01,38.83,39.98,38.83,42.83,98.12
21518,53.97,103.78,30.93,29.33,30.49,30.49,31.93,30.75,31.47,31.93,32.51,32.12,83.03,35.74,33.31,31.93,40.27,45.54,38.14,38.97,39.98,38.83,43,98.12
21539,54.24,103.78,30.93,29.33,30.58,30.49,31.84,30.75,31.47,31.93,32.51,32.12,83.03,35.62,33.31,31.93,40.27,45.54,38.01,38.97,39.83,38.69,43,98.12
21559,52.4,102.8,31.02,29.33,30.49,30.58,31.93,30.75,31.38,31.93,32.51,32.12,83.03,35.62,33.31,31.93,40.12,45.54,38.01,38.97,39.83,38.69,43,98.12
21578,55.92,102.8,30.93,29.33,30.49,30.49,31.84,30.75,31.29,31.93,32.51,32.12,82.39,35.62,33.31,31.93,40.27,45.35,38.01,38.97,39.83,38.69,43,98.12
21598,60.3,103.78,30.93,29.33,30.49,30.58,31.84,30.75,31.29,31.93,32.51,32.12,83.03,35.62,33.31,31.93,40.27,45.35,38.14,38.83,39.83,38.83,43,98.12
21619,61.33,103.78,30.93,29.33,30.49,30.49,31.93,30.66,31.29,31.93,32.51,32.12,83.03,35.74,33.31,31.93,40.12,45.54,38.14,38.97,39.83,38.83,43,98.12
21637,96.37,62.03,30.93,29.33,30.49,30.49,31.84,30.75,31.29,31.93,32.51,32.12,83.03,35.62,33.31,31.93,40.27,45.54,38.01,38.97,39.83,38.83,43,97.24
21658,99.94,61.68,30.93,29.33,30.49,30.49,31.93,30.66,31.29,31.93,32.51,32.12,83.03,35.62,33.31,31.93,40.12,45.35,38.14,38.97,39.83,38.83,43,98.12
21676,100.87,81.15,30.93,29.33,30.49,30.49,31.84,30.75,31.29,31.93,32.51,32.12,83.03,35.62,33.31,31.93,40.27,45.35,38.14,38.83,39.83,38.83,43,99.02
21696,104.79,102.8,30.93,29.25,30.49,30.58,31.84,30.66,31.29,31.93,32.51,32.12,83.03,35.74,33.31,31.93,40.27,45.54,38.14,38.97,39.83,38.83,43,98.12
21717,102.8,104.79,30.93,29.33,30.49,30.49,31.84,30.75,31.29,31.93,32.51,32.12,83.67,35.74,33.31,31.93,40.27,45.54,38.14,38.97,39.83,38.83,43,98.12
21735,99.94,103.78,30.93,29.33,30.49,30.49,31.84,30.75,31.29,31.93,32.51,32.03,83.67,35.62,33.42,31.93,40.27,45.54,38.14,38.97,39.83,38.83,43,98.12
21756,86.35,101.83,30.93,29.33,30.49,30.49,31.84,30.75,31.29,31.93,32.51,32.12,83.03,35.62,33.31,31.93,40.27,45.35,38.01,38.97,39.83,38.83,43,97.24
21774,38.27,101.83,30.93,29.33,30.49,30.49,31.93,30.66,31.29,31.93,32.51,32.12,83.03,35.62,33.42,31.93,40.27,45.35,38.14,38.97,39.83,38.83,43,98.12
21795,41.67,101.83,30.93,29.33,30.49,30.49,31.93,30.66,31.29,31.93,32.51,32.12,83.03,35.62,33.31,31.93,40.12,45.35,38.14,38.83,39.83,38.83,43,98.12
21813,37.87,101.83,30.93,29.33,30.49,30.49,31.93,30.75,31.29,31.93,32.51,32.12,83.03,35.74,33.31,31.93,40.27,45.54,38.14,38.97,39.83,38.83,43,98.12
21834,41.04,101.83,30.93,29.33,30.49,30.49,31.93,30.66,31.29,31.93,32.51,32.12,82.39,35.62,33.31,31.93,40.12,45.35,38.01,38.97,39.83,38.69,43,97.24
21854,51.89,63.87,31.02,29.33,30.49,30.49,31.93,30.75,31.29,31.93,32.51,32.12,83.03,35.62,33.31,31.93,40.27,45.35,38.14,38.97,39.83,38.83,43,98.12
21873,72.93,102.8,31.02,29.33,30.49,30.49,31.93,30.75,31.29,31.93,32.51,32.12,83.03,35.74,33.31,31.93,40.12,45.54,38.14,38.83,39.83,38.83,43,99.02
21893,78.21,102.8,30.93,29.33,30.49,30.49,31.93,30.75,31.29,31.93,32.51,32.12,83.03,35.62,33.31,31.93,40.27,45.35,38.01,38.97,39.83,38.69,43,98.12
21911,94.68,57.72,31.02,29.33,30.49,30.49,32.61,30.66,31.93,31.93,32.51,32.12,83.03,35.62,33.31,31.93,40.27,45.35,38.14,38.97,39.98,38.83,43,96.37
21932,37.74,67.04,31.02,29.33,30.49,30.49,32.61,30.66,31.29,31.93,32.51,32.12,82.39,35.62,33.42,31.93,40.27,45.35,38.01,38.83,39.83,38.69,43,98.12
21952,55.35,100.87,30.93,29.33,30.49,30.49,32.61,30.75,31.29,31.93,32.51,32.12,82.39,35.62,33.31,31.93,40.12,45.35,38.14,38.97,39.83,38.69,43,98.12
21971,38.01,101.83,31.2,29.33,30.49,30.49,32.71,30.66,31.29,31.93,32.51,32.12,83.03,35.74,33.31,31.93,40.27,45.35,38.01,38.83,39.83,38.83,43,98.12
21991,55.92,101.83,31.02,29.33,30.49,30.49,32.81,30.66,31.38,31.93,32.51,32.12,83.03,35.62,33.31,31.93,40.27,45.35,38.01,38.97,39.83,38.83,43,97.24
22010,37.74,100.87,30.93,29.33,30.49,30.49,32.71,30.66,31.38,31.93,32.51,32.12,82.39,35.74,33.31,31.93,40.27,45.35,38.14,38.83,39.68,38.83,43,98.12
22030,43.88,101.83,30.93,29.33,30.49,30.49,32.71,30.66,31.29,31.93,32.51,32.12,83.03,35.74,33.31,31.93,40.27,45.35,38.14,38.83,39.83,38.69,43,97.24
22049,38.01,100.87,31.02,29.33,30.49,30.49,32.71,30.66,31.38,31.93,32.51,32.12,83.03,35.74,33.31,31.93,40.27,45.35,38.14,38.83,39.83,38.69,43,97.24
22069,40.58,85.66,31.02,29.33,30.49,30.49,32.71,30.66,31.29,31.93,32.51,32.03,83.03,35.62,33.31,31.93,40.27,45.35,38.01,38.83,39.83,38.69,43,97.24
22090,40.27,101.83,30.93,29.33,30.49,30.49,32.61,30.66,31.29,31.93,32.51,32.12,82.39,35.62,33.31,31.93,40.12,45.35,38.14,38.83,39.83,38.69,43,97.24
22108,39.39,101.83,30.93,29.33,30.49,30.49,32.51,30.66,31.29,31.93,32.51,32.12,83.03,35.62,33.31,31.93,40.27,45.35,38.14,38.83,39.83,38.69,43,97.24
22129,46.52,101.83,30.93,29.33,30.49,30.49,32.71,30.66,31.29,31.93,32.51,32.12,83.03,35.62,33.31,31.93,40.27,45.35,38.14,38.83,39.83,38.69,43,97.24
22147,38.83,101.83,30.93,29.33,30.49,30.49,32.71,30.66,31.29,31.93,32.51,32.12,83.03,35.74,33.31,31.93,40.27,45.35,38.14,38.83,39.83,38.69,43,97.24
22167,37.61,100.87,30.93,29.25,30.49,30.49,32.81,30.66,31.29,31.93,32.51,32.12,83.03,35.62,33.31,31.93,40.27,45.35,38.01,38.83,39.83,38.69,43,97.24
22186,37.87,101.83,30.93,29.33,30.49,30.49,32.71,30.66,31.29,31.93,32.51,32.12,83.03,35.62,33.31,31.93,40.27,45.35,38.01,38.83,39.83,38.69,43,97.24
22206,38.14,100.87,30.93,29.33,30.49,30.49,32.81,30.66,31.29,31.93,32.51,32.12,83.03,35.62,33.31,31.93,40.27,45.35,38.01,38.83,39.83,38.69,43,98.12
22227,38.14,101.83,30.93,29.25,30.49,30.49,32.71,30.66,31.29,31.93,32.51,32.12,83.03,35.62,33.31,31.93,40.27,45.35,38.14,38.83,39.83,38.69,43,97.24
22245,38.69,101.83,30.93,29.33,30.49,30.4,32.61,30.66,31.29,31.93,32.51,32.03,83.03,35.62,33.31,31.93,40.27,45.35,38.14,38.83,39.83,38.69,43,97.24
22266,39.83,101.83,30.93,29.25,30.49,30.49,32.71,30.66,31.29,31.93,32.51,32.12,83.03,35.62,33.31,31.93,40.27,45.35,38.14,38.83,39.98,38.69,43,97.24
22284,37.74,100.87,31.38,29.33,30.49,30.49,32.61,30.66,31.29,31.93,32.51,32.12,83.03,35.62,33.31,31.93,40.27,45.35,38.01,38.83,39.98,38.69,43,97.24
22305,37.74,101.83,30.93,29.33,30.49,30.49,32.61,30.66,31.29,31.93,32.51,32.12,82.39,35.62,33.31,31.93,40.27,45.35,38.01,38.83,39.98,38.69,43,97.24
22325,60.3,101.83,30.93,29.33,30.58,30.49,32.71,30.66,31.29,31.93,32.51,32.03,83.03,35.74,33.31,31.93,40.27,45.35,38.14,38.83,39.83,38.69,43,97.24
22344,37.87,100.87,30.93,29.33,30.49,30.49,33.01,30.66,31.29,31.93,32.51,32.12,83.03,35.62,33.31,31.93,40.27,45.35,38.14,38.83,39.83,38.69,42.83,97.24
22364,77.65,100.87,30.93,29.25,30.49,30.49,32.91,30.66,31.29,31.93,32.51,32.12,83.03,35.74,33.31,31.93,40.27,45.35,38.14,38.83,39.83,38.69,43,97.24
22383,37.61,100.87,30.93,29.33,30.49,30.49,32.81,30.66,31.29,31.93,32.51,32.12,83.03,35.62,33.31,31.93,40.27,45.35,38.14,38.83,39.83,38.69,43,97.24
22403,37.61,101.83,30.93,29.33,30.49,30.49,32.91,30.66,31.29,31.93,32.51,32.12,82.39,35.62,33.31,31.93,40.27,45.35,38.01,38.83,39.83,38.69,43,97.24
22421,37.61,100.87,30.93,29.33,30.49,30.49,32.91,30.66,31.29,31.93,32.51,32.03,83.03,35.62,33.31,31.93,40.27,45.35,38.14,38.83,39.83,38.69,43,97.24
22442,37.74,100.87,30.93,29.33,30.49,30.49,32.91,30.66,31.29,31.93,32.51,32.12,83.03,35.74,33.31,31.93,40.27,45.35,38.14,38.83,39.83,38.69,43,97.24
22462,37.74,101.83,30.93,29.33,30.49,30.49,32.71,30.66,31.29,31.93,32.51,32.12,83.03,35.74,33.21,32.03,40.27,45.35,38.14,38.83,39.98,38.69,43.17,97.24
22481,37.74,101.83,30.93,29.33,30.49,30.49,32.91,30.66,31.29,31.93,32.51,32.12,83.03,35.74,33.31,31.93,40.27,45.54,38.14,38.83,39.83,38.69,43,97.24
22501,37.87,101.83,30.93,29.33,30.49,30.49,32.81,30.66,31.29,31.93,32.51,32.12,83.03,35.62,33.31,31.93,40.27,45.54,38.01,38.83,39.83,38.69,43,98.12
22520,37.87,100.87,30.93,29.33,30.49,30.49,32.91,30.66,31.29,31.93,32.51,32.12,83.03,35.74,33.31,31.93,40.12,45.54,38.14,38.83,39.83,38.69,43,97.24
22540,57.72,100.87,30.93,29.33,30.49,30.49,32.81,30.66,31.29,31.93,32.51,32.12,83.03,35.62,33.31,31.93,40.27,45.35,38.14,38.83,39.83,38.69,43,97.24
22559,37.87,100.87,30.93,29.33,30.49,30.49,32.81,30.66,31.29,31.93,32.51,32.12,83.03,35.62,33.31,32.03,40.27,45.54,38.01,38.83,39.83,38.69,43,97.24
22579,37.61,100.87,30.93,29.33,30.49,30.4,32.91,30.66,31.29,31.93,32.51,32.12,83.03,35.62,33.31,32.03,40.27,45.54,38.01,38.83,39.83,38.69,43,98.12
22600,75.48,102.8,30.93,29.33,30.49,30.4,32.91,30.66,31.29,31.93,32.51,32.12,83.03,35.62,33.31,31.93,40.27,45.54,38.14,38.83,39.83,38.69,43,98.12
22618,84.99,102.8,30.93,29.33,30.49,30.4,32.91,30.66,31.29,31.93,32.51,32.12,83.03,35.62,33.31,31.93,40.27,45.35,38.14,38.83,39.83,38.55,43,98.12
22639,87.04,103.78,30.93,29.33,30.49,30.4,32.91,30.66,31.29,31.93,32.51,32.12,83.67,35.62,33.31,31.93,40.27,45.35,38.01,38.83,39.83,38.69,43,98.12
22657,80.55,102.8,30.93,29.33,30.49,30.4,32.71,30.66,31.29,31.93,32.51,32.12,83.03,35.74,33.31,32.03,40.12,45.35,38.14,38.83,39.83,38.69,43,97.24
22677,37.74,100.87,30.93,29.25,30.49,30.49,32.71,30.66,31.29,31.93,32.51,32.12,83.03,35.62,33.31,32.03,40.27,45.54,38.14,38.83,39.83,38.69,43.35,97.24
22698,37.87,100.87,30.93,29.33,30.58,30.4,32.71,30.66,31.29,31.93,32.51,32.12,83.03,35.74,33.31,32.03,40.12,45.54,38.14,38.83,39.83,38.69,43,96.37
22716,38.41,100.87,30.93,29.33,30.49,30.49,32.81,30.66,31.29,31.93,32.51,32.12,83.03,35.62,33.31,31.93,40.27,45.54,38.01,38.83,39.83,38.69,43,97.24
22737,55.07,100.87,30.93,29.33,30.49,30.4,32.71,30.66,31.29,31.93,32.51,32.12,83.03,35.62,33.31,32.03,40.27,45.54,38.01,38.83,39.83,38.69,43,97.24
22755,61.33,100.87,30.93,29.33,30.49,30.4,32.91,30.66,31.29,31.93,32.51,32.12,83.03,35.62,33.31,31.93,40.27,45.35,38.14,38.83,39.83,38.69,43,97.24
22776,67.88,101.83,30.93,29.25,30.49,30.4,32.71,30.66,31.29,31.93,32.51,32.12,82.39,35.62,33.31,31.93,40.27,45.35,38.01,38.83,39.83,38.69,43,97.24
22794,66.22,100.87,36.1,29.25,30.49,30.49,32.91,30.66,31.29,31.93,32.51,32.12,82.39,35.62,33.31,31.93,40.12,45.35,38.01,38.83,39.83,38.69,43,96.37
22815,63.49,101.83,30.93,29.33,30.49,30.4,32.91,30.66,31.29,31.93,32.51,32.12,83.03,35.62,33.31,31.93,40.27,45.35,38.01,38.83,39.98,38.69,43,97.24
22835,63.87,100.87,30.93,29.33,30.49,30.4,32.91,30.66,31.29,31.93,32.51,32.12,83.03,35.62,33.31,31.93,40.27,45.35,38.14,38.83,39.83,38.69,43,97.24
22854,70.09,102.8,30.93,29.25,30.49,30.4,32.81,30.66,31.29,31.93,32.51,32.12,83.03,35.62,33.31,31.93,40.12,45.35,38.14,38.83,39.83,38.69,43,97.24
22874,62.03,93.05,30.93,29.33,30.49,30.4,33.01,30.66,31.29,31.93,32.51,32.12,83.03,35.62,33.31,31.93,40.27,45.35,38.01,38.83,39.83,38.69,43,97.24
22892,72.93,99.94,30.93,29.33,30.49,30.4,32.61,30.66,31.29,31.93,32.51,32.12,83.03,35.62,33.31,31.93,40.12,45.35,38.14,38.83,39.83,38.69,43,96.37
22913,53.17,101.83,30.93,29.33,30.49,30.4,32.61,30.66,31.29,31.93,32.51,32.12,83.03,35.62,33.31,31.93,40.27,45.35,38.01,38.83,39.83,38.69,43,97.24
22931,48.62,101.83,30.93,29.25,30.49,30.4,32.71,30.66,31.29,31.93,32.51,32.03,83.03,35.62,33.31,31.93,40.27,45.35,38.01,38.83,39.83,38.69,43,97.24
22952,46.93,101.83,30.93,29.33,30.49,30.4,32.71,30.66,31.2,31.93,32.51,32.12,83.03,35.62,33.31,31.93,40.27,45.35,38.01,38.83,39.83,38.69,43,98.12
22972,97.24,100.87,30.93,29.33,30.49,30.4,32.71,30.66,31.29,31.93,32.51,32.12,83.67,35.62,33.31,31.93,40.12,45.35,38.01,38.83,39.83,38.83,43,97.24
22991,97.24,100.87,30.93,29.33,30.49,30.4,32.71,30.66,31.29,31.93,32.51,32.12,83.03,35.62,33.31,31.93,40.27,45.35,38.14,38.83,39.83,38.69,43,98.12
23011,88.47,100.87,30.93,29.33,30.49,30.4,31.93,30.66,31.38,31.93,32.51,32.12,83.03,35.62,33.31,31.93,40.27,45.35,38.14,38.83,39.98,38.55,43,97.24
23030,97.24,103.78,30.93,29.33,30.49,30.4,32.03,30.66,31.38,31.93,32.51,32.12,83.67,35.62,33.31,31.93,40.27,45.35,38.01,38.83,39.83,38.83,42.83,97.24
23050,96.37,103.78,30.93,29.33,30.49,30.4,32.71,30.66,32.41,31.93,32.51,32.12,83.03,35.62,33.31,31.93,40.27,45.35,38.14,38.83,39.98,38.83,43,97.24
23071,70.09,101.83,31.02,29.25,30.49,30.4,31.93,30.66,32.12,31.93,32.51,32.12,83.03,35.62,33.31,31.93,40.27,45.35,38.01,38.83,39.83,38.69,43,97.24
23091,38.27,101.83,30.93,29.25,30.49,30.4,31.93,30.66,31.47,31.93,32.51,32.12,83.03,35.62,33.31,31.93,40.27,45.35,38.01,38.83,39.83,38.69,43,97.24
23110,38.69,100.87,30.93,29.25,30.49,30.4,32.61,30.75,31.38,31.93,32.51,32.03,83.03,35.62,33.31,31.93,40.12,45.35,38.14,38.83,39.83,38.69,43,98.12
23130,71.01,101.83,30.93,29.25,30.49,30.4,32.41,30.66,31.65,31.93,32.51,32.12,83.03,35.62,33.31,31.93,40.27,45.35,38.01,38.83,39.83,38.83,43,97.24
23148,76.55,102.8,30.93,29.25,30.49,30.4,32.51,30.66,31.38,31.93,32.51,32.12,83.03,35.62,33.31,31.93,40.27,45.35,38.14,38.97,39.83,38.69,43,98.12
23169,46.13,100.87,30.93,29.33,30.49,30.4,31.93,30.66,31.38,31.93,32.51,32.03,82.39,35.62,33.31,31.93,40.27,45.35,38.01,38.97,39.83,38.69,43,96.37
23189,39.83,93.05,30.93,29.33,30.49,30.4,31.93,30.66,31.38,31.93,32.51,32.12,83.03,35.62,33.31,31.84,40.27,45.35,38.14,38.97,39.83,38.83,43,97.24
23208,65.42,100.87,30.84,29.25,30.49,30.4,31.93,30.66,31.38,31.93,32.51,32.12,83.03,35.62,33.31,31.93,40.27,45.54,38.01,38.97,39.83,38.83,43,97.24
23228,65.42,102.8,30.93,29.25,30.49,30.4,31.93,30.75,31.38,31.93,32.51,32.03,83.03,35.62,33.31,31.93,40.12,45.35,38.01,38.97,39.98,38.83,43,98.12
23247,48.62,100.87,30.84,29.25,30.49,30.4,31.93,30.66,31.38,31.93,32.51,32.12,83.03,35.62,33.31,31.93,40.12,45.35,38.14,38.83,39.83,38.69,43,98.12
23267,38.41,97.24,30.84,29.33,30.49,30.49,31.84,30.66,31.38,31.93,32.51,32.12,82.39,35.62,33.31,31.93,40.27,45.35,38.14,38.97,39.98,38.83,43,96.37
23286,38.69,101.83,30.84,29.33,30.49,30.49,31.84,30.75,31.38,44.24,32.51,32.12,82.39,35.62,33.21,31.93,40.27,45.35,38.14,38.97,39.98,38.69,43,97.24
23306,38.83,102.8,30.93,29.33,30.49,30.49,31.84,30.75,31.38,44.24,32.51,32.12,82.39,35.62,33.31,31.84,40.27,45.35,38.14,38.97,39.83,38.83,43,97.24
23327,38.97,101.83,30.93,29.33,30.49,30.49,31.84,30.75,31.38,44.24,32.51,32.03,83.03,35.62,33.31,31.93,40.12,45.54,38.14,38.83,39.83,38.83,43,97.24
23345,40.43,57.72,30.93,29.25,30.49,30.49,31.84,30.66,31.38,44.24,32.51,32.12,83.03,35.62,33.31,31.93,40.12,45.35,38.14,38.97,39.98,38.69,43,98.12
23366,42.83,101.83,30.93,29.33,30.49,30.49,31.84,30.75,31.29,44.24,32.51,32.03,83.03,35.62,33.31,31.93,40.27,45.54,38.14,38.97,39.83,38.83,43,98.12
23384,47.97,102.8,30.93,29.33,30.49,30.49,31.84,30.75,31.29,44.24,32.51,32.03,82.39,35.62,33.31,31.93,40.27,45.35,38.14,38.97,39.83,38.69,43,98.12
23404,54.79,102.8,30.93,29.33,30.49,30.49,31.84,30.75,31.38,44.06,32.51,32.03,83.03,35.62,33.31,31.93,40.12,45.54,38.14,38.83,39.83,38.83,43,98.12
23423,99.02,104.79,30.93,29.33,30.49,30.49,31.84,30.75,31.29,44.06,32.51,32.12,83.03,35.62,33.31,31.93,40.12,45.54,38.14,38.97,39.83,38.55,43,99.02
23443,102.8,104.79,30.93,29.33,30.49,30.49,31.84,30.75,31.38,44.24,32.51,32.12,83.03,35.62,33.31,31.93,40.27,45.35,38.14,38.97,39.83,38.83,43,99.02
23464,99.02,104.79,30.93,29.33,30.49,30.49,31.84,30.66,31.29,44.06,32.51,32.12,83.03,35.62,33.31,31.93,40.12,45.35,38.14,38.97,39.98,38.83,43,99.02
23482,97.24,104.79,30.93,29.33,30.49,30.49,31.84,30.66,31.29,44.06,32.51,32.12,83.03,35.74,33.31,31.93,40.27,45.54,38.14,38.97,39.83,38.83,43,98.12
23503,63.12,102.8,30.93,29.33,30.49,30.49,31.84,30.75,31.29,44.06,32.51,32.12,82.39,35.62,33.31,31.84,40.27,45.35,38.14,38.97,39.98,38.83,43,98.12
23521,68.75,103.78,30.93,29.33,30.49,30.49,31.84,30.75,31.29,44.06,32.51,32.03,83.03,35.62,33.31,31.93,40.12,45.35,38.14,38.83,39.83,38.83,43,99.02
23542,98.12,104.79,31.02,29.33,30.49,30.49,31.84,30.75,31.38,44.06,32.51,32.12,83.03,35.62,33.31,31.84,40.43,45.54,38.14,38.97,39.83,38.83,43,99.02
23562,100.87,104.79,30.93,29.33,30.49,30.49,31.84,30.75,32.32,44.24,32.51,32.12,83.03,35.62,33.31,31.93,40.27,45.35,38.14,38.97,39.83,38.83,43,99.02
23581,101.83,104.79,30.93,29.33,30.49,30.49,31.84,30.75,32.32,44.06,32.51,32.12,82.39,35.62,33.31,31.84,40.27,45.54,38.14,38.97,39.98,38.69,42.83,99.02
23601,101.83,104.79,30.93,29.33,30.49,30.49,31.84,30.75,32.32,44.24,32.51,32.12,83.03,35.74,33.42,31.93,40.12,45.54,38.14,38.97,39.83,38.83,43,98.12
23619,100.87,104.79,30.93,29.33,30.49,30.49,31.84,30.75,32.32,44.24,32.51,32.12,83.03,35.62,33.42,31.93,40.27,45.35,38.14,38.97,39.83,38.83,43,99.02
23640,100.87,104.79,30.84,29.33,30.49,30.49,31.84,30.75,32.32,44.24,32.51,32.12,83.03,35.62,33.31,31.93,40.27,45.35,38.14,38.97,39.83,38.83,43,99.02
23658,89.2,104.79,30.93,29.33,30.49,30.49,31.84,30.75,32.32,44.24,32.51,32.03,83.03,35.62,33.42,31.93,40.27,45.35,38.01,38.97,39.83,38.83,43,99.02
23679,100.87,104.79,30.84,29.33,30.49,30.49,31.84,30.75,33.62,44.24,32.51,32.12,83.03,35.62,33.31,31.84,40.27,45.54,38.14,38.97,39.83,38.83,43,99.02
23699,99.94,104.79,30.93,29.33,30.49,30.49,31.84,30.75,33.84,44.24,32.51,32.12,82.39,35.62,33.31,31.93,40.27,45.54,38.14,38.97,39.83,38.83,43,98.12
23718,52.65,102.8,30.84,29.33,30.49,30.49,31.84,30.66,33.84,44.24,32.51,32.12,83.03,35.62,33.31,31.93,40.12,45.35,38.14,38.97,39.83,38.69,43,98.12
23738,38.83,102.8,30.84,29.33,30.49,30.49,31.93,30.66,33.94,44.24,32.51,32.12,81.77,35.62,33.31,31.93,40.27,45.35,38.14,38.97,39.83,38.83,43,98.12
23757,45.74,101.83,30.84,29.25,30.49,30.49,31.93,30.66,33.94,44.24,32.51,32.12,82.39,35.62,33.31,31.93,40.27,45.54,38.14,38.97,39.83,38.69,43,98.12
23777,38.97,102.8,30.84,29.33,30.49,30.49,31.84,30.75,33.94,44.24,32.51,32.12,82.39,35.62,33.42,31.93,40.27,45.35,38.14,38.97,39.83,38.69,43,98.12
23796,39.98,101.83,30.93,29.33,30.49,30.49,31.93,30.75,33.73,44.24,32.51,32.03,81.77,35.62,33.31,31.93,40.27,45.35,38.14,38.83,39.83,38.69,43,98.12
23816,38.41,102.8,30.93,29.33,30.49,30.49,31.93,30.66,33.52,31.93,32.51,32.12,81.77,35.62,33.31,31.93,40.27,45.35,38.14,38.97,39.83,38.83,43,98.12
23837,39.68,101.83,30.93,29.33,30.49,30.49,31.84,30.66,31.29,32.03,32.51,32.03,82.39,35.62,33.31,31.93,39.98,45.35,38.14,38.97,39.83,38.83,43,98.12
23855,56.81,100.87,30.93,29.33,30.49,30.49,31.93,30.66,31.38,31.93,32.51,32.12,82.39,35.62,33.31,31.93,40.27,45.35,38.01,38.97,39.98,38.83,43,97.24
23875,39.83,100.87,30.93,29.33,30.49,30.4,31.93,30.66,31.38,31.93,32.51,32.12,82.39,35.62,33.31,31.93,40.27,45.35,38.01,38.83,39.98,38.69,43,98.12
23896,103.78,102.8,30.93,29.33,30.49,30.49,31.93,30.66,31.38,31.93,32.51,32.12,83.67,35.62,33.31,31.93,40.27,45.54,38.01,38.83,39.83,38.83,43,98.12
23914,102.8,103.78,30.93,29.33,30.49,30.49,32.12,30.66,31.38,31.93,32.51,32.12,83.03,35.62,33.31,31.93,40.27,45.54,38.14,38.97,39.83,38.69,43,98.12
23935,98.12,87.75,31.02,29.33,30.49,30.49,32.71,30.66,31.38,31.93,32.51,32.12,83.03,35.62,33.31,31.93,40.27,45.54,38.14,38.83,39.83,38.69,43,98.12
23955,96.37,69.19,30.93,29.33,30.49,30.49,32.61,30.75,31.38,31.93,32.51,32.12,83.67,35.74,33.31,31.93,40.27,45.54,38.14,38.83,39.83,38.69,43,97.24
23974,89.95,81.77,31.11,29.25,30.49,30.49,32.71,30.66,31.38,31.93,32.51,32.12,82.39,35.62,33.31,31.84,40.27,45.74,38.01,38.83,39.83,38.69,43,98.12
23994,91.47,87.75,30.93,29.33,30.49,30.49,32.71,30.66,31.38,31.93,32.51,32.03,83.03,35.74,33.31,31.93,40.12,45.74,38.01,38.83,39.83,38.55,43,98.12
24013,93.05,93.05,30.93,29.33,30.49,30.49,32.81,30.66,31.65,31.93,32.51,32.12,83.03,35.62,33.31,31.93,40.27,45.54,38.14,38.97,39.83,38.69,43,98.12
24033,93.86,92.25,30.93,29.33,30.49,30.49,32.81,30.66,31.38,31.93,32.51,32.03,83.03,35.62,33.31,31.93,40.27,45.74,38.14,38.97,39.83,38.69,43,98.12
24052,93.86,93.86,30.93,29.33,30.49,30.49,32.71,30.66,31.29,31.93,32.51,32.12,83.03,35.62,33.31,31.93,40.12,45.74,38.01,38.97,39.83,38.69,43,98.12
24072,94.68,94.68,30.93,29.25,30.49,30.49,38.83,30.66,31.29,31.93,32.51,32.12,83.67,35.62,33.31,31.93,40.27,45.54,38.14,38.97,39.83,38.69,43,98.12
24093,94.68,99.94,30.93,29.33,30.49,30.49,32.71,30.66,31.29,31.93,32.51,32.12,83.03,35.74,33.31,31.93,40.27,45.54,38.14,38.83,39.98,38.69,43,98.12
24111,95.52,103.78,30.93,29.33,30.49,30.49,32.61,30.66,31.29,31.93,32.51,32.12,83.03,35.62,33.31,31.93,40.27,45.54,38.14,38.83,39.98,38.69,43,98.12
24131,94.68,103.78,30.93,29.33,30.58,30.49,32.71,30.66,31.29,31.93,32.51,32.12,83.67,35.62,33.31,31.93,40.27,45.35,38.01,38.97,39.83,38.69,43,98.12
24150,95.52,103.78,31.02,29.25,30.49,30.49,32.61,30.66,31.29,31.93,32.51,32.03,83.03,35.74,33.31,31.93,40.27,45.54,38.14,38.83,39.83,38.69,43,98.12
24170,95.52,103.78,31.02,29.33,30.49,30.49,32.61,30.66,31.29,31.93,32.51,32.12,82.39,35.62,33.31,31.93,40.27,45.54,38.01,38.97,39.83,38.69,43,98.12
24189,97.24,99.94,31.02,29.33,30.49,30.49,32.71,30.66,31.29,31.93,32.51,32.12,83.03,35.74,33.31,31.93,40.27,45.54,38.14,38.97,39.83,38.69,43,98.12
24209,96.37,98.12,31.02,29.25,30.49,30.49,32.71,30.66,31.29,31.93,32.51,32.12,83.03,35.62,33.31,31.93,40.27,45.54,38.14,38.83,39.83,38.69,43,98.12
24230,97.24,98.12,31.02,29.33,30.49,30.49,32.81,30.66,31.02,31.93,32.51,32.03,82.39,35.62,33.31,31.93,40.27,45.74,38.14,38.83,39.83,38.69,43,98.12
24248,97.24,98.12,31.02,29.33,30.49,30.49,32.81,30.66,31.11,31.93,32.51,32.12,82.39,35.74,33.31,31.93,40.27,45.74,38.01,38.83,39.83,38.69,43,98.12
24269,97.24,98.12,31.02,29.33,30.49,30.49,32.81,30.66,31.2,31.93,32.51,32.12,83.03,35.74,33.31,31.93,40.27,45.74,38.14,38.83,39.98,38.69,43,98.12
24287,97.24,99.02,31.02,29.33,30.58,30.58,32.81,30.66,31.29,31.93,32.51,32.03,83.03,35.62,33.31,31.93,40.27,45.54,38.14,38.83,39.83,38.69,43,98.12
24308,98.12,99.02,31.02,29.33,30.49,30.58,32.81,30.66,31.29,31.93,32.51,32.03,83.03,35.74,33.31,31.93,40.27,45.54,38.01,38.83,39.98,38.69,43,98.12
24328,96.37,99.94,31.02,29.33,30.49,30.58,32.81,30.66,31.29,31.93,32.51,32.12,82.39,35.74,33.31,31.93,40.27,45.54,38.01,38.83,39.98,38.69,43,97.24
24347,38.01,98.12,31.02,29.33,30.49,30.49,32.81,30.66,31.02,31.93,32.51,32.12,82.39,35.62,33.31,31.93,40.27,45.35,38.14,38.83,39.98,38.69,43,98.12
24367,38.55,100.87,31.02,29.33,30.49,30.58,32.81,30.66,31.11,31.93,32.51,32.12,82.39,35.74,33.31,31.93,40.27,45.35,38.14,38.83,39.83,38.69,43,97.24
24385,38.14,100.87,30.93,29.33,30.49,30.58,32.81,30.66,31.29,31.93,32.51,32.12,82.39,35.74,33.31,31.93,40.27,45.54,38.14,38.83,39.83,38.69,43,97.24
24406,38.01,101.83,31.02,29.33,30.49,30.58,32.81,30.66,31.02,31.93,32.51,32.12,82.39,35.74,33.31,31.93,40.27,45.54,38.14,38.83,39.83,38.69,43,97.24
24424,38.14,101.83,31.02,29.33,30.49,30.58,32.91,30.66,31.02,31.93,32.51,32.03,82.39,35.62,33.31,31.93,40.27,45.74,38.01,38.83,39.83,38.69,43,97.24
24445,37.87,101.83,30.93,29.33,30.49,30.58,33.01,30.66,31.29,31.93,32.51,32.12,81.77,35.74,33.31,32.03,40.27,45.35,38.01,38.83,39.83,38.55,43,97.24
24465,38.27,101.83,30.93,29.33,30.49,30.58,32.91,30.66,31.29,31.84,32.51,32.12,82.39,35.74,33.31,32.03,40.27,45.35,38.14,38.69,39.83,38.69,43,98.12
24486,38.83,102.8,30.93,29.33,30.49,30.58,32.91,30.66,31.29,31.93,32.51,32.12,82.39,35.62,33.31,31.93,40.27,45.35,38.01,38.83,39.83,38.69,43,98.12
24504,84.32,103.78,30.93,29.33,30.49,30.58,32.91,30.66,31.38,31.93,32.51,32.12,82.39,35.74,33.31,31.93,39.98,45.35,38.01,38.83,39.83,38.69,43,98.12
24525,38.69,101.83,30.93,29.33,30.49,30.58,32.91,30.66,31.29,31.84,32.51,32.12,82.39,35.74,33.31,31.93,40.27,45.35,38.01,38.83,39.83,38.69,43,97.24
24543,38.69,101.83,31.02,29.33,30.49,30.58,32.91,30.66,31.29,31.93,32.51,32.12,82.39,35.62,33.31,31.93,40.27,45.35,38.01,38.83,39.83,38.69,43,98.12
24564,65.81,101.83,30.93,29.33,30.49,30.58,32.71,30.66,31.29,31.93,32.51,32.03,82.39,35.74,33.21,31.93,39.98,45.35,38.01,38.83,39.83,38.69,42.83,97.24
24584,56.22,102.8,30.84,29.33,30.49,30.58,32.71,30.66,31.29,31.93,32.51,32.12,82.39,35.62,33.31,31.93,40.27,45.35,38.01,38.83,39.83,38.69,43,98.12
24603,51.15,102.8,30.93,29.33,30.49,30.58,32.81,30.66,31.2,31.93,32.51,32.12,82.39,35.74,33.31,31.93,40.27,45.35,38.01,38.83,39.83,38.69,43,98.12
24623,84.32,74.44,30.84,29.33,30.49,30.66,32.71,30.66,31.2,31.93,32.51,32.12,82.39,35.74,33.21,32.03,40.27,45.35,38.01,38.83,39.83,38.69,43,98.12
24641,67.88,101.83,30.93,29.33,30.49,30.58,32.81,30.66,31.29,31.84,32.51,32.03,81.77,35.74,33.31,32.03,40.27,45.35,38.14,38.83,39.83,38.69,43,98.12
24662,40.88,102.8,30.93,29.33,30.49,30.58,32.71,30.66,31.29,31.84,32.51,32.12,82.39,35.74,33.31,31.93,40.27,45.35,38.01,38.83,39.83,38.69,43,97.24
24680,38.97,100.87,30.93,29.25,30.49,30.58,32.71,30.66,30.93,31.93,32.51,32.12,82.39,35.74,33.31,32.03,40.27,45.35,38.14,38.83,39.83,38.69,43,98.12
24701,38.83,100.87,30.93,29.33,30.58,30.58,32.71,30.66,30.93,31.93,32.51,32.03,82.39,35.74,33.31,32.03,40.27,44.6,38.01,38.83,39.83,38.69,43,97.24
24721,86.35,102.8,30.93,29.33,30.49,30.58,32.71,30.66,31.02,31.84,32.51,32.12,81.77,35.74,33.31,32.03,40.27,45.16,38.01,38.83,39.83,38.69,43,98.12
24740,86.35,103.78,30.93,29.25,30.49,30.58,32.81,30.66,30.93,31.93,32.51,32.12,81.77,35.74,33.21,32.03,40.12,45.35,38.01,38.83,39.83,38.69,43,97.24
24760,58.66,102.8,31.02,29.33,30.49,30.58,32.71,30.66,30.93,31.84,32.51,32.12,67.88,35.74,33.31,32.03,40.27,45.35,38.14,38.83,39.83,38.69,42.83,96.37
24779,55.64,102.8,30.93,29.33,30.49,30.58,32.81,30.66,30.93,31.84,32.51,32.12,67.46,35.74,33.21,32.03,40.12,45.35,38.01,38.83,39.83,38.69,43,97.24
24799,44.24,101.83,30.93,29.33,30.58,30.58,32.81,30.66,30.93,31.84,32.51,32.12,67.46,35.74,33.31,31.93,40.12,45.35,38.01,38.83,39.83,38.69,43,96.37
24820,38.69,101.83,30.93,29.33,30.49,30.58,32.71,30.66,30.93,31.93,32.51,32.12,67.46,35.62,33.31,32.03,40.27,45.35,38.01,38.83,39.83,38.69,43,97.24
24840,48.4,101.83,30.93,29.33,30.49,30.58,32.71,30.66,30.93,31.84,32.51,32.12,67.04,35.74,33.31,32.03,40.27,45.35,38.01,38.83,39.83,38.69,43,97.24
24859,39.11,101.83,30.93,29.33,30.49,30.58,32.71,30.66,30.93,31.93,32.51,32.12,67.46,35.74,33.21,31.93,40.27,45.35,38.14,38.83,39.83,38.69,43,97.24
24879,38.41,101.83,30.93,29.33,30.49,30.58,32.81,30.66,30.93,31.93,32.51,32.12,67.46,35.62,33.31,32.03,40.27,45.35,38.01,38.83,39.98,38.69,43,97.24
24897,38.14,101.83,30.93,29.33,30.49,30.58,32.71,30.66,30.93,31.84,32.51,32.12,81.15,35.62,33.31,31.93,40.43,45.16,38.01,38.83,39.83,38.55,43,98.12
24918,38.14,101.83,30.93,29.33,30.49,30.58,32.71,30.66,30.93,31.84,32.51,32.12,68.31,35.62,33.31,32.03,40.12,45.16,37.87,38.83,39.98,38.55,43,97.24
24936,38.97,101.83,30.93,29.25,30.49,30.58,32.71,30.66,30.93,31.84,32.51,32.12,67.88,35.74,33.31,31.93,40.27,45.35,38.01,38.69,39.98,38.69,43,97.24
24957,43.88,101.83,30.93,29.33,30.49,30.58,32.71,30.66,30.93,31.84,32.51,32.12,67.46,35.62,33.21,32.03,40.27,45.35,38.01,38.83,39.98,38.69,43,97.24
24977,45.16,101.83,30.93,29.33,30.49,30.58,32.71,30.58,30.93,31.84,32.51,32.12,67.88,35.74,33.21,32.03,40.27,45.35,38.01,38.83,39.83,38.69,43,98.12
24996,45.93,101.83,30.93,29.25,30.49,30.58,32.71,30.66,30.93,31.93,32.51,32.12,71.96,35.74,33.21,31.93,40.27,45.35,38.01,38.83,39.83,38.69,43,98.12
25016,97.24,104.79,30.93,29.33,30.49,30.49,32.61,30.66,30.93,31.93,32.51,32.12,73.93,35.74,33.21,31.93,40.27,45.35,38.01,38.83,39.83,38.69,43,97.24
25035,46.93,101.83,30.93,29.33,30.49,30.49,32.61,30.66,30.93,31.93,32.51,32.12,76.01,35.62,33.31,31.93,40.27,45.35,38.01,38.83,39.83,38.69,43,97.24
25055,47.13,101.83,30.93,29.25,30.49,30.49,32.03,30.66,30.93,31.84,32.51,32.12,82.39,35.74,33.21,31.93,40.27,45.35,38.01,38.69,39.83,38.69,43,97.24
25074,49.97,102.8,30.93,29.33,30.49,30.49,32.03,30.66,30.93,31.93,32.51,32.12,81.77,35.62,33.31,31.93,40.27,45.35,38.01,38.83,39.98,38.69,43,98.12
25094,64.25,102.8,30.93,29.33,30.49,30.49,32.03,30.58,30.93,31.93,32.51,32.12,81.77,35.74,33.21,31.93,40.27,45.54,38.01,38.69,39.83,38.69,43,97.24
25115,89.2,103.78,31.47,29.33,30.49,30.49,32.22,30.66,30.93,31.93,32.51,32.12,76.01,35.62,33.31,31.93,40.27,45.54,38.14,38.83,39.98,38.69,43,98.12
25133,84.32,103.78,31.47,29.33,30.49,30.49,32.61,30.66,30.93,31.93,32.51,32.12,82.39,35.62,33.21,31.93,40.27,45.54,38.01,38.83,39.98,38.69,43.17,98.12
25153,91.47,103.78,31.47,29.33,30.49,30.49,32.61,30.66,30.93,31.93,32.51,32.12,82.39,35.62,33.31,31.93,40.27,45.35,38.01,38.83,39.83,38.55,43,98.12
25172,51.89,100.87,31.02,29.33,30.49,30.49,32.61,30.66,31.02,31.93,32.51,32.12,82.39,35.62,33.31,31.93,40.27,45.54,38.14,38.83,39.98,38.69,43,98.12
25192,47.76,100.87,31.02,29.33,30.49,30.49,32.61,30.66,31.02,31.93,32.51,32.03,81.77,35.62,33.31,31.93,40.27,45.35,38.01,38.83,39.98,38.69,43,97.24
25211,51.15,101.83,30.93,29.33,30.49,30.49,32.71,30.66,31.02,31.93,32.51,32.12,81.77,35.62,33.31,31.93,40.27,45.35,38.01,38.83,39.98,38.69,43,98.12
25231,38.83,101.83,30.93,29.33,30.49,30.49,32.71,30.66,31.02,31.93,32.51,32.12,81.77,35.74,33.31,31.93,40.27,45.35,38.14,38.83,39.98,38.69,43,98.12
25252,38.14,99.94,30.93,29.33,30.49,30.49,32.61,30.66,31.02,31.93,32.51,32.12,82.39,35.74,33.31,31.93,40.27,45.35,38.01,38.83,39.83,38.69,43.17,98.12
25270,45.35,101.83,30.93,29.25,30.49,30.49,32.61,30.66,30.93,31.93,32.51,32.12,83.03,35.62,33.31,31.93,40.27,45.54,38.01,38.83,39.98,38.69,43.17,98.12
25291,72.93,103.78,31.02,29.33,30.49,30.49,32.71,30.66,30.93,31.93,32.51,32.12,82.39,35.62,33.31,31.93,40.12,45.54,38.01,38.97,39.83,38.69,43.52,99.02
25309,93.86,104.79,30.93,29.33,30.49,30.49,32.61,30.66,30.93,31.93,32.51,32.12,83.03,35.62,33.31,31.93,40.27,45.54,38.01,38.97,39.83,38.69,43.35,98.12
25330,95.52,103.78,30.93,29.25,30.49,30.49,32.61,30.66,31.02,31.93,32.51,32.12,83.03,35.74,33.31,31.93,39.98,45.35,38.14,38.97,39.98,38.69,43.7,99.02
25350,96.37,102.8,30.93,29.33,30.49,30.49,32.51,30.66,31.2,31.93,32.51,32.12,83.03,35.62,33.31,31.93,40.27,45.54,38.14,38.83,39.83,38.69,43.52,98.12
25371,94.68,104.79,31.02,29.33,30.49,30.49,32.61,30.66,31.29,32.03,32.51,32.12,82.39,35.62,33.31,31.93,40.27,45.54,38.01,38.97,39.83,38.69,43.7,98.12
25389,65.81,102.8,30.93,29.33,30.49,30.49,32.51,30.66,31.02,31.93,32.51,32.12,81.77,35.62,33.31,31.84,40.27,45.54,38.14,38.97,39.83,38.69,43.35,98.12
25409,39.25,102.8,31.02,29.33,30.49,30.49,32.51,30.66,30.93,31.93,32.51,32.12,81.77,35.62,33.31,31.93,40.27,45.54,38.14,38.97,39.83,38.69,43.7,97.24
25428,40.27,101.83,31.02,29.25,30.49,30.58,32.51,30.66,31.02,31.93,32.51,32.12,82.39,35.74,33.31,31.93,40.12,45.54,38.14,38.97,39.83,38.69,43.7,99.02
25448,97.24,104.79,31.02,29.33,30.49,30.58,32.51,30.66,31.02,32.03,32.51,32.12,82.39,35.62,33.31,31.84,40.27,44.6,38.14,38.97,39.83,38.69,43.35,98.12
25467,65.02,103.78,30.93,29.33,30.49,30.58,32.51,30.66,31.11,31.93,32.51,32.12,82.39,35.62,33.31,31.93,40.27,44.79,38.14,38.97,39.83,38.69,43.17,98.12
25487,84.99,104.79,30.93,29.33,30.49,30.58,32.61,30.66,31.11,32.03,32.51,32.03,82.39,35.62,33.31,31.93,40.27,44.97,38.14,38.97,39.83,38.69,43.17,98.12
25508,78.78,103.78,30.93,29.33,30.58,30.58,32.51,30.66,31.02,32.03,32.51,32.12,82.39,35.62,33.31,31.93,40.27,45.16,38.14,38.83,39.83,38.69,43,98.12
25526,85.66,104.79,30.93,29.25,30.58,30.58,31.93,30.66,31.02,32.03,32.51,32.03,82.39,35.74,33.31,31.93,40.27,45.16,38.14,38.83,39.83,38.69,43,98.12
25547,87.04,104.79,30.84,29.25,30.49,30.58,31.84,30.75,31.02,32.03,32.51,32.12,82.39,35.62,33.31,31.93,40.27,45.16,38.14,38.97,39.83,38.55,43.17,98.12
25565,87.04,104.79,30.93,29.33,30.49,30.58,31.93,30.66,30.93,31.93,32.51,32.12,82.39,35.62,33.31,31.93,40.27,45.16,38.14,38.97,39.83,38.83,43.17,98.12
25586,97.24,104.79,30.93,29.33,30.49,30.58,31.93,30.75,30.93,32.03,32.51,32.12,82.39,35.62,33.31,31.93,40.27,45.16,38.14,38.97,39.83,38.83,43.17,99.02
25604,91.47,104.79,30.93,29.33,30.49,30.58,31.84,30.75,31.2,31.93,32.51,32.12,83.03,35.62,33.31,31.93,40.27,45.35,38.14,38.97,39.83,38.83,43.17,99.02
25624,96.37,104.79,30.84,29.33,30.58,30.58,31.84,30.66,30.93,31.93,32.51,32.12,81.77,35.62,33.31,31.93,40.27,45.16,38.14,38.97,39.83,38.69,43,98.12
25645,89.2,104.79,30.93,29.33,30.58,30.58,31.84,30.75,31.02,31.93,32.51,32.12,81.77,35.62,33.31,31.93,40.27,45.16,38.14,38.83,39.83,38.69,43,98.12
25663,79.36,103.78,30.93,29.33,30.49,30.58,31.84,30.75,31.02,31.93,32.51,32.12,82.39,35.62,33.31,31.93,40.27,45.35,38.14,38.97,39.83,38.69,43,98.12
25684,93.05,104.79,30.93,29.33,30.49,30.58,31.84,30.66,31.02,31.93,32.51,32.12,83.03,35.62,33.31,31.93,40.27,45.35,38.14,38.97,39.83,38.69,43,98.12
25702,93.05,103.78,30.93,29.33,30.49,30.58,31.84,30.66,31.02,31.93,32.51,32.03,83.03,35.62,33.31,31.84,40.27,45.35,38.14,38.97,39.83,38.83,43.17,98.12
25723,93.86,103.78,30.84,29.33,30.49,30.58,31.93,30.66,31.02,31.93,32.51,32.03,83.03,35.62,33.31,31.93,40.27,45.35,38.14,38.97,39.83,38.69,43,98.12
25741,95.52,104.79,30.93,29.33,30.58,30.58,31.93,30.75,31.02,31.93,32.51,32.12,82.39,35.74,33.31,31.93,40.27,45.35,38.14,38.97,39.83,38.83,43,98.12
25762,97.24,104.79,30.93,29.33,30.49,30.58,31.93,30.66,31.02,31.93,32.51,32.12,83.03,35.62,33.31,31.93,40.27,45.35,38.01,38.97,39.83,38.83,43,98.12
25782,93.86,104.79,30.93,29.25,30.58,30.58,31.93,30.66,31.02,31.93,32.51,32.03,83.03,35.62,33.31,31.93,40.27,45.16,38.14,38.97,39.83,38.69,43,99.02
25801,93.86,104.79,30.93,29.33,30.49,30.58,31.93,30.75,30.93,31.93,32.51,32.12,83.03,35.62,33.42,31.93,40.27,45.35,38.14,38.97,39.83,38.69,43.17,99.02
25821,94.68,104.79,30.93,29.33,30.49,30.58,31.93,30.75,31.02,31.93,32.51,32.12,81.77,35.62,33.42,31.93,40.27,45.16,38.14,38.97,39.83,38.83,43,98.12
25840,54.51,102.8,30.93,29.33,30.58,30.58,31.93,30.66,31.02,31.93,32.51,32.12,82.39,35.62,33.31,31.93,40.27,45.16,38.14,38.83,39.83,38.83,43,98.12
25860,68.75,102.8,30.93,29.33,30.49,30.58,31.93,30.66,31.02,31.93,32.51,32.03,82.39,35.62,33.31,31.93,40.27,45.16,38.14,38.97,39.83,38.83,43,98.12
25880,68.31,102.8,31.02,29.33,30.58,30.58,31.93,30.66,31.02,31.93,32.51,32.12,82.39,35.62,33.42,31.93,40.27,45.16,38.14,38.83,39.83,38.69,43,98.12
25899,62.39,103.78,31.02,29.33,30.49,30.49,31.93,30.66,31.02,31.93,32.51,32.12,82.39,35.62,33.31,31.93,40.27,45.16,38.01,38.97,39.83,38.69,43.88,97.24
25919,59.31,102.8,31.02,29.33,30.49,30.58,31.93,30.66,31.2,31.93,32.51,32.12,82.39,35.62,33.31,31.93,40.27,45.16,38.14,38.97,39.83,38.69,43.52,97.24
25938,61.33,102.8,31.02,29.25,30.49,30.49,31.93,30.66,31.38,31.93,32.51,32.12,83.03,35.62,33.31,31.93,40.27,45.16,38.01,38.83,39.83,38.69,43.52,98.12
25958,99.02,104.79,31.02,29.25,30.58,30.58,31.93,30.75,31.38,31.93,32.51,32.12,83.03,35.62,33.31,31.93,40.12,45.16,38.14,38.97,39.83,38.83,43.52,99.02
25977,99.02,104.79,31.02,29.25,30.49,30.49,32.03,30.66,31.38,31.93,32.51,32.12,83.03,35.62,33.31,31.93,40.12,45.16,38.14,38.97,39.83,38.69,43.52,99.02
25997,102.8,104.79,30.93,29.25,30.49,30.49,32.03,30.66,31.38,31.93,32.51,32.12,83.03,35.62,33.31,31.93,40.27,45.16,38.01,38.97,39.83,38.69,43.52,99.02
26016,98.12,104.79,31.02,29.33,30.49,30.49,32.03,30.75,31.38,31.93,32.51,32.12,83.03,35.62,33.31,31.93,40.12,45.16,38.14,38.83,39.68,38.69,43.17,99.02
26036,97.24,104.79,30.93,29.25,30.49,30.49,32.03,30.66,31.38,31.93,32.51,32.12,83.03,35.62,33.31,31.93,40.27,45.16,38.01,38.83,39.83,38.69,43,99.02
26057,99.02,104.79,30.93,29.33,30.49,30.49,32.03,30.75,31.38,31.93,32.51,32.12,83.03,35.62,33.42,31.93,40.12,45.16,38.14,38.83,39.83,38.69,43,98.12
26075,99.02,104.79,31.02,29.33,30.49,30.49,32.32,30.66,31.38,31.93,32.51,32.03,83.03,35.74,33.31,31.93,40.27,45.16,38.01,38.97,39.83,38.69,43,99.02
26096,97.24,104.79,31.02,29.33,30.49,30.58,32.22,30.75,31.38,31.93,32.51,32.12,83.03,35.62,33.31,31.93,40.27,45.35,38.14,38.97,39.83,38.69,43.17,99.02
26114,98.12,103.78,31.02,29.25,30.49,30.49,32.61,30.66,31.38,31.93,32.51,32.12,83.03,35.62,33.31,31.93,40.27,45.35,38.01,38.97,39.83,38.55,43,98.12
26134,98.12,104.79,30.93,29.33,30.49,30.58,32.61,30.66,31.38,31.93,32.51,32.12,83.03,35.62,33.31,31.93,40.27,45.16,38.01,38.83,39.83,38.69,43,99.02
26155,97.24,103.78,30.93,29.25,30.49,30.49,32.71,30.66,31.38,31.93,32.51,32.12,83.03,35.74,33.31,31.93,40.27,45.16,38.01,38.83,39.83,38.69,43,98.12
26173,97.24,103.78,30.93,29.33,30.49,30.49,32.81,30.75,31.38,31.93,32.51,32.12,83.03,35.62,33.31,31.93,40.27,45.35,38.14,38.97,39.83,38.69,43,99.02
26194,96.37,103.78,30.93,29.25,30.49,30.49,32.81,30.66,31.38,31.93,32.51,32.12,83.03,35.62,33.31,31.84,40.27,45.35,38.14,38.83,39.83,38.69,43,99.02
26212,95.52,103.78,30.84,29.33,30.49,30.49,32.81,30.66,31.38,31.93,32.51,32.12,83.03,35.62,33.31,31.93,40.27,45.54,38.14,38.83,39.83,38.69,43,99.02
26233,93.05,103.78,30.93,29.33,30.49,30.49,32.81,30.66,31.38,31.93,32.51,32.12,82.39,35.62,33.31,31.93,40.27,45.16,38.14,38.83,39.68,38.69,43,99.02
26251,96.37,103.78,30.93,29.25,30.49,30.49,32.61,30.66,31.38,31.93,32.51,32.12,83.03,35.62,33.31,31.93,40.27,45.16,38.14,38.83,39.83,38.69,43,99.02
26272,95.52,103.78,30.93,29.33,30.49,30.49,32.61,30.66,31.38,31.93,32.51,32.03,83.03,35.62,33.31,31.93,40.27,45.16,38.14,38.83,39.83,38.69,43,98.12
26292,71.96,101.83,30.93,29.33,30.49,30.49,32.61,30.66,31.29,31.93,32.51,32.12,81.77,35.62,33.31,31.93,40.27,45.16,38.14,38.83,39.83,38.69,43,98.12
26313,79.95,102.8,30.93,29.33,30.49,30.49,32.61,30.66,31.29,31.93,32.51,32.12,83.03,35.62,33.31,31.93,40.27,45.35,38.01,38.83,39.83,38.69,43,99.02
26331,74.95,101.83,30.93,29.33,30.49,30.49,32.71,30.66,31.29,31.93,32.51,32.12,82.39,35.62,33.31,31.93,40.27,45.35,38.14,38.83,39.83,38.69,43,98.12
26352,64.25,101.83,30.93,29.33,30.49,30.49,32.61,30.66,31.29,31.93,32.51,32.03,82.39,35.62,33.31,31.93,40.27,45.16,38.14,38.83,39.83,38.69,43,96.37
26370,67.46,84.32,30.93,29.33,30.49,30.49,32.81,30.66,31.29,31.93,32.51,32.12,82.39,35.62,33.31,31.93,40.27,45.16,38.14,38.83,39.83,38.69,43,97.24
26390,72.44,101.83,30.93,29.33,30.49,30.49,32.81,30.66,31.29,31.93,32.51,32.12,82.39,35.62,33.31,31.93,40.12,45.16,38.01,38.83,39.83,38.69,43,97.24
26411,47.55,100.87,30.93,29.33,30.49,30.49,32.81,30.66,31.29,31.93,32.51,32.12,83.03,35.62,33.31,31.93,40.27,45.16,38.14,38.83,39.83,38.69,43,97.24
26429,39.98,101.83,30.93,29.33,30.49,30.49,32.81,30.66,31.29,31.93,32.51,32.12,83.03,35.62,33.31,31.93,40.27,45.16,38.14,38.83,39.83,38.69,43,97.24
26450,40.58,100.87,30.93,29.33,30.49,30.49,32.61,30.66,31.29,31.93,32.51,32.12,83.03,35.62,33.31,31.93,40.27,45.16,38.14,38.83,39.83,38.69,43,98.12
26468,38.69,100.87,30.93,29.25,30.58,30.49,32.81,30.66,31.29,31.93,32.51,32.03,83.03,35.62,33.31,31.93,40.27,45.16,38.14,38.83,39.83,38.69,43,98.12
26489,39.11,101.83,30.93,29.25,30.49,30.49,32.81,30.66,31.38,31.93,32.51,32.12,83.03,35.74,33.31,31.93,40.27,45.16,38.01,38.83,39.83,38.69,43,98.12
26507,38.97,100.87,30.93,29.33,30.58,30.49,32.81,30.66,31.29,31.93,32.51,32.12,83.03,35.62,33.31,31.93,40.12,45.16,38.01,38.83,39.83,38.69,43.17,98.12
26530,64.25,101.83,30.93,29.33,30.49,30.49,32.81,30.66,31.29,31.93,32.51,32.12,83.03,35.62,33.31,31.93,40.12,45.16,38.14,38.83,39.83,38.69,43,97.24
26548,39.11,101.83,30.93,29.33,30.58,30.49,32.81,30.66,31.29,31.93,32.51,32.12,83.67,35.62,33.31,31.93,40.27,45.16,38.14,38.69,39.83,38.69,42.83,99.02
26569,38.97,100.87,30.93,29.33,30.49,30.49,32.81,30.66,31.29,31.93,32.51,32.12,82.39,35.74,33.31,31.93,40.27,45.16,38.01,38.83,39.83,38.69,43,97.24
26587,38.97,101.83,30.84,29.33,30.49,30.49,32.71,30.66,31.65,31.93,32.51,32.12,83.03,35.62,33.31,31.93,40.12,45.35,38.14,38.83,39.83,38.69,43,97.24
26608,42.33,100.87,30.93,29.33,30.49,30.49,32.61,30.66,31.29,31.93,32.51,32.12,83.03,35.62,33.31,31.93,40.27,45.16,38.14,38.83,39.83,38.69,43,97.24
26626,55.35,100.87,30.93,29.33,30.49,30.49,32.91,30.66,31.29,31.93,32.51,32.03,83.03,35.62,33.31,31.93,40.27,45.16,38.14,38.83,39.83,38.69,43,97.24
26646,55.64,101.83,30.93,29.25,30.58,30.49,32.81,30.66,31.29,31.93,32.51,32.03,83.03,35.62,33.31,31.93,40.27,45.16,38.01,38.83,39.83,38.69,42.83,98.12
26667,54.79,101.83,30.93,29.33,30.49,30.4,32.71,30.66,31.29,31.93,32.51,32.12,83.03,35.62,33.31,31.93,40.27,45.16,38.14,38.83,39.83,38.55,43,97.24
26685,53.43,101.83,30.93,29.33,30.49,30.49,32.81,30.66,31.29,31.93,32.51,32.12,83.03,35.62,33.31,31.93,40.12,45.16,38.14,38.83,39.83,38.69,43,98.12
26706,53.97,101.83,30.93,29.33,30.49,30.49,32.71,30.66,31.29,31.93,32.51,32.12,83.03,35.62,33.31,31.93,40.12,45.16,38.01,38.83,39.83,38.69,43,98.12
26724,52.91,101.83,30.93,29.25,30.49,30.49,32.71,30.66,31.29,31.93,32.51,32.12,83.03,35.62,33.31,31.93,40.12,45.16,38.14,38.83,39.83,38.55,43,98.12
26745,53.17,101.83,30.93,29.33,30.49,30.49,32.81,30.66,31.29,31.93,32.51,32.12,82.39,35.74,33.31,31.93,40.27,45.35,38.01,38.83,39.83,38.69,43.52,97.24
26763,70.09,101.83,30.93,29.33,30.58,30.49,32.81,30.66,31.56,31.93,32.51,32.03,83.03,35.62,33.31,31.93,40.12,45.16,38.01,38.83,39.83,38.69,43.7,98.12
26784,69.19,101.83,30.93,29.33,30.49,30.49,32.81,30.66,32.03,31.93,32.51,32.12,82.39,35.74,33.31,31.93,40.27,45.16,38.14,38.83,39.83,38.69,43.35,98.12
26804,56.81,101.83,30.93,29.33,30.49,30.49,32.81,30.66,32.12,31.93,32.51,32.12,83.03,35.62,33.31,32.03,40.27,45.16,38.14,38.83,39.83,38.69,43.35,98.12
26823,53.7,101.83,30.93,29.33,30.49,30.49,32.81,30.66,32.22,31.93,32.51,32.12,83.03,35.62,33.31,31.93,40.27,45.16,38.14,38.83,39.83,38.55,43.7,98.12
26843,56.22,101.83,30.93,29.33,30.49,30.49,32.91,30.66,32.22,31.93,32.51,32.12,82.39,35.74,33.31,31.93,40.27,45.16,38.01,38.83,39.83,38.69,43.17,97.24
26861,56.51,101.83,30.93,29.25,30.49,30.49,32.81,30.66,32.22,31.93,32.51,32.12,83.03,35.62,33.31,31.93,40.27,45.16,38.14,38.83,39.83,38.69,43.35,97.24
26882,67.46,101.83,30.93,29.33,30.49,30.49,32.91,30.66,32.22,31.93,32.51,32.12,83.03,35.62,33.31,31.93,40.27,45.16,38.14,38.83,39.83,38.69,43.17,98.12
26900,53.97,101.83,31.02,29.33,30.49,30.49,32.81,30.66,31.65,31.93,32.51,32.12,83.03,35.62,33.31,31.93,40.27,45.16,38.01,38.83,39.83,38.55,43.17,98.12
26921,52.4,101.83,30.93,29.33,30.49,30.49,32.81,30.66,31.29,31.93,32.51,32.12,83.03,35.62,33.31,31.93,40.27,45.35,38.14,38.83,39.83,38.55,43.52,98.12
26941,52.65,101.83,31.02,29.33,30.49,30.49,32.91,30.66,31.38,31.93,32.51,32.12,83.03,35.62,33.42,31.93,40.27,45.35,38.14,38.83,39.83,38.69,43.7,97.24
26960,51.89,101.83,30.93,29.33,30.49,30.58,32.91,30.66,31.29,31.93,32.51,32.12,83.03,35.62,33.31,31.93,40.12,45.16,38.01,38.83,39.83,38.69,43.7,98.12
26980,52.14,102.8,30.93,29.33,30.49,30.49,32.91,30.66,31.29,31.93,32.51,32.12,83.03,35.62,33.31,31.93,40.27,45.16,38.14,38.83,39.83,38.69,43.88,98.12
26999,52.4,101.83,30.93,29.25,30.49,30.58,32.91,30.66,31.29,31.93,32.51,32.03,83.03,35.62,33.31,31.93,40.27,45.35,38.01,38.83,39.83,38.69,43.7,98.12
27019,52.4,101.83,30.93,29.33,30.49,30.49,32.91,30.66,31.29,31.93,32.51,32.12,83.03,35.74,33.31,32.03,40.27,45.35,38.14,38.83,39.98,38.69,43.7,98.12
27038,52.4,102.8,30.93,29.33,30.58,30.58,32.91,30.66,31.29,31.93,32.51,32.12,83.03,35.74,33.31,32.03,40.27,45.16,38.01,38.83,39.83,38.69,43.52,98.12
27058,52.4,101.83,31.02,29.33,30.49,30.58,32.91,30.66,31.29,31.93,32.51,32.12,83.03,35.74,33.31,31.93,40.27,45.16,38.01,38.83,39.83,38.69,43.7,98.12
27079,52.65,101.83,31.02,29.25,30.49,30.58,32.91,30.66,31.29,31.93,32.51,32.12,83.03,35.74,33.31,32.03,40.27,45.16,38.14,38.83,39.83,38.69,43.7,98.12
27097,66.63,102.8,30.93,29.33,30.49,30.58,32.91,30.66,31.29,31.93,32.51,32.12,83.03,35.62,33.31,31.93,40.27,45.16,38.01,38.83,39.83,38.69,43.7,98.12
27117,53.43,102.8,30.93,29.33,30.49,30.58,32.91,30.66,31.38,31.93,32.51,32.12,83.03,35.62,33.31,32.03,40.27,45.16,38.01,38.83,39.83,38.69,43.52,98.12
27136,53.17,101.83,31.02,29.33,30.49,30.58,32.91,30.66,31.29,31.93,32.51,32.12,83.03,35.62,33.31,31.93,40.27,45.16,38.14,38.83,39.83,38.55,43.7,98.12
27156,53.7,101.83,31.02,29.33,30.49,30.58,32.81,30.66,31.29,31.93,32.51,32.03,83.03,35.74,33.31,31.93,40.27,45.16,38.01,38.83,39.83,38.69,43.52,97.24
27177,52.91,102.8,31.02,29.33,30.58,30.58,32.91,30.66,31.29,31.93,32.51,32.03,83.03,35.74,33.31,31.93,40.27,45.16,38.14,38.83,39.83,38.69,43.7,97.24
27197,53.17,102.8,30.93,29.33,30.49,30.58,32.91,30.66,31.29,31.93,32.51,32.12,83.03,35.62,33.31,31.93,40.27,45.16,38.01,38.83,39.83,38.69,43.52,97.24
27216,52.91,102.8,31.02,29.33,30.58,30.58,32.91,30.66,31.29,31.93,32.51,32.12,83.03,35.62,33.31,32.03,40.27,45.16,38.14,38.69,39.83,38.69,43.52,98.12
27236,53.17,102.8,31.02,29.33,30.58,30.58,32.91,30.66,31.29,31.93,32.51,32.12,83.67,35.62,33.42,31.93,40.27,45.35,38.01,38.83,39.83,38.69,43.52,97.24
27257,53.97,102.8,31.02,29.33,30.49,30.58,32.91,30.66,31.29,31.93,32.51,32.12,83.03,35.62,33.31,32.03,40.27,45.16,38.01,38.83,39.83,38.69,43.52,98.12
27275,54.51,102.8,31.02,29.33,30.49,30.58,32.91,30.66,31.29,31.93,32.51,32.12,82.39,35.74,33.31,32.03,40.12,45.16,38.14,38.83,39.83,38.69,43.7,98.12
27296,55.07,102.8,30.93,29.33,30.49,30.58,32.91,30.66,31.29,31.93,32.51,32.12,83.03,35.62,33.31,31.93,40.27,45.16,38.01,38.83,39.83,38.69,43.88,98.12
27314,54.51,102.8,31.02,29.25,30.49,30.49,32.91,30.66,31.29,31.93,32.51,32.12,82.39,35.74,33.31,32.03,40.27,45.16,38.14,38.83,39.98,38.69,43.7,97.24
27335,55.07,101.83,30.93,29.25,30.49,30.49,32.81,30.66,31.29,31.93,32.51,32.03,83.03,35.62,33.31,32.03,40.27,45.35,38.01,38.83,39.83,38.69,43.7,98.12
27355,54.24,102.8,31.02,29.33,30.49,30.58,32.81,30.66,31.29,31.93,32.51,32.12,83.03,35.62,33.31,32.03,40.27,45.16,38.14,38.83,39.83,38.69,43.7,97.24
27373,53.97,101.83,30.93,29.25,30.49,30.49,32.71,30.66,31.29,31.93,32.51,32.12,83.03,35.62,33.31,31.93,40.12,45.35,38.14,38.83,39.83,38.69,43.7,97.24
27394,54.51,102.8,30.93,29.33,30.49,30.49,32.71,30.66,31.29,31.93,32.51,32.12,83.03,35.62,33.31,31.93,40.27,45.16,38.14,38.83,39.83,38.69,43.52,98.12
27412,54.79,102.8,31.02,29.25,30.49,30.49,32.71,30.66,31.29,31.93,32.51,32.12,83.03,35.62,33.31,31.93,40.27,45.35,38.01,38.97,39.83,38.69,43.52,98.12
27433,96.37,103.78,30.93,29.25,30.49,30.49,31.93,30.66,31.29,31.93,32.51,32.12,82.39,35.62,33.31,31.93,40.27,45.35,38.14,38.97,39.83,38.69,43.7,98.12
27453,53.43,102.8,31.02,29.25,30.49,30.49,31.93,30.66,31.29,31.93,32.51,32.12,82.39,35.62,33.31,31.93,40.27,45.16,38.14,38.83,39.83,38.69,43.52,98.12
27472,54.24,101.83,30.93,29.25,30.49,30.58,31.93,30.66,31.29,31.93,32.51,32.12,82.39,35.62,33.31,31.93,40.27,45.16,38.14,38.83,39.98,38.69,43.52,98.12
27492,54.51,101.83,30.93,29.33,30.49,30.49,32.61,30.66,31.38,31.93,32.51,32.12,82.39,35.62,33.31,31.93,40.27,45.35,38.14,38.97,39.83,38.83,43.52,98.12
27511,65.81,101.83,30.93,29.25,30.49,30.58,32.71,30.66,31.11,31.93,32.51,32.12,82.39,35.62,33.31,31.93,39.98,45.16,38.14,38.97,39.83,38.69,43.52,97.24
27531,55.64,99.94,30.93,29.33,30.49,30.58,31.93,30.66,31.29,31.93,32.51,32.12,83.03,35.62,33.31,31.93,40.12,45.35,38.01,38.97,39.83,38.69,43.52,98.12
27550,56.81,101.83,31.02,29.33,30.49,30.58,31.93,30.66,31.38,31.93,32.51,32.12,82.39,35.62,33.31,31.93,40.27,45.35,38.14,38.83,39.83,38.69,43.52,98.12
27570,54.79,101.83,31.02,29.25,30.49,30.58,31.84,30.75,31.38,31.93,32.51,32.12,82.39,35.62,33.31,31.93,40.27,45.16,38.14,38.97,39.83,38.69,43.52,98.12
27591,55.64,101.83,31.02,29.33,30.58,30.58,31.93,30.66,31.38,31.93,32.51,32.03,82.39,35.62,33.31,31.93,40.27,45.35,38.14,38.97,39.83,38.69,43.52,98.12
27609,50.67,101.83,30.93,29.25,30.49,30.58,31.93,30.75,31.38,31.93,32.51,32.12,82.39,35.62,33.31,31.93,40.27,45.16,38.01,38.97,39.83,38.69,43.52,98.12
27629,95.52,103.78,31.02,29.25,30.49,30.58,31.84,30.66,31.38,31.93,32.51,32.12,82.39,35.62,33.31,31.93,40.27,45.35,38.14,38.97,39.83,38.69,43.52,99.02
27648,96.37,101.83,30.93,29.33,30.49,30.58,31.84,30.75,31.38,42.49,32.51,32.03,83.03,35.62,33.31,31.84,40.27,45.35,38.14,38.97,39.83,38.83,43.52,99.02
27668,96.37,103.78,30.93,29.33,30.58,30.58,31.84,30.75,31.38,42.49,32.51,32.12,83.03,35.62,33.31,31.93,40.27,45.35,38.14,38.97,39.83,38.69,43.52,99.02
27687,96.37,104.79,30.93,29.25,30.58,30.58,31.84,30.75,31.38,42.33,32.51,32.12,83.03,35.62,33.31,31.93,40.27,45.35,38.14,38.97,39.83,38.83,43.35,99.02
27707,96.37,104.79,30.93,29.33,30.58,30.58,31.84,30.75,31.47,42.33,32.51,32.03,82.39,35.74,33.42,31.93,40.27,45.35,38.14,38.97,39.83,38.69,43.52,99.02
27728,96.37,104.79,30.93,29.33,30.58,30.58,31.84,30.75,31.47,42.33,32.51,32.03,83.03,35.62,33.31,31.84,40.27,45.35,38.14,38.97,39.83,38.69,43.7,98.12
27746,96.37,103.78,30.93,29.33,30.58,30.58,31.84,30.75,31.47,42.33,32.51,32.12,82.39,35.62,33.42,31.93,40.27,45.35,38.01,38.97,39.83,38.83,43.35,99.02
27767,93.86,103.78,30.93,29.33,30.49,30.58,31.84,30.75,31.47,42.33,32.51,32.03,81.77,35.62,33.42,31.93,40.27,45.35,38.14,38.83,39.83,38.69,43.35,98.12
27785,79.36,102.8,30.93,29.33,30.58,30.58,31.84,30.75,31.47,42.33,32.51,32.12,82.39,35.62,33.31,31.93,40.27,45.35,38.14,38.97,39.83,38.83,43.7,98.12
27806,87.04,103.78,30.93,29.33,30.58,30.58,31.93,30.75,31.47,42.33,32.51,32.03,82.39,35.62,33.42,31.93,40.27,45.35,38.14,38.97,39.83,38.83,43.7,98.12
27826,48.4,101.83,31.02,29.33,30.58,30.58,31.84,30.75,31.38,42.16,32.51,32.12,82.39,35.62,33.42,31.93,40.27,45.35,38.14,38.97,39.83,38.83,43.52,98.12
27845,47.13,101.83,31.02,29.33,30.58,30.58,31.84,30.75,31.47,36.84,32.51,32.12,82.39,35.62,33.31,31.93,40.27,45.35,38.14,38.97,39.83,38.83,43.7,97.24
27865,47.97,100.87,31.02,29.33,30.58,30.58,31.84,30.75,31.47,36.71,32.51,32.03,82.39,35.62,33.31,31.93,40.27,45.35,38.14,38.83,39.83,38.69,43.52,98.12
27883,49.06,101.83,31.02,29.33,30.49,30.58,31.84,30.66,31.38,36.71,32.51,32.03,82.39,35.62,33.42,31.93,40.27,45.35,38.14,38.83,39.83,38.83,43.7,98.12
27904,47.13,101.83,31.02,29.33,30.58,30.58,31.84,30.75,31.38,37.48,32.51,32.03,82.39,35.62,33.31,31.93,40.27,45.35,38.14,38.97,39.83,38.83,43.7,98.12
27922,47.76,101.83,30.93,29.33,30.49,30.58,31.93,30.66,31.47,37.09,32.51,32.03,82.39,35.62,33.31,31.93,40.27,45.35,38.14,38.97,39.83,38.83,43.7,98.12
27943,46.52,101.83,31.02,29.25,30.58,30.58,31.84,30.75,31.47,36.96,32.51,32.03,82.39,35.74,33.42,31.93,40.27,45.35,38.14,38.97,39.83,38.83,43.52,98.12
27963,56.51,102.8,31.02,29.25,30.49,30.58,31.84,30.75,31.47,36.46,32.51,32.03,82.39,35.74,33.42,31.93,40.27,45.35,38.14,38.97,39.83,38.83,43.17,98.12
27982,44.24,101.83,31.02,29.25,30.49,30.58,31.93,30.75,31.47,36.96,32.51,32.12,82.39,35.74,33.42,31.93,40.27,45.35,38.14,38.83,39.83,38.83,43.17,98.12
28002,41.84,101.83,30.93,29.33,30.49,30.58,31.93,30.66,31.47,36.96,32.51,32.03,82.39,35.62,33.42,31.93,40.27,45.35,38.14,38.97,39.83,38.69,43.52,97.24
28021,41.84,101.83,30.93,29.33,30.58,30.58,31.93,30.75,31.38,36.96,32.51,32.12,82.39,35.62,33.31,31.84,40.27,45.16,38.01,38.97,39.83,38.69,43.52,98.12
28041,52.91,101.83,31.02,29.33,30.49,30.58,31.93,30.66,31.38,37.09,32.51,32.12,81.77,35.62,33.31,31.93,40.27,45.35,38.14,38.97,39.83,38.69,43.35,98.12
28060,52.65,101.83,31.02,29.33,30.58,30.58,31.93,30.75,31.38,36.71,32.51,32.12,82.39,35.62,33.42,31.93,40.27,45.16,38.14,38.97,39.83,38.69,43.52,99.02
28080,94.68,102.8,30.93,29.33,30.49,30.49,31.84,30.75,31.38,37.48,32.51,32.12,82.39,35.74,33.42,31.93,40.27,45.35,38.14,38.97,39.83,38.83,43.52,99.02
28101,96.37,103.78,31.02,29.33,30.58,30.49,31.93,30.75,31.38,36.59,32.51,32.03,82.39,35.62,33.42,31.93,40.27,45.35,38.01,38.97,39.83,38.69,43.52,98.12
28119,95.52,103.78,31.02,29.33,30.49,30.49,31.93,30.75,31.38,36.59,32.51,32.12,83.03,35.62,33.31,31.93,40.27,45.35,38.14,38.97,39.83,38.69,43.52,98.12
28139,95.52,103.78,30.93,29.25,30.49,30.49,31.93,30.75,31.38,36.34,32.51,32.12,82.39,35.62,33.42,31.93,40.27,45.35,38.14,38.97,39.83,38.69,43.52,99.02
28158,95.52,103.78,31.02,29.33,30.49,30.49,31.93,30.75,31.38,36.46,32.51,32.12,83.03,35.62,33.31,31.93,40.27,45.35,38.14,38.97,39.83,38.83,43.52,99.02
28178,96.37,103.78,30.93,29.33,30.58,30.49,31.93,30.66,31.38,38.41,32.51,32.12,82.39,35.62,33.42,31.93,40.27,45.35,38.14,38.97,39.83,38.69,43.52,98.12
28199,95.52,103.78,30.93,29.25,30.49,30.49,31.93,30.75,31.38,37.61,32.51,32.03,83.67,35.62,33.42,31.93,40.27,45.16,38.14,38.97,39.83,38.69,43.52,99.02
28217,95.52,102.8,30.93,29.25,30.58,30.49,31.84,30.66,31.38,38.01,32.51,32.12,83.67,35.62,33.42,31.93,40.27,45.35,38.14,38.97,39.68,38.69,43.52,99.02
28238,95.52,102.8,30.93,29.33,30.49,30.49,31.93,30.75,31.11,38.97,32.51,32.03,83.67,35.62,33.42,31.93,40.27,45.35,38.14,38.97,39.83,38.69,43.52,99.02
28256,95.52,101.83,30.93,29.25,30.49,30.49,31.93,30.66,31.11,38.83,32.51,32.12,83.67,35.62,33.42,31.93,40.27,45.35,38.14,38.97,39.83,38.69,43.52,99.02
28277,97.24,102.8,30.93,29.33,30.49,30.49,32.61,30.66,31.2,38.01,32.51,32.12,83.03,35.62,33.42,31.93,40.27,45.16,38.14,38.83,39.83,38.69,43.52,98.12
28295,97.24,102.8,30.84,29.33,30.49,30.49,32.71,30.66,31.29,31.65,32.51,32.03,83.03,35.62,33.31,31.93,40.12,45.35,38.14,38.83,39.83,38.69,43.52,98.12
28316,97.24,100.87,30.93,29.33,30.49,30.49,32.61,30.66,31.38,31.65,32.51,32.12,83.03,35.62,33.42,31.93,40.27,45.35,38.14,38.83,39.83,38.69,43.52,99.02
28336,97.24,102.8,30.93,29.33,30.49,30.49,32.61,30.66,31.38,31.65,32.51,32.12,83.67,35.62,33.31,31.93,40.27,45.35,38.14,38.97,39.83,38.69,43.35,99.02
28354,97.24,102.8,31.02,29.25,30.49,30.49,32.61,30.66,31.38,31.65,32.51,32.12,83.67,35.74,33.31,31.93,40.27,45.35,38.01,38.97,39.83,38.55,43.35,99.02
28375,97.24,101.83,30.93,29.25,30.49,30.49,32.61,30.66,31.38,31.65,32.51,32.12,83.67,35.62,33.31,31.93,40.27,45.35,38.14,38.97,39.83,38.69,43.52,99.02
28393,97.24,102.8,31.02,29.33,30.49,30.49,32.61,30.66,31.38,31.65,32.51,32.12,83.67,35.74,33.31,31.93,40.27,45.35,38.14,38.83,39.83,38.69,43.52,99.02
28414,97.24,102.8,30.93,29.33,30.49,30.49,32.61,30.66,31.38,31.65,32.51,32.12,83.67,35.62,33.42,31.93,40.27,45.35,38.14,38.83,39.83,38.69,43.52,99.02
28432,98.12,102.8,31.02,29.25,30.49,30.49,32.61,30.66,31.38,31.65,32.51,32.12,83.67,35.62,33.42,31.93,40.27,45.16,38.14,38.83,39.83,38.69,43.52,99.02
28453,97.24,102.8,30.93,29.33,30.49,30.49,32.61,30.66,31.38,31.65,32.51,32.03,83.03,35.62,33.42,31.93,40.27,45.35,38.14,38.83,39.83,38.69,43.52,98.12
28473,98.12,102.8,30.93,29.33,30.49,30.4,32.61,30.66,31.38,31.65,32.51,32.03,83.03,35.62,33.31,31.93,40.27,45.16,38.01,38.83,39.83,38.69,43.52,98.12
28492,97.24,102.8,30.93,29.33,30.49,30.49,32.61,30.66,31.38,31.93,32.51,32.12,83.03,35.62,33.31,31.93,40.27,45.16,38.14,38.83,39.83,38.69,43.52,99.02
28512,97.24,102.8,30.93,29.33,30.49,30.4,32.71,30.66,31.29,31.93,32.51,32.12,83.03,35.62,33.42,31.93,40.12,45.35,38.14,38.83,39.83,38.69,43.52,99.02
28531,97.24,102.8,30.93,29.33,30.49,30.4,32.71,30.66,31.11,31.93,32.51,32.12,83.03,35.62,33.31,31.93,40.27,45.35,38.14,38.83,39.83,38.69,43.52,99.02
28551,97.24,102.8,30.93,29.33,30.49,30.49,32.61,30.66,31.02,31.93,32.51,32.12,83.67,35.62,33.31,31.93,40.27,45.16,38.14,38.83,39.83,38.69,43.52,99.02
28572,97.24,102.8,30.84,29.33,30.49,30.4,32.51,30.66,31.11,31.93,32.51,32.12,83.03,35.74,33.31,31.93,40.12,45.35,38.14,38.83,39.83,38.69,43.52,98.12
28590,97.24,102.8,30.93,29.33,30.49,30.4,32.51,30.66,31.2,31.93,32.51,32.12,83.67,35.62,33.31,31.93,40.12,45.35,38.01,38.83,39.83,38.69,43.52,99.02
28610,97.24,102.8,30.93,29.25,30.49,30.4,32.51,30.66,31.29,31.93,32.51,32.03,83.03,35.62,33.31,31.93,40.27,45.35,38.14,38.83,39.83,38.69,43.52,98.12
28629,97.24,103.78,30.93,29.33,30.49,30.4,32.51,30.66,31.29,31.93,32.51,32.12,83.03,35.62,33.31,32.03,40.27,45.35,38.01,38.83,39.83,38.69,43.52,99.02
28649,97.24,103.78,31.02,29.25,30.49,30.49,32.51,30.66,31.29,31.93,32.51,32.03,83.03,35.62,33.31,31.93,40.27,45.35,38.14,38.83,39.83,38.69,43.35,99.02
28668,97.24,103.78,30.93,29.25,30.49,30.49,32.51,30.66,31.29,31.93,32.51,32.12,83.03,35.74,33.31,31.93,40.27,45.35,38.14,38.83,39.83,38.69,43.52,99.02
28688,97.24,103.78,30.93,29.33,30.49,30.4,32.61,30.66,31.29,31.93,32.51,32.12,83.67,35.74,33.31,31.93,40.27,45.35,38.14,38.83,39.83,38.69,43.52,98.12
28709,97.24,102.8,30.93,29.25,30.49,30.49,32.51,30.66,31.11,32.03,32.51,32.12,83.67,35.62,33.31,31.93,40.27,45.16,38.01,38.83,39.83,38.69,43.52,98.12
28727,97.24,103.78,30.93,29.33,30.49,30.49,32.61,30.66,31.11,31.93,32.51,32.12,83.67,35.62,33.31,31.93,40.27,45.35,38.14,38.83,39.83,38.69,43.35,98.12
28748,96.37,103.78,31.02,29.33,30.49,30.49,32.71,30.66,31.29,31.93,32.51,32.12,83.03,35.62,33.31,31.93,40.27,45.35,38.14,38.83,39.83,38.55,43.52,99.02
28766,97.24,103.78,31.02,29.33,30.58,30.49,32.71,30.66,31.29,31.93,32.51,32.12,82.39,35.74,33.31,31.93,40.27,45.35,38.14,38.83,39.83,38.69,43.35,99.02
28787,97.24,103.78,31.38,29.33,30.49,30.49,32.71,30.66,31.29,31.93,32.51,32.12,83.03,35.74,33.31,31.93,40.27,45.35,38.01,38.83,39.83,38.69,43.52,98.12
28805,96.37,103.78,31.38,29.33,30.49,30.49,32.71,30.66,31.29,31.93,32.51,32.12,83.03,35.74,33.31,31.93,40.27,45.16,38.14,38.83,39.83,38.55,43.52,99.02
28826,96.37,103.78,31.38,29.33,30.49,30.49,32.61,30.66,31.29,31.93,32.51,32.12,83.03,35.74,33.31,31.93,40.12,45.16,38.14,38.83,39.83,38.69,43.52,98.12
28846,96.37,103.78,30.93,29.33,30.49,30.49,32.51,30.66,31.29,31.93,32.51,32.12,83.03,35.62,33.31,31.93,40.27,45.16,38.14,38.83,39.83,38.69,43.52,99.02
28864,96.37,103.78,30.93,29.33,30.49,30.49,32.61,30.66,31.29,31.93,32.51,32.12,83.03,35.62,33.31,31.93,40.27,45.35,38.01,38.83,39.83,38.69,43.52,99.02
28885,96.37,103.78,30.93,29.25,30.49,30.49,32.91,30.66,31.29,31.93,32.51,32.12,83.03,35.74,33.31,31.93,40.27,45.35,38.14,38.83,39.83,38.69,43.7,99.02
28903,96.37,103.78,30.93,29.33,30.49,30.49,32.71,30.66,31.29,31.93,32.51,32.03,83.03,35.62,33.31,31.93,40.27,45.35,38.14,38.83,39.83,38.69,43.35,99.02
28924,96.37,103.78,31.02,29.33,30.49,30.49,32.71,30.66,31.29,31.93,32.51,32.12,83.03,35.74,33.31,32.03,40.27,45.35,38.14,38.83,39.83,38.69,43.52,98.12
28944,96.37,103.78,31.02,29.33,30.49,30.49,32.71,30.66,31.29,31.93,32.51,32.03,83.03,35.62,33.31,31.93,40.27,45.35,38.01,38.97,39.83,38.69,43.52,98.12
28963,96.37,103.78,30.93,29.33,30.49,30.49,32.71,30.66,31.29,31.93,32.51,32.03,83.03,35.74,33.31,31.93,40.12,45.35,38.14,38.83,39.83,38.69,43.52,98.12
28983,97.24,103.78,31.02,29.33,30.49,30.49,32.61,30.66,31.29,31.93,32.51,32.12,83.03,35.62,33.31,31.93,40.27,45.35,38.01,38.83,39.83,38.69,43.52,99.02
29002,96.37,103.78,31.02,29.33,30.49,30.49,32.71,30.66,31.29,31.93,32.51,32.12,83.03,35.74,33.31,31.93,40.27,45.35,38.14,38.83,39.83,38.69,43.52,98.12
29022,96.37,103.78,31.02,29.33,30.49,30.49,32.71,30.66,31.29,31.93,32.51,32.12,83.03,35.62,33.31,31.93,40.27,45.35,38.14,38.83,39.83,38.69,43.52,98.12
29041,96.37,104.79,31.38,29.25,30.49,30.49,32.71,30.66,31.29,31.93,32.51,32.12,83.03,35.62,33.31,31.93,40.27,45.35,38.01,38.83,39.83,38.69,43.52,97.24
29061,97.24,103.78,31.38,29.33,30.58,30.49,32.71,30.66,31.29,31.93,32.51,32.12,83.03,35.62,33.31,31.93,40.27,45.16,38.01,38.83,39.83,38.69,43.52,99.02
29082,97.24,103.78,31.38,29.33,30.49,30.49,32.71,30.66,31.29,31.93,32.51,32.12,83.03,35.74,33.31,31.93,40.12,45.16,38.01,38.83,39.83,38.69,43.52,98.12
29100,96.37,103.78,31.38,29.33,30.49,30.49,32.81,30.66,31.29,31.93,32.51,32.03,83.03,35.62,33.31,31.93,40.12,45.16,38.14,38.83,39.83,38.69,43.35,98.12
29120,97.24,103.78,31.38,29.25,30.49,30.49,32.81,30.66,31.29,31.93,32.51,32.12,83.03,35.74,33.31,31.93,39.98,45.16,38.14,38.83,39.83,38.69,43.52,98.12
29139,97.24,103.78,31.38,29.33,30.49,30.49,32.71,30.66,31.29,31.93,32.51,32.12,83.03,35.62,33.31,32.03,40.12,45.35,38.14,38.83,39.83,38.55,43.35,98.12
29159,97.24,103.78,31.38,29.25,30.49,30.49,32.81,30.66,31.29,31.93,32.51,32.12,83.03,35.62,33.31,32.03,40.12,45.16,38.14,38.83,39.83,38.69,43.52,99.02
29178,97.24,103.78,30.93,29.33,30.49,30.49,32.81,30.66,31.29,31.93,32.51,32.12,83.03,35.62,33.31,31.93,40.27,45.35,38.14,38.83,39.83,38.69,43.52,96.37
29198,97.24,103.78,31.02,29.33,30.49,30.49,32.81,30.66,31.29,31.93,32.51,32.03,83.03,35.62,33.31,31.84,40.12,45.16,38.14,38.83,39.83,38.69,43.52,99.02
29219,97.24,103.78,31.02,29.33,30.49,30.49,32.71,30.66,31.29,31.93,32.51,32.12,83.03,35.74,33.21,31.93,40.12,45.16,38.14,38.83,39.83,38.69,43.52,99.02
29237,97.24,104.79,31.02,29.33,30.49,30.49,32.71,30.66,31.29,31.93,32.51,32.12,83.03,35.62,33.31,32.03,40.12,45.35,38.14,38.83,39.83,38.69,43.52,99.02
29258,97.24,103.78,30.93,29.33,30.49,30.49,32.71,30.66,31.29,31.93,32.51,32.12,83.03,35.62,33.31,31.93,40.27,45.35,38.14,38.83,39.83,38.69,43.52,98.12
29276,97.24,103.78,30.93,29.25,30.49,30.49,32.71,30.66,31.29,31.93,32.51,32.12,83.03,35.74,33.31,31.93,40.27,45.16,38.14,38.83,39.83,38.69,43.7,98.12
29297,93.05,102.8,31.02,29.33,30.49,30.49,32.71,30.66,31.29,31.93,32.51,32.12,82.39,35.62,33.31,31.93,40.27,45.35,38.01,38.83,39.83,38.69,43.52,98.12
29317,52.14,101.83,31.02,29.25,30.49,30.49,32.71,30.66,31.29,31.93,32.51,32.03,83.03,35.74,33.31,31.93,40.27,45.35,38.14,38.83,39.83,38.69,43.52,98.12
29335,48.4,101.83,31.02,29.33,30.58,30.49,32.71,30.66,31.29,31.93,32.51,32.12,83.03,35.74,33.31,31.93,40.27,45.16,38.14,38.83,39.83,38.69,43.52,98.12
29356,47.55,101.83,30.93,29.25,30.49,30.49,32.71,30.66,31.29,31.93,32.51,32.12,82.39,35.62,33.31,31.93,40.12,45.16,38.14,38.83,39.83,38.69,43.52,97.24
29374,45.35,101.83,30.93,29.25,30.49,30.49,32.61,30.66,31.29,31.93,32.51,32.03,82.39,35.74,33.31,31.93,40.27,45.16,38.14,38.83,39.83,38.69,43.35,98.12
29395,41.84,101.83,30.93,29.33,30.49,30.49,32.61,30.66,31.29,31.93,32.51,32.12,82.39,35.62,33.31,31.93,40.27,45.16,38.01,38.97,39.83,38.69,43.52,98.12
29413,62.39,102.8,30.93,29.33,30.49,30.49,32.71,30.66,31.29,31.93,32.51,32.12,82.39,35.62,33.31,31.93,40.27,45.16,38.14,38.97,39.83,38.69,43.52,99.02
29434,96.37,104.79,30.93,29.33,30.49,30.49,32.51,30.66,31.29,31.93,32.51,32.12,82.39,35.62,33.31,31.93,40.12,45.35,38.01,38.83,39.83,38.69,43.52,98.12
29454,97.24,104.79,31.02,29.33,30.49,30.49,32.32,30.66,31.29,31.93,32.51,32.12,82.39,35.62,33.31,31.93,40.27,45.35,38.14,38.83,39.83,38.69,43.52,97.24
29473,42.33,101.83,30.93,29.33,30.49,30.49,31.93,30.66,31.38,31.93,32.51,32.12,82.39,35.62,33.31,31.93,40.27,45.35,38.14,38.83,39.83,38.69,43.52,98.12
29493,40.88,103.78,30.93,29.25,30.49,30.49,32.51,30.66,31.11,31.93,32.51,32.12,83.03,35.62,33.31,31.93,40.12,45.35,38.14,38.83,39.83,38.83,43.17,99.02
29512,97.24,104.79,30.93,29.25,30.58,30.49,31.84,30.66,31.11,31.93,32.51,32.12,83.03,35.62,33.31,31.93,40.27,45.16,38.14,38.83,39.83,38.69,43.52,98.12
29532,50.91,101.83,31.02,29.33,30.49,30.58,31.93,30.66,31.11,31.93,32.51,32.03,82.39,35.62,33.31,31.93,40.27,45.35,38.14,38.97,39.83,38.69,43.52,98.12
29551,59.63,102.8,31.02,29.33,30.49,30.49,31.84,30.66,31.11,31.93,32.51,32.12,82.39,35.62,33.31,31.93,40.27,45.35,38.01,38.97,39.83,38.69,43.52,98.12
29571,62.39,101.83,30.93,29.25,30.49,30.49,31.84,30.66,31.11,31.93,32.51,32.12,81.77,35.62,33.31,31.93,40.27,45.16,38.14,38.97,39.83,38.83,43.52,98.12
29591,62.03,102.8,30.93,29.25,30.58,30.49,31.84,30.66,31.11,31.93,32.51,32.12,82.39,35.62,33.31,31.93,40.27,45.16,38.14,38.83,39.83,38.83,43.52,98.12
29610,71.01,102.8,31.02,29.33,30.58,30.58,31.84,30.66,31.2,44.24,32.51,32.12,83.03,35.62,33.31,31.93,39.98,45.35,38.14,38.97,39.83,38.69,43.52,99.02
29630,98.12,104.79,31.02,29.33,30.49,30.49,31.84,30.66,31.11,43.7,32.51,32.12,81.15,35.62,33.31,31.93,40.27,45.35,38.14,38.97,39.83,38.83,43.52,98.12
29649,51.89,102.8,30.93,29.25,30.49,30.58,31.84,30.75,31.11,44.24,32.51,32.03,83.03,35.62,33.31,31.93,40.27,45.35,38.14,38.97,39.83,38.83,43.52,99.02
29669,53.97,102.8,31.02,29.25,30.49,30.58,31.84,30.75,31.2,44.24,32.51,32.12,82.39,35.62,33.31,31.93,40.27,45.35,38.01,38.83,39.83,38.83,43.52,98.12
29688,52.14,102.8,31.02,29.25,30.49,30.49,31.84,30.66,31.11,44.06,32.51,32.12,82.39,35.62,33.31,31.93,40.27,45.35,38.14,38.97,39.83,38.69,43.52,98.12
29708,46.52,102.8,31.02,29.25,30.49,30.49,31.84,30.75,31.11,39.68,32.51,32.12,82.39,35.62,33.31,31.84,40.12,45.35,38.14,38.97,39.83,38.83,43.52,98.12
29729,47.34,101.83,31.02,29.25,30.49,30.58,31.84,30.66,31.11,37.87,32.51,32.12,82.39,35.62,33.31,31.93,39.98,45.16,38.14,38.83,39.83,38.83,43.52,98.12
29747,46.32,101.83,31.02,29.33,30.58,30.58,31.93,30.75,31.2,38.97,32.51,32.12,82.39,35.62,33.31,31.93,40.27,45.35,38.14,38.97,39.83,38.83,43.52,98.12
29768,47.13,102.8,30.93,29.25,30.49,30.58,31.84,30.75,31.2,39.11,32.51,32.03,82.39,35.62,33.31,31.93,40.27,45.16,38.14,38.97,39.98,38.69,43.52,98.12
29786,46.73,101.83,30.93,29.33,30.49,30.49,31.84,30.75,31.2,38.55,32.51,32.12,82.39,35.62,33.31,31.84,40.12,45.35,38.14,38.97,39.83,38.69,43.52,98.12
29807,56.81,101.83,30.93,29.33,30.49,30.58,31.93,30.75,31.11,38.01,32.51,32.12,83.03,35.62,33.31,31.93,39.98,45.16,38.14,38.97,39.83,38.69,43.52,98.12
29827,50.67,102.8,30.93,29.33,30.49,30.58,31.84,30.75,31.11,38.83,32.51,32.03,81.77,35.62,33.31,31.93,40.12,45.16,38.14,38.83,39.83,38.83,43.52,98.12
29845,53.43,101.83,30.93,29.33,30.49,30.58,31.93,30.75,31.11,39.25,32.51,32.12,82.39,35.62,33.42,31.93,40.12,44.97,38.14,38.97,39.83,38.83,43.52,98.12
29866,44.79,101.83,30.84,29.25,30.58,30.58,31.84,30.75,31.2,38.55,32.51,32.12,82.39,35.62,33.31,31.93,40.27,44.79,38.14,38.97,39.98,38.83,43.52,97.24
29884,51.4,102.8,30.84,29.25,30.49,30.58,31.93,30.66,31.11,39.11,32.51,32.12,81.77,35.62,33.42,31.93,40.27,44.6,38.14,38.83,39.83,38.83,43.35,98.12
29905,49.29,101.83,30.93,29.33,30.49,30.58,31.84,30.66,31.2,38.83,32.51,32.03,82.39,35.62,33.42,31.93,40.27,44.42,38.14,38.83,39.83,38.83,43.35,98.12
29923,43,101.83,30.84,29.25,30.49,30.58,31.84,30.75,31.11,39.25,32.51,32.12,81.77,35.62,33.42,31.93,40.27,44.6,38.14,38.83,39.98,38.83,43.52,97.24
29944,42.66,100.87,31.02,29.25,30.49,30.49,31.84,30.66,31.2,38.97,32.51,32.12,81.77,35.62,33.42,31.93,40.27,44.42,38.14,38.97,39.98,38.69,43.35,98.12
29964,43.35,101.83,31.02,29.25,30.49,30.49,31.93,30.66,31.11,38.83,32.51,32.12,82.39,35.62,33.31,31.93,40.27,44.6,38.01,38.97,39.83,38.83,43.52,98.12
29983,43.7,101.83,31.02,29.25,30.49,30.49,31.93,30.66,31.11,38.14,32.51,32.12,82.39,35.62,33.31,31.93,40.27,44.6,38.14,38.83,39.83,38.69,43.52,98.12
30003,44.24,102.8,30.93,29.25,30.49,30.4,31.93,30.66,31.11,38.83,32.51,32.12,82.39,35.74,33.42,31.93,40.12,44.42,38.14,38.97,39.83,38.83,43.52,98.12
30022,59.63,102.8,31.02,29.25,30.49,30.49,31.93,30.75,31.11,37.74,32.51,32.12,82.39,35.62,33.31,31.93,40.27,44.6,38.14,38.83,39.83,38.69,43.35,97.24
30042,65.81,102.8,31.02,29.33,30.49,30.49,31.93,30.66,31.2,38.01,32.51,32.12,82.39,35.62,33.31,31.93,40.27,44.6,38.01,38.97,39.83,38.83,43.52,98.12
30063,41.35,101.83,31.02,29.25,30.49,30.49,31.84,30.66,31.38,31.65,32.51,32.12,83.03,35.62,33.31,31.93,40.27,44.6,38.01,38.97,39.83,38.83,43.52,99.02
30081,102.8,104.79,30.93,29.25,30.49,30.49,31.93,30.66,31.38,31.65,32.51,32.03,83.03,35.62,33.31,31.93,40.27,44.42,38.14,38.97,39.83,38.69,43.52,99.02
30101,103.78,104.79,30.93,29.25,30.49,30.49,31.93,30.66,31.38,31.56,32.51,32.12,83.03,35.62,33.31,31.84,40.27,44.6,38.14,38.83,39.83,38.69,43.52,99.02
30120,102.8,103.78,30.93,29.25,30.49,30.4,31.93,30.66,31.38,31.65,32.51,32.12,83.03,35.62,33.31,31.93,40.27,44.6,38.14,38.97,39.83,38.83,43.52,98.12
30140,102.8,103.78,30.93,29.25,30.49,30.49,32.12,30.66,31.38,31.65,32.51,32.03,83.03,35.62,33.31,31.93,40.27,44.6,38.14,38.97,39.83,38.69,43.52,98.12
30159,44.6,101.83,30.93,29.25,30.49,30.49,32.61,30.66,31.38,31.65,32.51,32.12,82.39,35.62,33.31,31.93,40.27,44.6,38.14,38.97,39.83,38.69,43.52,97.24
30179,44.79,102.8,30.93,29.25,30.49,30.4,32.61,30.66,31.38,31.65,32.51,32.03,83.03,35.62,33.31,31.93,40.27,44.6,38.14,38.83,39.83,38.69,43.52,98.12
30200,52.91,100.87,31.11,29.25,30.49,30.4,32.71,30.66,31.29,31.84,32.51,32.03,83.03,35.62,33.31,31.93,40.27,44.6,38.14,38.97,39.83,38.69,43.52,98.12
30218,96.37,103.78,31.2,29.25,30.49,30.4,32.71,30.66,31.29,31.93,32.51,32.12,83.03,35.62,33.31,31.93,40.27,44.42,38.14,38.97,39.83,38.69,43.52,98.12
30239,97.24,103.78,31.11,29.25,30.49,30.4,32.71,30.66,31.29,31.93,32.51,32.12,83.03,35.62,33.31,31.93,40.12,44.6,38.14,38.97,39.83,38.69,43.52,98.12
30257,97.24,103.78,31.11,29.25,30.49,30.4,32.61,30.66,31.29,31.93,32.51,32.03,82.39,35.62,33.31,31.93,39.98,44.6,38.14,38.83,39.83,38.69,43.35,98.12
30278,66.63,101.83,30.93,29.25,30.49,30.4,32.61,30.66,31.29,31.93,32.51,32.12,83.03,35.62,33.31,31.93,40.27,44.6,38.14,38.97,39.83,38.69,43.52,99.02
30296,96.37,103.78,30.93,29.25,30.49,30.4,32.51,30.66,31.29,32.03,32.51,32.12,83.67,35.62,33.31,31.93,40.27,44.6,38.01,38.83,39.83,38.69,43.52,98.12
30316,97.24,102.8,30.93,29.25,30.49,30.4,32.71,30.66,31.29,31.93,32.51,32.12,83.67,35.62,33.31,31.93,40.27,44.42,38.14,38.97,39.83,38.69,43.35,99.02
30337,96.37,103.78,30.93,29.25,30.49,30.4,32.61,30.66,31.29,31.93,32.51,32.12,83.67,35.62,33.31,31.93,40.27,44.6,38.01,38.83,39.83,38.69,43.52,99.02
30355,96.37,102.8,30.93,29.25,30.49,30.4,32.61,30.66,31.29,31.93,32.51,32.12,83.67,35.62,33.31,31.93,40.27,44.6,38.14,38.83,39.83,38.69,43.52,99.02
30376,96.37,102.8,30.93,29.33,30.49,30.4,32.61,30.66,31.29,31.93,32.51,32.12,83.03,35.62,33.31,31.93,40.12,44.6,38.14,38.83,39.83,38.69,43.52,99.02
30394,95.52,103.78,30.84,29.25,30.49,30.4,32.61,30.66,31.29,31.93,32.51,32.12,83.03,35.62,33.31,31.93,40.27,44.6,38.14,38.83,39.83,38.69,43.52,99.02
30415,95.52,103.78,30.84,29.25,30.49,30.4,32.61,30.66,31.29,31.93,32.51,32.12,83.03,35.62,33.31,31.93,40.27,44.6,38.14,38.83,39.83,38.69,43.52,98.12
30435,93.86,100.87,30.84,29.25,30.49,30.4,32.61,30.66,31.29,31.93,32.51,32.12,83.03,35.62,33.31,31.93,40.27,44.6,38.14,38.83,39.83,38.69,43.52,98.12
30454,93.05,102.8,30.93,29.33,30.49,30.4,32.61,30.66,31.29,31.93,32.51,32.03,83.67,35.62,33.31,31.93,40.12,44.6,38.01,38.83,39.83,38.69,43.52,98.12
30474,93.05,103.78,30.93,29.25,30.49,30.49,32.61,30.66,31.29,31.93,32.51,32.12,83.67,35.62,33.31,31.93,40.27,44.6,38.14,38.83,39.83,38.69,43.52,98.12
30493,91.47,103.78,30.93,29.25,30.49,30.4,32.61,30.66,31.29,31.93,32.51,32.03,83.67,35.62,33.31,31.93,40.27,44.6,38.14,38.83,39.83,38.69,43.7,99.02
30513,92.25,102.8,30.93,29.25,30.49,30.4,32.71,30.66,31.29,31.93,32.51,32.12,83.67,35.62,33.31,31.93,40.27,44.42,38.14,38.83,39.83,38.69,43.52,98.12
30531,92.25,102.8,30.93,29.25,30.49,30.49,32.71,30.66,31.29,31.93,32.51,32.12,83.67,35.62,33.31,31.93,40.27,44.6,38.01,38.83,39.83,38.69,43.52,98.12
30552,91.47,102.8,30.93,29.33,30.49,30.49,32.71,30.66,31.38,31.93,32.51,32.12,83.03,35.5,33.31,31.93,40.27,44.6,38.01,38.83,39.83,38.69,43.52,98.12
30572,92.25,103.78,31.02,29.25,30.49,30.4,32.71,30.66,31.29,31.93,32.51,32.12,83.03,35.62,33.21,31.93,40.12,44.6,38.14,38.83,39.83,38.69,43.52,99.02
30591,92.25,103.78,30.93,29.33,30.49,30.49,32.71,30.66,31.29,31.93,32.51,32.12,83.03,35.62,33.31,31.93,40.27,44.6,38.14,38.83,39.83,38.69,43.52,97.24
30611,91.47,103.78,30.93,29.25,30.49,30.49,32.71,30.66,31.29,31.93,32.51,32.12,83.03,35.74,33.31,31.93,40.27,44.6,38.14,38.83,39.83,38.69,43.52,99.02
30630,91.47,103.78,31.02,29.33,30.49,30.49,32.71,30.66,31.29,31.93,32.51,32.12,83.03,35.62,33.31,32.03,40.27,44.42,38.14,38.83,39.83,38.69,43.52,98.12
30650,79.36,102.8,30.93,29.25,30.49,30.49,32.71,30.66,31.29,31.93,32.51,32.12,82.39,35.74,33.31,31.93,40.27,44.42,38.14,38.83,39.83,38.69,43.52,99.02
30669,96.37,103.78,31.02,29.25,30.49,30.49,32.71,30.66,31.29,31.93,32.51,32.12,83.03,35.62,33.31,31.93,40.27,44.6,38.01,38.83,39.83,38.69,43.52,97.24
30689,45.54,101.83,30.93,29.25,30.49,30.49,32.71,30.66,31.29,31.93,32.51,32.12,82.39,35.62,33.31,31.93,40.27,44.6,38.14,38.83,39.83,38.55,43.52,98.12
30710,62.03,102.8,31.38,29.25,30.49,30.49,32.71,30.66,31.29,31.93,32.51,32.12,83.03,35.74,33.31,32.03,40.27,44.6,38.01,38.69,39.83,38.69,43.52,99.02
30728,96.37,103.78,31.02,29.25,30.49,30.49,32.71,30.66,31.29,31.93,32.51,32.03,83.03,35.62,33.31,31.93,40.27,44.42,38.14,38.83,39.83,38.69,43.52,99.02
30749,97.24,103.78,30.93,29.25,30.49,30.49,32.71,30.66,31.29,31.93,32.51,32.12,73.93,35.74,33.31,31.93,40.12,44.42,38.01,38.83,39.83,38.69,43.52,98.12
30767,96.37,103.78,31.02,29.33,30.49,30.49,32.71,30.66,31.29,31.93,32.51,32.12,81.15,35.62,33.31,31.93,40.27,44.42,38.14,38.83,39.83,38.69,43.35,98.12
30787,87.75,103.78,31.02,29.33,30.49,30.49,32.71,30.66,31.29,31.93,32.51,32.12,82.39,35.62,33.31,32.03,40.27,44.42,38.14,38.83,39.83,38.69,43.52,97.24
30808,42.66,101.83,31.02,29.25,30.49,30.49,32.71,30.66,31.29,31.93,32.51,32.12,82.39,35.62,33.31,31.93,40.27,44.42,38.14,38.83,39.83,38.69,43.52,97.24
30826,49.51,101.83,30.93,29.25,30.49,30.49,32.71,30.66,31.29,31.93,32.51,32.03,67.46,35.62,33.31,31.93,40.27,44.42,38.14,38.83,39.83,38.69,43.52,97.24
30847,39.54,100.87,31.02,29.25,30.49,30.49,32.61,30.66,31.29,31.93,32.51,32.12,67.46,35.62,33.31,31.93,40.27,44.6,38.01,38.83,39.83,38.69,43.52,97.24
30865,39.83,100.87,31.2,29.25,30.49,30.49,32.71,30.66,31.29,31.93,32.51,32.12,67.46,35.74,33.31,32.03,40.27,44.79,38.01,38.83,39.83,38.69,43.17,96.37
30886,39.11,101.83,31.02,29.33,30.49,30.49,32.71,30.66,31.29,31.84,32.51,32.12,71.96,35.62,33.31,32.03,39.98,44.79,38.01,38.83,39.83,38.69,43.17,97.24
30904,38.97,101.83,31.02,29.33,30.49,30.49,32.71,30.66,31.02,31.93,32.51,32.12,67.46,35.62,33.31,31.93,40.27,44.42,38.14,38.83,39.83,38.69,43,97.24
30925,38.83,101.83,31.02,29.33,30.49,30.49,32.71,30.66,31.02,31.93,32.51,32.12,67.46,35.62,33.31,32.03,40.12,44.24,38.01,38.83,39.83,38.55,43,97.24
30945,45.74,101.83,30.93,29.33,30.49,30.49,32.71,30.66,31.02,31.93,32.51,32.03,67.46,35.62,33.31,32.03,40.27,44.06,38.14,38.83,39.83,38.69,43,97.24
30964,65.42,102.8,31.02,29.33,30.49,30.49,32.81,30.66,31.02,31.84,32.51,32.12,67.46,35.74,33.31,32.03,40.27,44.06,38.01,38.83,39.83,38.69,43,97.24
30984,59.63,101.83,31.02,29.25,30.49,30.49,32.91,30.66,31.02,31.93,32.51,32.12,67.46,35.74,33.31,32.03,40.27,44.42,38.01,38.83,39.83,38.69,43,97.24
31003,45.16,101.83,31.02,29.33,30.49,30.49,32.81,30.66,31.02,31.84,32.51,32.12,67.46,35.74,33.31,31.93,40.27,44.42,38.01,38.83,39.83,38.69,43,98.12
31023,62.39,102.8,31.02,29.33,30.49,30.49,32.81,30.66,31.02,31.93,32.51,32.12,67.88,35.62,33.31,31.93,40.12,44.42,38.14,38.83,39.83,38.69,43,97.24
31041,40.12,101.83,31.02,29.33,30.49,30.49,32.81,30.66,31.02,31.84,32.51,32.12,67.46,35.62,33.31,32.03,40.27,44.24,38.14,38.83,39.83,38.69,43,97.24
31062,39.11,102.8,31.02,29.33,30.49,30.49,32.81,30.66,31.02,31.84,32.51,32.12,67.46,35.62,33.31,32.03,40.12,44.24,38.14,38.83,39.83,38.69,43,97.24
31082,40.12,101.83,30.93,29.25,30.49,30.49,32.81,30.66,31.02,31.93,32.51,32.12,67.46,35.74,33.31,31.93,40.27,44.42,38.01,38.83,39.83,38.69,43,97.24
31101,37.87,100.87,31.02,29.33,30.49,30.49,33.01,30.66,31.29,31.84,32.51,32.12,67.04,35.74,33.31,32.03,40.27,44.42,38.14,38.83,39.83,38.69,43,98.12
31121,59.63,101.83,31.02,29.33,30.49,30.49,32.81,30.66,31.29,31.93,32.51,32.12,67.46,35.62,33.31,32.03,40.27,44.42,38.14,38.83,39.83,38.69,43,97.24
31140,51.64,101.83,31.02,29.25,30.49,30.49,32.81,30.66,31.29,31.84,32.51,32.12,67.46,35.62,33.31,32.03,40.27,44.42,38.01,38.83,39.83,38.69,43,97.24
31160,54.51,102.8,31.02,29.25,30.49,30.49,32.81,30.66,31.29,31.93,32.51,32.12,67.88,35.62,33.31,32.03,40.27,44.6,38.01,38.83,39.83,38.69,43,97.24
31179,37.87,101.83,31.02,29.25,30.49,30.49,32.71,30.66,31.29,31.93,32.51,32.12,79.95,35.62,33.31,31.93,40.12,44.42,38.14,38.83,39.83,38.69,43,97.24
31199,38.01,101.83,30.93,29.33,30.49,30.49,32.81,30.66,31.29,31.93,32.51,32.12,82.39,35.62,33.31,31.93,40.12,44.42,38.01,38.83,39.83,38.69,43,98.12
31220,38.01,101.83,31.02,29.33,30.49,30.49,32.81,30.66,31.29,31.93,32.51,32.12,83.03,35.62,33.31,31.93,40.12,44.42,38.14,38.83,39.83,38.69,43,98.12
31238,38.69,101.83,31.02,29.33,30.49,30.49,32.71,30.66,31.29,31.93,32.51,32.12,75.48,35.62,33.31,31.93,40.27,44.6,38.14,38.83,39.83,38.69,43,98.12
31259,49.06,101.83,30.93,29.25,30.49,30.49,32.71,30.66,31.29,31.93,32.51,32.12,82.39,35.62,33.31,31.93,40.27,44.79,38.01,38.83,39.83,38.69,43,98.12
31277,69.64,102.8,30.93,29.33,30.49,30.49,32.71,30.66,31.29,31.93,32.51,32.12,83.03,35.62,33.31,31.93,40.12,44.6,38.14,38.83,39.83,38.69,43,98.12
31297,85.66,103.78,30.93,29.25,30.49,30.49,32.71,30.66,31.29,31.93,32.51,32.12,83.03,35.62,33.31,31.93,40.27,44.6,38.01,38.83,39.83,38.69,43.17,99.02
31318,95.52,103.78,31.02,29.25,30.49,30.49,32.71,30.66,31.29,31.93,32.51,32.12,83.03,35.74,33.31,31.93,40.27,44.6,38.14,38.83,39.98,38.69,43.17,99.02
31336,98.12,104.79,31.02,29.25,30.49,30.49,32.61,30.66,31.29,31.93,32.51,32.12,83.03,35.62,33.31,31.93,39.83,44.6,38.01,38.83,39.83,38.69,43,97.24
31357,43.17,101.83,31.02,29.33,30.49,30.49,32.51,30.66,31.29,31.93,32.51,32.03,83.03,35.62,33.31,31.93,40.27,44.6,38.14,38.83,39.83,38.69,43.17,97.24
31375,50.67,101.83,31.02,29.25,30.49,30.49,32.61,30.66,30.93,31.93,32.51,32.12,83.03,35.62,33.31,31.93,40.27,44.6,38.14,38.83,39.83,38.69,43,98.12
31396,97.24,103.78,31.02,29.25,30.49,30.49,32.71,30.66,31.02,31.93,32.51,32.12,83.03,35.62,33.31,31.93,40.27,44.42,38.14,38.83,39.83,38.69,43,98.12
31414,67.04,102.8,30.93,29.25,30.49,30.49,32.51,30.66,31.38,31.93,32.51,32.03,83.03,35.62,33.31,31.93,40.27,44.42,38.14,38.83,39.83,38.55,43,98.12
31435,49.29,101.83,30.93,29.33,30.49,30.49,32.61,30.66,31.38,31.93,32.51,32.12,82.39,35.62,33.31,31.93,40.27,44.42,38.14,38.83,39.83,38.83,43,98.12
31455,53.97,102.8,30.93,29.25,30.49,30.49,31.93,30.66,31.38,31.93,32.51,32.12,82.39,35.62,33.31,31.93,40.27,44.42,38.01,38.83,39.83,38.83,43,98.12
31476,82.39,103.78,30.93,29.33,30.49,30.49,31.93,30.66,31.38,31.93,32.51,32.12,82.39,35.62,33.31,31.84,40.27,44.42,38.14,38.83,39.98,38.83,43,99.02
31494,97.24,103.78,30.93,29.25,30.49,30.49,31.84,30.66,31.38,31.93,32.51,32.12,83.03,35.62,33.31,31.93,40.27,44.24,38.14,38.83,39.83,38.83,43,98.12
31515,96.37,103.78,30.93,29.25,30.49,30.49,31.84,30.75,31.38,31.93,32.51,32.03,83.03,35.62,33.31,31.93,40.27,44.6,38.14,38.83,39.83,38.83,43,99.02
31533,97.24,103.78,30.93,29.25,30.49,30.49,31.84,30.66,31.38,31.93,32.51,32.12,83.03,35.74,33.31,31.93,40.27,44.6,38.14,38.83,39.83,38.83,43,99.02
31553,97.24,103.78,31.02,29.25,30.49,30.49,31.84,30.66,31.38,31.93,32.51,32.12,83.03,35.62,33.42,31.93,40.27,44.42,38.14,38.83,39.83,38.83,43,99.02
31574,97.24,103.78,30.93,29.33,30.49,30.49,31.84,30.75,31.38,39.83,32.51,32.12,83.03,35.62,33.42,31.93,40.27,44.42,38.14,38.83,39.83,38.55,43,99.02
31592,97.24,103.78,31.02,29.33,30.58,30.49,31.84,30.75,31.38,39.11,32.51,32.12,82.39,35.62,33.42,31.93,40.27,44.42,38.14,38.83,39.83,38.83,43,99.02
31613,95.52,103.78,30.93,29.33,30.49,30.49,31.84,30.66,31.11,39.11,32.51,32.12,82.39,35.62,33.31,31.93,40.12,44.42,38.01,38.97,39.83,38.83,43,98.12
31631,94.68,103.78,30.93,29.25,30.49,30.49,31.84,30.75,31.2,38.83,32.51,32.12,82.39,35.62,33.42,31.93,40.27,44.6,38.14,38.97,39.83,38.69,43,99.02
31652,89.95,103.78,30.93,29.33,30.49,30.58,31.84,30.66,31.38,38.69,32.51,32.03,81.77,35.62,33.42,31.93,40.27,44.6,38.14,38.97,39.83,38.83,43,98.12
31670,79.95,102.8,30.93,29.33,30.49,30.58,31.84,30.75,31.38,38.14,32.51,32.12,82.39,35.74,33.42,31.93,40.27,44.42,38.14,38.83,39.83,38.83,43,98.12
31691,80.55,102.8,30.93,29.25,30.49,30.49,31.84,30.75,31.38,38.01,32.51,32.03,83.03,35.62,33.42,31.93,40.27,44.42,38.01,38.83,39.83,38.83,43,97.24
31711,80.55,102.8,30.93,29.33,30.49,30.58,31.84,30.75,31.38,37.35,32.51,32.12,82.39,35.62,33.42,31.93,40.27,44.24,38.14,38.83,39.83,38.83,43,98.12
31730,54.51,101.83,30.93,29.33,30.58,30.58,31.84,30.66,31.38,31.65,32.51,32.12,82.39,35.62,33.42,31.93,40.12,44.24,38.14,38.83,39.83,38.83,43,98.12
31750,47.76,101.83,30.93,29.25,30.49,30.58,31.84,30.75,31.38,37.61,32.51,32.12,83.03,35.62,33.42,31.93,40.27,44.24,38.14,38.83,39.83,38.83,43.17,98.12
31768,84.32,103.78,30.93,29.25,30.58,30.58,31.84,30.75,31.38,38.01,32.51,32.12,83.03,35.62,33.42,31.93,40.12,44.24,38.14,38.83,39.83,38.83,43,98.12
31789,95.52,103.78,30.93,29.25,30.49,30.49,31.84,30.75,32.41,38.41,32.51,32.12,83.03,35.62,33.42,31.93,40.27,44.24,38.14,38.83,39.83,38.83,43,99.02
31809,95.52,103.78,30.93,29.25,30.49,30.49,31.84,30.75,31.38,37.61,32.51,32.12,83.03,35.62,33.42,31.93,40.27,44.42,38.14,38.83,39.83,38.83,43,98.12
31830,95.52,103.78,30.93,29.25,30.49,30.49,31.84,30.75,31.47,31.93,32.51,32.03,83.03,35.62,33.42,31.93,40.27,44.42,38.14,38.83,39.83,38.83,43,99.02
31848,96.37,103.78,30.93,29.25,30.49,30.49,31.93,30.75,31.38,31.84,32.51,32.03,83.03,35.62,33.42,31.93,39.98,44.42,38.14,38.83,39.83,38.69,43,99.02
31869,96.37,103.78,30.93,29.33,30.49,30.49,31.93,30.75,31.38,31.84,32.51,32.03,83.03,35.62,33.42,31.93,40.27,44.42,38.14,38.83,39.83,38.83,43,99.02
31887,96.37,103.78,30.93,29.33,30.49,30.49,31.84,30.75,31.38,31.84,32.51,32.12,83.03,35.62,33.42,31.93,40.27,44.42,38.14,38.83,39.83,38.83,43,98.12
31908,96.37,103.78,30.93,29.33,30.49,30.49,31.84,30.75,31.38,31.84,32.51,32.12,83.03,35.62,33.42,31.93,40.27,44.42,38.01,38.83,39.83,38.83,43,98.12
31926,95.52,103.78,30.84,29.25,30.49,30.49,31.93,30.75,31.38,31.84,32.51,32.03,83.03,35.62,33.42,31.93,40.27,44.42,38.01,38.83,39.83,38.83,43,97.24
31947,71.96,102.8,30.93,29.25,30.58,30.49,31.84,30.75,31.38,38.41,32.51,32.03,83.03,35.62,33.42,31.93,40.27,44.24,38.14,38.83,39.83,38.83,43,98.12
31967,51.15,101.83,30.93,29.33,30.49,30.49,31.84,30.66,31.38,38.01,32.51,32.12,83.03,35.62,33.42,31.93,40.27,44.42,38.14,38.83,39.83,38.83,42.83,98.12
31986,96.37,103.78,30.93,29.33,30.49,30.49,31.84,30.75,31.38,37.61,32.51,32.03,82.39,35.62,33.42,31.93,40.27,44.24,38.14,38.83,39.83,38.83,43,99.94
32006,64.25,101.83,30.93,29.25,30.49,30.49,31.84,30.66,31.11,37.48,32.51,32.03,82.39,35.62,33.42,31.93,40.27,44.42,38.14,38.83,39.83,38.83,43,98.12
32024,96.37,103.78,30.93,29.25,30.49,30.49,31.84,30.66,31.29,37.48,32.51,32.03,82.39,35.62,33.31,31.93,40.27,44.42,38.01,38.83,39.68,38.69,43,98.12
32045,74.95,102.8,30.93,29.25,30.49,30.49,31.84,30.66,31.38,36.96,32.51,32.12,82.39,35.62,33.42,31.93,40.27,44.42,38.14,38.83,39.83,38.83,43,98.12
32065,65.02,102.8,30.93,29.33,30.49,30.49,31.84,30.75,31.38,37.22,32.51,32.12,82.39,35.62,33.42,31.93,40.27,44.24,38.14,38.83,39.83,38.83,43,98.12
32084,91.47,102.8,30.93,29.25,30.49,30.49,31.84,30.75,31.47,37.22,32.51,32.12,82.39,35.62,33.31,31.84,40.27,44.42,38.01,38.97,39.83,38.69,43,98.12
32104,51.89,101.83,30.93,29.25,30.49,30.49,31.93,30.75,31.38,37.48,32.51,32.12,81.77,35.62,33.31,31.84,40.27,44.42,38.14,38.83,39.83,38.83,43,98.12
32123,86.35,102.8,30.93,29.33,30.49,30.49,31.84,30.66,31.38,36.84,32.51,32.12,82.39,35.62,33.31,31.93,40.27,44.42,38.14,38.97,39.83,38.83,43,98.12
32143,93.86,103.78,30.93,29.33,30.49,30.49,31.84,30.66,31.38,37.22,32.51,32.12,83.03,35.62,33.31,31.93,40.27,44.42,38.14,38.97,39.83,38.69,43.35,98.12
32162,67.46,101.83,30.93,29.25,30.49,30.49,32.03,30.66,31.38,36.1,32.51,32.03,82.39,35.62,33.31,31.93,40.27,44.24,38.14,38.97,39.83,38.83,43.35,98.12
32182,39.25,100.87,30.84,29.25,30.49,30.49,33.31,30.75,31.38,31.65,32.51,32.12,82.39,35.62,33.31,31.84,40.27,44.42,38.14,38.83,39.83,38.69,43.35,98.12
32203,39.25,100.87,31.02,29.33,30.49,30.49,33.31,30.75,31.38,31.65,32.51,32.12,83.03,35.62,33.42,31.93,40.27,44.42,38.14,38.83,39.83,38.69,43.35,98.12
32221,38.01,99.94,31.02,29.33,30.49,30.49,35.98,30.75,31.38,31.65,32.51,32.12,83.03,35.62,33.31,31.93,40.27,44.42,38.14,38.97,39.83,38.83,43.35,97.24
32242,38.27,100.87,30.93,29.25,30.49,30.49,32.61,30.66,31.38,31.65,32.51,32.03,83.03,35.62,33.31,31.93,40.27,44.42,38.14,38.83,39.83,38.55,43.35,98.12
32260,45.74,99.94,30.93,29.33,30.49,30.49,32.61,30.66,31.38,31.65,32.51,32.03,83.03,35.62,33.31,31.93,39.98,44.42,38.14,38.83,39.83,38.69,43.17,98.12
32280,94.68,102.8,30.93,29.25,30.49,30.49,32.51,30.66,31.38,31.65,32.51,32.12,83.03,35.62,33.31,31.93,40.27,44.24,38.14,38.97,39.83,38.69,43,98.12
32299,96.37,101.83,30.93,29.25,30.49,30.49,32.61,30.66,31.38,31.65,32.51,32.12,83.03,35.62,33.31,31.93,40.27,44.42,38.14,38.83,39.83,38.69,43,98.12
32319,40.58,99.02,30.93,29.33,30.49,30.4,32.71,30.66,31.38,31.65,32.51,32.12,83.03,35.62,33.31,31.93,40.27,44.24,38.14,38.83,39.83,38.69,43.17,97.24
32340,43.52,99.94,30.93,29.33,30.49,30.49,32.61,30.66,31.38,31.65,32.51,32.12,82.39,35.62,33.31,31.93,40.27,44.24,38.14,38.83,39.83,38.69,43.52,98.12
32358,43.35,99.94,30.93,29.33,30.49,30.49,32.91,30.66,31.38,31.65,32.51,32.03,83.03,35.62,33.31,31.93,40.27,44.42,38.14,38.83,39.83,38.69,43.52,97.24
32379,44.6,99.94,30.93,29.25,30.49,30.49,32.81,30.66,31.38,31.65,32.51,32.12,83.03,35.62,33.31,31.93,39.98,44.6,38.14,38.83,39.83,38.69,43.52,98.12
32397,67.88,100.87,30.93,29.33,30.49,30.4,32.71,30.66,31.38,31.65,32.51,32.12,83.03,35.62,33.31,31.93,40.12,44.42,38.01,38.83,39.83,38.69,43.52,99.02
32418,99.02,101.83,30.93,29.33,30.49,30.49,32.61,30.66,31.38,31.56,32.51,32.12,83.03,35.74,33.31,31.93,40.27,44.24,38.14,38.83,39.83,38.69,43.52,98.12
32436,78.78,100.87,30.93,29.25,30.49,30.4,32.71,30.66,31.38,31.65,32.51,32.12,83.03,35.62,33.31,31.93,40.27,44.42,38.01,38.83,39.83,38.69,43.52,99.02
32457,84.99,101.83,30.93,29.25,30.49,30.49,32.61,30.66,31.29,31.93,32.51,32.12,83.03,35.62,33.31,31.93,40.12,44.42,38.14,38.83,39.83,38.69,43.52,98.12
32477,59.63,101.83,30.84,29.33,30.49,30.4,32.71,30.66,31.29,31.93,32.51,32.12,83.03,35.62,33.31,31.93,40.27,44.42,38.14,38.83,39.83,38.69,43.7,97.24
32496,43,100.87,30.93,29.25,30.49,30.49,32.61,30.66,31.29,31.93,32.51,32.12,82.39,35.62,33.31,31.93,40.27,44.42,38.01,38.83,39.83,38.69,43.7,98.12
32516,80.55,101.83,30.84,29.25,30.49,30.49,32.71,30.66,31.29,31.93,32.51,32.12,83.67,35.62,33.31,31.93,40.27,44.42,38.01,38.83,39.83,38.55,43.52,99.02
32534,100.87,102.8,30.84,29.25,30.49,30.49,32.61,30.66,31.29,31.93,32.51,32.03,83.67,35.62,33.31,31.93,40.27,44.42,38.14,38.83,39.83,38.69,43.7,99.02
32555,100.87,103.78,30.93,29.25,30.49,30.49,32.71,30.66,31.29,31.93,32.51,32.12,83.67,35.62,33.31,31.93,40.27,44.42,38.14,38.83,39.83,38.69,43.7,99.02
32575,101.83,103.78,30.93,29.25,30.49,30.4,32.61,30.66,31.29,31.93,32.51,32.12,83.67,35.62,33.31,31.93,40.27,44.42,38.14,38.83,39.83,38.69,43.7,99.02
32594,101.83,103.78,30.93,29.25,30.49,30.49,32.71,30.66,31.29,31.93,32.51,32.03,83.67,35.62,33.31,31.93,40.12,44.42,38.01,38.83,39.83,38.69,43.7,98.12
32614,40.73,100.87,30.93,29.33,30.49,30.49,32.61,30.66,31.29,31.93,32.51,32.12,83.67,35.74,33.31,31.93,40.12,44.6,38.14,38.83,39.83,38.69,43.7,99.02
32633,99.94,103.78,30.93,29.25,30.49,30.49,32.61,30.66,31.29,31.93,32.51,32.12,83.67,35.62,33.31,31.93,40.12,44.42,38.01,38.69,39.83,38.69,43.7,99.02
32653,100.87,103.78,30.93,29.25,30.49,30.49,32.61,30.66,31.29,31.93,32.51,32.12,83.67,35.74,33.31,31.93,40.27,44.6,38.01,38.83,39.83,38.69,43.52,99.94
32672,101.83,103.78,30.93,29.25,30.49,30.49,32.61,30.66,31.29,31.93,32.51,32.12,83.03,35.74,33.31,31.93,40.12,44.42,38.01,38.69,39.83,38.69,43.52,98.12
32692,65.42,101.83,30.93,29.25,30.49,30.4,32.61,30.66,31.29,31.93,32.51,32.12,83.03,35.74,33.31,32.03,40.27,44.42,38.01,38.83,39.83,38.69,43.52,98.12
32713,92.25,102.8,30.93,29.25,30.49,30.49,32.61,30.66,31.29,31.93,32.51,32.12,83.03,35.62,33.31,31.93,40.27,44.42,38.14,38.83,39.83,38.69,43.35,98.12
32731,86.35,103.78,30.93,29.25,30.49,30.49,32.61,30.66,31.29,31.93,32.51,32.12,81.77,35.62,33.42,31.93,40.27,44.6,38.01,38.83,39.83,38.69,43.35,98.12
32752,91.47,103.78,30.93,29.25,30.49,30.49,32.61,30.66,31.29,31.93,32.51,32.12,74.44,35.62,33.31,31.93,40.27,44.42,38.01,38.69,39.83,38.69,43.52,98.12
32770,94.68,103.78,31.38,29.25,30.49,30.49,32.61,30.66,31.47,31.93,32.51,32.03,73.93,35.62,33.42,31.93,40.27,44.42,38.14,38.83,39.83,38.69,43.52,99.02
32790,94.68,103.78,30.93,29.33,30.49,30.49,32.61,30.66,31.29,31.93,32.51,32.12,81.15,35.62,33.31,32.03,40.27,44.6,38.14,38.83,39.83,38.55,43.17,99.02
32809,96.37,103.78,30.93,29.33,30.49,30.49,32.61,30.66,31.29,31.93,32.51,32.12,83.03,35.74,33.31,31.93,40.27,44.6,38.01,38.83,39.83,38.69,43.35,99.02
32829,100.87,103.78,30.93,29.33,30.49,30.49,32.71,30.66,31.29,31.84,32.51,32.12,83.03,35.62,33.31,31.93,40.12,44.6,38.14,38.83,39.68,38.69,43.35,98.12
32850,90.7,103.78,30.93,29.33,30.49,30.49,32.71,30.66,31.29,31.84,32.51,32.12,83.03,35.74,33.31,32.03,40.12,44.6,38.01,38.83,39.83,38.69,43.17,98.12
32868,89.95,103.78,30.93,29.33,30.49,30.49,32.81,30.66,31.29,31.84,32.51,32.12,76.01,35.62,33.31,32.03,40.27,44.42,38.01,38.69,39.83,38.69,43,97.24
32889,39.68,101.83,30.93,29.33,30.49,30.49,32.71,30.66,31.29,31.84,32.51,32.03,67.46,35.74,33.31,31.93,40.27,44.6,38.01,38.83,39.83,38.69,43.17,97.24
32907,41.67,101.83,30.93,29.25,30.49,30.49,32.71,30.66,31.29,31.93,32.51,32.12,67.46,35.74,33.31,32.03,40.27,44.6,38.01,38.83,39.83,38.69,43.35,98.12
32928,42.16,100.87,30.93,29.33,30.49,30.49,32.71,30.66,31.29,31.84,32.51,32.12,67.46,35.62,33.31,32.03,40.27,44.6,38.01,38.83,39.83,38.55,43.17,97.24
32948,42.33,100.87,30.93,29.33,30.49,30.49,32.61,30.66,31.29,31.84,32.51,32.12,67.88,35.62,33.31,32.03,40.27,44.6,38.14,38.83,39.68,38.69,43.17,97.24
32967,43,100.87,30.93,29.33,30.49,30.49,32.71,30.66,31.29,31.84,32.51,32.12,67.46,35.74,33.31,31.93,40.27,44.6,38.01,38.83,39.68,38.69,43.52,97.24
32987,39.68,101.83,30.93,29.33,30.49,30.49,32.71,30.66,31.29,31.93,32.51,32.12,67.88,35.74,33.31,31.93,40.27,44.6,38.01,38.83,39.83,38.55,43,97.24
33005,42.66,100.87,30.93,29.33,30.58,30.49,32.71,30.66,31.29,31.84,32.51,32.12,67.46,35.74,33.31,32.03,40.27,44.6,38.01,38.83,39.83,38.55,43.35,97.24
33026,38.14,100.87,30.93,29.33,30.58,30.49,32.71,30.66,31.29,31.84,32.51,32.12,67.46,35.74,33.31,32.03,40.27,44.6,38.01,38.83,39.83,38.69,43.35,97.24
33044,38.01,100.87,30.93,29.33,30.58,30.49,32.71,30.66,31.29,31.84,32.51,32.12,67.46,35.74,33.31,32.03,40.27,44.6,38.14,38.83,39.83,38.69,43.35,97.24
33065,47.55,101.83,30.93,29.25,30.58,30.49,32.71,30.66,31.29,31.84,32.51,32.03,67.46,35.74,33.31,31.93,40.27,44.6,38.14,38.83,39.83,38.69,43.52,97.24
33085,67.46,101.83,31.02,29.33,30.58,30.49,32.71,30.66,31.29,31.84,32.51,32.12,67.46,35.74,33.31,32.03,40.12,44.6,38.01,38.83,39.83,38.69,43.52,97.24
33104,46.73,101.83,30.93,29.33,30.58,30.49,32.71,30.66,31.29,31.93,32.51,32.03,67.46,35.74,33.31,32.03,40.27,44.6,38.01,38.83,39.68,38.69,43.52,97.24
33124,38.69,100.87,31.02,29.25,30.58,30.49,32.71,30.66,31.29,31.93,32.51,32.12,67.46,35.62,33.31,32.03,40.27,44.6,38.14,38.83,39.68,38.69,43.52,97.24
33143,38.27,101.83,31.02,29.33,30.49,30.49,32.71,30.66,31.29,31.93,32.51,32.12,72.44,35.62,33.31,32.03,40.27,44.6,38.14,38.83,39.83,38.69,43.52,97.24
33163,38.14,101.83,31.11,29.25,30.49,30.49,32.71,30.66,31.29,31.93,32.51,32.12,82.39,35.74,33.31,32.03,40.27,44.6,38.01,38.83,39.83,38.69,43.52,98.12
33182,38.41,101.83,31.2,29.33,30.49,30.49,32.71,30.66,31.29,31.93,32.51,32.12,83.03,35.62,33.31,31.93,40.27,44.6,38.01,38.83,39.83,38.69,43.52,97.24
33202,38.27,100.87,31.02,29.33,30.49,30.49,32.81,30.66,31.29,31.93,32.51,32.12,82.39,35.62,33.31,32.03,40.27,44.6,38.14,38.83,39.83,38.69,43.52,97.24
33223,38.41,101.83,31.02,29.25,30.49,30.49,32.71,30.66,31.29,31.93,32.51,32.12,83.03,35.74,33.31,31.93,40.27,44.6,38.14,38.83,39.83,38.69,43.52,98.12
33241,39.11,101.83,31.02,29.33,30.49,30.49,32.71,30.66,31.29,31.93,32.51,32.12,83.03,35.62,33.31,32.03,40.12,44.6,38.01,38.83,39.83,38.69,43.52,98.12
33261,38.55,101.83,31.02,29.25,30.49,30.49,32.71,30.66,31.29,31.93,32.51,32.03,83.03,35.74,33.31,32.03,40.12,44.6,38.01,38.83,39.83,38.69,43.52,98.12
33280,38.14,101.83,31.02,29.33,30.49,30.49,32.71,30.66,31.29,31.93,32.51,32.12,83.03,35.62,33.31,31.93,40.27,44.6,38.14,38.83,39.83,38.69,43.52,97.24
33300,38.01,101.83,31.02,29.25,30.49,30.49,32.61,30.66,31.29,31.93,32.51,32.12,83.03,35.62,33.31,31.93,40.27,44.6,38.01,38.83,39.83,38.69,43.52,97.24
33321,38.14,101.83,31.11,29.33,30.49,30.49,32.61,30.66,31.2,31.93,32.51,32.12,83.03,35.62,33.31,31.93,40.27,44.6,38.14,38.83,39.83,38.69,43.52,99.02
33339,86.35,103.78,31.11,29.25,30.49,30.49,31.93,30.66,31.29,31.93,32.51,32.12,83.03,35.62,33.31,31.93,40.12,44.6,38.01,38.83,39.83,38.69,43.7,98.12
33360,89.2,103.78,31.02,29.25,30.49,30.49,32.12,30.66,31.29,31.93,32.51,32.03,83.03,35.74,33.31,32.03,40.12,44.6,38.14,38.83,39.83,38.69,43.7,98.12
33378,89.95,103.78,31.02,29.33,30.49,30.49,32.12,30.75,31.38,31.93,32.51,32.12,83.03,35.62,33.31,31.93,40.27,44.79,38.14,38.83,39.83,38.69,43.7,98.12
33399,89.95,103.78,30.93,29.25,30.49,30.49,32.22,30.66,31.38,31.93,32.51,32.12,83.03,35.62,33.42,31.93,40.27,44.79,38.01,38.83,39.83,38.69,43.52,99.02
33417,89.95,103.78,30.93,29.25,30.49,30.49,31.93,30.66,31.38,31.93,32.51,32.12,83.03,35.62,33.31,31.93,40.27,44.79,38.14,38.83,39.83,38.69,43.7,98.12
33438,89.95,103.78,31.02,29.33,30.49,30.49,32.61,30.75,31.38,31.93,32.51,32.12,83.03,35.62,33.31,31.93,40.27,44.6,38.14,38.83,39.83,38.83,43.52,99.02
33458,91.47,103.78,30.93,29.25,30.49,30.49,31.93,30.66,31.11,31.93,32.51,32.12,83.03,35.62,33.31,31.93,40.27,44.6,38.14,38.83,39.83,38.69,43.7,99.02
33477,91.47,103.78,30.93,29.25,30.49,30.49,31.93,30.66,31.11,31.93,32.51,32.03,83.03,35.62,33.31,31.93,40.12,44.79,38.14,38.83,39.83,38.69,43.52,99.02
33497,96.37,103.78,30.93,29.33,30.49,30.49,31.93,30.75,31.11,31.93,32.51,32.12,83.03,35.62,33.42,31.93,40.27,44.6,38.14,38.97,39.83,38.83,43.35,98.12
33515,86.35,103.78,30.93,29.33,30.49,30.49,31.84,30.66,31.2,31.93,32.51,32.12,82.39,35.62,33.31,31.93,40.12,44.6,38.14,38.83,39.83,38.83,43.17,98.12
33536,77.65,103.78,30.84,29.33,30.49,30.49,31.84,30.66,31.11,31.93,32.51,32.12,83.03,35.62,33.42,31.93,40.27,44.6,38.01,38.97,39.83,38.69,43.7,97.24
33554,67.04,101.83,30.93,29.25,30.49,30.49,31.84,30.66,31.11,31.93,32.51,32.12,83.03,35.62,33.42,31.93,40.27,44.6,38.14,38.83,39.83,38.69,43.7,98.12
33575,66.22,102.8,30.93,29.25,30.49,30.49,31.84,30.66,31.11,31.93,32.51,32.03,82.39,35.62,33.31,31.93,40.27,44.6,38.01,38.97,39.83,38.69,43.7,97.24
33595,63.49,102.8,30.93,29.33,30.49,30.49,31.84,30.66,31.38,31.93,32.51,32.12,83.03,35.62,33.31,31.93,40.27,44.42,38.14,38.83,39.83,38.83,43.7,98.12
33614,67.46,101.83,30.93,29.25,30.49,30.49,31.84,30.75,31.38,31.93,32.51,32.12,82.39,35.62,33.42,31.93,40.27,44.42,38.14,38.83,39.83,38.83,43.7,98.12
33634,45.74,100.87,30.93,29.25,30.49,30.49,31.84,30.66,31.38,31.93,32.51,32.12,82.39,35.62,33.31,31.93,40.27,44.42,38.01,38.97,39.83,38.83,43.52,97.24
33653,38.01,101.83,30.84,29.33,30.49,30.49,31.84,30.66,31.38,38.55,32.51,32.03,82.39,35.62,33.42,31.93,40.12,44.42,38.14,38.97,39.83,38.83,43.7,97.24
33673,40.12,101.83,30.93,29.25,30.49,30.58,31.84,30.75,31.38,36.59,32.51,32.12,83.03,35.62,33.42,31.93,40.12,44.42,38.14,38.97,39.83,38.83,43.52,97.24
33694,38.69,101.83,30.93,29.25,30.49,30.49,31.84,30.75,31.38,39.83,32.51,32.12,83.03,35.62,33.42,31.93,40.27,44.42,38.14,38.83,39.83,38.83,43.17,98.12
33712,38.69,101.83,30.93,29.33,30.49,30.58,31.93,30.75,31.38,38.83,32.51,32.03,83.03,35.74,33.31,31.84,40.27,44.42,38.14,38.97,39.83,38.69,43.52,98.12
33733,38.14,100.87,30.93,29.25,30.49,30.49,31.84,30.66,31.38,39.39,32.51,32.03,82.39,35.62,33.31,31.93,40.27,44.42,38.14,38.97,39.83,38.69,43.7,98.12
33751,38.27,101.83,31.02,29.33,30.49,30.49,31.84,30.75,31.38,38.55,32.51,32.12,82.39,35.62,33.31,31.93,40.27,44.42,38.14,38.97,39.83,38.83,43.7,98.12
33771,38.14,101.83,30.93,29.25,30.49,30.49,31.84,30.75,31.38,38.83,32.51,32.12,83.03,35.62,33.31,31.93,40.27,44.42,38.14,38.97,39.83,38.83,43.7,97.24
33790,38.69,101.83,30.93,29.33,30.49,30.49,31.84,30.75,31.47,39.11,32.51,32.03,82.39,35.62,33.31,31.93,40.27,44.42,38.14,38.97,39.83,38.83,43.52,97.24
33810,39.25,101.83,30.93,29.33,30.49,30.49,31.84,30.66,31.47,38.83,32.51,32.03,82.39,35.62,33.42,31.93,40.12,44.42,38.14,38.83,39.83,38.83,43.7,98.12
33831,39.25,101.83,30.93,29.25,30.49,30.49,31.84,30.66,31.38,38.97,32.51,32.03,83.03,35.62,33.42,31.93,40.27,44.42,38.14,38.97,39.83,38.83,43.52,98.12
33849,39.11,101.83,30.93,29.25,30.49,30.49,31.84,30.66,31.38,39.39,32.51,32.12,83.03,35.62,33.42,31.93,40.27,44.42,38.01,38.83,39.83,38.83,43.52,97.24
33870,38.83,101.83,30.93,29.25,30.49,30.49,31.84,30.75,31.38,38.83,32.51,32.12,83.03,35.62,33.42,31.93,40.27,44.42,38.14,38.97,39.83,38.69,43.35,98.12
33888,40.73,101.83,30.93,29.25,30.49,30.58,31.84,30.75,31.29,39.54,32.51,32.03,83.03,35.62,33.31,31.84,40.27,44.42,38.14,38.83,39.83,38.83,43.35,98.12
33909,40.43,101.83,31.02,29.25,30.49,30.49,31.93,30.75,31.38,39.25,32.51,32.12,83.03,35.62,33.42,31.93,40.27,44.42,38.14,38.83,39.83,38.83,43.35,97.24
33927,53.7,102.8,31.11,29.25,30.49,30.49,31.93,30.66,31.29,38.55,32.51,32.12,83.03,35.62,33.31,31.93,39.98,44.42,38.14,38.83,39.83,38.69,43.17,97.24
33950,52.65,102.8,31.11,29.33,30.49,30.49,31.84,30.75,31.29,38.97,32.51,32.12,83.03,35.62,33.31,31.93,40.27,44.42,38.14,38.97,39.98,38.83,43.17,98.12
33968,59.31,101.83,31.11,29.25,30.49,30.49,31.84,30.66,31.29,38.69,32.51,32.03,83.03,35.62,33.31,31.93,40.27,44.42,38.14,38.83,39.83,38.83,43.35,98.12
33989,65.42,102.8,31.02,29.25,30.49,30.49,31.84,30.66,31.38,40.27,32.51,32.12,83.67,35.62,33.31,31.93,40.12,44.42,38.14,38.97,39.83,38.83,43.17,98.12
34007,74.44,102.8,30.93,29.25,30.49,30.49,31.84,30.66,31.38,39.54,32.51,32.12,83.03,35.62,33.31,31.93,40.27,44.42,38.14,38.97,39.83,38.83,43.17,98.12
34027,76.55,103.78,30.93,29.33,30.49,30.49,31.93,30.75,31.38,31.65,32.51,32.03,83.03,35.62,33.31,31.93,40.27,44.42,38.14,38.83,39.83,38.83,43,98.12
34046,73.93,102.8,30.93,29.33,30.49,30.49,31.84,30.66,31.38,31.65,32.51,32.12,83.03,35.62,33.31,31.93,40.27,44.42,38.14,38.83,39.83,38.69,43.52,98.12
34066,60.3,101.83,30.93,29.25,30.49,30.49,31.93,30.66,31.38,31.56,32.51,32.03,82.39,35.62,33.31,31.93,40.27,44.42,38.14,38.83,39.83,38.69,43.17,98.12
34087,50.2,101.83,30.93,29.25,30.49,30.49,31.93,30.75,31.38,31.65,32.51,32.12,83.03,35.5,33.31,31.93,40.27,44.42,38.14,38.97,39.83,38.69,43.35,98.12
34105,58.03,101.83,30.93,29.25,30.49,30.49,32.22,30.66,31.38,31.65,32.51,32.12,82.39,35.5,33.31,31.93,40.12,44.42,38.14,38.97,39.83,38.69,43.17,97.24
34126,49.97,100.87,30.93,29.25,30.49,30.49,31.93,30.75,31.38,31.65,32.51,32.03,82.39,35.5,33.31,31.93,40.27,44.42,38.14,38.97,39.83,38.69,43.17,98.12
34144,41.2,101.83,31.38,29.33,30.49,30.49,31.93,30.66,31.38,31.56,32.51,32.12,83.67,35.5,33.31,31.93,40.27,44.42,38.14,38.97,39.83,38.69,43.52,98.12
34165,38.83,100.87,31.02,29.25,30.49,30.49,31.93,30.66,31.38,31.65,32.51,32.12,82.39,35.5,33.31,31.84,40.12,44.42,38.14,38.83,39.83,38.69,43,98.12
34183,49.74,100.87,31.02,29.25,30.49,30.49,31.93,30.66,31.38,31.65,32.51,32.03,82.39,35.5,33.31,31.93,40.12,44.42,38.14,38.97,39.83,38.69,43,98.12
34204,54.51,101.83,30.93,29.33,30.49,30.49,32.61,30.75,31.38,31.65,32.51,32.12,82.39,35.5,33.31,31.93,40.27,44.42,38.14,38.83,39.83,38.69,43,97.24
34224,38.41,100.87,30.93,29.33,30.49,30.49,31.93,30.66,31.2,31.56,32.51,32.03,82.39,35.5,33.31,31.93,40.27,44.42,38.14,38.83,39.83,38.69,43,97.24
34242,38.97,99.94,31.2,29.25,30.49,30.49,32.61,30.66,31.11,31.65,32.51,32.12,83.03,35.5,33.21,31.93,39.98,44.42,38.14,38.97,39.83,38.69,43.35,98.12
34263,43.52,100.87,31.02,29.25,30.49,30.4,32.61,30.75,31.2,31.65,32.51,32.12,83.03,35.5,33.31,31.93,40.27,44.42,38.14,38.83,39.83,38.69,43.52,98.12
34281,72.93,101.83,30.93,29.33,30.49,30.4,32.61,30.66,31.11,31.93,32.51,32.12,82.39,35.5,33.31,31.93,40.27,44.42,38.14,38.69,39.83,38.69,43.52,98.12
34302,39.54,100.87,30.93,29.25,30.49,30.4,32.71,30.66,31.11,31.93,32.51,32.12,83.03,35.5,33.31,31.93,40.27,44.42,38.14,38.83,39.83,38.69,43.35,98.12
34320,47.97,100.87,30.93,29.33,30.49,30.4,32.71,30.66,31.2,31.93,32.51,32.12,83.03,35.5,33.31,31.93,40.27,44.42,38.14,38.83,39.83,38.69,43.35,97.24
34341,47.34,100.87,30.93,29.25,30.49,30.4,32.71,30.66,31.2,31.93,32.51,32.03,83.03,35.5,33.31,31.93,40.27,44.42,38.01,38.83,39.83,38.69,43.35,97.24
34361,42.83,100.87,31.02,29.33,30.49,30.49,32.71,30.66,31.2,31.93,32.51,32.12,83.03,35.5,33.31,31.93,40.27,44.42,38.14,38.83,39.83,38.69,43.35,99.02
34380,101.83,102.8,30.93,29.33,30.49,30.4,32.71,30.66,31.2,31.93,32.51,32.12,83.03,35.5,33.31,32.03,40.27,44.42,38.14,38.83,39.83,38.69,43.35,98.12
34400,97.24,102.8,30.93,29.33,30.49,30.4,32.61,30.66,31.2,31.93,32.51,32.12,83.03,35.5,33.31,31.84,40.27,44.42,38.01,38.83,39.83,38.69,43.52,98.12
34419,98.12,102.8,30.93,29.25,30.49,30.4,32.71,30.66,31.29,31.93,32.51,32.03,83.03,35.5,33.31,31.93,40.27,44.42,38.01,38.83,39.83,38.69,43.52,99.02
34439,99.94,102.8,30.93,29.33,30.49,30.4,32.71,30.66,31.29,31.93,32.51,32.12,83.03,35.5,33.31,31.93,40.27,44.42,38.14,38.83,39.83,38.69,43.7,97.24
34458,38.83,100.87,30.93,29.25,30.49,30.4,32.71,30.66,31.29,31.93,32.51,32.12,83.03,35.5,33.31,32.03,40.27,44.42,38.01,38.83,39.83,38.69,43.7,99.02
34478,101.83,103.78,30.93,29.25,30.49,30.4,32.61,30.66,31.29,31.93,32.51,32.12,83.03,35.5,33.31,31.93,40.27,44.42,38.01,38.83,39.83,38.69,43.7,98.12
34498,102.8,103.78,30.93,29.25,30.49,30.4,32.61,30.66,31.29,31.93,32.51,32.12,83.03,35.5,33.31,32.03,40.12,44.42,38.01,38.83,39.83,38.69,43.7,98.12
34517,101.83,102.8,30.93,29.33,30.49,30.4,32.51,30.66,31.29,31.93,32.51,32.12,83.03,35.5,33.31,31.93,40.27,44.42,38.14,38.83,39.83,38.69,43.7,99.02
34537,101.83,102.8,30.93,29.33,30.49,30.4,32.61,30.66,31.29,31.93,32.51,32.12,83.03,35.5,33.31,31.93,40.12,44.42,38.14,38.83,39.83,38.69,43.35,99.02
34558,101.83,102.8,30.93,29.33,30.49,30.4,32.51,30.66,31.29,31.93,32.51,32.03,83.03,35.5,33.31,31.93,40.27,44.42,38.14,38.83,39.83,38.69,43.52,98.12
34576,78.78,101.83,30.93,29.25,30.49,30.4,32.61,30.66,31.29,31.93,32.51,32.12,83.03,35.5,33.31,31.93,40.27,44.42,38.01,38.83,39.83,38.55,43.52,98.12
34597,94.68,102.8,30.93,29.25,30.49,30.4,32.61,30.66,31.29,31.93,32.51,32.12,82.39,35.5,33.31,31.93,40.27,44.42,38.14,38.83,39.83,38.69,43.52,98.12
34617,90.7,102.8,30.93,29.25,30.49,30.4,32.61,30.66,31.29,31.93,32.51,32.12,82.39,35.62,33.31,31.93,40.12,44.42,38.14,38.83,39.68,38.69,43.7,98.12
34636,69.64,101.83,30.93,29.25,30.49,30.4,32.61,30.66,31.29,31.93,32.51,32.03,83.03,35.5,33.31,31.93,40.27,44.42,38.14,38.83,39.83,38.69,43.7,98.12
34656,78.78,102.8,30.93,29.25,30.49,30.4,32.61,30.66,31.29,31.93,32.51,32.12,82.39,35.62,33.31,31.93,40.27,44.42,38.14,38.83,39.83,38.69,43.52,98.12
34675,84.32,102.8,30.93,29.33,30.49,30.4,32.61,30.66,31.29,31.93,32.51,32.12,82.39,35.5,33.31,31.93,40.27,44.42,38.01,38.83,39.83,38.69,43.52,98.12
34695,99.02,103.78,30.93,29.25,30.49,30.4,32.71,30.66,31.29,31.93,32.51,32.12,83.03,35.62,33.31,31.93,40.12,44.42,38.14,38.83,39.83,38.69,43.52,99.02
34714,99.02,103.78,30.93,29.25,30.49,30.49,32.61,30.66,31.29,31.93,32.51,32.12,67.46,35.62,33.31,32.03,40.27,44.42,38.14,38.83,39.83,38.69,43.17,98.12
34734,100.87,103.78,30.93,29.33,30.49,30.49,32.61,30.66,31.29,31.93,32.51,32.12,69.64,35.62,33.31,32.03,40.12,44.42,38.14,38.83,39.83,38.69,43.7,99.02
34754,99.94,103.78,30.93,29.25,30.49,30.49,32.61,30.66,31.29,31.93,32.51,32.03,67.46,35.74,33.31,32.03,40.27,44.42,38.01,38.83,39.83,38.69,43.35,98.12
34773,99.94,102.8,30.93,29.25,30.49,30.4,32.61,30.66,31.29,31.93,32.51,32.12,67.88,35.62,33.31,32.03,40.27,44.42,38.14,38.83,39.83,38.69,43.35,98.12
34793,99.94,102.8,30.93,29.25,30.49,30.49,32.61,30.66,31.29,31.93,32.51,32.12,74.44,35.74,33.31,31.93,40.12,44.24,38.01,38.83,39.83,38.69,43.52,99.02
34812,99.94,103.78,30.93,29.33,30.49,30.49,32.61,30.66,31.29,31.93,32.51,32.12,77.65,35.62,33.31,31.93,40.27,44.42,38.14,38.83,39.83,38.69,43.7,98.12
34832,99.94,103.78,30.93,29.25,30.49,30.49,32.71,30.66,31.29,31.93,32.51,32.12,79.95,35.62,33.31,31.93,40.27,44.42,38.14,38.69,39.83,38.69,43.7,99.02
34851,99.94,103.78,32.32,29.33,30.49,30.49,32.61,30.66,31.29,31.93,32.51,32.03,81.15,35.74,33.31,31.93,40.12,44.42,38.14,38.83,39.83,38.69,43.7,98.12
34871,99.94,103.78,30.93,29.33,30.49,30.49,32.71,30.66,31.29,31.93,32.51,32.12,82.39,35.62,33.31,32.03,40.27,44.42,38.14,38.83,39.83,38.69,43.7,98.12
34892,100.87,103.78,31.2,29.33,30.49,30.49,32.71,30.66,31.29,31.93,32.51,32.12,82.39,35.74,33.31,32.03,40.27,44.42,38.01,38.83,39.83,38.69,43.52,98.12
34910,99.94,102.8,30.93,29.33,30.49,30.49,32.81,30.66,31.29,31.93,32.51,32.12,82.39,35.74,33.21,32.03,39.98,44.42,38.14,38.83,39.83,38.69,43.7,98.12
34931,101.83,103.78,30.93,29.33,30.49,30.49,32.71,30.66,31.29,31.93,32.51,32.12,82.39,35.62,33.31,32.03,40.27,44.42,38.01,38.69,39.83,38.69,43.7,99.02
34949,101.83,103.78,30.93,29.25,30.49,30.49,32.81,30.66,31.29,31.93,32.51,32.12,82.39,35.62,33.31,32.03,40.12,44.42,38.14,38.83,39.83,38.69,43.17,98.12
34970,101.83,103.78,31.47,29.33,30.49,30.49,32.81,30.66,31.29,31.93,32.51,32.12,82.39,35.62,33.31,32.03,40.27,44.42,38.01,38.83,39.83,38.69,43.17,99.02
34990,101.83,103.78,31.47,29.33,30.49,30.49,32.71,30.66,31.29,31.93,32.51,32.03,83.03,35.74,33.31,32.03,40.27,44.42,38.14,38.83,39.83,38.69,43.35,99.02
35008,101.83,103.78,31.47,29.25,30.49,30.49,32.81,30.66,31.29,31.93,32.51,32.12,83.03,35.74,33.31,32.03,40.27,44.42,38.14,38.83,39.83,38.69,43.35,99.02
35029,101.83,103.78,31.47,29.33,30.49,30.49,32.71,30.66,31.29,31.93,32.51,32.12,83.03,35.74,33.31,32.03,40.27,44.42,38.01,38.83,39.83,38.69,43,98.12
35047,101.83,103.78,31.47,29.25,30.49,30.49,32.81,30.66,31.29,31.93,32.51,32.12,83.03,35.62,33.31,32.03,40.27,44.42,38.01,38.83,39.83,38.69,43.7,99.02
35068,101.83,104.79,31.47,29.33,30.49,30.49,32.81,30.75,31.29,31.93,32.51,32.12,83.67,35.74,33.31,32.03,40.27,44.42,38.01,38.83,39.83,38.69,43.7,99.02
35086,98.12,104.79,30.93,29.33,30.49,30.49,32.81,30.66,31.29,31.93,32.51,32.12,83.67,35.74,33.31,31.93,40.12,44.42,38.01,38.83,39.83,38.69,43.7,98.12
35107,99.02,104.79,31.02,29.25,30.49,30.49,32.81,30.66,31.29,31.93,32.51,32.12,83.67,35.74,33.31,31.93,40.27,44.42,38.14,38.83,39.83,38.69,43.7,98.12
35127,99.02,104.79,31.02,29.33,30.49,30.49,32.81,30.66,31.29,31.93,32.51,32.12,83.67,35.74,33.31,32.03,40.27,44.42,38.14,38.83,39.83,38.69,43.88,99.02
35148,97.24,104.79,31.02,29.33,30.49,30.49,32.81,30.66,31.29,31.93,32.51,32.12,83.67,35.74,33.31,32.03,40.27,44.42,38.01,38.83,39.83,38.69,43.7,99.02
35166,97.24,104.79,30.93,29.25,30.49,30.49,32.81,30.66,31.29,31.93,32.51,32.12,83.67,35.74,33.31,32.03,40.12,44.42,38.14,38.83,39.83,38.69,43.7,99.02
35187,97.24,103.78,30.93,29.25,30.49,30.49,32.81,30.66,31.29,31.93,32.51,32.03,83.67,35.74,33.31,32.03,40.27,44.42,38.01,38.83,39.83,38.69,43.7,99.02
35205,97.24,104.79,30.93,29.33,30.49,30.49,32.81,30.66,31.29,31.93,32.51,32.12,83.67,35.74,33.31,32.03,40.27,44.42,38.14,38.83,39.83,38.69,43.7,99.02
35226,97.24,104.79,31.02,29.33,30.49,30.49,32.81,30.66,31.29,31.93,32.51,32.12,83.67,35.74,33.31,32.03,40.12,44.42,38.14,38.83,39.83,38.69,43.7,99.02
35246,97.24,104.79,31.02,29.33,30.49,30.49,32.71,30.66,31.29,31.93,32.51,32.03,83.67,35.74,33.31,32.03,40.27,44.42,38.01,38.83,39.83,38.69,43.88,99.02
35264,97.24,104.79,31.02,29.25,30.49,30.49,32.81,30.66,31.29,31.93,32.51,32.12,83.03,35.62,33.31,32.03,40.27,44.42,38.14,38.83,39.83,38.69,43.7,98.12
35285,97.24,104.79,31.2,29.25,30.49,30.49,32.81,30.66,31.29,31.93,32.51,32.12,83.67,35.74,33.31,31.93,40.27,44.42,38.14,38.83,39.83,38.69,43.7,98.12
35303,97.24,104.79,30.93,29.33,30.49,30.49,32.81,30.66,31.29,31.93,32.51,32.12,83.67,35.74,33.31,31.93,40.27,44.42,38.14,38.83,39.83,38.69,43.7,98.12
35324,97.24,104.79,31.02,29.33,30.49,30.49,32.71,30.66,31.29,31.93,32.51,32.12,83.67,35.62,33.31,31.93,40.27,44.42,38.14,38.83,39.83,38.69,43.7,99.02
35342,97.24,104.79,31.02,29.25,30.49,30.49,32.71,30.66,31.29,31.93,32.51,32.12,83.03,35.62,33.31,32.03,40.27,44.42,38.14,38.83,39.83,38.69,43.7,97.24
35363,42,102.8,31.02,29.25,30.49,30.49,32.81,30.66,31.29,31.93,32.51,32.12,83.03,35.62,33.31,32.03,40.27,44.42,38.14,38.83,39.83,38.69,43.7,98.12
35383,41.84,102.8,30.93,29.33,30.49,30.49,32.71,30.66,31.29,31.93,32.51,32.12,83.03,35.62,33.31,31.93,40.27,44.42,38.14,38.83,39.83,38.69,43.7,98.12
35402,41.04,102.8,31.02,29.25,30.49,30.49,32.03,30.66,31.29,32.03,32.51,32.12,83.03,35.62,33.31,32.03,40.27,44.42,38.14,38.83,39.83,38.69,43.7,97.24
35422,39.98,102.8,31.02,29.25,30.49,30.49,32.03,30.66,31.29,31.93,32.51,32.12,83.03,35.62,33.31,31.93,40.27,44.42,38.01,38.83,39.83,38.69,43.88,98.12
35441,59.31,102.8,30.93,29.25,30.49,30.49,32.51,30.66,31.29,31.93,32.51,32.12,82.39,35.62,33.21,31.93,40.27,44.42,38.14,38.83,39.83,38.69,43.88,98.12
35461,98.12,104.79,30.93,29.25,30.49,30.49,32.61,30.66,31.29,31.93,32.51,32.12,83.67,35.62,33.31,31.93,40.27,44.42,38.14,38.83,39.83,38.69,43.7,98.12
35479,98.12,104.79,30.93,29.25,30.49,30.49,31.93,30.66,31.29,31.93,32.51,32.12,83.03,35.62,33.31,31.93,40.27,44.42,38.14,38.83,39.83,38.69,43.7,95.52
35500,50.91,102.8,30.93,29.25,30.49,30.49,31.93,30.66,31.29,31.93,32.51,32.03,82.39,35.62,33.31,31.93,40.27,44.42,38.14,38.83,39.83,38.83,43.88,98.12
35520,50.67,102.8,30.93,29.33,30.49,30.49,31.93,30.66,31.29,31.93,32.51,32.12,83.03,35.62,33.31,31.93,40.27,44.79,38.14,38.83,39.83,38.69,43.7,98.12
35539,98.12,104.79,30.93,29.25,30.49,30.49,31.93,30.75,31.29,31.93,32.51,32.12,83.67,35.62,33.31,31.93,40.27,45.16,38.14,38.83,39.83,38.69,43.7,98.12
35559,57.72,102.8,30.93,29.33,30.49,30.49,31.93,30.75,31.29,31.93,32.51,32.12,83.03,35.62,33.31,31.93,40.27,45.35,38.14,38.83,39.98,38.69,43.7,98.12
35578,74.95,103.78,30.93,29.33,30.49,30.49,31.93,30.66,31.38,31.93,32.51,32.03,83.03,35.62,33.31,31.93,40.12,45.35,38.01,38.83,39.83,38.69,43.7,98.12
35598,55.35,102.8,30.93,29.25,30.49,30.49,31.84,30.75,31.38,31.93,32.51,32.12,82.39,35.62,33.31,31.93,40.12,45.35,38.14,38.83,39.98,38.69,43.35,98.12
35617,62.75,102.8,31.02,29.33,30.49,30.49,31.84,30.66,31.38,31.93,32.51,32.12,83.03,35.62,33.31,31.93,40.27,45.16,38.14,38.83,39.83,38.83,43.52,98.12
35637,72.93,103.78,31.02,29.25,30.49,30.49,31.84,30.66,31.38,31.93,32.51,32.03,83.67,35.62,33.31,31.93,40.27,44.24,38.01,38.83,39.83,38.69,43.17,99.02
35658,97.24,104.79,30.93,29.33,30.49,30.49,31.84,30.75,31.38,31.93,32.51,32.03,83.03,35.62,33.31,31.93,40.12,44.42,38.14,38.83,39.83,38.83,43.7,99.02
35676,98.12,104.79,31.02,29.25,30.49,30.49,31.84,30.75,31.38,31.93,32.51,32.03,83.67,35.62,33.31,31.93,40.27,44.42,38.14,38.83,39.98,38.83,43.52,99.02
35697,98.12,104.79,30.93,29.25,30.49,30.49,31.84,30.66,31.38,31.93,32.51,32.12,83.03,35.62,33.31,31.93,40.27,44.79,38.14,38.83,39.98,38.83,43.52,99.02
35715,98.12,104.79,30.93,29.33,30.49,30.49,31.84,30.75,31.38,31.93,32.51,32.12,82.39,35.62,33.31,31.93,40.27,44.6,38.14,38.97,39.83,38.69,43.35,97.24
35735,60.98,103.78,30.93,29.25,30.49,30.49,31.84,30.75,31.38,31.93,32.51,32.12,82.39,35.62,33.31,31.93,40.27,45.54,38.14,38.97,39.83,38.83,43.35,96.37
35754,96.37,103.78,30.93,29.25,30.49,30.49,31.84,30.75,31.38,31.93,32.51,32.03,82.39,35.62,33.31,31.93,40.27,45.74,38.14,38.83,39.83,38.83,43.35,96.37
35774,80.55,103.78,30.93,29.33,30.49,30.49,31.84,30.75,31.38,31.93,32.51,32.12,81.77,35.62,33.42,31.93,40.27,45.74,38.14,38.97,39.83,38.69,43.35,97.24
35795,78.21,103.78,30.93,29.33,30.49,30.49,31.84,30.75,31.38,31.93,32.51,32.12,83.03,35.62,33.31,31.93,40.12,45.74,38.14,38.83,39.83,38.69,43.7,97.24
35813,92.25,104.79,30.93,29.33,30.49,30.49,31.84,30.75,31.38,31.93,32.51,32.03,82.39,35.62,33.31,31.93,40.27,45.74,38.14,38.97,39.83,38.83,43.7,96.37
35834,95.52,104.79,30.93,29.33,30.49,30.49,31.84,30.66,31.38,31.93,32.51,32.03,82.39,35.62,33.31,31.93,40.27,45.74,38.14,38.83,39.83,38.83,43.7,97.24
35852,99.02,104.79,30.93,29.25,30.49,30.49,31.84,30.66,31.38,31.93,32.51,32.03,83.03,35.62,33.31,31.93,40.27,45.54,38.14,38.97,39.83,38.69,43.7,97.24
35873,100.87,104.79,30.93,29.25,30.49,30.49,31.84,30.66,31.38,31.93,32.51,32.12,83.03,35.62,33.31,31.93,40.27,45.54,38.14,38.97,39.83,38.69,43.7,98.12
35893,101.83,104.79,30.93,29.25,30.49,30.49,31.93,30.66,31.38,31.93,32.51,32.12,83.03,35.62,33.31,31.93,40.27,45.54,38.14,38.83,39.83,38.83,43.7,97.24
35912,102.8,104.79,30.93,29.33,30.49,30.49,31.84,30.75,31.38,31.93,32.51,32.12,82.39,35.62,33.31,31.93,40.27,45.74,38.14,38.83,39.83,38.83,43.7,98.12
35932,99.94,104.79,30.93,29.25,30.49,30.49,31.93,30.75,31.38,31.93,32.51,32.12,82.39,35.62,33.31,31.93,39.83,45.74,38.14,38.83,39.83,38.69,43.7,96.37
35951,43.52,101.83,30.93,29.25,30.49,30.49,31.93,30.75,31.38,31.93,32.51,32.03,81.77,35.62,33.31,31.93,40.27,45.54,38.01,38.83,39.83,38.83,43.7,97.24
35971,57.72,103.78,30.93,29.25,30.49,30.49,31.93,30.66,31.38,31.93,32.51,32.12,83.03,35.74,33.31,31.93,40.27,45.74,38.14,38.83,39.98,38.83,43.7,97.24
35989,70.09,103.78,30.93,29.33,30.49,30.49,31.84,30.75,31.38,31.93,32.51,32.03,82.39,35.62,33.31,31.93,40.27,45.74,38.14,38.83,39.83,38.69,43.7,97.24
36010,66.22,103.78,30.93,29.25,30.49,30.49,31.84,30.66,31.38,31.93,32.51,32.12,82.39,35.62,33.31,31.93,40.27,45.74,38.14,38.83,39.83,38.69,43.7,97.24
36030,63.87,102.8,30.93,29.25,30.49,30.49,31.84,30.66,31.38,31.93,32.51,32.12,82.39,35.62,33.31,31.93,40.27,45.74,38.01,38.83,39.83,38.69,43.88,97.24
36049,56.51,102.8,30.93,29.33,30.49,30.49,31.84,30.66,31.38,31.93,32.51,32.12,83.03,35.62,33.31,31.93,40.12,45.35,38.14,38.83,39.98,38.69,43.7,97.24
36069,55.92,102.8,30.93,29.33,30.49,30.49,31.93,30.75,31.38,31.93,32.51,32.12,83.03,35.62,33.31,31.93,40.12,45.35,38.14,38.83,39.83,38.69,43.7,97.24
36088,62.03,102.8,30.93,29.33,30.49,30.49,31.93,30.75,31.38,31.93,32.51,32.12,83.03,35.62,33.31,31.93,40.27,45.35,38.14,38.83,39.83,38.69,43.7,97.24
36108,59.96,102.8,30.93,29.25,30.49,30.49,31.93,30.75,31.38,31.93,32.51,32.12,83.03,35.62,33.31,31.93,40.27,45.35,38.14,38.83,39.83,38.69,43.7,97.24
36127,67.46,103.78,30.93,29.25,30.58,30.49,31.93,30.66,31.38,31.93,32.51,32.12,83.03,35.62,33.31,31.93,40.27,45.35,38.01,38.83,39.83,38.83,43.7,97.24
36149,70.55,103.78,30.93,29.33,30.49,30.49,31.93,30.75,31.38,31.93,32.51,32.12,83.03,35.74,33.31,31.93,40.27,45.35,38.14,38.83,39.83,38.69,43.7,97.24
36168,64.25,102.8,30.93,29.25,30.49,30.49,31.93,30.66,31.38,31.93,32.51,32.12,83.03,35.62,33.31,31.93,40.27,45.35,38.14,38.83,39.83,38.69,43.7,97.24
36188,62.75,102.8,31.02,29.33,30.49,30.4,31.93,30.75,31.38,31.93,32.51,32.12,83.03,35.62,33.31,31.93,40.27,45.35,38.14,38.83,39.83,38.69,43.7,96.37
36207,55.07,102.8,31.02,29.25,30.49,30.49,32.12,30.75,31.38,31.93,32.51,32.12,82.39,35.74,33.31,31.93,40.27,45.35,38.14,38.83,39.83,38.69,43.7,96.37
36227,52.14,101.83,31.29,29.25,30.49,30.49,32.71,30.75,31.38,31.93,32.51,32.03,83.03,35.62,33.31,31.93,40.12,45.35,38.14,38.83,39.83,38.69,43.7,97.24
36245,50.2,101.83,30.93,29.33,30.49,30.4,32.71,30.66,31.38,31.93,32.51,32.12,83.03,35.62,33.31,31.93,40.27,45.16,38.14,38.97,39.83,38.69,43.52,97.24
36266,58.98,102.8,30.93,29.33,30.49,30.49,32.71,30.66,31.29,31.93,32.51,32.12,83.03,35.62,33.31,31.93,40.27,45.16,38.14,38.83,39.83,38.69,43.7,96.37
36286,98.12,103.78,31.02,29.33,30.49,30.49,32.71,30.66,31.29,31.93,32.51,32.03,83.03,35.62,33.31,31.93,40.27,44.97,38.14,38.83,39.83,38.55,43.7,97.24
36305,61.68,102.8,30.93,29.33,30.49,30.49,32.71,30.66,31.29,31.93,32.51,32.12,83.03,35.62,33.31,31.93,40.27,44.97,38.14,38.83,39.83,38.69,43.7,97.24
36325,67.88,102.8,30.93,29.25,30.49,30.4,32.71,30.66,31.29,31.93,32.51,32.12,82.39,35.62,33.31,31.93,40.27,44.97,38.01,38.83,39.83,38.69,43.7,96.37
36344,83.67,102.8,31.02,29.33,30.49,30.4,32.71,30.66,31.29,31.93,32.51,32.12,83.03,35.62,33.31,31.93,40.27,44.97,38.01,38.83,39.83,38.69,43.7,97.24
36364,92.25,103.78,31.02,29.33,30.49,30.49,32.71,30.66,31.29,31.93,32.51,32.12,83.03,35.62,33.31,31.93,40.27,44.97,38.14,38.83,39.83,38.69,43.7,97.24
36383,87.04,103.78,30.84,29.25,30.49,30.4,32.71,30.66,31.29,31.93,32.51,32.12,83.03,35.62,33.31,31.93,40.12,44.97,38.01,38.83,39.68,38.69,43.7,97.24
36403,87.75,103.78,30.93,29.33,30.49,30.4,32.71,30.75,31.29,31.93,32.51,32.12,83.67,35.62,33.31,31.93,40.27,44.97,38.14,38.83,39.83,38.69,43.7,97.24
36424,87.04,102.8,30.93,29.33,30.49,30.4,32.61,30.66,31.29,31.93,32.51,32.03,83.67,35.62,33.31,31.93,40.27,44.79,38.01,38.83,39.83,38.69,43.7,97.24
36442,87.04,102.8,33.21,29.25,30.49,30.4,32.61,30.66,31.29,31.93,32.51,32.12,83.67,35.62,33.31,31.93,40.27,44.6,38.14,38.83,39.83,38.69,43.7,97.24
36463,87.04,103.78,31.02,29.33,30.49,30.4,32.61,30.66,31.02,31.93,32.51,32.12,83.67,35.62,33.31,31.93,40.27,44.42,38.14,38.83,39.83,38.69,43.7,97.24
36481,89.2,103.78,31.02,29.25,30.49,30.4,32.61,30.66,31.02,31.93,32.51,32.12,83.67,35.62,33.31,32.03,39.98,44.79,38.01,38.83,39.83,38.55,43.7,97.24
36501,87.04,103.78,30.93,29.25,30.49,30.4,32.51,30.66,31.11,31.93,32.51,32.12,83.03,35.74,33.31,31.93,40.27,44.79,38.01,38.83,39.83,38.69,43.7,96.37
36520,87.75,102.8,30.93,29.33,30.49,30.4,32.61,30.66,31.11,31.93,32.51,32.12,83.67,35.74,33.31,31.93,40.27,44.79,38.14,38.83,39.83,38.69,43.7,97.24
36540,95.52,103.78,30.93,29.33,30.49,30.4,32.61,30.66,31.11,31.93,32.51,32.12,83.67,35.62,33.31,31.93,40.27,44.6,38.14,38.83,39.83,38.69,43.7,97.24
36561,87.04,102.8,30.93,29.25,30.49,30.4,32.71,30.66,31.02,31.93,32.51,32.12,83.03,35.74,33.31,31.93,40.12,44.6,38.01,38.83,39.83,38.69,43.7,97.24
36579,87.04,102.8,30.93,29.25,30.49,30.4,32.71,30.66,31.11,31.93,32.51,32.12,83.67,35.62,33.31,32.03,40.27,44.42,38.14,38.83,39.68,38.69,43.7,97.24
36600,97.24,102.8,30.93,29.25,30.49,30.4,32.71,30.66,31.02,31.93,32.51,32.12,83.03,35.62,33.31,31.93,40.12,44.6,38.14,38.83,39.83,38.55,43.88,97.24
36618,97.24,103.78,30.93,29.33,30.49,30.4,32.61,30.66,31.02,31.93,32.51,32.12,83.67,35.62,33.31,31.93,40.27,44.79,38.14,38.83,39.83,38.55,43.88,97.24
36639,95.52,103.78,30.93,29.33,30.49,30.4,32.71,30.66,31.11,31.93,32.51,32.12,83.67,35.62,33.31,31.93,40.27,44.6,38.01,38.83,39.83,38.69,43.7,97.24
36657,96.37,103.78,30.93,29.33,30.49,30.4,32.71,30.66,31.11,31.93,32.51,32.12,83.67,35.62,33.31,31.93,40.27,44.6,38.01,38.83,39.83,38.69,43.88,97.24
36678,97.24,103.78,30.93,29.33,30.49,30.4,32.71,30.66,31.11,31.93,32.51,32.12,83.67,35.62,33.31,31.93,40.27,44.79,38.14,38.83,39.83,38.69,43.7,97.24
36698,97.24,103.78,30.93,29.33,30.49,30.4,32.61,30.66,31.02,31.93,32.51,32.12,83.67,35.74,33.31,31.93,40.27,44.79,38.01,38.83,39.83,38.69,43.88,97.24
36716,97.24,103.78,30.93,29.33,30.49,30.4,32.71,30.66,31.02,31.93,32.51,32.03,83.03,35.74,33.31,31.93,40.12,44.79,38.14,38.83,39.83,38.69,43.7,97.24
36737,97.24,103.78,30.93,29.33,30.49,30.4,32.71,30.66,31.02,31.93,32.51,32.03,83.67,35.74,33.31,32.03,40.27,44.79,38.01,38.83,39.83,38.69,43.7,97.24
36755,97.24,103.78,30.93,29.25,30.49,30.4,32.71,30.66,31.02,31.93,32.51,32.12,83.67,35.62,33.31,31.93,40.12,44.6,38.01,38.83,39.83,38.69,43.88,96.37
36776,97.24,103.78,30.93,29.25,30.49,30.4,32.71,30.66,31.11,31.93,32.51,32.12,83.67,35.62,33.31,31.93,40.27,44.79,38.01,38.83,39.83,38.69,43.7,97.24
36796,97.24,103.78,30.93,29.33,30.49,30.4,32.81,30.66,31.29,31.93,32.51,32.12,83.67,35.62,33.31,32.03,40.27,44.97,38.01,38.83,39.83,38.69,43.7,97.24
36815,97.24,103.78,30.93,29.25,30.49,30.49,32.81,30.66,31.29,32.03,32.51,32.03,83.67,35.74,33.31,31.93,40.12,44.79,38.14,38.83,39.83,38.69,43.88,97.24
36835,97.24,103.78,30.93,29.33,30.49,30.4,32.81,30.66,31.29,31.93,32.51,32.12,83.67,35.62,33.31,31.93,40.27,44.79,38.14,38.83,39.83,38.69,43.7,97.24
36854,97.24,103.78,30.93,29.25,30.49,30.4,32.81,30.66,31.29,31.93,32.51,32.12,83.67,35.74,33.31,31.93,40.12,44.79,38.14,38.83,39.83,38.69,43.7,97.24
36874,97.24,103.78,30.93,29.33,30.49,30.49,32.81,30.66,31.29,31.93,32.51,32.12,83.67,35.74,33.31,31.93,40.27,44.79,38.01,38.83,39.83,38.55,43.7,97.24
36893,97.24,103.78,30.93,29.33,30.49,30.49,32.81,30.66,31.29,31.93,32.51,32.12,83.67,35.62,33.31,32.03,40.27,44.79,38.14,38.83,39.83,38.69,43.7,97.24
36913,97.24,103.78,30.93,29.25,30.49,30.49,32.81,30.66,31.29,31.93,32.51,32.12,83.67,35.74,33.31,32.03,40.27,44.79,38.14,38.69,39.68,38.69,43.7,97.24
36934,93.05,103.78,30.93,29.25,30.49,30.49,32.81,30.66,31.38,31.93,32.51,32.12,83.67,35.74,33.31,32.03,40.27,44.79,38.14,38.69,39.83,38.55,43.7,97.24
36952,88.47,103.78,30.93,29.33,30.49,30.49,32.81,30.66,31.29,31.93,32.51,32.12,83.67,35.62,33.31,31.93,40.12,44.79,38.14,38.83,39.83,38.69,43.7,96.37
36972,88.47,103.78,31.47,29.33,30.49,30.49,32.71,30.66,31.38,31.93,32.51,32.12,83.03,35.62,33.31,31.93,40.27,44.79,38.14,38.83,39.68,38.55,43.7,97.24
36991,89.2,103.78,30.93,29.25,30.49,30.49,32.71,30.66,31.29,31.93,32.51,32.12,83.67,35.62,33.31,32.03,40.12,44.79,38.14,38.83,39.83,38.69,43.7,96.37
37011,89.2,103.78,30.93,29.33,30.49,30.49,32.71,30.66,31.29,31.93,32.51,32.03,83.03,35.74,33.31,32.03,40.12,44.79,38.14,38.83,39.83,38.69,43.7,97.24
37030,89.2,103.78,31.02,29.25,30.49,30.49,32.71,30.66,31.29,31.93,32.51,32.12,83.67,35.62,33.31,32.03,40.27,44.79,38.14,38.83,39.83,38.69,43.7,97.24
37050,89.2,103.78,31.02,29.33,30.49,30.49,32.71,30.66,31.29,31.93,32.51,32.12,83.67,35.74,33.31,32.03,40.27,44.79,38.14,38.83,39.83,38.69,43.7,97.24
37071,89.2,103.78,31.02,29.33,30.49,30.49,32.71,30.66,31.29,31.93,32.51,32.12,83.67,35.62,33.31,32.03,40.27,44.79,38.14,38.83,39.83,38.69,43.7,96.37
37089,89.2,103.78,31.02,29.33,30.49,30.49,32.71,30.66,31.29,31.93,32.51,32.12,83.03,35.74,33.31,31.93,40.27,44.79,38.01,38.83,39.83,38.69,43.52,97.24
37110,89.2,103.78,31.02,29.33,30.49,30.49,32.71,30.66,31.29,32.03,32.51,32.12,83.67,35.74,33.31,32.03,40.27,44.79,38.14,38.83,39.83,38.69,43.52,97.24
37130,87.75,103.78,31.02,29.33,30.49,30.49,32.71,30.66,31.29,32.03,32.51,32.12,83.67,35.74,33.31,32.03,40.12,44.79,38.01,38.83,39.83,38.69,43.7,97.24
37149,71.96,102.8,31.02,29.33,30.49,30.49,32.71,30.66,31.29,31.93,32.51,32.12,83.03,35.74,33.31,32.03,40.27,44.97,38.01,38.83,39.83,38.69,43.35,96.37
37169,43,101.83,30.93,29.33,30.49,30.49,32.71,30.66,31.29,32.03,32.51,32.12,83.03,35.74,33.31,31.93,40.27,44.79,38.01,38.83,39.83,38.69,43.17,96.37
37190,41.84,101.83,31.02,29.33,30.49,30.49,32.81,30.66,31.29,31.93,32.51,32.03,83.67,35.74,33.31,32.03,40.27,44.97,38.14,38.83,39.83,38.69,43,96.37
37210,44.97,101.83,31.02,29.25,30.49,30.49,32.71,30.66,31.29,32.03,32.51,32.03,83.67,35.62,33.31,32.03,40.27,44.97,38.01,38.83,39.83,38.69,43.17,96.37
37228,59.31,102.8,31.02,29.33,30.49,30.49,32.81,30.66,31.29,31.93,32.51,32.12,83.67,35.74,33.31,32.03,40.27,44.79,38.14,38.83,39.83,38.69,43,96.37
37249,69.19,102.8,31.29,29.33,30.49,30.49,32.81,30.66,31.29,32.03,32.51,32.12,83.67,35.74,33.31,32.03,40.12,44.79,38.01,38.83,39.83,38.69,43,96.37
37267,75.48,102.8,31.02,29.33,30.49,30.49,32.71,30.66,31.29,32.03,32.51,32.12,83.67,35.74,33.31,31.93,40.27,44.79,38.14,38.83,39.83,38.69,43,96.37
37288,77.1,101.83,31.02,29.33,30.49,30.49,32.71,30.66,31.29,31.93,32.51,32.12,83.03,35.74,33.31,31.93,40.27,44.79,38.14,38.83,39.83,38.69,43,97.24
37306,77.65,102.8,31.02,29.33,30.49,30.49,32.71,30.75,31.29,32.03,32.51,32.12,83.03,35.74,33.31,32.03,40.27,44.97,38.14,38.83,39.83,38.69,43,96.37
37327,73.43,103.78,31.02,29.25,30.49,30.49,32.71,30.66,31.29,32.03,32.51,32.12,83.03,35.74,33.31,31.93,40.27,44.79,38.01,38.83,39.83,38.69,43,97.24
37347,74.95,102.8,31.02,29.33,30.49,30.49,32.71,30.66,31.29,32.03,32.51,32.12,83.67,35.74,33.31,31.93,40.27,44.97,38.14,38.83,39.83,38.69,43,96.37
37366,39.54,101.83,31.02,29.25,30.49,30.49,32.71,30.66,31.29,31.93,32.51,32.12,83.67,35.74,33.31,31.93,40.27,44.79,38.14,38.83,39.83,38.69,43,95.52
37386,43.52,101.83,31.02,29.25,30.49,30.49,32.71,30.66,31.29,31.93,32.51,32.12,83.03,35.62,33.31,31.93,40.27,44.79,38.14,38.83,39.83,38.69,43,96.37
37405,52.91,102.8,31.02,29.33,30.49,30.49,32.71,30.66,31.29,31.93,32.51,32.12,83.67,35.62,33.31,31.93,40.27,44.97,38.14,38.83,39.83,38.69,43,96.37
37425,50.44,101.83,31.02,29.25,30.49,30.49,32.71,30.66,31.29,31.93,32.51,32.12,83.67,35.62,33.31,32.03,40.27,44.79,38.14,38.83,39.83,38.69,43,97.24
37446,50.2,101.83,31.02,29.33,30.49,30.49,32.71,30.66,31.29,31.93,32.51,32.12,83.67,35.62,33.31,32.03,40.27,44.97,38.14,38.83,39.83,38.69,43,97.24
37464,58.98,102.8,31.02,29.25,30.49,30.49,32.71,30.66,31.29,32.03,32.51,32.12,83.67,35.62,33.31,31.93,40.27,44.79,38.14,38.83,39.83,38.69,43,97.24
37484,94.68,104.79,31.02,29.25,30.49,30.49,32.71,30.75,31.29,32.03,32.51,32.12,83.67,35.74,33.31,31.93,40.27,44.97,38.14,38.83,39.83,38.69,43,96.37
37503,97.24,104.79,30.93,29.33,30.49,30.49,32.61,30.66,31.29,31.93,32.51,32.12,83.67,35.62,33.31,31.93,40.27,44.97,38.01,38.97,39.83,38.69,43,97.24
37523,96.37,103.78,30.93,29.25,30.49,30.4,32.03,30.75,31.29,32.03,32.51,32.12,83.67,35.74,33.31,31.93,40.27,44.97,38.14,38.83,39.83,38.69,43,97.24
37542,94.68,103.78,31.02,29.33,30.49,30.49,31.93,30.66,31.29,31.93,32.51,32.12,83.67,35.62,33.31,31.93,40.27,44.97,38.14,38.83,39.83,38.69,43,96.37
37562,38.83,102.8,31.02,29.25,30.49,30.49,32.61,30.75,31.29,31.93,32.51,32.12,83.67,35.74,33.31,31.93,40.27,45.16,38.14,38.83,39.83,38.69,43,97.24
37583,99.02,104.79,30.93,29.33,30.49,30.49,31.93,30.66,31.29,31.93,32.51,32.12,83.67,35.62,33.31,31.93,40.27,44.97,38.14,38.83,39.98,38.83,43,97.24
37601,99.02,104.79,30.93,29.33,30.49,30.49,31.93,30.75,31.38,31.93,32.51,32.12,83.67,35.62,33.31,31.93,40.27,44.97,38.14,38.97,39.83,38.69,43,96.37
37622,42.66,102.8,30.93,29.25,30.49,30.49,31.84,30.66,31.38,31.93,32.51,32.12,83.03,35.62,33.31,31.93,40.27,44.97,38.01,38.97,39.83,38.69,43,96.37
37640,46.52,102.8,30.93,29.33,30.49,30.49,31.93,30.75,31.29,31.93,32.51,32.12,83.03,35.62,33.31,31.93,40.27,44.97,38.01,38.97,39.83,38.69,43,97.24
37661,66.63,102.8,30.93,29.33,30.49,30.49,31.84,30.75,31.29,31.93,32.51,32.12,83.03,35.74,33.31,31.93,40.27,44.97,38.14,38.97,39.83,38.83,43,96.37
37679,44.97,102.8,30.93,29.33,30.49,30.49,31.84,30.75,31.29,31.93,32.51,32.12,83.03,35.62,33.31,31.93,40.27,44.97,38.14,38.97,39.98,38.69,43,97.24
37699,54.79,102.8,30.93,29.33,30.49,30.49,31.93,30.75,31.38,31.93,32.51,32.12,82.39,35.62,33.31,31.93,40.27,44.97,38.14,38.97,39.83,38.69,43,96.37
37720,42,102.8,31.02,29.25,30.58,30.49,31.93,30.75,31.38,31.93,32.51,32.12,82.39,35.74,33.31,31.93,40.27,44.97,38.14,38.97,39.83,38.69,43,97.24
37738,49.74,102.8,31.02,29.33,30.49,30.49,31.93,30.75,31.38,31.93,32.51,32.12,83.03,35.62,33.31,31.93,40.27,44.97,38.14,38.97,39.83,38.83,43,97.24
37759,101.83,104.79,31.02,29.25,30.49,30.49,31.84,30.75,31.38,31.93,32.51,32.12,83.67,35.62,33.31,31.93,40.27,44.97,38.14,38.97,39.83,38.83,43,98.12
37777,101.83,104.79,31.02,29.33,30.58,30.49,31.84,30.75,31.38,31.93,32.51,32.12,83.67,35.62,33.42,31.93,40.27,44.97,38.14,38.97,39.83,38.69,43,97.24
37798,101.83,105.82,31.02,29.33,30.49,30.49,31.84,30.75,31.38,31.93,32.51,32.12,83.67,35.62,33.42,31.93,40.27,44.79,38.14,38.83,39.83,38.69,43,97.24
37816,99.94,105.82,31.02,29.25,30.49,30.49,31.84,30.75,31.38,31.93,32.51,32.03,83.67,35.62,33.42,31.93,40.27,44.97,38.01,38.97,39.83,38.69,43,96.37
37837,78.21,104.79,31.02,29.33,30.49,30.49,31.84,30.75,31.38,31.93,32.51,32.12,83.03,35.62,33.31,31.93,40.12,44.97,38.14,38.97,39.83,38.83,43.17,97.24
37857,59.96,102.8,31.02,29.33,30.49,30.49,31.93,30.75,31.38,31.93,32.51,32.12,83.03,35.62,33.42,31.93,40.27,44.97,38.14,38.97,39.83,38.69,43,97.24
37876,50.67,102.8,31.02,29.33,30.49,30.49,31.93,30.75,31.38,31.93,32.51,32.12,82.39,35.74,33.42,31.93,40.27,45.16,38.14,38.97,39.83,38.69,43,96.37
37896,41.2,102.8,31.02,29.33,30.58,30.49,31.93,30.75,31.38,31.93,32.51,32.03,83.03,35.62,33.42,31.93,40.27,45.16,38.14,38.83,39.83,38.69,43.17,97.24
37915,40.27,102.8,31.02,29.25,30.49,30.49,31.93,30.75,31.38,31.93,32.51,32.12,82.39,35.62,33.42,31.93,40.27,44.97,38.14,38.83,39.83,38.83,43,96.37
37935,42.49,101.83,31.02,29.33,30.49,30.49,31.93,30.66,31.38,31.93,32.51,32.12,81.77,35.62,33.31,31.93,40.27,45.35,38.14,38.83,39.83,38.69,43,96.37
37953,49.97,101.83,31.02,29.33,30.49,30.49,31.93,30.66,31.38,31.93,32.51,32.12,82.39,35.62,33.42,31.93,40.27,44.79,38.14,38.97,39.83,38.69,43,96.37
37974,50.44,102.8,30.93,29.25,30.49,30.49,31.93,30.75,31.38,31.93,32.51,32.03,82.39,35.62,33.31,31.93,40.27,44.6,38.14,38.97,39.83,38.69,43,97.24
37994,48.4,102.8,30.93,29.33,30.49,30.49,31.84,30.66,31.38,31.93,32.51,32.12,82.39,35.62,33.31,31.93,40.27,44.6,38.01,38.83,39.83,38.69,43,97.24
38013,46.73,102.8,30.93,29.25,30.58,30.49,31.84,30.66,31.38,31.93,32.51,32.12,82.39,35.62,33.31,31.93,40.12,44.42,38.14,38.83,39.83,38.69,43,97.24
38033,44.42,102.8,30.93,29.33,30.49,30.49,31.84,30.66,31.38,31.93,32.51,32.12,81.77,35.62,33.31,31.93,40.27,44.6,38.01,38.83,39.83,38.69,43,97.24
38052,48.4,102.8,30.93,29.25,30.49,30.49,31.84,30.75,31.38,31.93,32.51,32.03,82.39,35.62,33.42,31.93,40.27,44.6,38.14,38.83,39.83,38.69,43,96.37
38072,55.92,102.8,30.93,29.33,30.49,30.49,31.84,30.66,31.38,31.93,32.51,32.12,81.77,35.62,33.31,31.93,40.12,44.6,38.14,38.97,39.83,38.83,43,97.24
38093,71.01,103.78,30.93,29.25,30.49,30.49,31.84,30.66,31.38,31.93,32.51,32.03,82.39,35.62,33.31,31.93,40.27,44.6,38.14,38.83,39.98,38.83,43,97.24
38111,50.67,102.8,30.93,29.25,30.49,30.49,31.84,30.66,31.38,31.93,32.51,32.03,81.77,35.62,33.42,31.93,40.27,44.6,38.14,38.83,39.83,38.83,43,96.37
38132,40.58,102.8,30.93,29.25,30.49,30.49,31.93,30.66,31.38,31.93,32.51,32.12,82.39,35.62,33.31,31.93,40.27,44.6,38.14,38.83,39.83,38.69,43,96.37
38150,42.33,101.83,30.93,29.33,30.49,30.49,31.84,30.66,31.38,31.93,32.51,32.12,82.39,35.62,33.42,31.93,40.27,44.6,38.01,38.83,39.83,38.69,43,96.37
38171,43.17,102.8,30.93,29.33,30.49,30.49,31.93,30.75,31.38,31.93,32.51,32.12,82.39,35.62,33.31,31.93,40.27,44.6,38.14,38.83,39.83,38.69,43,96.37
38189,43.7,102.8,30.93,29.33,30.49,30.49,31.93,30.66,31.38,31.93,32.51,32.12,83.03,35.62,33.31,31.93,40.27,44.6,38.01,38.83,39.83,38.69,43,97.24
38209,82.39,103.78,30.93,29.25,30.49,30.49,31.93,30.66,31.38,31.93,32.51,32.03,83.03,35.62,33.31,31.93,40.27,44.6,38.14,38.83,39.83,38.69,43,97.24
38230,95.52,104.79,30.93,29.33,30.49,30.49,31.93,30.75,31.38,31.93,32.51,32.12,83.67,35.62,33.31,31.93,40.27,44.6,38.01,38.83,39.83,38.69,43,97.24
38248,95.52,104.79,30.93,29.25,30.49,30.4,32.61,30.75,31.11,31.93,32.51,32.12,83.67,35.62,33.31,31.93,40.27,44.6,38.14,38.83,39.83,38.69,43,97.24
38269,94.68,104.79,30.93,29.25,30.49,30.4,32.61,30.75,31.11,31.93,32.51,32.12,83.03,35.62,33.31,31.93,40.27,44.6,38.14,38.69,39.83,38.69,43,97.24
38287,76.55,102.8,31.02,29.33,30.49,30.4,32.61,30.66,31.2,31.93,32.51,32.12,83.03,35.62,33.31,31.93,40.12,44.6,38.14,38.83,39.83,38.69,43,97.24
38308,94.68,103.78,30.93,29.33,30.49,30.49,32.81,30.66,31.38,31.93,32.51,32.03,83.67,35.74,33.31,31.93,40.12,44.6,38.14,38.83,39.83,38.69,43,98.12
38326,97.24,103.78,30.93,29.33,30.49,30.49,32.71,30.66,31.29,31.93,32.51,32.12,83.03,35.62,33.31,31.93,40.27,44.6,38.14,38.83,39.83,38.69,43,97.24
38349,96.37,104.79,30.93,29.33,30.49,30.49,32.61,30.66,31.29,31.93,32.51,32.12,83.67,35.62,33.31,31.93,40.27,44.6,38.14,38.83,39.83,38.69,43,97.24
38367,96.37,103.78,30.93,29.25,30.49,30.49,32.61,30.66,31.29,31.93,32.51,32.12,83.03,35.62,33.31,31.93,40.12,44.6,38.14,38.83,39.83,38.69,43,97.24
38388,94.68,103.78,31.02,29.25,30.49,30.4,32.61,30.66,31.38,31.93,32.51,32.03,83.03,35.62,33.31,31.93,40.27,44.79,38.14,38.83,39.83,38.69,43,97.24
38406,87.75,102.8,30.84,29.25,30.49,30.4,32.61,30.66,31.29,31.93,32.51,32.12,83.03,35.62,33.31,31.93,40.27,44.6,38.14,38.83,39.83,38.69,43,97.24
38427,87.04,102.8,30.93,29.25,30.49,30.4,32.61,30.66,31.29,31.93,32.51,32.12,83.03,35.62,33.31,31.93,40.27,44.6,38.14,38.83,39.83,38.69,43,97.24
38445,87.04,102.8,30.93,29.25,30.49,30.49,32.71,30.66,31.29,31.93,32.51,32.12,83.03,35.74,33.31,31.93,40.27,44.6,38.14,38.83,39.83,38.69,43,97.24
38465,87.04,102.8,30.93,29.25,30.49,30.49,32.61,30.66,31.29,31.93,32.51,32.12,83.03,35.62,33.31,31.93,40.12,44.6,38.14,38.83,39.83,38.69,43,97.24
38486,87.04,102.8,31.02,29.33,30.49,30.4,32.61,30.66,31.29,31.93,32.51,32.12,83.03,35.74,33.31,31.93,40.27,44.79,38.14,38.83,39.83,38.69,43,96.37
38504,87.04,102.8,30.93,29.25,30.49,30.4,32.61,30.66,31.29,31.93,32.51,32.12,83.03,35.74,33.31,31.93,40.27,44.6,38.14,38.83,39.83,38.69,43,97.24
38525,87.04,102.8,30.93,29.33,30.49,30.49,32.61,30.66,31.29,31.93,32.51,32.03,83.03,35.62,33.31,31.93,40.12,44.6,38.14,38.83,39.83,38.69,43,97.24
38543,87.04,102.8,31.02,29.33,30.49,30.4,32.71,30.66,31.29,31.93,32.51,32.12,83.67,35.62,33.31,31.93,40.12,44.79,38.01,38.83,39.83,38.69,43,97.24
38564,87.04,102.8,30.93,29.33,30.49,30.4,32.71,30.66,31.29,31.93,32.51,32.12,83.67,35.62,33.31,32.03,40.12,44.6,38.14,38.83,39.83,38.69,43,97.24
38582,87.04,103.78,30.93,29.33,30.49,30.4,32.51,30.66,31.29,31.93,32.51,32.12,83.67,35.62,33.31,31.93,40.27,44.6,38.14,38.69,39.83,38.69,43,97.24
38603,86.35,102.8,30.93,29.25,30.49,30.4,32.51,30.66,31.29,31.93,32.51,32.12,83.67,35.62,33.31,31.93,39.98,44.6,38.14,38.69,39.83,38.69,43,97.24
38623,56.51,99.94,30.93,29.33,30.49,30.49,32.71,30.66,31.29,31.93,32.51,32.12,83.03,35.62,33.31,31.93,40.27,44.79,38.14,38.83,39.83,38.69,43,97.24
38642,88.47,103.78,30.93,29.25,30.49,30.49,32.71,30.66,31.2,32.03,32.51,32.12,83.03,35.62,33.31,31.93,40.12,44.79,38.14,38.83,39.83,38.69,43,97.24
38662,94.68,103.78,30.93,29.33,30.49,30.49,32.61,30.66,31.11,31.93,32.51,32.12,83.03,35.62,33.31,31.93,40.27,44.79,38.14,38.83,39.83,38.69,43,96.37
38680,44.97,101.83,30.93,29.33,30.49,30.4,32.61,30.66,31.2,31.93,32.51,32.12,83.03,35.62,33.31,31.93,40.27,44.79,38.14,38.83,39.68,38.69,43,97.24
38701,69.19,101.83,30.93,29.25,30.49,30.4,32.51,30.66,31.29,31.93,32.51,32.03,83.03,35.62,33.31,31.93,40.27,44.79,38.14,38.83,39.83,38.69,43,97.24
38719,98.12,103.78,30.93,29.33,30.49,30.49,32.71,30.66,31.29,31.93,32.51,32.12,84.32,35.74,33.31,32.03,40.27,44.79,38.01,38.83,39.83,38.69,43,97.24
38740,98.12,103.78,30.93,29.33,30.49,30.4,32.71,30.66,31.29,31.93,32.51,32.12,83.03,35.74,33.31,32.03,39.98,44.79,38.01,38.83,39.83,38.69,43,97.24
38760,97.24,103.78,30.93,29.25,30.49,30.49,32.71,30.66,31.29,31.93,32.51,32.12,83.67,35.62,33.31,32.03,40.27,44.6,38.14,38.83,39.83,38.69,43,96.37
38779,97.24,102.8,30.93,29.33,30.49,30.49,32.61,30.66,31.29,31.93,32.51,32.12,67.88,35.74,33.31,32.03,40.27,44.6,38.01,38.83,39.83,38.69,43,97.24
38799,96.37,103.78,30.93,29.33,30.49,30.49,32.61,30.66,31.29,31.93,32.51,32.03,67.88,35.62,33.31,31.93,40.27,44.6,38.14,38.83,39.83,38.69,43,97.24
38818,96.37,103.78,30.93,29.25,30.49,30.49,32.71,30.66,31.29,32.03,32.51,32.12,67.88,35.74,33.31,31.93,40.27,44.42,38.01,38.69,39.83,38.69,43,97.24
38838,97.24,103.78,31.02,29.33,30.49,30.49,32.61,30.66,31.29,31.93,32.51,32.12,67.88,35.74,33.31,32.03,40.27,44.6,38.14,38.69,39.83,38.69,43,97.24
38857,97.24,103.78,30.93,29.33,30.49,30.49,32.61,30.66,31.29,31.93,32.51,32.12,81.77,35.74,33.31,31.93,40.27,44.6,38.14,38.83,39.83,38.69,43,97.24
38877,97.24,103.78,30.93,29.33,30.49,30.49,32.61,30.66,31.2,31.93,32.51,32.12,83.67,35.62,33.31,31.93,40.27,44.6,38.14,38.83,39.83,38.69,43,96.37
38898,94.68,76.55,30.84,29.33,30.49,30.49,32.71,30.66,31.11,31.93,32.51,32.12,83.03,35.62,33.42,32.03,40.27,44.6,38.14,38.83,39.83,38.69,43,96.37
38916,60.64,101.83,30.84,29.33,30.49,30.58,32.81,30.66,31.02,31.93,32.51,32.12,82.39,35.74,33.31,31.93,40.27,44.42,38.01,38.69,39.83,38.55,43,97.24
38936,74.95,96.37,31.47,29.33,30.49,30.58,32.81,30.66,31.11,31.84,32.51,32.12,83.67,35.62,33.31,32.03,40.27,44.42,38.14,38.83,39.83,38.69,43,96.37
38955,42.16,101.83,31.38,29.25,30.49,30.58,32.81,30.66,31.02,31.93,32.51,32.12,82.39,35.62,33.31,32.03,40.27,44.42,38.01,38.83,39.83,38.69,43,96.37
38975,46.52,100.87,31.38,29.33,30.49,30.49,32.71,30.66,31.11,31.93,32.51,32.12,82.39,35.74,33.31,31.93,40.12,44.42,38.14,38.69,39.83,38.69,43.17,96.37
38996,51.64,101.83,31.38,29.33,30.49,30.49,32.71,30.66,31.02,31.93,32.51,32.12,82.39,35.62,33.31,32.03,40.12,44.42,38.14,38.83,39.83,38.69,43,96.37
39014,41.51,100.87,31.38,29.33,30.49,30.49,32.71,30.66,31.02,31.93,32.51,32.12,83.03,35.74,33.31,31.93,40.27,44.42,38.01,38.83,39.83,38.55,43,95.52
39035,42.16,100.87,31.38,29.33,30.49,30.49,32.71,30.66,31.02,31.93,32.51,32.12,82.39,35.62,33.42,32.03,40.27,44.42,38.01,38.83,39.83,38.69,43,96.37
39053,43.35,100.87,31.38,29.33,30.49,30.49,32.71,30.66,31.02,31.93,32.51,32.12,82.39,35.74,33.31,32.03,40.27,44.6,38.01,38.83,39.83,38.69,43,96.37
39074,43,100.87,31.38,29.33,30.49,30.49,32.71,30.66,31.02,31.93,32.51,32.12,83.03,35.62,33.31,32.03,40.12,44.6,38.01,38.83,39.83,38.69,43,97.24
39092,44.24,101.83,31.38,29.33,30.49,30.49,32.71,30.66,31.11,31.93,32.51,32.03,83.03,35.74,33.42,32.03,40.27,44.6,38.01,38.83,39.83,38.69,43,97.24
39113,74.44,101.83,31.47,29.33,30.49,30.49,32.71,30.66,31.2,31.93,32.51,32.12,83.03,35.74,33.31,32.03,40.27,44.6,38.01,38.83,39.83,38.69,43,96.37
39133,39.83,100.87,31.38,29.33,30.49,30.49,32.71,30.66,31.29,31.93,32.51,32.12,82.39,35.62,33.21,32.03,40.12,44.42,38.01,38.69,39.83,38.55,43,96.37
39152,38.97,100.87,31.47,29.33,30.49,30.49,32.71,30.66,31.29,31.93,32.51,32.12,83.03,35.62,33.31,32.03,40.27,44.42,38.01,38.83,39.83,38.69,43,97.24
39172,99.94,103.78,31.47,29.33,30.49,30.49,32.71,30.66,31.29,31.93,32.51,32.12,83.67,35.62,33.31,32.03,40.27,44.6,38.14,38.83,39.83,38.69,43,97.24
39190,102.8,103.78,31.47,29.33,30.49,30.49,32.71,30.66,31.29,31.93,32.51,32.12,83.03,35.62,33.31,32.03,40.27,44.42,38.01,38.83,39.83,38.69,43,96.37
39211,38.55,100.87,31.47,29.33,30.49,30.49,32.71,30.66,31.29,31.93,32.51,32.12,82.39,35.74,33.31,32.03,39.98,44.6,38.14,38.83,39.83,38.69,43,96.37
39229,38.01,100.87,31.47,29.33,30.49,30.49,32.71,30.66,31.29,31.93,32.51,32.03,83.03,35.62,33.31,32.03,40.27,44.6,38.14,38.83,39.83,38.69,43,96.37
39250,38.27,100.87,31.47,29.33,30.49,30.49,32.71,30.66,31.29,31.93,32.51,32.12,83.03,35.74,33.31,32.03,40.27,44.6,38.14,38.83,39.98,38.69,43,96.37
39270,38.01,99.94,31.47,29.25,30.49,30.49,32.71,30.66,31.29,31.93,32.51,32.12,83.03,35.74,33.31,32.03,40.12,44.6,38.14,38.83,39.83,38.55,43,96.37
39289,38.27,102.8,31.47,29.33,30.49,30.49,32.71,30.66,31.29,32.03,32.51,32.12,83.03,35.62,33.31,31.93,40.27,44.6,38.14,38.83,39.83,38.69,43,96.37
39309,55.64,100.87,30.93,29.33,30.49,30.49,32.71,30.66,31.29,32.03,32.51,32.12,83.03,35.62,33.31,31.93,40.12,44.6,38.14,38.83,39.83,38.69,43,96.37
39330,44.24,97.24,31.29,29.33,30.49,30.49,32.71,30.66,31.29,32.03,32.51,32.12,83.03,35.62,33.31,32.03,40.27,44.6,38.14,38.83,39.83,38.69,43,96.37
39348,46.93,99.94,31.11,29.33,30.49,30.49,32.71,30.66,31.29,32.03,32.51,32.12,83.03,35.74,33.31,32.03,40.27,44.6,38.14,38.83,39.83,38.69,43,96.37
39369,45.74,100.87,31.2,29.25,30.49,30.4,32.71,30.66,31.29,32.03,32.51,32.12,83.03,35.62,33.21,31.93,40.12,44.79,38.14,38.83,39.83,38.69,43,96.37
39389,39.11,100.87,31.02,29.33,30.49,30.49,32.61,30.66,31.29,32.03,32.51,32.03,83.03,35.62,33.31,32.03,40.27,44.6,38.14,38.83,39.83,38.69,43,96.37
39410,38.27,100.87,31.02,29.33,30.49,30.49,32.71,30.66,31.29,32.03,32.51,32.12,83.03,35.62,33.31,32.03,40.27,44.6,38.14,38.83,39.83,38.69,43,96.37
39428,38.14,100.87,30.93,29.33,30.49,30.4,32.61,30.66,31.29,32.03,32.51,32.12,83.03,35.62,33.31,31.93,40.27,44.79,38.01,38.83,39.83,38.69,43,97.24
39448,38.27,100.87,30.93,29.33,30.49,30.49,32.61,30.66,31.29,32.03,32.51,32.12,83.03,35.62,33.31,32.03,40.27,44.79,38.01,38.83,39.83,38.69,43,96.37
39467,38.69,101.83,30.93,29.33,30.49,30.49,32.61,30.66,31.29,32.03,32.51,32.12,83.03,35.62,33.31,31.93,40.27,44.6,38.14,38.83,39.83,38.69,43,96.37
39487,38.27,100.87,30.93,29.33,30.49,30.4,32.71,30.66,31.29,32.03,32.51,32.12,83.03,35.74,33.31,31.93,40.27,44.6,38.14,38.83,39.83,38.69,43,95.52
39506,38.27,100.87,31.29,29.33,30.49,30.4,32.71,30.66,31.2,32.03,32.51,32.12,83.03,35.62,33.31,32.03,40.27,44.6,38.01,38.83,39.83,38.69,43,96.37
39526,38.83,100.87,32.51,29.33,30.49,30.4,32.71,30.66,31.11,32.03,32.51,32.12,82.39,35.62,33.31,31.93,40.27,44.6,38.14,38.83,39.83,38.69,43,96.37
39547,39.11,101.83,32.41,29.25,30.49,30.49,32.71,30.66,31.2,31.93,32.51,32.12,83.03,35.62,33.31,31.93,40.27,44.6,38.14,38.83,39.98,38.83,43,96.37
39565,38.01,100.87,30.93,29.33,30.49,30.49,32.61,30.66,31.2,31.93,32.51,32.12,83.03,35.62,33.31,32.03,40.27,44.42,38.14,38.83,39.83,38.69,43,96.37
39586,37.87,100.87,30.93,29.25,30.49,30.49,31.84,30.66,31.11,31.93,32.51,32.12,83.03,35.62,33.31,31.93,40.12,44.6,38.14,38.83,39.83,38.69,43,95.52
39604,37.74,100.87,31.02,29.25,30.49,30.4,31.93,30.66,31.11,31.84,32.51,32.12,83.03,35.62,33.31,31.93,40.27,44.6,38.14,38.83,39.98,38.69,43,96.37
39625,37.74,100.87,31.02,29.33,30.49,30.49,31.93,30.75,31.2,31.93,32.51,32.12,83.03,35.62,33.31,31.93,40.27,44.6,38.14,38.83,39.83,38.83,43,96.37
39645,38.01,100.87,31.02,29.33,30.49,30.49,31.93,30.66,31.11,31.93,32.51,32.12,83.03,35.62,33.31,31.93,40.27,44.6,38.14,38.83,39.83,38.83,43,95.52
39664,38.01,74.95,31.02,29.33,30.49,30.49,31.93,30.75,31.11,31.93,32.51,32.12,81.77,35.62,33.31,31.93,40.27,44.6,38.14,38.83,39.83,38.69,43,95.52
39684,53.7,53.43,31.02,29.25,30.49,30.49,32.61,30.66,31.11,31.93,32.51,32.12,83.03,35.62,33.31,31.93,40.27,44.6,38.14,38.83,39.98,38.83,43,96.37
39702,95.52,102.8,31.02,29.33,30.49,30.49,32.61,30.66,31.11,31.93,32.51,32.03,83.03,35.74,33.31,31.93,40.27,44.6,38.14,38.83,39.83,38.83,43,96.37
39723,38.27,100.87,30.93,29.25,30.49,30.49,32.61,30.75,31.2,31.93,32.51,32.12,82.39,35.62,33.31,31.93,40.27,44.6,38.14,38.83,39.98,38.83,43,96.37
39741,38.27,100.87,30.93,29.25,30.49,30.49,31.84,30.75,31.11,31.93,32.51,32.12,83.03,35.62,33.31,31.93,40.12,44.6,38.14,38.83,39.83,38.69,43,95.52
39762,38.41,65.42,30.84,29.33,30.49,30.49,31.84,30.75,31.2,31.93,32.51,32.12,83.03,35.62,33.31,31.93,40.12,44.6,38.01,38.83,39.83,38.83,43,96.37
39782,39.54,100.87,30.93,29.33,30.49,30.49,31.93,30.75,31.11,31.93,32.51,32.12,83.03,35.62,33.31,31.93,40.27,44.6,38.14,38.97,39.98,38.83,43,95.52
39801,40.43,100.87,30.93,29.33,30.49,30.49,31.84,30.75,31.11,31.93,32.51,32.12,82.39,35.62,33.31,31.93,40.27,44.6,38.14,38.97,39.83,38.83,43,96.37
39821,38.69,98.12,30.93,29.33,30.49,30.49,31.84,30.66,31.11,31.93,32.51,32.12,83.03,35.62,33.31,31.93,40.27,44.6,38.14,38.83,39.98,38.83,43,97.24
39840,39.25,101.83,30.93,29.33,30.49,30.49,31.84,30.75,31.2,37.74,32.51,32.03,83.03,35.62,33.31,31.93,40.27,44.6,38.14,38.97,39.83,38.83,43,97.24
39860,49.97,101.83,30.93,29.33,30.49,30.49,31.84,30.66,31.2,38.14,32.51,32.03,83.03,35.62,33.31,31.93,40.27,44.6,38.14,38.97,39.83,38.69,43,97.24
39879,52.65,102.8,30.93,29.33,30.49,30.49,31.84,30.75,31.2,36.22,32.51,32.12,83.03,35.62,33.31,31.93,40.27,44.6,38.01,38.83,39.98,38.83,42.83,96.37
39899,53.97,101.83,30.93,29.33,30.49,30.49,31.84,30.66,31.2,37.61,32.51,32.12,82.39,35.62,33.42,31.93,40.27,44.6,38.14,38.83,39.83,38.69,43,96.37
39920,54.24,101.83,30.93,29.33,30.49,30.49,31.84,30.75,31.38,37.22,32.51,32.03,82.39,35.62,33.31,31.93,40.27,44.79,38.14,38.97,39.83,38.83,43,96.37
39938,51.64,101.83,30.93,29.25,30.49,30.49,31.84,30.75,31.38,37.22,32.51,32.12,83.03,35.62,33.42,31.93,40.27,44.79,38.14,38.97,39.83,38.83,43,97.24
39958,48.4,102.8,30.93,29.25,30.49,30.49,31.84,30.75,31.29,36.59,32.51,32.12,83.03,35.62,33.31,31.93,40.27,44.79,38.14,38.97,39.83,38.83,43,96.37
39977,47.76,101.83,30.93,29.25,30.49,30.49,31.84,30.75,31.38,37.09,32.51,32.03,83.03,35.62,33.31,31.93,40.27,44.79,38.14,38.83,39.83,38.83,43,96.37
39997,49.51,101.83,30.93,29.25,30.49,30.4,31.84,30.66,31.29,36.84,32.51,32.12,83.03,35.62,33.31,31.93,40.27,44.79,38.14,38.97,39.83,38.83,43,95.52
40016,49.06,102.8,30.93,29.33,30.49,30.49,31.84,30.75,31.38,37.87,32.51,32.12,82.39,35.62,33.31,31.93,39.98,44.6,38.14,38.83,39.83,38.69,43,96.37
40036,55.64,102.8,30.93,29.33,30.49,30.49,31.84,30.75,31.38,37.61,32.51,32.12,82.39,35.62,33.31,31.93,40.27,44.79,38.14,38.97,39.83,38.69,43,96.37
40057,65.42,102.8,31.02,29.25,30.49,30.49,31.93,30.75,31.29,37.61,32.51,32.12,83.03,35.5,33.31,31.93,40.27,44.79,38.14,38.97,39.83,38.55,43,97.24
40075,70.09,102.8,31.02,29.33,30.49,30.49,31.84,30.75,31.38,37.87,32.51,32.03,83.03,35.62,33.31,31.93,39.98,44.79,38.14,38.97,39.83,38.55,43,97.24
40096,70.55,102.8,31.02,29.33,30.49,30.49,31.93,30.66,31.29,37.09,32.51,32.03,83.03,35.62,33.42,31.93,40.27,44.79,38.14,38.83,39.83,38.69,43,97.24
40114,70.55,102.8,30.93,29.33,30.49,30.49,31.84,30.66,31.11,38.69,32.51,32.12,83.03,35.62,33.42,31.93,40.27,44.6,38.01,38.83,39.83,38.83,43,97.24
40135,71.01,102.8,30.93,29.25,30.49,30.4,31.84,30.66,31.2,38.55,32.51,32.12,83.03,35.62,33.31,31.93,40.12,44.6,38.01,38.83,39.83,38.69,43,97.24
40153,72.44,102.8,30.84,29.25,30.49,30.49,31.84,30.66,31.29,38.14,32.51,32.03,83.03,35.62,33.31,31.93,40.27,44.79,38.14,38.83,39.83,38.69,43,97.24
40173,70.09,102.8,30.93,29.33,30.49,30.49,31.84,30.66,31.29,31.65,32.51,32.03,82.39,35.62,33.42,31.84,40.27,44.6,38.14,38.83,39.83,38.83,43,97.24
40194,57.72,102.8,30.93,29.33,30.49,30.4,31.93,30.66,31.29,31.56,32.51,32.12,82.39,35.62,33.31,31.93,40.27,44.79,38.01,38.83,39.83,38.69,43,97.24
40212,90.7,103.78,30.93,29.25,30.49,30.4,31.93,30.66,31.11,31.56,32.51,32.03,83.03,35.62,33.31,31.93,40.27,44.79,38.01,38.83,39.83,38.69,43,97.24
40233,94.68,103.78,30.93,29.25,30.49,30.4,31.93,30.75,31.11,31.65,32.51,32.12,83.03,35.62,33.31,31.93,40.12,44.79,38.14,38.83,39.83,38.69,42.83,96.37
40251,60.98,102.8,30.93,29.33,30.49,30.4,31.84,30.66,31.2,31.65,32.51,32.12,83.03,35.62,33.31,31.93,40.27,44.79,38.14,38.83,39.83,38.69,43,97.24
40272,97.24,103.78,30.93,29.25,30.49,30.49,32.03,30.66,31.47,31.56,32.51,32.12,83.03,35.62,33.31,31.93,40.27,44.79,38.14,38.83,39.83,38.55,43,97.24
40292,89.2,102.8,30.93,29.33,30.49,30.4,32.61,30.66,41.35,31.56,32.51,32.12,83.03,35.74,33.31,31.93,40.27,44.79,38.01,38.83,39.83,38.69,43,97.24
40311,71.48,102.8,30.84,29.33,30.49,30.49,32.61,30.66,31.38,31.56,32.51,32.03,83.03,35.62,33.31,31.93,40.27,44.79,38.14,38.83,39.83,38.83,43,97.24
40331,63.87,101.83,31.02,29.33,30.49,30.4,32.71,30.66,31.38,31.65,32.51,32.03,83.03,35.62,33.21,31.93,40.12,44.6,38.01,38.83,39.83,38.69,43,96.37
40350,56.22,101.83,30.84,29.33,30.49,30.49,32.71,30.66,31.38,31.65,32.51,32.12,83.67,35.62,33.31,31.93,40.27,44.79,38.14,38.97,39.83,38.69,43,97.24
40370,96.37,103.78,30.93,29.25,30.49,30.49,32.71,30.66,31.38,31.56,32.51,32.12,83.67,35.62,33.31,31.84,40.12,44.79,38.01,38.83,39.83,38.69,43,97.24
40389,97.24,103.78,30.93,29.33,30.49,30.49,32.03,30.75,31.38,31.56,32.51,32.12,83.67,35.62,33.31,31.93,40.12,44.6,38.01,38.83,39.83,38.69,43,97.24
40409,95.52,103.78,30.93,29.33,30.49,30.49,32.51,30.66,31.38,31.65,32.51,32.03,83.03,35.62,33.31,31.93,40.27,44.6,38.14,38.83,39.68,38.69,43,97.24
40429,58.98,101.83,30.93,29.33,30.49,30.49,32.71,30.66,31.11,31.93,32.51,32.12,83.67,35.62,33.31,31.93,40.27,44.6,38.01,38.83,39.83,38.69,43,97.24
40448,71.01,102.8,30.93,29.25,30.49,30.49,32.71,30.66,31.11,31.93,32.51,32.12,83.67,35.62,33.31,31.93,40.27,44.6,38.14,38.83,39.83,38.69,43,97.24
40468,65.02,101.83,30.93,29.33,30.49,30.49,32.71,30.66,31.02,31.93,32.51,32.12,83.03,35.62,33.31,31.93,40.27,44.6,38.14,38.83,39.83,38.69,43,97.24
40487,74.95,102.8,31.02,29.33,30.49,30.49,32.71,30.66,31.02,31.93,32.51,32.12,83.67,35.62,33.31,31.93,40.27,44.42,38.01,38.83,39.83,38.69,43,97.24
40507,93.05,103.78,31.02,29.33,30.49,30.49,32.71,30.66,31.02,31.93,32.51,32.12,83.67,35.62,33.31,31.93,40.12,44.6,38.14,38.83,39.83,38.69,43,97.24
40526,96.37,103.78,31.02,29.25,30.49,30.49,32.61,30.66,31.02,31.93,32.51,32.12,83.67,35.62,33.31,31.93,40.27,44.6,38.01,38.83,39.83,38.69,43,97.24
40548,96.37,103.78,31.02,29.33,30.49,30.49,32.71,30.66,31.02,31.93,32.51,32.12,83.67,35.74,33.31,31.93,40.27,44.6,38.14,38.83,39.83,38.69,43,97.24
40567,96.37,103.78,31.02,29.33,30.49,30.49,32.61,30.66,31.02,31.93,32.51,32.12,83.67,35.62,33.31,31.93,40.27,44.6,38.14,38.83,39.83,38.69,43,97.24
40587,97.24,103.78,31.02,29.33,30.49,30.49,32.71,30.66,31.02,31.93,32.51,32.12,83.67,35.62,33.31,31.93,40.27,44.6,38.14,38.83,39.83,38.69,43,97.24
40606,97.24,103.78,31.02,29.33,30.49,30.49,32.61,30.66,31.02,31.93,32.51,32.03,83.67,35.62,33.31,31.93,40.12,44.6,38.14,38.83,39.83,38.69,43,97.24
40626,98.12,103.78,31.02,29.33,30.49,30.49,32.71,30.66,31.02,31.93,32.51,32.12,83.67,35.62,33.31,31.93,40.27,44.6,38.01,38.83,39.83,38.55,43,97.24
40645,98.12,103.78,31.02,29.33,30.49,30.49,32.61,30.66,31.11,31.93,32.51,32.12,83.67,35.62,33.31,31.93,40.27,44.6,38.14,38.83,39.83,38.69,43,97.24
40665,99.02,103.78,31.02,29.25,30.49,30.49,32.61,30.66,31.11,31.93,32.51,32.12,83.67,35.62,33.31,31.93,40.27,44.6,38.01,38.83,39.83,38.69,43,97.24
40685,99.02,103.78,31.02,29.33,30.49,30.49,32.61,30.66,31.02,31.93,32.51,32.12,83.67,35.62,33.31,31.93,40.27,44.6,38.01,38.83,39.83,38.69,43,97.24
40704,96.37,103.78,31.02,29.25,30.49,30.49,32.61,30.66,31.11,31.93,32.51,32.03,84.32,35.62,33.31,31.93,40.12,44.6,38.01,38.83,39.83,38.69,43,96.37
40724,97.24,103.78,31.02,29.33,30.49,30.49,32.71,30.66,31.11,31.93,32.51,32.12,83.67,35.62,33.31,31.93,40.27,44.6,38.14,38.83,39.83,38.69,43,97.24
40743,96.37,103.78,31.02,29.33,30.49,30.49,32.61,30.66,31.11,31.93,32.51,32.12,83.67,35.74,33.31,31.93,40.27,44.79,38.01,38.83,39.83,38.69,43,97.24
40763,96.37,103.78,31.02,29.33,30.49,30.49,32.71,30.66,31.11,31.93,32.51,32.03,83.03,35.74,33.31,31.93,40.27,44.79,38.01,38.83,39.83,38.69,43,97.24
40782,93.05,102.8,30.93,29.33,30.49,30.49,32.61,30.66,31.02,31.93,32.51,32.12,83.67,35.62,33.31,31.93,40.27,44.79,38.01,38.83,39.83,38.69,42.83,96.37
40802,68.75,102.8,30.93,29.25,30.49,30.49,32.61,30.66,31.11,31.93,32.51,32.03,83.67,35.74,33.31,31.93,40.12,44.6,38.01,38.83,39.83,38.69,43,97.24
40823,95.52,103.78,31.02,29.33,30.49,30.49,32.61,30.66,31.02,31.93,32.51,32.03,83.67,35.74,33.31,31.93,40.12,44.6,38.01,38.83,39.83,38.55,43,97.24
40841,98.12,103.78,30.93,29.33,30.49,30.49,32.61,30.66,31.02,31.93,32.51,32.12,83.67,35.62,33.31,32.03,40.27,44.79,38.14,38.83,39.83,38.69,43,97.24
40862,98.12,103.78,30.93,29.33,30.49,30.49,32.71,30.66,31.02,31.93,32.51,32.03,82.39,35.62,33.31,32.03,40.12,44.79,38.14,38.83,39.83,38.69,43,97.24
40880,98.12,103.78,30.93,29.25,30.49,30.49,32.71,30.66,31.02,31.93,32.51,32.12,83.03,35.74,33.31,31.93,40.12,44.79,38.01,38.83,39.83,38.69,43,97.24
40901,98.12,103.78,30.93,29.33,30.49,30.49,32.71,30.66,31.02,31.93,32.51,32.12,83.67,35.62,33.31,31.93,40.27,44.79,38.14,38.83,39.83,38.69,43,97.24
40919,98.12,103.78,30.93,29.33,30.49,30.49,32.71,30.66,31.02,31.93,32.51,32.12,83.03,35.62,33.31,32.03,40.27,44.6,38.14,38.83,39.83,38.69,43,96.37
40939,98.12,103.78,30.93,29.33,30.49,30.49,32.71,30.66,31.02,31.93,32.51,32.12,83.67,35.62,33.31,31.93,40.27,44.79,38.01,38.83,39.83,38.69,43,96.37
40960,98.12,103.78,30.93,29.33,30.49,30.49,32.71,30.66,31.02,31.93,32.51,32.12,83.03,35.62,33.31,31.93,40.27,44.79,38.01,38.83,39.83,38.69,43,96.37
40978,98.12,103.78,30.93,29.33,30.49,30.49,32.71,30.66,31.11,31.93,32.51,32.12,83.67,35.62,33.31,31.93,40.27,44.6,38.14,38.83,39.83,38.69,43,98.12
40999,97.24,103.78,30.93,29.33,30.49,30.49,32.71,30.66,31.02,31.93,32.51,32.12,83.67,35.74,33.31,31.93,40.27,44.79,38.01,38.83,39.83,38.69,43,97.24
41017,98.12,103.78,31.11,29.25,30.49,30.49,32.81,30.66,31.11,31.93,32.51,32.12,83.67,35.62,33.31,32.03,40.27,44.79,38.01,38.83,39.83,38.69,43,97.24
41038,98.12,103.78,30.93,29.33,30.49,30.49,32.81,30.66,31.02,31.93,32.51,32.03,83.67,35.74,33.31,32.03,40.27,44.79,38.14,38.83,39.83,38.69,43,97.24
41056,98.12,103.78,30.93,29.33,30.49,30.49,32.81,30.66,31.11,31.93,32.51,32.12,83.03,35.62,33.31,31.93,40.27,44.79,38.14,38.83,39.83,38.69,43,97.24
41077,97.24,103.78,30.93,29.33,30.49,30.49,32.81,30.66,31.02,31.93,32.51,32.03,83.67,35.74,33.31,32.03,40.27,44.6,38.14,38.83,39.83,38.69,43,97.24
41097,97.24,102.8,30.93,29.33,30.49,30.49,32.81,30.66,31.02,31.93,32.51,32.12,83.67,35.74,33.31,32.03,40.27,44.6,38.14,38.83,39.83,38.69,43,97.24
41116,97.24,103.78,30.93,29.33,30.49,30.49,32.71,30.66,31.02,31.93,32.51,32.12,83.67,35.62,33.31,31.93,40.27,44.6,38.14,38.83,39.83,38.69,43,96.37
41136,97.24,103.78,30.93,29.33,30.49,30.49,32.71,30.66,31.02,31.93,32.51,32.12,83.67,35.74,33.31,31.93,40.27,44.6,38.14,38.83,39.83,38.69,43,97.24
41157,98.12,103.78,30.93,29.33,30.49,30.49,32.71,30.66,31.02,31.93,32.51,32.03,84.99,35.74,33.31,31.93,40.27,44.6,38.01,38.83,39.68,38.69,43,97.24
41175,98.12,103.78,30.93,29.33,30.49,30.49,32.71,30.66,31.02,31.93,32.51,32.03,83.67,35.62,33.31,32.03,40.27,44.6,38.14,38.83,39.83,38.69,43,97.24
41195,97.24,103.78,30.93,29.33,30.49,30.49,32.71,30.66,31.02,31.93,32.51,32.12,83.67,35.74,33.31,32.03,40.27,44.6,38.14,38.83,39.83,38.69,43,97.24
41216,98.12,103.78,30.93,29.33,30.49,30.49,32.71,30.66,31.02,31.93,32.51,32.03,83.67,35.74,33.31,31.93,40.27,44.6,38.01,38.83,39.83,38.69,43,97.24
41234,98.12,102.8,30.93,29.33,30.49,30.49,32.71,30.66,31.02,31.93,32.51,32.03,83.67,35.74,33.31,32.03,40.27,44.6,38.14,38.83,39.83,38.69,43,97.24
41255,98.12,102.8,30.93,29.33,30.49,30.49,32.71,30.66,31.02,31.93,32.51,32.12,83.67,35.74,33.31,31.93,40.27,44.6,38.14,38.83,39.83,38.69,43,97.24
41273,98.12,102.8,30.93,29.25,30.49,30.49,32.81,30.66,31.02,31.93,32.51,32.12,83.67,35.74,33.31,32.03,40.27,44.6,38.14,38.83,39.83,38.69,43,97.24
41294,98.12,103.78,30.93,29.25,30.49,30.49,32.71,30.66,31.02,31.93,32.51,32.12,83.67,35.74,33.31,32.03,40.27,44.6,38.01,38.83,39.83,38.69,43,97.24
41312,98.12,102.8,30.93,29.33,30.49,30.49,32.71,30.66,31.02,31.93,32.51,32.12,83.67,35.62,33.31,31.93,40.27,44.6,38.01,38.83,39.83,38.69,43,97.24
41333,98.12,103.78,30.93,29.25,30.49,30.49,32.81,30.66,31.02,31.93,32.51,32.12,83.67,35.74,33.31,31.93,40.27,44.6,38.14,38.83,39.83,38.69,43,97.24
41353,97.24,103.78,30.93,29.33,30.49,30.4,32.81,30.66,31.02,31.93,32.51,32.12,83.03,35.74,33.31,31.93,40.12,44.79,38.14,38.83,39.83,38.69,43,98.12
41374,97.24,103.78,30.93,29.33,30.49,30.49,32.71,30.66,31.02,31.93,32.51,32.12,83.67,35.74,33.31,31.93,40.12,44.79,38.01,38.83,39.83,38.69,43,97.24
41394,97.24,103.78,30.93,29.33,30.49,30.49,32.71,30.66,31.02,31.93,32.51,32.12,83.67,35.74,33.21,32.03,40.27,44.79,38.14,38.83,39.83,38.69,43,98.12
41413,97.24,103.78,30.93,29.25,30.49,30.4,32.71,30.66,31.02,31.93,32.51,32.12,83.67,35.62,33.31,32.03,40.27,44.6,38.14,38.83,39.83,38.69,43,97.24
41433,97.24,103.78,30.93,29.25,30.49,30.4,32.71,30.66,31.02,31.93,32.51,32.12,83.67,35.74,33.31,32.03,40.27,44.79,38.01,38.83,39.83,38.69,43,97.24
41451,97.24,103.78,30.93,29.25,30.49,30.4,32.71,30.66,31.02,31.93,32.51,32.12,83.67,35.74,33.31,32.03,40.12,44.79,38.14,38.83,39.83,38.69,43,97.24
41472,98.12,102.8,30.93,29.33,30.49,30.49,32.61,30.66,31.11,31.93,32.51,32.12,83.67,35.74,33.31,31.93,40.12,44.6,38.14,38.83,39.83,38.69,43,97.24
41492,97.24,102.8,30.93,29.33,30.49,30.4,32.71,30.66,31.11,31.93,32.51,32.03,83.67,35.74,33.31,31.93,40.27,44.79,38.14,38.83,39.83,38.69,43,97.24
41511,98.12,103.78,30.93,29.33,30.49,30.4,32.61,30.66,31.11,31.93,32.51,32.12,83.67,35.62,33.31,31.93,40.27,44.79,38.14,38.83,39.83,38.69,43,97.24
41531,98.12,103.78,31.02,29.25,30.49,30.4,32.61,30.66,31.2,31.93,32.51,32.12,83.67,35.62,33.31,31.93,40.27,44.79,38.14,38.83,39.83,38.69,43,97.24
41550,98.12,103.78,31.02,29.33,30.49,30.4,32.61,30.66,31.2,31.93,32.51,32.12,83.03,35.62,33.31,31.93,40.27,44.6,38.01,38.83,39.83,38.69,43,97.24
41570,98.12,102.8,31.02,29.25,30.49,30.4,32.71,30.66,31.11,31.93,32.51,32.03,83.03,35.62,33.31,31.93,40.27,44.79,38.14,38.83,39.83,38.69,43,97.24
41589,98.12,102.8,31.02,29.33,30.49,30.4,32.61,30.66,31.38,31.93,32.51,32.12,83.03,35.62,33.31,31.93,40.12,44.79,38.14,38.83,39.83,38.69,43,97.24
41609,97.24,101.83,31.02,29.25,30.49,30.4,32.71,30.66,31.29,31.93,32.51,32.03,83.67,35.62,33.31,31.93,40.27,44.6,38.01,38.83,39.83,38.69,43,98.12
41630,96.37,100.87,31.02,29.25,30.49,30.4,32.61,30.66,31.29,31.93,32.51,32.12,83.03,35.74,33.31,31.93,40.12,44.79,38.14,38.83,39.83,38.69,43,97.24
41648,96.37,100.87,31.02,29.33,30.49,30.4,32.61,30.66,31.02,31.93,32.51,32.12,83.67,35.62,33.31,32.03,40.12,44.79,38.14,38.83,39.83,38.69,43,96.37
41669,96.37,101.83,30.93,29.25,30.49,30.4,32.61,30.66,31.02,31.93,32.51,32.12,83.03,35.62,33.31,32.03,40.27,44.79,38.14,38.83,39.83,38.69,43,97.24
41687,96.37,103.78,30.93,29.33,30.49,30.4,32.61,30.66,31.11,31.93,32.51,32.12,83.67,35.62,33.31,31.93,40.27,44.79,38.01,38.83,39.83,38.69,43,97.24
41707,94.68,103.78,31.02,29.25,30.49,30.4,32.61,30.66,31.02,31.93,32.51,32.03,83.67,35.62,33.31,31.93,40.27,44.79,38.01,38.83,39.83,38.69,43,97.24
41726,96.37,103.78,30.93,29.25,30.49,30.4,31.93,30.66,31.11,31.93,32.51,32.12,83.67,35.62,33.31,31.93,40.12,44.79,38.14,38.83,39.83,38.83,43,97.24
41746,93.05,101.83,31.02,29.25,30.49,30.4,31.93,30.66,31.02,31.93,32.51,32.12,83.67,35.62,33.31,31.93,40.12,44.79,38.01,38.69,39.83,38.83,43,97.24
41767,59.96,100.87,31.02,29.33,30.49,30.4,31.93,30.66,31.02,31.93,32.51,32.03,83.03,35.62,33.31,31.93,40.12,44.79,38.14,38.83,39.83,38.69,43,96.37
41785,57.11,100.87,30.93,29.25,30.49,30.49,31.84,30.66,31.11,31.93,32.51,32.12,83.03,35.62,33.31,31.93,40.27,44.79,38.14,38.83,39.83,38.83,43,97.24
41806,79.95,102.8,31.02,29.33,30.49,30.4,31.84,30.75,31.11,31.93,32.51,32.12,83.67,35.62,33.31,31.93,40.12,44.79,38.14,38.83,39.83,38.83,43,97.24
41824,95.52,103.78,31.02,29.25,30.49,30.4,31.93,30.75,31.11,31.93,32.51,32.12,83.67,35.62,33.31,31.93,40.27,44.6,38.14,38.83,39.83,38.83,43,96.37
41845,38.27,101.83,30.93,29.33,30.49,30.49,31.84,30.66,31.11,31.93,32.51,32.12,83.03,35.62,33.31,31.93,40.12,44.79,38.14,38.83,39.83,38.83,43,97.24
41863,38.01,101.83,30.93,29.25,30.49,30.4,31.84,30.75,31.02,31.93,32.51,32.03,83.03,35.74,33.31,31.93,40.27,44.79,38.01,38.83,39.83,38.83,43,96.37
41884,61.33,101.83,30.84,29.25,30.49,30.4,31.84,30.75,31.11,31.93,32.51,32.12,83.03,35.62,33.31,31.93,40.12,44.79,38.14,38.83,39.83,38.69,43,96.37
41904,38.01,101.83,31.02,29.25,30.49,30.4,31.84,30.75,31.11,31.93,32.51,32.12,82.39,35.62,33.31,31.93,40.27,44.97,38.14,38.83,39.83,38.69,43,96.37
41922,38.01,101.83,30.84,29.25,30.49,30.49,31.84,30.66,31.2,31.93,32.51,32.12,82.39,35.62,33.42,31.93,40.27,44.79,38.14,38.83,39.98,38.83,43,97.24
41943,38.69,101.83,30.93,29.33,30.49,30.49,31.84,30.75,31.11,31.75,32.51,32.03,82.39,35.62,33.31,31.93,39.98,44.79,38.01,38.83,39.83,38.83,43,97.24
41961,38.01,101.83,30.93,29.33,30.49,30.49,31.84,30.75,31.2,35.98,32.51,32.12,82.39,35.62,33.31,31.93,40.27,44.97,38.14,38.83,39.83,38.69,43,96.37
41982,38.14,101.83,30.84,29.25,30.49,30.49,31.84,30.75,31.11,36.46,32.51,32.12,81.77,35.62,33.31,31.93,40.27,45.16,38.14,38.83,39.83,38.83,43,96.37
42002,38.01,101.83,30.84,29.25,30.49,30.49,31.84,30.66,31.11,36.59,32.51,32.03,81.77,35.62,33.31,31.93,40.12,45.16,38.01,38.83,39.98,38.83,43,96.37
42021,38.01,101.83,30.84,29.25,30.49,30.4,31.84,30.75,31.2,36.84,32.51,32.12,83.03,35.62,33.42,31.93,40.27,45.16,38.01,38.83,39.83,38.83,43,96.37
42041,38.14,101.83,30.93,29.25,30.49,30.49,31.93,30.75,31.11,36.59,32.51,32.12,82.39,35.62,33.31,31.93,40.27,44.97,38.14,38.83,39.83,38.83,43,96.37
42060,38.01,101.83,30.84,29.25,30.49,30.49,31.93,30.75,31.11,36.46,32.51,32.12,83.03,35.62,33.31,31.93,40.27,44.97,38.14,38.83,39.83,38.69,43,97.24
42080,38.14,102.8,30.93,29.25,30.49,30.49,31.84,30.66,31.2,35.98,32.51,32.12,83.03,35.62,33.42,31.93,40.27,44.97,38.01,38.83,39.83,38.69,43,96.37
42099,37.87,101.83,30.93,29.25,30.49,30.49,31.84,30.75,31.38,36.96,32.51,32.12,83.03,35.62,33.31,31.93,40.27,44.97,38.14,38.83,39.83,38.83,43,96.37
42119,38.01,101.83,30.93,29.25,30.49,30.49,31.93,30.75,31.38,37.61,32.51,32.12,83.03,35.62,33.42,31.93,40.27,44.97,38.14,38.83,39.83,38.69,43,96.37
42140,38.01,101.83,30.93,29.25,30.49,30.49,31.93,30.75,31.38,36.96,32.51,32.03,83.03,35.62,33.42,31.93,40.27,44.97,38.01,38.83,39.98,38.83,43,96.37
42158,38.41,101.83,31.02,29.33,30.49,30.49,31.93,30.75,31.38,37.87,32.51,32.03,83.03,35.62,33.42,31.93,40.27,44.97,38.14,38.83,39.83,38.69,43,96.37
42178,38.14,101.83,30.93,29.33,30.49,30.49,31.93,30.75,31.38,38.14,32.51,32.12,83.03,35.62,33.31,31.93,40.12,44.97,38.14,38.83,39.83,38.55,43,96.37
42197,38.14,101.83,30.93,29.33,30.49,30.49,31.84,30.75,31.38,37.22,32.51,32.12,83.03,35.62,33.31,31.93,40.27,44.97,38.14,38.83,39.83,38.83,43,96.37
42217,38.01,101.83,30.93,29.25,30.49,30.4,31.93,30.75,31.38,37.74,32.51,32.03,83.03,35.62,33.42,31.93,40.27,45.16,38.14,38.83,39.83,38.83,42.83,96.37
42236,38.14,101.83,30.93,29.25,30.49,30.4,31.93,30.75,31.38,31.56,32.51,32.12,83.03,35.62,33.42,31.93,40.27,44.97,38.14,38.83,39.83,38.83,43,96.37
42256,38.27,101.83,31.02,29.25,30.49,30.4,31.93,30.75,31.38,31.56,32.51,32.03,83.03,35.62,33.42,31.93,40.12,44.97,38.01,38.83,39.83,38.83,43,96.37
42277,38.14,100.87,30.93,29.33,30.49,30.4,31.93,30.75,31.38,31.56,32.51,32.12,82.39,35.62,33.31,31.93,40.27,44.97,38.14,38.83,39.83,38.83,43,95.52
42295,38.01,90.7,30.93,29.33,30.49,30.4,31.93,30.66,31.38,31.56,32.51,32.12,82.39,35.62,33.42,31.93,40.27,45.16,38.01,38.83,39.83,38.83,42.83,96.37
42316,38.41,101.83,30.93,29.33,30.49,30.4,31.93,30.75,31.38,31.56,32.51,32.12,82.39,35.62,33.42,31.93,40.27,45.16,38.01,38.83,39.83,38.83,43,96.37
42334,38.41,100.87,30.93,29.33,30.49,30.49,31.93,30.75,31.38,31.65,32.51,32.12,82.39,35.62,33.42,31.93,40.27,44.97,38.14,38.83,39.83,38.69,43,96.37
42355,51.89,99.94,31.02,29.33,30.49,30.4,31.93,30.75,31.38,31.65,32.51,32.12,82.39,35.62,33.42,31.93,40.12,44.97,38.01,38.83,39.83,38.69,43,96.37
42373,38.55,100.87,30.93,29.25,30.49,30.4,31.93,30.75,31.38,31.65,32.51,32.12,82.39,35.62,33.42,31.93,40.12,45.16,38.14,38.83,39.83,38.69,43,96.37
42394,38.27,100.87,30.93,29.33,30.49,30.4,31.84,30.75,31.2,31.56,32.51,32.12,82.39,35.62,33.31,31.93,40.12,44.97,38.14,38.83,39.83,38.83,43,97.24
42414,38.55,101.83,30.93,29.33,30.49,30.49,31.93,30.75,31.11,31.56,32.51,32.03,82.39,35.62,33.42,31.93,40.27,45.16,38.14,38.83,39.98,38.69,43,96.37
42432,37.74,101.83,31.02,29.33,30.49,30.4,31.93,30.75,31.29,31.56,32.51,32.12,81.77,35.62,33.42,31.93,40.27,45.54,38.01,38.83,39.83,38.83,43,96.37
42453,44.97,101.83,31.02,29.25,30.49,30.4,31.84,30.75,32.03,31.56,32.51,32.12,82.39,35.62,33.31,31.93,40.12,45.74,38.14,38.83,39.83,38.83,43,94.68
42471,37.87,100.87,31.02,29.33,30.49,30.4,31.93,30.66,34.16,31.56,32.51,32.12,83.03,35.62,33.42,31.93,40.27,45.54,38.14,38.83,39.83,38.83,42.83,96.37
42492,37.87,101.83,31.02,29.33,30.49,30.49,31.93,30.75,32.22,31.65,32.51,32.12,83.03,35.62,33.42,31.93,40.27,44.79,38.01,38.83,39.68,38.83,43,96.37
42510,49.29,100.87,30.93,29.33,30.49,30.4,31.84,30.75,31.2,31.56,32.51,32.12,83.03,35.74,33.42,32.03,40.27,45.16,38.01,38.83,39.83,38.83,43,96.37
42531,37.74,101.83,31.02,29.33,30.49,30.49,31.93,30.75,31.2,31.56,32.51,32.12,83.03,35.74,33.42,31.93,40.27,45.74,38.14,38.83,39.83,38.83,43,96.37
42551,37.61,101.83,31.02,29.33,30.49,30.4,31.93,30.75,31.29,31.56,32.51,32.12,83.03,35.62,33.42,31.93,40.27,45.74,38.14,38.83,39.83,38.69,43,97.24
42572,57.11,102.8,31.02,29.33,30.49,30.49,31.93,30.75,31.2,31.56,32.51,32.12,83.03,35.62,33.42,31.93,40.27,45.74,38.14,38.83,39.83,38.83,43,97.24
42590,57.11,101.83,31.02,29.33,30.49,30.4,31.93,30.75,31.38,31.56,32.51,32.03,83.03,35.62,33.42,32.03,40.27,45.74,38.14,38.83,39.83,38.83,43,96.37
42611,37.48,101.83,31.02,29.33,30.49,30.49,31.93,30.75,31.38,31.56,32.51,32.03,83.03,35.62,33.31,31.93,40.27,45.74,38.01,38.83,39.83,38.83,43,97.24
42629,48.62,101.83,31.02,29.33,30.49,30.49,31.93,30.75,31.38,31.56,32.51,32.12,83.03,35.62,33.42,31.93,40.27,45.74,38.01,38.83,39.83,38.69,43,97.24
42650,66.63,101.83,31.02,29.33,30.49,30.49,31.93,30.75,31.38,31.56,32.51,32.12,83.67,35.62,33.42,32.03,40.12,45.74,38.14,38.83,39.83,38.83,43,97.24
42670,96.37,103.78,31.02,29.33,30.49,30.49,32.03,30.66,31.38,31.56,32.51,32.12,83.67,35.62,33.31,31.93,40.27,45.74,38.01,38.83,39.83,38.83,43,97.24
42688,96.37,103.78,31.02,29.33,30.49,30.49,31.93,30.66,31.47,31.56,32.51,32.12,82.39,35.62,33.42,31.93,40.27,45.93,38.14,38.83,39.83,38.69,43,97.24
42709,98.12,103.78,31.02,29.25,30.49,30.4,31.93,30.66,31.38,31.56,32.51,32.12,83.03,35.62,33.42,31.93,40.27,45.54,38.14,38.83,39.83,38.69,43,97.24
42727,99.02,104.79,30.93,29.33,30.49,30.4,31.93,30.66,31.38,31.56,32.51,32.12,83.03,35.62,33.42,31.93,40.27,45.74,38.14,38.83,39.83,38.69,43,97.24
42748,99.94,104.79,31.02,29.33,30.49,30.49,31.84,30.75,31.38,31.56,32.51,32.12,82.39,35.62,33.31,32.03,40.27,45.74,38.01,38.83,39.83,38.69,43,97.24
42768,99.02,104.79,30.93,29.33,30.49,30.4,31.93,30.66,31.38,31.56,32.51,32.12,83.67,35.62,33.31,31.93,40.12,45.74,38.14,38.83,39.83,38.69,43,97.24
42787,99.94,104.79,30.93,29.33,30.49,30.49,32.61,30.66,31.38,31.65,32.51,32.12,83.67,35.62,33.42,31.93,40.12,45.74,38.14,38.83,39.98,38.69,43,97.24
42807,101.83,104.79,30.93,29.33,30.49,30.49,33.21,30.75,31.38,31.65,32.51,32.12,83.67,35.62,33.31,31.93,40.27,45.74,38.14,38.83,39.83,38.69,43,97.24
42826,99.94,103.78,30.93,29.33,30.49,30.4,36.71,30.66,31.38,31.65,32.51,32.12,83.67,35.62,33.31,31.93,40.27,45.74,38.01,38.83,39.83,38.69,43,98.12
42846,99.94,104.79,31.02,29.25,30.49,30.4,32.71,30.75,31.29,31.65,32.51,32.12,83.03,35.62,33.31,31.93,40.27,45.74,38.01,38.83,39.83,38.69,43,97.24
42865,51.15,101.83,30.93,29.33,30.49,30.4,32.61,30.66,31.29,31.65,32.51,32.12,83.03,35.62,33.31,31.93,40.27,45.54,38.14,38.83,39.83,38.69,43,96.37
42885,41.04,101.83,31.02,29.33,30.49,30.4,32.71,30.66,31.29,31.65,32.51,32.12,83.03,35.62,33.31,31.93,40.27,45.54,38.14,38.83,39.83,38.69,43,96.37
42906,38.14,101.83,30.93,29.33,30.49,30.4,32.71,30.66,31.38,31.84,32.51,32.12,83.03,35.74,33.31,31.93,40.27,45.54,38.14,38.83,39.83,38.69,43,97.24
42924,38.01,101.83,30.93,29.33,30.49,30.4,32.71,30.66,31.11,31.93,32.51,32.12,83.03,35.74,33.31,31.93,40.12,45.54,38.01,38.83,39.83,38.69,43,96.37
42944,52.14,101.83,31.11,29.33,30.49,30.4,32.71,30.66,31.11,31.93,32.51,32.03,83.03,35.62,33.31,31.93,40.27,45.54,38.01,38.83,39.68,38.69,43,96.37
42963,40.27,101.83,31.11,29.25,30.49,30.4,32.61,30.66,31.29,31.93,32.51,32.12,83.03,35.62,33.31,31.93,40.12,45.54,38.01,38.83,39.98,38.69,43,96.37
42983,49.97,102.8,31.11,29.33,30.49,30.4,32.71,30.66,31.29,31.93,32.51,32.12,83.03,35.62,33.31,31.93,40.27,45.35,38.01,38.83,39.83,38.69,42.83,96.37
43002,49.97,101.83,30.93,29.25,30.49,30.4,32.71,30.66,31.02,31.93,32.51,32.12,83.03,35.62,33.31,31.93,40.27,45.35,38.14,38.83,39.83,38.69,43,97.24
43022,39.25,101.83,30.93,29.33,30.49,30.4,32.61,30.66,31.02,31.93,32.51,32.12,83.03,35.62,33.31,31.93,40.27,45.35,38.14,38.83,39.83,38.69,43,96.37
43043,38.69,101.83,30.93,29.33,30.49,30.4,32.71,30.66,31.02,31.93,32.51,32.12,83.03,35.62,33.31,31.93,40.27,45.54,38.14,38.83,39.68,38.69,43,97.24
43061,37.87,101.83,30.93,29.33,30.49,30.4,32.71,30.66,31.11,31.93,32.51,32.12,83.03,35.62,33.31,31.93,40.27,45.54,38.14,38.83,39.83,38.69,42.83,96.37
43082,38.14,101.83,30.93,29.33,30.49,30.4,32.71,30.66,31.02,31.93,32.51,32.12,83.67,35.74,33.31,31.93,40.27,45.54,38.01,38.83,39.83,38.55,43,97.24
43100,100.87,103.78,30.93,29.33,30.49,30.4,32.71,30.66,31.02,31.93,32.51,32.12,83.67,35.62,33.31,31.93,40.27,45.54,38.01,38.83,39.83,38.69,43,97.24
43121,101.83,103.78,30.93,29.33,30.49,30.49,32.71,30.66,31.02,31.93,32.51,32.12,83.67,35.74,33.31,31.93,40.27,45.54,38.01,38.83,39.83,38.69,43,97.24
43141,100.87,103.78,30.93,29.33,30.49,30.4,32.71,30.66,31.11,31.93,32.51,32.12,83.67,35.74,33.31,31.93,40.27,45.54,38.14,38.83,39.83,38.69,43,97.24
43159,99.02,103.78,30.93,29.33,30.49,30.49,32.71,30.66,31.02,31.93,32.51,32.12,83.67,35.62,33.31,31.93,40.27,45.54,38.14,38.83,39.83,38.69,43,97.24
43180,99.94,101.83,30.93,29.33,30.49,30.4,32.71,30.66,31.02,31.93,32.51,32.12,83.03,35.62,33.31,31.93,40.27,45.54,38.01,38.83,39.83,38.69,42.83,96.37
43198,39.98,100.87,30.93,29.25,30.49,30.4,32.71,30.66,31.02,31.93,32.51,32.12,83.03,35.62,33.31,31.93,40.27,45.54,38.14,38.83,39.83,38.69,43,96.37
43219,38.01,100.87,30.93,29.33,30.49,30.4,32.71,30.66,31.02,31.93,32.51,32.12,83.03,35.62,33.31,31.93,40.27,45.35,38.14,38.83,39.83,38.69,43,96.37
43237,37.74,100.87,30.93,29.25,30.49,30.4,32.71,30.66,31.02,31.93,32.51,32.03,83.03,35.74,33.31,31.93,40.12,45.54,38.01,38.83,39.83,38.69,43,96.37
43258,37.74,100.87,30.84,29.33,30.49,30.4,32.71,30.66,31.02,31.93,32.51,32.12,83.03,35.62,33.31,31.93,40.12,45.35,38.01,38.83,39.83,38.69,43,96.37
43278,76.01,101.83,30.93,29.33,30.49,30.4,32.71,30.66,31.02,31.93,32.51,32.12,83.03,35.74,33.31,31.93,40.27,45.54,38.14,38.83,39.83,38.69,43,96.37
43297,37.61,100.87,30.84,29.33,30.49,30.4,32.71,30.66,31.02,31.93,32.51,32.12,83.03,35.74,33.31,31.93,40.27,45.35,38.01,38.83,39.83,38.69,43,96.37
43317,37.61,100.87,30.93,29.33,30.49,30.4,32.71,30.66,31.02,31.93,32.51,32.12,83.03,35.62,33.31,31.93,40.12,45.35,38.01,38.83,39.83,38.69,43,96.37
43336,38.14,100.87,30.93,29.33,30.49,30.4,32.71,30.66,31.11,31.93,32.51,32.12,83.03,35.74,33.31,31.93,40.12,45.35,38.01,38.83,39.83,38.69,43,96.37
43356,37.74,100.87,30.93,29.25,30.49,30.4,32.71,30.66,31.02,31.93,32.51,32.12,82.39,35.62,33.31,31.93,40.12,45.35,38.01,38.83,39.83,38.69,43,96.37
43375,37.74,99.94,30.84,29.33,30.49,30.4,32.71,30.66,31.02,31.93,32.51,32.12,83.03,35.62,33.31,31.93,40.27,45.35,38.01,38.69,39.83,38.55,43,95.52
43395,37.74,100.87,30.93,29.33,30.49,30.4,32.71,30.66,31.02,31.93,32.51,32.12,83.03,35.62,33.31,31.93,40.27,45.35,38.14,38.83,39.83,38.69,43,96.37
43415,37.74,100.87,30.93,29.25,30.49,30.4,32.71,30.66,31.02,31.93,32.51,32.12,83.03,35.62,33.31,31.93,40.27,45.35,38.14,38.83,39.83,38.69,43,96.37
43434,38.01,100.87,30.93,29.33,30.49,30.4,32.71,30.66,31.02,31.93,32.51,32.12,83.67,35.62,33.31,31.93,40.12,45.35,38.01,38.83,39.83,38.69,43,96.37
43454,38.83,100.87,30.84,29.33,30.49,30.4,32.71,30.66,31.11,31.93,32.51,32.12,83.03,35.62,33.31,31.93,40.27,45.35,38.01,38.83,39.83,38.69,43,96.37
43473,99.94,103.78,30.84,29.25,30.49,30.4,32.71,30.66,31.02,31.93,32.51,32.12,83.67,35.62,33.31,31.93,40.12,45.35,38.14,38.83,39.83,38.55,43,95.52
43493,58.34,100.87,30.84,29.33,30.49,30.4,32.61,30.66,31.11,31.93,32.51,32.12,83.67,35.62,33.31,31.93,40.27,45.35,38.01,38.83,39.83,38.69,43,97.24
43514,96.37,102.8,30.93,29.25,30.49,30.4,32.71,30.66,31.02,31.93,32.51,32.03,83.67,35.62,33.31,31.93,40.27,45.54,38.14,38.83,39.83,38.69,43,95.52
43532,38.27,100.87,30.93,29.25,30.49,30.4,32.61,30.66,31.02,31.93,32.51,32.12,83.67,35.62,33.31,31.93,40.12,45.35,38.01,38.83,39.98,38.69,43,96.37
43553,38.27,100.87,30.93,29.25,30.49,30.4,32.61,30.66,31.02,31.93,32.51,32.03,83.03,35.62,33.31,31.93,40.27,45.35,38.14,38.83,39.83,38.69,43,96.37
43571,41.84,100.87,30.93,29.33,30.49,30.4,32.71,30.66,31.02,31.93,32.51,32.12,83.03,35.62,33.31,31.84,40.27,45.35,38.14,38.83,39.83,38.83,43,96.37
43592,64.25,100.87,30.93,29.33,30.49,30.4,32.71,30.66,30.93,31.93,32.51,32.12,83.67,35.62,33.31,31.93,40.27,45.35,38.14,38.83,39.83,38.69,43,98.12
43610,44.42,100.87,30.93,29.25,30.49,30.4,32.71,30.66,31.29,31.93,32.51,32.12,83.03,35.62,33.31,31.93,40.12,45.35,38.01,38.83,39.98,38.69,43,96.37
43631,61.68,100.87,30.93,29.25,30.49,30.4,32.61,30.66,31.02,31.93,32.51,32.12,83.03,35.62,33.31,31.93,40.27,45.35,38.01,38.83,39.98,38.69,43,97.24
43651,99.94,103.78,30.93,29.33,30.49,30.4,32.51,30.66,31.02,31.93,32.51,32.12,83.03,35.62,33.31,31.93,40.27,45.35,38.14,38.83,39.83,38.69,43,97.24
43669,76.01,101.83,30.93,29.33,30.49,30.4,32.51,30.66,31.02,31.93,32.51,32.12,83.03,35.62,33.31,31.93,40.12,45.35,38.14,38.83,39.83,38.69,43,97.24
43690,72.44,101.83,30.93,29.25,30.49,30.4,32.51,30.66,31.02,31.93,32.51,32.03,83.03,35.62,33.31,31.93,40.27,45.35,38.14,38.83,39.98,38.83,43,97.24
43708,102.8,102.8,31.02,29.25,30.49,30.4,32.51,30.66,31.02,31.93,32.51,32.12,83.03,35.62,33.31,31.93,40.12,45.35,38.14,38.83,39.83,38.69,43,97.24
43729,86.35,102.8,30.93,29.33,30.49,30.4,31.93,30.66,31.02,31.93,32.51,32.12,83.03,35.62,33.31,31.93,40.27,45.54,38.14,38.83,39.83,38.69,43,97.24
43747,103.78,103.78,31.02,29.33,30.49,30.4,31.93,30.66,31.11,31.93,32.51,32.12,83.03,35.62,33.31,31.93,40.27,45.54,38.01,38.83,39.83,38.83,43,97.24
43768,102.8,103.78,31.02,29.33,30.49,30.4,31.84,30.66,31.02,31.93,32.51,32.12,83.67,35.74,33.31,31.93,40.27,45.35,38.14,38.83,39.83,38.83,43,97.24
43788,101.83,103.78,30.93,29.25,30.49,30.4,31.93,30.66,31.11,31.93,32.51,32.12,83.03,35.62,33.21,31.93,40.27,45.35,38.14,38.83,39.83,38.69,43,97.24
43807,97.24,103.78,30.93,29.25,30.49,30.4,31.84,30.66,31.11,31.93,32.51,32.12,83.03,35.62,33.31,31.93,40.27,45.54,38.14,38.83,39.83,38.69,43,97.24
43827,100.87,103.78,30.84,29.25,30.49,30.49,31.93,30.75,31.11,31.93,32.51,32.12,83.03,35.62,33.31,31.93,40.27,45.35,38.01,38.97,39.83,38.83,43,97.24
43846,101.83,102.8,30.93,29.33,30.49,30.49,31.93,30.66,31.38,31.93,32.51,32.12,83.03,35.62,33.31,31.93,40.27,45.54,38.14,38.83,39.83,38.83,43,97.24
43866,96.37,103.78,31.02,29.33,30.49,30.49,31.84,30.66,31.38,31.93,32.51,32.12,83.03,35.62,33.31,31.93,40.27,45.54,38.14,38.83,39.83,38.83,43,97.24
43887,97.24,103.78,30.93,29.25,30.49,30.4,31.84,30.66,31.38,31.93,32.51,32.12,83.03,35.62,33.31,31.93,40.27,45.54,38.14,38.83,39.83,38.69,43,97.24
43905,94.68,102.8,30.93,29.33,30.49,30.49,31.84,30.75,31.38,31.93,32.51,32.12,83.03,35.62,33.31,31.93,40.27,45.35,38.01,38.83,39.83,38.83,43,96.37
43925,49.74,100.87,30.84,29.25,30.49,30.49,31.84,30.66,31.38,31.93,32.51,32.12,83.03,35.74,33.42,31.93,40.27,45.35,38.14,38.97,39.98,38.83,43,97.24
43944,95.52,103.78,30.93,29.33,30.49,30.49,31.84,30.75,31.38,31.93,32.51,32.12,83.03,35.62,33.42,31.93,40.27,45.54,38.14,38.97,39.98,38.83,43,96.37
43964,55.35,101.83,30.84,29.25,30.49,30.49,31.84,30.75,31.2,42.33,32.51,32.12,83.67,35.74,33.42,31.93,40.27,45.54,38.14,38.97,39.83,38.69,43,95.52
43983,40.12,101.83,30.93,29.33,30.49,30.49,31.84,30.75,31.11,37.09,32.51,32.12,83.03,35.62,33.31,31.93,40.27,45.35,38.01,38.83,39.83,38.83,42.83,96.37
44003,71.01,101.83,30.93,29.33,30.49,30.49,31.84,30.75,31.11,37.48,32.51,32.12,83.03,35.62,33.42,31.93,40.12,45.35,38.01,38.83,39.98,38.83,43,96.37
44024,39.39,101.83,30.93,29.25,30.49,30.49,31.84,30.75,31.11,36.96,32.51,32.12,82.39,35.5,33.42,31.84,40.27,45.54,38.01,38.97,39.68,38.83,43,97.24
44042,38.69,100.87,30.93,29.33,30.49,30.49,31.84,30.66,31.2,38.14,32.51,32.12,82.39,35.62,33.31,31.93,40.12,45.35,38.14,38.83,39.83,38.83,43,95.52
44063,38.55,101.83,30.93,29.33,30.49,30.49,31.93,30.75,31.2,38.01,32.51,32.03,81.77,35.74,33.31,31.93,40.12,45.35,38.14,38.83,39.83,38.83,43,97.24
44081,93.05,103.78,30.84,29.33,30.49,30.49,31.93,30.66,31.2,37.74,32.51,32.03,82.39,35.62,33.42,31.84,40.27,45.35,38.14,38.83,39.83,38.69,43,96.37
44102,53.17,102.8,30.84,29.33,30.49,30.49,31.84,30.66,31.2,37.35,32.51,32.12,82.39,35.62,33.31,31.93,40.27,45.54,38.14,38.83,39.83,38.83,43,97.24
44120,97.24,104.79,30.93,29.25,30.49,30.58,31.84,30.75,31.2,37.35,32.51,32.12,82.39,35.74,33.31,31.93,40.27,45.54,38.14,38.97,39.98,38.83,43,97.24
44140,97.24,104.79,30.84,29.33,30.49,30.58,31.84,30.75,31.11,36.1,32.51,32.12,82.39,35.62,33.31,31.93,40.27,45.54,38.01,38.83,39.83,38.69,43,97.24
44161,97.24,104.79,30.84,29.33,30.49,30.58,31.93,30.75,31.2,36.71,32.51,32.12,82.39,35.62,33.31,31.93,40.27,45.35,38.14,38.83,39.98,38.69,43,97.24
44179,96.37,104.79,30.93,29.33,30.49,30.58,31.84,30.75,31.2,35.86,32.51,32.03,82.39,35.62,33.42,31.93,40.27,45.35,38.14,38.97,39.83,38.69,43,96.37
44200,39.11,101.83,30.84,29.33,30.49,30.58,31.84,30.75,31.2,36.96,32.51,32.03,82.39,35.74,33.42,31.93,40.12,45.35,38.01,38.97,39.83,38.83,43,96.37
44218,38.01,101.83,30.93,29.25,30.58,30.58,31.84,30.75,31.11,34.59,32.51,32.12,82.39,35.62,33.42,31.93,40.27,45.54,38.14,38.83,39.83,38.69,43,96.37
44239,38.27,101.83,30.93,29.33,30.49,30.58,31.93,30.75,31.2,36.46,32.51,32.12,82.39,35.62,33.42,31.93,40.27,45.54,38.14,38.97,39.83,38.69,43,96.37
44259,43.7,101.83,30.93,29.33,30.49,30.58,31.84,30.75,31.2,31.65,32.51,32.12,82.39,35.74,33.31,31.93,40.27,45.54,38.14,38.97,39.83,38.83,43,97.24
44278,90.7,103.78,30.93,29.33,30.49,30.58,31.84,30.75,31.2,31.56,32.51,32.12,81.77,35.62,33.31,31.93,40.27,45.54,38.14,38.97,39.83,38.69,43,96.37
44298,94.68,103.78,31.2,29.33,30.58,30.49,31.93,30.75,31.11,31.65,32.51,32.12,81.77,35.62,33.42,31.93,40.27,45.54,38.14,38.97,39.83,38.83,43,96.37
44317,51.89,102.8,31.02,29.33,30.49,30.58,31.93,30.75,31.11,31.65,32.51,32.12,81.77,35.74,33.31,31.93,40.27,45.54,38.14,38.97,39.83,38.69,42.83,96.37
44337,38.41,101.83,30.93,29.33,30.49,30.58,31.93,30.75,31.2,31.56,32.51,32.12,81.77,35.62,33.31,31.93,40.27,45.54,38.14,38.83,39.83,38.83,43,96.37
44355,39.25,101.83,31.02,29.25,30.58,30.58,31.93,30.75,31.38,31.65,32.51,32.12,82.39,35.62,33.31,31.93,40.12,45.54,38.14,38.97,39.83,38.69,43,96.37
44376,39.39,102.8,30.93,29.33,30.49,30.49,31.93,30.66,31.38,31.56,32.51,32.12,83.03,35.62,33.42,31.93,40.27,45.54,38.14,38.83,39.83,38.69,43,96.37
44396,43.52,101.83,30.93,29.33,30.49,30.49,31.93,30.75,31.38,31.65,32.51,32.03,83.03,35.74,33.31,31.93,40.27,45.54,38.14,38.97,39.83,38.69,43,96.37
44415,41.51,101.83,31.02,29.25,30.49,30.49,31.93,30.66,31.38,31.65,32.51,32.12,83.03,35.62,33.42,31.93,40.27,45.54,38.14,38.97,39.83,38.69,43,96.37
44435,38.97,102.8,30.93,29.33,30.49,30.58,31.93,30.75,31.38,31.65,32.51,32.12,83.03,35.62,33.42,31.93,40.27,45.54,38.14,38.83,39.83,38.55,43,96.37
44454,40.27,102.8,30.93,29.25,30.49,30.58,32.22,30.66,31.38,31.65,32.51,32.03,82.39,35.62,33.42,31.93,40.27,45.54,38.01,38.97,39.83,38.55,43,95.52
44474,41.84,101.83,30.93,29.25,30.49,30.58,33.11,30.66,31.38,31.65,32.51,32.12,82.39,35.62,33.42,31.93,40.27,45.54,38.14,38.83,39.83,38.69,43,96.37
44493,38.83,101.83,30.93,29.33,30.49,30.58,34.37,30.66,31.38,31.65,32.51,32.12,83.03,35.62,33.42,31.93,40.27,45.54,38.14,38.83,39.83,38.69,43,96.37
44513,38.83,100.87,30.93,29.25,30.49,30.58,32.61,30.66,31.38,31.65,32.51,32.12,83.03,35.74,33.42,31.93,40.27,45.54,38.14,38.83,39.83,38.69,43,97.24
44534,94.68,104.79,30.93,29.33,30.49,30.58,32.81,30.75,31.38,31.65,32.51,32.12,83.03,35.62,33.31,31.93,40.27,45.54,38.14,38.83,39.83,38.69,43,96.37
44552,42.83,101.83,30.93,29.33,30.49,30.49,32.61,30.75,31.38,31.65,32.51,32.12,83.03,35.62,33.31,31.93,40.27,45.54,38.14,38.97,39.83,38.69,43,97.24
44573,44.24,101.83,30.93,29.33,30.49,30.58,32.61,30.66,31.38,31.65,32.51,32.12,83.03,35.62,33.31,31.93,40.27,45.54,38.14,38.83,39.83,38.69,43,97.24
44591,95.52,103.78,31.02,29.25,30.49,30.49,32.71,30.75,31.38,31.65,32.51,32.12,83.67,35.62,33.42,31.93,40.27,45.54,38.14,38.97,39.83,38.69,43,97.24
44611,98.12,103.78,30.93,29.33,30.49,30.49,32.71,30.66,31.38,31.65,32.51,32.12,83.67,35.62,33.42,31.93,40.27,45.54,38.14,38.83,39.83,38.69,43,97.24
44630,41.2,100.87,30.93,29.33,30.49,30.49,32.71,30.75,31.29,31.65,32.51,32.12,83.03,35.74,33.42,31.93,40.27,45.35,38.14,38.97,39.83,38.69,43,96.37
44650,39.39,100.87,30.93,29.33,30.49,30.49,32.61,30.66,31.38,31.65,32.51,32.12,82.39,35.62,33.31,31.93,40.27,45.54,38.01,38.83,39.83,38.69,43,97.24
44671,40.88,100.87,31.02,29.33,30.49,30.49,32.71,30.66,31.38,31.65,32.51,32.12,82.39,35.62,33.31,31.93,40.27,45.54,38.01,38.97,39.68,38.69,42.83,97.24
44691,41.51,100.87,30.93,29.33,30.49,30.49,32.71,30.66,31.38,31.65,32.51,32.12,83.03,35.62,33.31,31.93,40.27,45.35,38.01,38.83,39.83,38.69,43,96.37
44710,46.13,100.87,30.93,29.33,30.49,30.49,32.71,30.66,31.02,31.75,32.51,32.12,83.03,35.62,33.31,31.93,40.27,45.35,38.01,38.83,39.83,38.69,43,96.37
44730,43,100.87,30.93,29.33,30.49,30.49,32.61,30.66,31.02,31.93,32.51,32.03,83.03,35.62,33.42,31.93,40.27,45.54,38.01,38.83,39.83,38.69,43,96.37
44749,39.11,101.83,30.93,29.33,30.49,30.49,32.61,30.66,31.02,31.93,32.51,32.03,83.67,35.74,33.31,31.93,40.27,45.54,38.14,38.83,39.83,38.69,43,97.24
44769,60.64,102.8,31.38,29.33,30.49,30.49,32.51,30.66,31.02,31.93,32.51,32.12,83.67,35.62,33.31,31.93,40.27,45.54,38.14,38.97,39.83,38.69,43,97.24
44790,101.83,103.78,30.93,29.33,30.49,30.49,32.61,30.66,31.02,31.93,32.51,32.12,83.67,35.62,33.31,31.93,40.27,45.54,38.14,38.83,39.83,38.69,43,97.24
44808,101.83,103.78,31.02,29.25,30.49,30.49,32.61,30.66,31.11,31.93,32.51,32.12,83.67,35.62,33.31,31.93,40.12,45.54,38.14,38.83,39.83,38.69,43,96.37
44829,51.89,101.83,30.84,29.33,30.49,30.49,32.61,30.66,31.02,31.93,32.51,32.12,83.03,35.62,33.31,31.93,40.12,45.54,38.01,38.97,39.83,38.69,43,96.37
44847,58.34,101.83,30.93,29.33,30.49,30.49,32.71,30.66,31.02,31.93,32.51,32.12,83.03,35.74,33.31,31.93,40.27,45.54,38.14,38.97,39.68,38.69,43,96.37
44867,61.68,101.83,30.84,29.33,30.49,30.49,32.71,30.66,31.02,31.93,32.51,32.12,82.39,35.62,33.31,31.93,40.27,45.35,38.01,38.83,39.83,38.69,43,96.37
44886,59.31,100.87,30.84,29.33,30.49,30.49,32.61,30.66,31.02,31.93,32.51,32.12,82.39,35.62,33.31,31.93,40.27,45.54,38.14,38.97,39.83,38.69,43,96.37
44906,58.34,100.87,30.93,29.33,30.49,30.49,32.61,30.66,31.38,31.93,32.51,32.12,83.03,35.62,33.31,31.93,40.27,45.35,38.14,38.83,39.83,38.69,42.83,96.37
44927,58.03,100.87,30.93,29.33,30.49,30.49,32.51,30.66,31.02,32.03,32.51,32.03,83.03,35.62,33.31,31.84,40.27,45.35,38.14,38.83,39.83,38.69,43,97.24
44945,60.64,100.87,30.93,29.33,30.49,30.49,32.61,30.66,31.38,31.93,32.51,32.03,83.03,35.62,33.31,31.93,40.27,45.54,38.14,38.83,39.83,38.55,43,96.37
44966,63.12,99.94,30.93,29.33,30.49,30.4,32.61,30.66,31.02,31.93,32.51,32.12,83.03,35.62,33.31,31.93,40.27,45.35,38.14,38.83,39.83,38.69,43,96.37
44984,60.3,100.87,30.84,29.25,30.49,30.49,32.61,30.66,31.29,31.93,32.51,32.12,83.03,35.62,33.31,31.93,40.27,45.35,38.14,38.83,39.83,38.69,43,97.24
45005,62.75,100.87,30.93,29.25,30.49,30.49,32.51,30.66,31.29,31.93,32.51,32.12,83.03,35.62,33.31,31.93,40.12,45.35,38.14,38.83,39.83,38.69,43,96.37
45023,63.49,100.87,30.93,29.33,30.49,30.49,32.61,30.66,31.29,31.93,32.51,32.12,83.03,35.74,33.31,31.93,40.12,45.54,38.14,38.83,39.83,38.55,43,97.24
45044,57.41,100.87,30.93,29.33,30.49,30.49,32.61,30.66,31.29,31.93,32.51,32.12,83.03,35.74,33.31,31.93,40.27,45.54,38.14,38.83,39.83,38.69,43,97.24
45064,93.05,102.8,30.93,29.33,30.49,30.49,32.61,30.66,31.29,31.93,32.51,32.12,83.67,35.74,33.31,31.93,40.12,45.35,38.14,38.83,39.83,38.69,43,97.24
45083,55.07,100.87,30.93,29.33,30.49,30.49,32.61,30.66,31.29,32.03,32.51,32.12,82.39,35.74,33.31,31.93,40.27,45.54,38.14,38.83,39.83,38.69,42.83,96.37
45103,39.11,100.87,30.93,29.33,30.49,30.49,32.51,30.66,31.29,31.93,32.51,32.12,83.67,35.62,33.31,31.93,40.27,45.54,38.14,38.83,39.83,38.69,43,97.24
45121,83.67,102.8,31.02,29.33,30.49,30.49,32.51,30.66,31.29,31.93,32.51,32.12,82.39,35.62,33.31,31.93,40.27,45.54,38.14,38.83,39.83,38.69,42.83,96.37
45142,89.2,102.8,30.93,29.25,30.49,30.4,32.51,30.66,31.29,31.93,32.51,32.12,82.39,35.62,33.31,31.93,40.12,45.35,38.14,38.83,39.83,38.69,43,96.37
45162,38.69,101.83,30.93,29.33,30.49,30.49,32.61,30.66,31.29,31.93,32.51,32.03,82.39,35.62,33.31,31.93,40.12,45.35,38.14,38.83,39.83,38.69,43,95.52
45181,42.49,100.87,30.93,29.33,30.49,30.49,32.61,30.66,31.29,31.93,32.51,32.12,82.39,35.62,33.31,31.93,40.27,45.54,38.14,38.83,39.83,38.69,43,96.37
45201,44.42,101.83,30.93,29.33,30.49,30.49,32.71,30.66,31.29,31.93,32.51,32.12,82.39,35.62,33.31,31.93,40.27,45.54,38.14,38.83,39.83,38.69,43,96.37
45220,45.74,100.87,30.93,29.33,30.49,30.49,32.61,30.66,31.29,31.93,32.51,32.12,82.39,35.62,33.31,31.93,40.27,45.54,38.14,38.83,39.83,38.69,43,97.24
45240,88.47,103.78,30.93,29.33,30.49,30.49,32.61,30.66,31.29,31.93,32.51,32.12,83.03,35.74,33.31,31.93,40.12,45.74,38.14,38.83,39.83,38.69,43,96.37
45259,88.47,103.78,30.93,29.33,30.49,30.49,32.61,30.66,31.29,31.93,32.51,32.12,83.03,35.62,33.31,31.93,40.27,45.74,38.14,38.83,39.83,38.69,43,96.37
45279,49.74,101.83,30.93,29.25,30.49,30.4,32.71,30.66,31.29,31.93,32.51,32.12,82.39,35.62,33.31,31.93,40.27,45.54,38.14,38.83,39.83,38.69,43,96.37
45300,55.92,100.87,30.93,29.33,30.49,30.49,32.71,30.66,31.29,31.93,32.51,32.12,82.39,35.74,33.31,31.93,40.12,45.74,38.01,38.83,39.83,38.69,43,96.37
45318,50.2,101.83,31.38,29.33,30.49,30.49,32.71,30.66,31.29,31.93,32.51,32.12,81.77,35.62,33.31,31.93,40.27,45.74,38.14,38.83,39.83,38.69,43,96.37
45339,46.73,100.87,31.47,29.33,30.49,30.49,32.71,30.66,31.29,31.93,32.51,32.12,81.77,35.62,33.31,31.93,40.27,45.74,38.14,38.83,39.83,38.69,43,97.24
45357,43.35,100.87,31.47,29.33,30.49,30.4,32.71,30.66,31.29,31.93,32.51,32.12,82.39,35.62,33.31,31.93,40.27,45.74,38.14,38.83,39.83,38.55,43,96.37
45377,41.51,99.94,31.47,29.25,30.49,30.49,32.61,30.66,31.29,31.93,32.51,32.12,82.39,35.62,33.31,31.93,40.27,45.74,38.01,38.83,39.83,38.69,43,97.24
45396,44.42,100.87,31.47,29.33,30.49,30.49,32.71,30.66,31.29,31.93,32.51,32.12,82.39,35.74,33.31,31.93,40.12,45.54,38.14,38.83,39.83,38.69,43,96.37
45416,39.39,100.87,31.47,29.33,30.49,30.4,32.71,30.66,31.29,31.93,32.51,32.12,82.39,35.74,33.31,31.93,40.27,45.35,38.14,38.83,39.83,38.69,43,96.37
45437,39.25,99.94,31.47,29.33,30.49,30.49,32.71,30.66,31.29,31.93,32.51,32.12,82.39,35.74,33.31,31.93,40.27,45.54,38.14,38.83,39.83,38.69,42.83,96.37
45455,39.25,100.87,31.47,29.33,30.49,30.49,32.71,30.66,31.29,31.93,32.51,32.12,82.39,35.62,33.21,31.93,40.12,45.54,38.01,38.83,39.68,38.69,43,96.37
45476,39.39,100.87,31.47,29.33,30.49,30.49,32.71,30.66,31.29,31.93,32.51,32.03,82.39,35.62,33.31,31.93,40.27,45.54,38.14,38.97,39.83,38.69,43,97.24
45494,52.65,100.87,31.47,29.33,30.49,30.4,32.71,30.66,31.29,31.93,32.51,32.12,82.39,35.62,33.31,31.93,40.27,45.54,38.14,38.83,39.68,38.69,43,97.24
45515,94.68,102.8,31.47,29.25,30.49,30.4,32.71,30.66,31.29,31.93,32.51,32.12,82.39,35.62,33.31,31.93,40.12,45.54,38.14,38.83,39.83,38.69,43,97.24
45535,98.12,103.78,31.47,29.25,30.49,30.4,32.71,30.66,31.29,31.93,32.51,32.12,83.03,35.74,33.31,31.93,40.27,45.35,38.14,38.83,39.83,38.69,43,97.24
45554,98.12,102.8,31.47,29.33,30.49,30.4,32.71,30.66,31.29,31.93,32.51,32.12,83.03,35.74,33.31,31.93,40.12,45.54,38.14,38.97,39.83,38.69,43,98.12
45574,98.12,103.78,31.47,29.33,30.49,30.4,32.71,30.66,31.29,31.93,32.51,32.12,83.03,35.62,33.31,31.93,40.27,45.35,38.14,38.83,39.83,38.69,42.83,97.24
45592,97.24,102.8,31.47,29.33,30.49,30.4,32.71,30.66,31.29,31.93,32.51,32.12,83.03,35.62,33.31,31.93,40.27,45.54,38.01,38.97,39.83,38.69,43,97.24
45613,91.47,102.8,30.93,29.25,30.49,30.4,32.71,30.66,31.29,31.93,32.51,32.12,83.03,35.74,33.31,31.93,40.12,45.54,38.14,38.97,39.83,38.69,43,97.24
45631,67.88,101.83,30.93,29.25,30.49,30.49,32.71,30.66,31.29,31.93,32.51,32.12,83.03,35.62,33.31,31.93,40.27,45.35,38.14,38.83,39.83,38.69,43,97.24
45652,45.74,100.87,30.93,29.25,30.49,30.4,32.71,30.66,31.29,31.93,32.51,32.03,83.03,35.62,33.31,31.93,40.27,45.35,38.01,38.83,39.83,38.69,42.83,96.37
45672,47.13,100.87,30.93,29.33,30.49,30.4,32.61,30.66,31.29,31.93,32.51,32.12,83.03,35.62,33.31,31.93,40.27,45.35,38.14,38.83,39.83,38.69,43,97.24
45691,60.64,101.83,31.02,29.33,30.49,30.4,32.61,30.66,31.02,31.93,32.51,32.12,82.39,35.62,33.31,31.93,40.27,45.54,38.14,38.83,39.83,38.69,43,97.24
45711,98.12,102.8,30.93,29.25,30.49,30.49,32.71,30.66,31.02,31.93,32.51,32.12,83.03,35.74,33.31,31.93,40.27,45.54,38.14,38.83,39.83,38.69,43,97.24
45730,100.87,103.78,30.93,29.25,30.49,30.49,32.71,30.66,31.02,31.93,32.51,32.03,83.67,35.74,33.31,31.93,40.12,45.54,38.14,38.83,39.83,38.69,43,97.24
45750,101.83,103.78,31.02,29.33,30.49,30.4,32.71,30.66,31.02,31.93,32.51,32.03,83.03,35.74,33.42,31.93,40.12,45.35,38.14,38.83,39.83,38.69,43,97.24
45769,100.87,103.78,31.11,29.33,30.49,30.4,32.71,30.66,31.02,31.93,32.51,32.12,83.03,35.62,33.31,31.93,40.27,45.54,38.14,38.83,39.83,38.69,43,96.37
45789,100.87,103.78,30.93,29.33,30.49,30.4,32.71,30.66,31.02,31.93,32.51,32.12,83.03,35.62,33.31,31.93,40.27,45.54,38.14,38.83,39.83,38.69,43,97.24
45810,100.87,103.78,30.93,29.25,30.49,30.4,32.71,30.66,31.02,31.93,32.51,32.12,83.03,35.62,33.31,31.93,40.27,45.54,38.14,38.83,39.83,38.69,43,97.24
45828,99.02,102.8,30.93,29.25,30.49,30.4,32.71,30.66,31.02,31.93,32.51,32.12,83.03,35.62,33.31,31.93,40.27,45.35,38.14,38.83,39.83,38.83,43,97.24
45848,91.47,103.78,31.02,29.25,30.49,30.4,32.61,30.66,31.02,31.93,32.51,32.12,82.39,35.62,33.31,31.93,40.12,45.35,38.14,38.83,39.83,38.69,43,96.37
45867,68.31,102.8,30.93,29.33,30.49,30.4,32.61,30.66,31.02,31.93,32.51,32.12,82.39,35.62,33.31,31.93,40.27,45.54,38.14,38.83,39.83,38.83,43,97.24
45887,48.62,101.83,31.02,29.25,30.49,30.4,32.71,30.66,31.29,31.93,32.51,32.12,82.39,35.62,33.31,31.93,40.27,45.35,38.14,38.97,39.83,38.69,43,96.37
45906,41.04,101.83,30.93,29.33,30.49,30.49,32.61,30.66,31.29,31.93,32.51,32.12,82.39,35.62,33.31,31.93,40.27,45.35,38.01,38.83,39.83,38.69,43,96.37
45926,89.95,103.78,30.93,29.33,30.49,30.49,32.61,30.66,31.29,31.93,32.51,32.12,83.03,35.62,33.31,31.93,40.27,45.54,38.14,38.83,39.83,38.83,43,97.24
45947,69.64,102.8,30.93,29.25,30.49,30.4,32.51,30.66,31.11,31.93,32.51,32.12,82.39,35.62,33.31,31.93,40.27,45.54,38.14,38.83,39.83,38.69,43,97.24
45965,99.94,103.78,30.93,29.33,30.49,30.49,32.61,30.66,31.02,31.93,32.51,32.12,82.39,35.62,33.31,31.93,40.27,45.54,38.01,38.97,39.83,38.83,43,97.24
45986,40.73,101.83,30.93,29.25,30.49,30.49,31.84,30.66,31.29,31.93,32.51,32.12,82.39,35.62,33.31,31.93,40.27,45.35,38.14,38.83,39.83,38.55,43,96.37
46004,38.97,101.83,30.84,29.25,30.49,30.49,31.93,30.66,31.29,31.93,32.51,32.12,83.03,35.62,33.31,31.93,40.27,45.35,38.14,38.83,39.83,38.83,43,97.24
46025,38.01,101.83,30.93,29.25,30.49,30.49,31.84,30.66,31.29,31.93,32.51,32.12,83.03,35.62,33.31,31.93,40.27,45.54,38.01,38.83,39.83,38.83,43,97.24
46043,37.87,102.8,30.93,29.25,30.49,30.49,31.84,30.66,31.29,31.93,32.51,32.03,83.03,35.62,33.31,31.93,40.27,45.54,38.14,38.97,39.98,38.83,43,97.24
46066,41.2,101.83,30.84,29.25,30.49,30.49,31.84,30.75,31.29,32.03,32.51,32.12,83.03,35.62,33.31,31.93,40.27,45.54,38.14,38.83,39.83,38.83,43,96.37
46084,63.49,102.8,30.93,29.25,30.49,30.49,31.84,30.75,31.38,32.03,32.51,32.12,83.03,35.62,33.31,31.84,40.27,45.35,38.14,38.97,39.83,38.83,43,96.37
46104,61.68,101.83,30.93,29.25,30.49,30.49,31.84,30.66,31.29,37.48,32.51,32.12,83.03,35.62,33.31,31.93,40.27,45.16,38.14,38.83,39.83,38.83,43,96.37
46123,39.83,102.8,31.02,29.33,30.49,30.49,31.84,30.66,31.29,37.09,32.51,32.12,83.03,35.62,33.31,31.93,40.27,44.6,38.14,38.83,39.83,38.83,43,97.24
46143,72.93,103.78,30.93,29.33,30.49,30.49,31.84,30.75,31.38,35.16,32.51,32.12,83.67,35.74,33.31,31.93,39.98,44.24,38.14,38.83,39.83,38.69,43,96.37
46162,40.58,102.8,31.2,29.25,30.49,30.58,31.84,30.66,31.29,36.34,32.51,32.12,83.03,35.62,33.31,31.93,40.27,44.42,38.01,38.83,39.98,38.83,43,97.24
46182,102.8,104.79,30.93,29.25,30.49,30.58,31.84,30.75,31.38,34.27,32.51,32.12,83.67,35.74,33.42,31.93,40.27,44.42,38.14,38.97,39.98,38.83,43,97.24
46203,103.78,104.79,30.93,29.33,30.49,30.58,31.84,30.75,31.38,35.5,32.51,32.03,83.67,35.62,33.42,31.93,39.83,44.42,38.14,38.97,39.83,38.69,42.83,97.24
46221,103.78,104.79,30.84,29.25,30.49,30.49,31.84,30.75,31.38,35.5,32.51,32.12,83.67,35.62,33.42,31.93,40.27,44.6,38.14,38.97,39.83,38.69,43,97.24
46242,103.78,104.79,30.93,29.25,30.49,30.58,31.93,30.75,31.38,38.41,32.51,32.03,83.67,35.62,33.42,31.93,40.27,45.16,38.14,38.97,39.83,38.69,42.83,97.24
46260,103.78,104.79,31.02,29.33,30.49,30.58,31.84,30.66,31.38,39.25,32.51,32.12,83.03,35.62,33.42,31.93,40.27,45.54,38.14,38.97,39.83,38.83,43,97.24
46281,103.78,104.79,30.93,29.33,30.58,30.58,31.84,30.75,31.38,39.25,32.51,32.12,82.39,35.62,33.42,31.93,40.27,45.74,38.14,38.83,39.83,38.83,43,97.24
46299,103.78,104.79,30.93,29.33,30.58,30.58,31.93,30.75,31.38,39.68,32.51,32.12,83.67,35.62,33.42,31.93,40.27,45.74,38.14,38.97,39.83,38.69,43,98.12
46320,103.78,104.79,31.02,29.33,30.58,30.49,31.84,30.75,31.38,39.54,32.51,32.12,83.67,35.62,33.42,31.93,40.27,44.24,38.14,38.97,39.83,38.83,43,97.24
46340,103.78,104.79,31.02,29.33,30.49,30.58,31.93,30.75,31.38,39.11,32.51,32.03,83.03,35.62,33.42,31.93,40.27,44.42,38.01,38.97,39.83,38.83,43,97.24
46358,103.78,105.82,30.93,29.25,30.49,30.58,31.93,30.75,31.47,38.97,32.51,32.03,83.03,35.74,33.42,31.93,40.27,44.24,38.14,38.97,39.83,38.83,43,98.12
46379,103.78,104.79,30.93,29.33,30.58,30.58,31.93,30.75,31.47,38.69,32.51,32.12,82.39,35.62,33.31,31.93,40.27,44.42,38.14,38.83,39.83,38.69,43,97.24
46397,104.79,104.79,31.02,29.33,30.49,30.58,31.93,30.75,31.47,39.39,32.51,32.03,83.03,35.62,33.31,31.93,40.27,44.42,38.14,38.97,39.98,38.83,43,98.12
46418,104.79,104.79,30.93,29.25,30.58,30.58,31.93,30.75,31.38,38.83,32.51,32.12,84.32,35.62,33.42,31.93,40.27,44.42,38.14,38.97,39.83,38.83,43,97.24
46438,104.79,104.79,31.02,29.33,30.49,30.58,31.93,30.75,31.38,38.97,32.51,32.12,83.67,35.62,33.31,31.84,40.27,44.42,38.14,38.97,39.68,38.83,43,97.24
46457,99.02,104.79,30.93,29.33,30.49,30.58,31.93,30.66,31.47,38.83,32.51,32.12,83.03,35.62,33.31,31.93,40.27,44.42,38.14,38.97,39.83,38.69,43,97.24
46477,99.94,104.79,31.02,29.25,30.49,30.58,31.93,30.75,31.38,38.55,32.51,32.12,83.03,35.62,33.31,31.93,40.27,44.42,38.01,38.97,39.83,38.83,43,98.12
46498,99.94,103.78,31.02,29.33,30.58,30.58,31.93,30.66,31.47,39.25,32.51,32.12,83.03,35.62,33.42,31.93,40.27,44.42,38.14,38.97,39.83,38.55,43,97.24
46516,102.8,104.79,30.93,29.33,30.58,30.58,31.93,30.75,31.47,38.01,32.51,32.03,82.39,35.74,33.42,31.93,40.27,44.42,38.01,38.97,39.83,38.69,43,97.24
46537,98.12,104.79,31.02,29.33,30.49,30.58,31.93,30.75,31.38,31.65,32.51,32.12,83.03,35.74,33.42,31.93,40.27,44.42,38.14,38.83,39.83,38.69,43,97.24
46555,59.63,103.78,30.93,29.33,30.49,30.58,32.03,30.75,31.38,31.65,32.51,32.12,82.39,35.62,33.42,31.93,40.27,44.6,38.14,38.97,39.83,38.83,43,96.37
46576,38.01,102.8,31.02,29.33,30.49,30.58,31.93,30.75,31.47,31.65,32.51,32.12,82.39,35.62,33.42,31.93,40.12,44.6,38.14,38.97,39.83,38.69,43,96.37
46596,37.87,101.83,31.02,29.33,30.49,30.58,31.93,30.66,31.38,31.65,32.51,32.03,82.39,35.62,33.42,31.93,40.27,44.79,38.14,38.83,39.83,38.69,43,96.37
46614,37.87,102.8,31.02,29.33,30.49,30.58,31.93,30.75,31.38,31.65,32.51,32.03,81.77,35.74,33.42,31.93,40.27,45.54,38.01,38.97,39.68,38.69,43,96.37
46635,38.97,101.83,31.02,29.33,30.49,30.58,31.93,30.66,31.38,31.56,32.51,32.12,82.39,35.62,33.31,31.93,40.27,45.54,38.01,38.97,39.83,38.69,43,96.37
46653,39.83,101.83,30.93,29.33,30.49,30.58,31.93,30.75,31.38,31.65,32.51,32.12,82.39,35.62,33.42,31.93,40.27,45.54,38.01,38.97,39.83,38.69,43,97.24
46674,41.2,101.83,30.93,29.25,30.49,30.58,32.03,30.66,31.29,31.65,32.51,32.12,82.39,35.74,33.42,31.93,40.12,45.54,38.01,38.83,39.83,38.69,43,96.37
46692,38.41,102.8,30.93,29.33,30.49,30.58,31.93,30.75,31.38,31.65,32.51,32.12,81.77,35.62,33.42,32.03,40.27,45.54,38.14,38.83,39.68,38.83,43,96.37
46713,62.39,102.8,30.93,29.33,30.49,30.58,32.61,30.75,31.38,31.65,32.51,32.12,81.77,35.62,33.42,31.93,40.27,45.54,38.14,38.83,39.68,38.69,43,97.24
46733,37.61,101.83,31.11,29.33,30.49,30.58,32.51,30.66,31.29,31.65,32.51,32.12,81.77,35.62,33.31,31.93,40.27,45.54,38.01,38.97,39.68,38.83,43,97.24
46752,54.51,101.83,31.11,29.33,30.49,30.58,32.61,30.66,31.29,31.75,32.51,32.03,82.39,35.74,33.31,32.03,40.27,45.54,38.01,38.83,39.83,38.69,43,96.37
46772,51.4,101.83,31.02,29.33,30.49,30.49,32.61,30.66,31.38,31.93,32.51,32.12,82.39,35.74,33.42,32.03,40.27,47.34,38.14,38.83,39.83,38.69,43,96.37
46791,38.41,101.83,30.93,29.25,30.49,30.58,32.61,30.66,31.29,31.93,32.51,32.12,82.39,35.62,33.31,32.03,40.12,45.54,38.14,38.83,39.83,38.69,43,96.37
46811,37.87,101.83,30.93,29.25,30.49,30.58,32.71,30.75,31.29,31.93,32.51,32.12,82.39,35.74,33.42,31.93,40.27,45.74,38.14,38.83,39.83,38.69,43,95.52
46829,37.74,101.83,30.93,29.33,30.49,30.58,32.71,30.75,31.29,31.93,32.51,32.03,82.39,35.74,33.42,31.93,40.27,45.54,38.01,38.83,39.83,38.69,43,95.52
46850,43.52,101.83,30.93,29.33,30.49,30.58,32.61,30.66,31.29,31.93,32.51,32.12,82.39,35.74,33.42,32.03,40.27,45.54,38.14,38.83,39.83,38.69,43,96.37
46870,37.74,101.83,30.93,29.33,30.49,30.58,32.81,30.66,31.29,31.93,32.51,32.03,82.39,35.74,33.42,31.93,40.27,45.54,38.01,38.83,39.83,38.69,43,96.37
46889,37.48,100.87,30.93,29.33,30.49,30.49,32.71,30.66,31.29,31.93,32.51,32.12,83.03,35.62,33.42,32.03,40.27,45.74,38.14,38.83,39.83,38.69,43,96.37
46909,37.48,101.83,30.93,29.33,30.49,30.49,32.71,30.66,31.29,31.93,32.51,32.12,82.39,35.62,33.42,32.03,40.27,45.54,38.01,38.83,39.83,38.69,43,96.37
46928,37.48,101.83,30.93,29.33,30.49,30.49,32.81,30.66,31.29,31.84,32.51,32.12,82.39,35.74,33.42,32.03,40.12,45.54,38.01,38.83,39.83,38.69,43,96.37
46948,37.35,85.66,31.02,29.33,30.49,30.49,32.71,30.66,31.11,31.93,32.51,32.12,82.39,35.74,33.42,31.93,40.27,45.74,38.01,38.83,39.83,38.69,43,95.52
46969,37.35,101.83,30.93,29.33,30.49,30.49,32.71,30.66,31.11,31.93,32.51,32.12,83.03,35.74,33.31,32.03,40.12,45.74,38.01,38.83,39.83,38.55,43,96.37
46987,37.35,101.83,30.93,29.33,30.49,30.49,32.71,30.66,31.29,31.93,32.51,32.12,82.39,35.74,33.31,31.93,40.27,45.35,38.01,38.83,39.83,38.69,43,97.24
47008,98.12,104.79,30.93,29.33,30.49,30.49,32.81,30.66,31.29,31.93,32.51,32.12,82.39,35.74,33.42,32.03,40.27,45.35,38.14,38.83,39.83,38.69,43,97.24
47026,39.83,101.83,30.93,29.33,30.49,30.49,32.71,30.66,31.29,31.84,32.51,32.12,82.39,35.74,33.31,32.03,40.27,45.35,38.01,38.83,39.83,38.69,43,97.24
47047,94.68,101.83,30.93,29.33,30.49,30.49,32.81,30.66,31.29,31.93,32.51,32.12,83.03,35.74,33.31,32.03,40.27,45.35,38.01,38.69,39.83,38.69,43,96.37
47065,63.12,101.83,30.93,29.25,30.49,30.49,32.71,30.66,31.29,31.93,32.51,32.12,82.39,35.62,33.31,31.93,40.27,45.35,38.01,38.83,39.83,38.69,43,96.37
47085,39.25,101.83,30.93,29.33,30.49,30.49,32.61,30.66,31.29,31.93,32.51,32.12,82.39,35.74,33.31,32.03,40.27,45.35,38.01,38.83,39.83,38.69,42.83,96.37
47106,39.25,101.83,30.93,29.33,30.49,30.49,32.61,30.66,31.29,31.93,32.51,32.12,83.03,35.74,33.42,32.03,40.27,45.35,38.14,38.83,39.83,38.69,43,97.24
47124,38.41,101.83,30.93,29.33,30.49,30.49,32.71,30.66,31.29,31.93,32.51,32.03,82.39,35.74,33.42,32.03,40.27,45.35,38.14,38.69,39.83,38.69,43,95.52
47145,38.69,101.83,30.93,29.33,30.49,30.49,32.71,30.66,31.29,31.93,32.51,32.12,83.03,35.74,33.42,32.03,40.27,45.35,38.14,38.83,39.83,38.69,42.83,96.37
47163,65.02,102.8,30.93,29.25,30.49,30.49,32.71,30.66,31.29,31.93,32.51,32.12,83.67,35.74,33.31,32.03,40.27,45.35,38.01,38.69,39.83,38.69,43,97.24
47184,38.01,100.87,30.93,29.33,30.49,30.49,32.61,30.66,31.29,31.84,32.51,32.12,83.03,35.74,33.42,32.03,40.27,45.35,38.14,38.83,39.83,38.69,43,96.37
47202,38.14,101.83,30.93,29.25,30.58,30.49,32.61,30.66,31.29,31.84,32.51,32.12,83.03,35.74,33.31,31.93,40.27,45.35,38.14,38.69,39.83,38.69,43,96.37
47223,38.83,101.83,30.93,29.33,30.49,30.49,32.71,30.66,31.29,31.84,32.51,32.12,83.03,35.74,33.31,32.03,40.27,45.16,38.14,38.83,39.83,38.55,43,96.37
47243,40.43,101.83,30.93,29.33,30.49,30.49,32.61,30.66,31.29,31.84,32.51,32.12,83.03,35.74,33.31,31.93,40.27,45.16,38.01,38.83,39.83,38.69,43,97.24
47262,70.09,101.83,30.84,29.33,30.49,30.49,32.61,30.66,31.29,31.84,32.51,32.12,83.03,35.74,33.31,32.03,40.27,45.16,38.14,38.83,39.83,38.69,43,97.24
47282,40.43,101.83,30.93,29.33,30.49,30.49,32.61,30.66,31.29,31.84,32.51,32.12,83.03,35.74,33.31,32.03,40.12,45.16,38.14,38.83,39.83,38.69,43,96.37
47301,41.04,100.87,30.93,29.33,30.49,30.49,32.61,30.66,31.29,31.84,32.51,32.12,83.03,35.62,33.31,32.03,40.27,45.35,38.14,38.83,39.83,38.69,43,96.37
47321,40.27,101.83,30.93,29.33,30.49,30.49,32.61,30.66,31.29,31.84,32.51,32.12,82.39,35.74,33.31,32.03,40.27,45.35,38.14,38.83,39.83,38.69,43,97.24
47341,89.2,103.78,30.93,29.33,30.49,30.49,32.61,30.66,31.29,31.84,32.51,32.12,83.03,35.74,33.31,32.03,40.27,45.16,38.14,38.69,39.83,38.69,43,97.24
47360,97.24,104.79,30.93,29.33,30.49,30.49,32.71,30.66,31.29,31.84,32.51,32.12,83.67,35.74,33.42,31.93,40.27,45.35,38.14,38.83,39.83,38.69,43,97.24
47380,97.24,104.79,30.93,29.33,30.49,30.49,32.61,30.66,31.29,31.84,32.51,32.12,83.03,35.74,33.31,32.03,40.12,45.16,38.01,38.83,39.83,38.69,43,97.24
47399,96.37,103.78,30.93,29.33,30.49,30.49,32.61,30.66,31.29,31.84,32.51,32.12,67.88,35.62,33.31,32.03,40.27,45.16,38.14,38.83,39.83,38.69,43,97.24
47419,97.24,103.78,30.93,29.33,30.49,30.49,32.61,30.66,31.29,31.93,32.51,32.12,72.93,35.74,33.42,32.03,40.12,45.16,38.01,38.83,39.83,38.69,43,97.24
47438,98.12,103.78,30.84,29.33,30.49,30.49,32.61,30.66,31.29,31.84,32.51,32.12,83.67,35.74,33.31,31.93,40.27,45.16,38.14,38.83,39.83,38.69,43,97.24
47458,97.24,103.78,30.84,29.33,30.49,30.49,32.61,30.66,31.29,31.93,32.51,32.12,83.03,35.74,33.31,32.03,40.27,45.16,38.14,38.69,39.83,38.69,43,97.24
47479,97.24,103.78,30.93,29.33,30.49,30.49,32.61,30.66,31.29,31.84,32.51,32.12,83.67,35.62,33.31,32.03,40.27,45.16,38.01,38.83,39.83,38.69,42.83,97.24
47497,97.24,104.79,30.93,29.25,30.49,30.49,32.61,30.66,31.29,31.84,32.51,32.12,83.67,35.62,33.31,32.03,40.27,45.16,38.14,38.83,39.83,38.69,43,98.12
47518,98.12,103.78,30.93,29.33,30.49,30.49,32.61,30.66,31.29,31.84,32.51,32.12,81.15,35.62,33.31,32.03,40.27,45.16,38.14,38.83,39.83,38.69,42.83,97.24
47536,97.24,103.78,30.93,29.33,30.49,30.49,32.61,30.66,31.29,31.84,32.51,32.12,82.39,35.74,33.31,32.03,40.27,45.35,38.01,38.83,39.83,38.69,43,97.24
47557,94.68,103.78,30.93,29.25,30.49,30.49,32.61,30.66,31.29,31.84,32.51,32.12,83.03,35.74,33.31,32.03,40.27,45.35,38.14,38.83,39.83,38.69,43,97.24
47575,60.3,102.8,30.93,29.33,30.49,30.4,32.61,30.66,31.29,31.84,32.51,32.12,83.03,35.62,33.31,32.03,40.27,45.35,38.14,38.83,39.83,38.69,43,97.24
47595,61.68,102.8,30.93,29.25,30.49,30.49,32.61,30.66,31.29,31.84,32.51,32.12,83.03,35.62,33.42,32.03,40.12,45.16,38.14,38.83,39.83,38.69,43,97.24
47616,59.63,101.83,30.93,29.33,30.49,30.4,32.61,30.66,31.29,31.93,32.51,32.12,83.03,35.74,33.31,32.03,40.27,45.16,38.14,38.83,39.83,38.69,43,97.24
47634,62.03,101.83,30.93,29.33,30.49,30.49,32.71,30.66,31.29,31.93,32.51,32.12,83.03,35.74,33.31,32.03,40.12,45.35,38.14,38.83,39.83,38.69,42.83,97.24
47655,67.04,102.8,30.93,29.25,30.49,30.49,32.71,30.66,31.29,31.84,32.51,32.12,83.03,35.62,33.31,32.03,40.12,45.35,38.14,38.83,39.83,38.69,43,96.37
47673,62.75,102.8,30.93,29.33,30.49,30.49,32.71,30.75,31.29,31.84,32.51,32.03,83.03,35.62,33.31,31.93,40.27,45.35,38.14,38.83,39.83,38.69,43,97.24
47694,60.64,102.8,31.02,29.33,30.49,30.49,32.71,30.66,31.29,31.93,32.51,32.12,83.03,35.62,33.42,31.93,40.12,45.35,38.14,38.69,39.83,38.69,43,97.24
47714,59.63,101.83,30.93,29.33,30.49,30.49,32.61,30.75,31.29,31.93,32.51,32.12,82.39,35.74,33.42,32.03,40.27,45.16,38.01,38.83,39.83,38.69,43,97.24
47733,59.96,102.8,30.93,29.25,30.49,30.49,32.61,30.66,31.29,31.93,32.51,32.12,83.03,35.74,33.31,32.03,40.12,45.35,38.14,38.83,39.68,38.83,43,97.24
47753,60.64,102.8,31.02,29.33,30.49,30.49,32.61,30.75,31.29,31.93,32.51,32.12,83.03,35.74,33.31,32.03,40.27,45.35,38.14,38.83,39.83,38.69,43,96.37
47772,60.64,102.8,30.93,29.33,30.49,30.49,31.93,30.66,31.29,31.93,32.51,32.12,81.77,35.74,33.31,32.03,40.27,45.16,38.14,38.83,39.83,38.69,43,97.24
47792,60.98,102.8,31.02,29.25,30.49,30.4,31.93,30.66,31.29,31.93,32.51,32.12,82.39,35.62,33.31,31.93,40.27,45.16,38.14,38.83,39.83,38.69,43,97.24
47810,60.64,101.83,31.02,29.33,30.49,30.49,31.93,30.75,31.29,31.93,32.51,32.12,82.39,35.62,33.42,31.93,40.27,45.16,38.14,38.83,39.83,38.69,43,97.24
47831,76.01,103.78,31.02,29.25,30.49,30.49,31.93,30.75,31.29,31.93,32.51,32.12,82.39,35.74,33.42,31.93,40.27,45.35,38.14,38.83,39.83,38.69,42.83,97.24
47851,95.52,103.78,31.02,29.33,30.49,30.49,31.93,30.75,31.29,31.84,32.51,32.12,83.03,35.74,33.31,31.93,40.12,45.16,38.14,38.83,39.83,38.83,43,97.24
47870,89.2,103.78,30.93,29.25,30.49,30.49,31.93,30.75,31.29,31.93,32.51,32.12,82.39,35.74,33.42,31.93,40.27,45.35,38.14,38.83,39.83,38.69,43,97.24
47890,89.95,103.78,30.93,29.33,30.49,30.49,31.84,30.66,31.29,31.93,32.51,32.12,82.39,35.62,33.42,32.03,40.12,45.16,38.01,38.83,39.83,38.69,43,97.24
47909,90.7,103.78,30.93,29.25,30.49,30.49,31.84,30.66,31.29,31.93,32.51,32.12,83.03,35.62,33.31,31.93,40.12,45.16,38.14,38.83,39.83,38.83,43,97.24
47929,93.86,103.78,30.93,29.25,30.49,30.49,31.84,30.75,31.38,31.93,32.51,32.12,82.39,35.62,33.31,31.93,40.12,45.16,38.01,38.83,39.83,38.83,43,97.24
47948,94.68,103.78,31.02,29.33,30.49,30.49,31.84,30.66,31.38,31.93,32.51,32.03,82.39,35.62,33.31,31.93,40.27,45.35,38.14,38.83,39.83,38.69,43,97.24
47968,79.36,103.78,31.02,29.33,30.49,30.49,31.84,30.75,31.29,31.93,32.51,32.03,82.39,35.62,33.31,31.93,40.27,45.35,38.14,38.83,39.83,38.83,43,97.24
47989,78.78,102.8,31.02,29.33,30.49,30.49,31.84,30.75,31.29,31.93,32.51,32.12,82.39,35.62,33.31,32.03,40.12,45.54,38.14,38.83,39.83,38.83,43,96.37
48007,37.87,102.8,30.93,29.25,30.49,30.49,31.84,30.75,31.29,31.93,32.51,32.12,83.03,35.62,33.31,31.93,39.98,45.54,38.01,38.83,39.83,38.69,42.83,96.37
48028,44.06,102.8,30.93,29.25,30.49,30.49,31.93,30.75,31.29,31.93,32.51,32.12,82.39,35.74,33.31,31.93,40.27,45.54,38.14,38.83,39.83,38.83,42.83,97.24
48046,38.14,102.8,30.93,29.33,30.49,30.49,31.84,30.75,31.29,31.93,32.51,32.12,83.03,35.74,33.31,31.93,40.27,45.54,38.14,38.83,39.83,38.69,43,96.37
48066,38.01,102.8,30.93,29.25,30.49,30.49,31.84,30.75,31.29,31.93,32.51,32.12,83.03,35.62,33.42,31.93,40.27,45.54,38.01,38.83,39.83,38.83,43,96.37
48087,37.87,100.87,30.93,29.25,30.49,30.49,31.84,30.75,31.38,31.93,32.51,32.12,83.03,35.62,33.42,31.93,40.27,45.54,38.01,38.83,39.83,38.83,43,96.37
48105,37.87,101.83,30.93,29.33,30.49,30.49,31.84,30.75,31.38,31.93,32.51,32.12,83.03,35.62,33.31,31.93,39.98,45.54,38.14,38.83,39.83,38.69,43,97.24
48126,38.01,101.83,30.93,29.25,30.49,30.49,31.84,30.75,31.38,31.93,32.51,32.12,83.03,35.74,33.42,31.93,40.12,45.54,38.14,38.83,39.83,38.69,43,97.24
48144,38.01,101.83,30.93,29.25,30.49,30.49,31.84,30.75,31.29,31.93,32.51,32.03,83.03,35.62,33.31,31.93,40.27,45.54,38.14,38.83,39.83,38.83,43,96.37
48165,38.01,101.83,30.93,29.33,30.49,30.49,31.84,30.75,31.38,31.93,32.51,32.12,83.03,35.62,33.31,31.93,40.27,45.54,38.14,38.83,39.83,38.69,43,97.24
48183,42,102.8,30.93,29.33,30.49,30.49,31.93,30.75,31.29,31.93,32.51,32.12,83.03,35.74,33.31,31.93,40.12,45.54,38.14,38.83,39.83,38.83,43,96.37
48204,38.27,102.8,30.93,29.25,30.49,30.49,31.84,30.75,31.29,31.93,32.51,32.12,83.03,35.62,33.31,31.93,40.12,45.74,38.14,38.83,39.83,38.83,43,97.24
48224,99.94,104.79,31.11,29.25,30.49,30.49,31.93,30.75,31.38,31.93,32.51,32.03,83.67,35.74,33.31,31.93,40.27,45.54,38.14,38.97,39.83,38.69,43,97.24
48243,93.05,104.79,30.93,29.25,30.49,30.49,31.93,30.75,31.38,31.93,32.51,32.12,82.39,35.62,33.31,31.93,40.27,45.54,38.14,38.83,39.83,38.69,43,96.37
48263,44.42,102.8,30.93,29.33,30.49,30.49,31.93,30.75,31.29,31.93,32.51,32.12,83.03,35.62,33.31,31.93,40.27,45.54,38.14,38.97,39.83,38.83,42.83,96.37
48282,44.06,102.8,30.93,29.25,30.49,30.49,31.93,30.75,31.38,31.93,32.51,32.12,83.67,35.62,33.42,31.93,39.98,45.54,38.14,38.83,39.83,38.69,43,97.24
48302,44.79,102.8,30.93,29.33,30.49,30.49,31.93,30.75,31.38,31.93,32.51,32.12,83.03,35.74,33.42,31.93,40.27,45.54,38.14,38.83,39.83,38.83,43,96.37
48320,45.93,102.8,30.84,29.33,30.49,30.49,31.93,30.75,31.38,31.93,32.51,32.03,83.03,35.74,33.31,31.93,40.27,45.54,38.14,38.83,39.83,38.69,43,97.24
48341,64.63,102.8,30.84,29.33,30.49,30.49,31.93,30.75,31.29,31.93,32.51,32.12,83.03,35.74,33.31,31.93,40.27,45.54,38.14,38.83,39.83,38.83,43,96.37
48361,71.01,103.78,30.84,29.33,30.49,30.49,31.93,30.75,31.29,31.93,32.51,32.12,83.67,35.62,33.42,31.93,40.27,45.54,38.14,38.97,39.83,38.83,43,96.37
48380,48.19,102.8,30.93,29.33,30.49,30.49,31.93,30.75,31.38,31.93,32.51,32.12,83.67,35.62,33.42,31.93,40.27,45.54,38.14,38.83,39.83,38.69,42.83,96.37
48400,47.34,102.8,30.93,29.33,30.49,30.49,31.84,30.66,31.38,31.93,32.51,32.12,83.03,35.74,33.42,31.93,40.27,45.54,38.14,38.97,39.83,38.83,43,96.37
48419,47.13,102.8,30.93,29.25,30.58,30.49,31.93,30.75,31.38,31.93,32.51,32.12,83.67,35.62,33.42,31.93,40.27,45.54,38.14,38.83,39.83,38.83,43,96.37
48439,46.73,102.8,30.93,29.33,30.49,30.49,31.84,30.75,31.29,31.93,32.51,32.12,83.03,35.62,33.31,31.93,40.27,45.54,38.14,38.83,39.83,38.83,43,96.37
48460,44.97,102.8,30.93,29.33,30.49,30.49,31.93,30.66,31.29,31.93,32.51,32.03,83.03,35.74,33.42,31.93,40.27,45.54,38.14,38.83,39.83,38.55,43,96.37
48478,42.49,102.8,31.02,29.33,30.58,30.49,31.93,30.75,31.29,31.93,32.51,32.12,83.03,35.62,33.31,31.93,40.27,45.54,38.14,38.83,39.83,38.69,43,96.37
48499,42.66,102.8,31.11,29.33,30.49,30.49,31.93,30.75,31.38,31.93,32.51,32.12,83.03,35.62,33.42,31.93,40.12,45.54,38.14,38.83,39.83,38.83,43,96.37
48517,40.88,101.83,31.11,29.33,30.49,30.49,31.93,30.75,31.38,31.93,32.51,32.12,82.39,35.74,33.42,31.93,40.27,45.54,38.14,38.83,39.83,38.69,43,96.37
48538,51.15,102.8,30.93,29.25,30.49,30.49,31.93,30.75,31.38,31.93,32.51,32.03,82.39,35.62,33.31,31.93,40.27,45.54,38.01,38.83,39.83,38.83,42.83,96.37
48556,62.75,101.83,30.93,29.33,30.49,30.49,31.93,30.66,31.38,31.93,32.51,32.03,82.39,35.62,33.42,31.93,40.12,45.54,38.14,38.83,39.83,38.83,43,96.37
48576,39.54,101.83,30.93,29.33,30.49,30.49,31.93,30.75,31.38,31.93,32.51,32.12,81.77,35.74,33.42,31.93,40.27,45.54,38.14,38.83,39.83,38.69,43,97.24
48597,39.54,101.83,30.93,29.25,30.49,30.49,31.93,30.75,31.38,31.93,32.51,32.12,81.77,35.74,33.42,31.93,40.27,45.54,38.14,38.83,39.83,38.69,43,96.37
48615,39.25,101.83,30.93,29.33,30.49,30.49,31.93,30.75,31.38,31.93,32.51,32.12,82.39,35.62,33.31,31.93,40.27,45.54,38.14,38.83,39.83,38.69,43,97.24
48636,94.68,103.78,30.84,29.33,30.49,30.49,32.71,30.66,31.38,31.93,32.51,32.12,82.39,35.74,33.31,31.93,40.27,45.54,38.14,38.83,39.83,38.83,43,96.37
48654,59.31,101.83,31.02,29.33,30.49,30.49,32.61,30.66,31.38,31.93,32.51,32.12,81.77,35.62,33.31,31.93,40.27,45.54,38.14,38.83,39.83,38.69,43,96.37
48675,37.74,101.83,30.93,29.33,30.49,30.49,32.61,30.75,31.38,31.93,32.51,32.12,81.77,35.74,33.31,31.93,40.27,45.54,38.14,38.83,39.83,38.69,43,96.37
48693,58.34,101.83,31.02,29.33,30.49,30.4,32.61,30.75,31.38,31.93,32.51,32.12,83.03,35.62,33.42,32.03,40.27,45.54,38.14,38.83,39.83,38.83,43,96.37
48714,64.25,100.87,30.93,29.25,30.49,30.49,32.03,30.66,31.38,31.93,32.51,32.12,81.77,35.62,33.31,31.93,40.27,45.54,38.01,38.83,39.83,38.69,43,96.37
48734,64.63,102.8,30.93,29.33,30.49,30.49,32.22,30.66,31.38,31.93,32.51,32.12,82.39,35.62,33.31,31.93,39.98,45.54,38.14,38.83,39.83,38.69,43,96.37
48753,41.51,101.83,30.93,29.25,30.49,30.49,32.03,30.66,31.38,31.93,32.51,32.12,82.39,35.62,33.42,31.93,40.27,45.54,38.14,38.83,39.83,38.69,43,96.37
48773,37.87,101.83,31.02,29.33,30.49,30.49,32.71,30.75,31.38,31.93,32.51,32.12,81.77,35.74,33.42,31.93,40.27,45.54,38.01,38.83,39.83,38.69,43,97.24
48791,37.74,100.87,30.93,29.33,30.58,30.49,32.61,30.75,31.29,31.93,32.51,32.12,82.39,35.62,33.42,31.93,40.27,45.35,38.14,38.83,39.83,38.69,43,97.24
48812,37.87,101.83,30.93,29.25,30.49,30.49,32.71,30.75,31.29,31.93,32.51,32.12,82.39,35.62,33.42,31.93,40.27,45.35,38.14,38.83,39.83,38.83,42.83,96.37
48832,38.01,101.83,30.93,29.33,30.49,30.4,32.61,30.75,31.29,31.93,32.51,32.12,82.39,35.62,33.31,31.93,40.27,45.35,38.14,38.83,39.83,38.69,43,96.37
48851,37.74,100.87,30.93,29.33,30.49,30.49,32.71,30.66,31.29,31.93,32.51,32.12,82.39,35.62,33.42,31.93,40.27,45.35,38.14,38.83,39.83,38.69,43,96.37
48871,37.87,101.83,31.2,29.33,30.49,30.49,32.71,30.66,31.29,31.93,32.51,32.12,82.39,35.62,33.42,31.93,40.27,45.35,38.14,38.83,39.83,38.83,42.83,96.37
48890,39.54,101.83,31.11,29.33,30.49,30.4,32.71,30.75,31.29,31.93,32.51,32.12,83.03,35.74,33.42,31.93,40.27,45.54,38.14,38.83,39.83,38.69,43,98.12
48910,72.93,101.83,30.93,29.33,30.49,30.49,32.71,30.75,31.29,31.93,32.51,32.12,83.03,35.62,33.31,31.93,40.27,45.35,38.14,38.83,39.83,38.69,43,97.24
48929,100.87,103.78,31.02,29.33,30.49,30.49,32.61,30.75,31.29,31.93,32.51,32.12,83.67,35.74,33.42,31.93,40.27,45.35,38.14,38.83,39.83,38.69,43,96.37
48949,83.67,101.83,30.93,29.33,30.49,30.4,32.61,30.75,31.29,31.93,32.51,32.12,83.03,35.74,33.31,31.93,40.27,45.35,38.01,38.83,39.83,38.69,43,96.37
48970,38.55,100.87,30.93,29.25,30.49,30.4,32.61,30.66,31.29,31.93,32.51,32.12,83.03,35.74,33.31,31.93,40.27,45.16,38.14,38.83,39.83,38.69,43,98.12
48988,97.24,102.8,30.93,29.33,30.49,30.4,32.61,30.66,31.29,31.93,32.51,32.12,82.39,35.62,33.31,32.03,40.27,45.35,38.01,38.83,39.83,38.69,42.83,96.37
49009,49.74,101.83,30.93,29.25,30.49,30.49,32.61,30.66,31.29,31.93,32.51,32.12,83.03,35.62,33.31,31.93,40.12,45.35,38.14,38.83,39.83,38.69,43,97.24
49027,46.32,100.87,30.93,29.25,30.49,30.4,32.71,30.66,31.29,31.93,32.51,32.03,82.39,35.74,33.31,31.93,40.27,45.35,38.14,38.83,39.83,38.69,43,96.37
49047,47.13,101.83,31.11,29.33,30.49,30.4,32.61,30.66,31.29,31.93,32.51,32.12,83.03,35.62,33.31,31.93,40.27,45.35,38.14,38.83,39.83,38.69,43,96.37
49066,47.34,100.87,30.93,29.25,30.49,30.4,32.61,30.66,31.29,31.93,32.51,32.12,83.03,35.62,33.42,32.03,40.27,45.54,38.14,38.83,39.83,38.69,43,96.37
49086,46.52,100.87,30.93,29.33,30.49,30.4,32.71,30.66,31.29,31.93,32.51,32.03,83.03,35.74,33.42,31.93,40.27,45.54,38.14,38.83,39.83,38.69,43,96.37
49107,47.76,100.87,30.93,29.25,30.49,30.49,32.71,30.75,31.29,31.93,32.51,32.12,82.39,35.62,33.42,31.93,40.27,45.54,38.14,38.83,39.83,38.69,43,97.24
49125,46.13,100.87,30.93,29.33,30.49,30.49,32.61,30.66,31.29,31.93,32.51,32.12,82.39,35.62,33.31,31.93,40.27,45.54,38.14,38.69,39.83,38.69,43,97.24
49146,47.55,100.87,30.93,29.25,30.49,30.49,32.61,30.75,31.29,31.93,32.51,32.03,83.03,35.74,33.31,31.93,40.27,45.54,38.14,38.83,39.83,38.69,43,96.37
49164,43.88,100.87,30.93,29.25,30.49,30.49,32.61,30.66,31.29,31.93,32.51,32.12,83.03,35.74,33.31,32.03,40.27,45.35,38.14,38.83,39.83,38.69,43,95.52
49185,44.06,100.87,30.93,29.25,30.49,30.4,32.61,30.66,31.29,31.93,32.51,32.12,83.03,35.62,33.42,31.93,40.27,45.35,38.14,38.83,39.83,38.69,43,97.24
49205,45.54,101.83,30.93,29.33,30.49,30.49,32.61,30.66,31.29,31.93,32.51,32.12,83.03,35.74,33.42,31.93,40.27,45.35,38.01,38.83,39.83,38.69,43,96.37
49224,52.14,100.87,30.93,29.25,30.49,30.4,32.61,30.66,31.29,31.93,32.51,32.12,83.03,35.74,33.42,32.03,40.27,45.35,38.01,38.83,39.83,38.69,43,96.37
49244,39.11,101.83,30.93,29.25,30.49,30.49,32.71,30.75,31.29,31.93,32.51,32.12,83.03,35.74,33.42,32.03,40.27,45.35,38.14,38.83,39.83,38.69,43,97.24
49263,41.67,100.87,30.93,29.25,30.49,30.49,32.71,30.66,31.29,31.93,32.51,32.12,83.03,35.62,33.42,31.93,40.27,45.35,38.14,38.83,39.83,38.69,43,97.24
49283,38.14,100.87,30.93,29.33,30.49,30.49,32.71,30.66,31.29,31.93,32.51,32.12,83.03,35.62,33.42,32.03,40.27,45.35,38.14,38.83,39.83,38.69,43,97.24
49301,38.14,100.87,30.93,29.33,30.49,30.4,32.71,30.66,31.29,31.93,32.51,32.12,83.03,35.62,33.42,31.93,40.27,45.35,38.14,38.83,39.83,38.69,43,96.37
49322,66.22,100.87,30.93,29.33,30.49,30.4,32.61,30.75,31.29,31.93,32.51,32.12,83.03,35.74,33.42,32.03,40.27,45.35,38.14,38.83,39.83,38.83,43,97.24
49342,97.24,103.78,30.93,29.33,30.49,30.49,32.71,30.75,31.29,31.93,32.51,32.12,83.67,35.74,33.42,32.03,40.27,45.35,38.01,38.83,39.83,38.83,42.83,97.24
49361,98.12,103.78,30.93,29.33,30.49,30.4,32.71,30.75,31.29,31.93,32.51,32.03,83.67,35.74,33.42,32.03,40.27,45.16,38.14,38.83,39.83,38.69,43,98.12
49381,97.24,103.78,30.93,29.33,30.49,30.4,32.71,30.66,31.29,31.93,32.51,32.12,83.67,35.74,33.42,31.93,40.27,45.35,38.01,38.83,39.83,38.69,43,98.12
49400,97.24,102.8,30.93,29.33,30.49,30.4,32.71,30.75,31.29,31.93,32.51,32.12,83.67,35.74,33.42,32.03,40.27,45.35,38.14,38.83,39.83,38.83,43,97.24
49420,41.04,100.87,30.93,29.33,30.49,30.4,32.61,30.66,31.29,31.93,32.51,32.12,83.03,35.74,33.42,32.03,40.27,45.35,38.14,38.83,39.83,38.69,43,97.24
49439,58.98,101.83,30.93,29.25,30.49,30.4,32.61,30.66,31.29,31.93,32.51,32.12,83.03,35.74,33.42,32.03,40.27,45.35,38.14,38.83,39.83,38.83,43,95.52
49459,37.87,100.87,31.2,29.25,30.49,30.4,32.71,30.66,31.29,31.93,32.51,32.03,83.03,35.74,33.42,31.93,40.27,45.54,38.14,38.83,39.83,38.69,43,97.24
49480,39.83,100.87,30.93,29.33,30.49,30.4,32.61,30.66,31.29,31.93,32.51,32.12,83.03,35.74,33.42,31.93,40.27,45.54,38.14,38.83,39.83,38.69,43,97.24
49498,43.7,100.87,30.93,29.33,30.49,30.4,32.61,30.66,31.29,31.93,32.51,32.12,83.03,35.62,33.42,31.93,40.27,45.54,38.14,38.83,39.83,38.69,43,96.37
49519,62.39,101.83,30.93,29.33,30.49,30.4,32.61,30.75,31.38,31.93,32.51,32.12,83.03,35.74,33.31,31.93,40.12,45.54,38.14,38.83,39.83,38.69,43,96.37
49537,67.04,101.83,30.93,29.25,30.49,30.4,32.61,30.66,31.29,31.93,32.51,32.12,83.03,35.74,33.42,32.03,40.12,45.35,38.01,38.83,39.83,38.69,43,97.24
49557,57.11,100.87,30.93,29.33,30.49,30.4,32.51,30.66,31.29,31.93,32.51,32.03,83.03,35.74,33.31,32.03,40.12,45.35,38.14,38.83,39.83,38.69,42.83,96.37
49578,42.66,100.87,30.93,29.33,30.49,30.4,32.71,30.75,31.38,31.93,32.51,32.12,83.03,35.62,33.42,31.93,40.27,45.35,38.14,38.83,39.83,38.69,43,96.37
49596,41.35,100.87,30.93,29.33,30.49,30.4,32.61,30.66,31.38,31.93,32.51,32.12,83.03,35.74,33.31,31.93,40.27,45.16,38.14,38.83,39.83,38.69,43,96.37
49617,39.54,100.87,30.93,29.25,30.49,30.4,32.51,30.75,31.38,31.93,32.51,32.03,83.03,35.62,33.42,31.93,40.27,45.35,38.14,38.83,39.83,38.69,43,96.37
49635,39.25,100.87,30.93,29.25,30.49,30.4,32.61,30.75,31.38,31.93,32.51,32.12,83.03,35.74,33.31,31.93,40.12,45.35,38.01,38.83,39.83,38.69,43,95.52
49656,56.51,99.94,30.93,29.25,30.49,30.4,32.71,30.66,31.38,31.93,32.51,32.12,83.03,35.62,33.31,31.93,40.27,45.35,38.14,38.83,39.83,38.69,43,97.24
49674,52.91,100.87,30.93,29.33,30.49,30.4,32.61,30.66,31.29,31.93,32.51,32.12,83.03,35.74,33.31,31.93,40.27,45.35,38.14,38.83,39.83,38.83,42.83,97.24
49695,64.25,101.83,30.93,29.25,30.49,30.4,32.71,30.66,31.38,31.93,32.51,32.12,83.03,35.74,33.31,31.93,40.27,45.35,38.14,38.83,39.83,38.69,43,96.37
49715,59.63,100.87,30.93,29.25,30.49,30.4,32.71,30.66,31.38,31.93,32.51,32.12,83.03,35.74,33.31,31.93,40.27,45.35,38.01,38.83,39.83,38.83,43,96.37
49734,60.98,100.87,30.93,29.25,30.49,30.4,32.71,30.66,31.38,31.93,32.51,32.12,83.03,35.74,33.31,31.93,40.27,45.35,38.14,38.83,39.83,38.69,43,96.37
49754,56.81,100.87,31.02,29.25,30.49,30.4,32.71,30.75,31.38,31.93,32.51,32.12,83.03,35.62,33.31,31.93,40.27,45.35,38.14,38.83,39.83,38.69,43,96.37
49772,63.12,100.87,30.93,29.25,30.49,30.4,32.61,30.75,31.38,31.93,32.51,32.12,83.03,35.62,33.31,31.93,40.12,45.35,38.14,38.83,39.83,38.69,43,96.37
49793,38.83,100.87,30.93,29.25,30.49,30.4,32.22,30.75,31.38,31.93,32.51,32.03,83.03,35.62,33.31,31.93,40.27,45.35,38.01,38.83,39.83,38.83,43,96.37
49811,38.41,100.87,31.02,29.25,30.49,30.4,32.61,30.75,31.38,31.93,32.51,32.12,83.03,35.74,33.31,31.93,40.27,45.35,38.14,38.83,39.83,38.69,43,96.37
49832,68.75,100.87,31.02,29.33,30.49,30.4,32.03,30.75,31.38,31.93,32.51,32.12,83.03,35.62,33.31,31.93,40.27,45.35,38.14,38.83,39.83,38.69,43,96.37
49852,38.27,100.87,31.11,29.25,30.49,30.4,31.93,30.66,31.29,31.93,32.51,32.12,83.03,35.62,33.31,31.93,40.27,45.35,38.14,38.97,39.83,38.83,43,97.24
49871,38.41,100.87,31.02,29.33,30.49,30.4,32.71,30.66,31.38,31.93,32.51,32.12,83.03,35.74,33.31,31.93,40.12,45.35,38.14,38.97,39.83,38.83,43,96.37
49891,38.41,100.87,31.02,29.25,30.49,30.4,32.61,30.66,31.38,31.93,32.51,32.12,83.03,35.62,33.31,31.93,40.27,45.35,38.14,38.97,39.83,38.83,43,96.37
49910,49.97,100.87,31.02,29.25,30.49,30.4,32.03,30.66,31.38,31.93,32.51,32.12,83.03,35.62,33.31,31.93,40.27,45.35,38.14,38.97,39.83,38.69,43,96.37
49930,54.51,101.83,30.93,29.33,30.58,30.49,31.93,30.66,31.38,31.93,32.51,32.12,83.03,35.74,33.31,31.93,40.12,45.35,38.14,38.83,39.83,38.69,43,98.12
49951,101.83,103.78,31.11,29.33,30.49,30.4,31.93,30.66,31.38,32.03,32.51,32.12,83.67,35.74,33.31,31.93,40.12,45.35,38.14,38.97,39.83,38.69,42.83,96.37
49969,38.97,100.87,30.93,29.33,30.49,30.49,31.93,30.66,31.29,31.93,32.51,32.03,83.03,35.62,33.31,31.93,40.27,45.35,38.14,38.83,39.68,38.69,43,96.37
49990,39.98,100.87,31.02,29.25,30.49,30.49,31.93,30.66,31.29,31.93,32.51,32.12,83.03,35.62,33.31,31.93,40.27,45.35,38.14,38.83,39.83,38.69,43,96.37
50008,39.68,101.83,30.93,29.25,30.49,30.4,31.93,30.66,31.29,31.93,32.51,32.12,83.67,35.5,33.31,31.93,40.27,45.35,38.14,38.97,39.83,38.83,43,97.24
50028,63.87,101.83,30.93,29.25,30.49,30.4,31.84,30.75,31.29,31.93,32.51,32.03,83.03,35.62,33.31,31.93,40.27,45.35,38.14,38.97,39.83,38.83,43,96.37
50047,41.84,101.83,30.93,29.25,30.49,30.49,31.84,30.75,31.29,32.03,32.51,32.12,83.03,35.62,33.31,31.93,40.27,45.35,38.14,38.97,39.83,38.83,43,96.37
50067,58.98,101.83,30.93,29.33,30.49,30.49,31.93,30.66,31.38,31.93,32.51,32.12,83.03,35.62,33.31,31.93,40.27,45.35,38.14,38.97,39.83,38.69,43,97.24
50088,50.2,100.87,30.93,29.25,30.49,30.49,31.84,30.66,31.38,31.93,32.51,32.12,83.03,35.62,33.31,31.93,40.27,45.35,38.14,38.97,39.83,38.83,43,96.37
50106,38.14,100.87,30.93,29.25,30.49,30.49,31.84,30.75,31.38,42,32.51,32.12,83.03,35.62,33.42,31.93,40.27,45.54,38.14,38.83,39.83,38.83,43,97.24
50127,39.39,101.83,30.93,29.25,30.49,30.49,31.84,30.75,31.29,44.06,32.51,32.12,83.03,35.62,33.31,31.93,40.27,45.35,38.14,38.97,39.83,38.83,43,96.37
50145,69.19,101.83,30.93,29.25,30.49,30.49,31.84,30.75,31.2,39.98,32.51,32.03,83.03,35.74,33.42,31.93,40.27,45.35,38.14,38.97,39.83,38.83,43,97.24
50166,39.25,101.83,30.93,29.25,30.49,30.49,31.84,30.75,31.11,39.98,32.51,32.12,83.03,35.62,33.42,31.93,40.27,45.54,38.01,38.97,39.83,38.69,43,96.37
50184,38.01,101.83,30.93,29.33,30.58,30.49,31.84,30.75,31.38,40.12,32.51,32.12,83.03,35.62,33.42,31.93,40.27,45.35,38.14,38.83,39.83,38.69,43,97.24
50205,37.87,101.83,30.93,29.33,30.49,30.49,31.75,30.75,31.29,40.12,32.51,32.12,83.03,35.62,33.42,31.84,40.27,45.35,38.14,38.83,39.83,38.83,43,96.37
50225,37.74,102.8,30.93,29.25,30.49,30.49,31.75,30.75,31.38,44.06,32.51,32.12,83.03,35.62,33.42,31.93,40.27,45.54,38.14,38.97,39.83,38.83,43,96.37
50243,55.92,100.87,30.93,29.33,30.49,30.49,31.75,30.75,31.38,43.7,32.51,32.12,83.03,35.62,33.42,31.93,40.27,45.54,38.14,38.83,39.83,38.83,43,97.24
50264,62.39,102.8,30.93,29.33,30.49,30.49,31.84,30.75,31.38,43.7,32.51,32.12,83.03,35.74,33.42,31.93,40.27,45.35,38.14,38.83,39.83,38.69,43,96.37
50282,38.01,102.8,30.93,29.33,30.49,30.49,31.84,30.66,31.38,43.7,32.51,32.12,83.03,35.62,33.31,31.93,40.27,45.54,38.14,38.97,39.83,38.83,43,97.24
50303,38.01,101.83,30.93,29.33,30.49,30.49,31.84,30.75,31.38,43.7,32.51,32.12,83.03,35.62,33.31,31.93,40.27,45.35,38.14,38.97,39.83,38.83,43,96.37
50323,53.43,102.8,30.93,29.25,30.49,30.49,31.84,30.75,31.38,43.7,32.51,32.12,83.03,35.74,33.42,31.93,40.27,45.54,38.14,38.97,39.83,38.83,43,97.24
50342,37.61,102.8,30.93,29.25,30.49,30.49,31.84,30.66,31.38,44.06,32.51,32.12,83.03,35.62,33.42,31.93,40.27,45.35,38.14,38.97,39.83,38.83,43,96.37
50362,37.87,101.83,30.93,29.25,30.49,30.49,31.84,30.75,31.38,44.06,32.51,32.12,83.03,35.74,33.42,31.93,40.27,45.35,38.14,38.97,39.83,38.83,43,97.24
50381,50.44,102.8,30.93,29.33,30.49,30.49,31.84,30.75,31.38,44.06,32.51,32.12,83.03,35.74,33.31,31.93,40.27,45.35,38.14,38.97,39.83,38.83,43,97.24
50401,38.83,102.8,30.93,29.25,30.49,30.49,31.84,30.75,31.38,44.06,32.51,32.12,82.39,35.62,33.42,31.93,40.27,45.35,38.14,38.97,39.83,38.83,43,96.37
50420,40.58,102.8,30.93,29.33,30.49,30.49,31.84,30.75,31.29,44.06,32.51,32.12,83.67,35.62,33.42,31.93,40.27,45.35,38.14,38.83,39.83,38.83,43,96.37
50440,39.25,101.83,30.84,29.33,30.49,30.49,31.84,30.75,31.29,44.24,32.51,32.03,83.03,35.62,33.42,31.93,40.27,45.35,38.14,38.97,39.83,38.69,43,96.37
50461,40.27,101.83,30.93,29.33,30.49,30.49,31.84,30.66,31.38,43.88,32.51,32.12,82.39,35.62,33.31,31.93,40.27,45.35,38.14,38.97,39.83,38.83,43,96.37
50479,40.43,101.83,30.84,29.25,30.49,30.49,31.84,30.75,31.29,31.93,32.51,32.12,83.03,35.74,33.42,31.93,40.27,45.35,38.14,38.97,39.83,38.83,43,96.37
50499,39.83,101.83,30.93,29.33,30.49,30.49,31.84,30.75,31.29,31.93,32.51,32.12,83.03,35.74,33.31,31.93,40.27,45.54,38.14,38.97,39.83,38.83,43,96.37
50518,39.68,101.83,30.93,29.25,30.49,30.49,31.93,30.66,31.38,31.93,32.51,32.12,83.03,35.74,33.42,31.93,40.27,45.35,38.14,38.83,39.83,38.83,43,96.37
50538,40.73,102.8,30.93,29.33,30.49,30.49,31.93,30.75,31.38,31.93,32.51,32.12,83.03,35.62,33.42,31.93,40.27,45.35,38.14,38.97,39.83,38.83,43,95.52
50557,46.52,101.83,30.93,29.25,30.49,30.49,31.84,30.75,31.38,32.03,32.51,32.12,83.03,35.62,33.42,31.93,40.27,45.54,38.14,38.97,39.83,38.83,42.83,97.24
50577,49.97,101.83,30.93,29.33,30.49,30.49,31.93,30.75,31.38,31.93,32.51,32.12,83.03,35.62,33.31,31.93,40.12,45.35,38.14,38.97,39.83,38.83,43,97.24
50598,52.14,101.83,30.93,29.33,30.49,30.49,31.84,30.75,31.38,31.93,32.51,32.12,83.03,35.62,33.31,31.93,40.27,45.35,38.14,38.97,39.83,38.69,43,96.37
50616,50.44,101.83,31.02,29.33,30.49,30.49,31.93,30.75,31.38,31.93,32.51,32.12,83.03,35.62,33.42,31.93,40.27,45.35,38.14,38.83,39.83,38.83,43,96.37
50637,49.74,101.83,31.02,29.25,30.49,30.49,32.61,30.66,31.38,31.93,32.51,32.12,83.03,35.62,33.42,31.93,40.12,45.35,38.14,38.83,39.83,38.69,42.83,98.12
50655,99.94,103.78,30.93,29.33,30.49,30.49,32.61,30.66,31.38,31.93,32.51,32.12,83.03,35.74,33.42,31.93,40.27,45.35,38.14,38.83,39.83,38.69,43,97.24
50676,99.02,103.78,30.93,29.33,30.49,30.49,32.61,30.66,31.38,31.93,32.51,32.12,83.03,35.62,33.31,31.93,40.27,45.35,38.14,38.97,39.83,38.55,43,97.24
50696,62.75,102.8,30.93,29.25,30.49,30.49,32.61,30.75,31.47,31.93,32.51,32.12,83.03,35.62,33.31,31.93,40.27,45.35,38.14,38.83,39.83,38.69,43,96.37
50715,68.31,102.8,30.84,29.25,30.49,30.49,32.61,30.66,31.38,31.93,32.51,32.12,83.03,35.74,33.42,31.93,40.27,45.35,38.14,38.97,39.83,38.69,43,97.24
50735,74.44,102.8,30.93,29.33,30.49,30.49,32.61,30.66,31.29,31.93,32.51,32.12,83.03,35.74,33.31,31.93,40.27,45.35,38.14,38.97,39.83,38.69,43,97.24
50753,78.21,102.8,31.02,29.33,30.49,30.49,32.71,30.66,31.29,31.93,32.51,32.12,83.03,35.74,33.31,31.93,40.27,45.35,38.14,38.83,39.83,38.69,43,97.24
50774,80.55,103.78,31.02,29.33,30.49,30.49,32.71,30.75,31.29,31.93,32.51,32.12,83.03,35.74,33.42,31.93,40.27,45.54,38.14,38.83,39.83,38.69,43,97.24
50792,67.88,102.8,30.93,29.33,30.49,30.49,32.81,30.66,31.29,31.93,32.51,32.12,83.03,35.74,33.42,31.93,40.27,45.54,38.14,38.83,39.83,38.83,43,97.24
50813,66.22,101.83,31.02,29.25,30.58,30.49,32.71,30.66,31.38,31.93,32.51,32.12,83.03,35.62,33.42,31.93,40.27,45.54,38.14,38.83,39.83,38.69,43,97.24
50833,60.64,102.8,30.93,29.33,30.49,30.49,32.71,30.66,31.38,31.93,32.51,32.12,83.03,35.74,33.42,31.93,40.12,45.35,38.14,38.83,39.83,38.69,43,96.37
50852,54.24,101.83,31.02,29.33,30.49,30.49,32.71,30.75,31.29,31.93,32.51,32.03,83.03,35.62,33.42,31.93,40.12,45.35,38.14,38.83,39.83,38.69,43,97.24
50872,46.32,101.83,30.84,29.25,30.49,30.49,32.81,30.66,31.02,31.93,32.51,32.12,83.03,35.74,33.42,31.93,40.27,45.35,38.14,38.83,39.83,38.69,43,96.37
50891,49.06,101.83,30.93,29.33,30.49,30.49,32.71,30.66,31.02,31.93,32.51,32.12,83.03,35.74,33.31,32.03,40.27,45.54,38.14,38.83,39.83,38.69,43,97.24
50911,46.13,101.83,30.93,29.25,30.49,30.49,32.61,30.66,31.02,31.93,32.51,32.03,83.03,35.74,33.42,32.03,40.27,46.13,38.14,38.83,39.83,38.69,43,97.24
50930,45.74,102.8,30.93,29.33,30.49,30.49,32.71,30.66,31.02,31.93,32.51,32.12,83.03,35.74,33.42,32.03,40.27,46.52,38.01,38.83,39.83,38.69,43,96.37
50950,43.52,101.83,30.93,29.33,30.49,30.49,32.61,30.66,31.11,31.93,32.51,32.12,83.03,35.62,33.42,31.93,40.27,45.74,38.14,38.83,39.83,38.69,43,96.37
50971,42.83,101.83,30.93,29.33,30.49,30.49,32.61,30.66,31.11,31.93,32.51,32.12,83.03,35.62,33.31,32.03,40.12,45.54,38.14,38.83,39.83,38.69,43,96.37
50989,40.73,101.83,31.02,29.33,30.49,30.49,32.61,30.66,31.02,31.93,32.51,32.12,83.03,35.74,33.42,32.03,40.27,45.54,38.01,38.83,39.83,38.69,43,97.24
51009,38.14,101.83,31.02,29.33,30.49,30.49,32.61,30.66,31.02,31.93,32.51,32.12,83.03,35.62,33.42,31.93,40.12,45.35,38.01,38.83,39.83,38.69,43,96.37
51028,45.93,101.83,30.93,29.33,30.49,30.49,32.61,30.66,31.02,31.84,32.51,32.12,83.03,35.74,33.31,32.03,40.27,45.35,38.14,38.83,39.83,38.69,43,97.24
51048,51.15,101.83,30.93,29.33,30.49,30.49,32.61,30.66,30.93,31.93,32.51,32.12,83.03,35.74,33.31,32.03,40.27,45.54,38.14,38.83,39.83,38.69,43,97.24
51069,52.14,101.83,30.93,29.33,30.49,30.49,32.61,30.66,31.02,31.93,32.51,32.12,83.03,35.74,33.31,31.93,40.27,45.54,38.14,38.83,39.83,38.69,43,96.37
51087,49.74,102.8,30.93,29.25,30.49,30.49,32.61,30.66,31.11,31.93,32.51,32.12,83.03,35.74,33.31,32.03,40.27,45.54,38.14,38.83,39.83,38.69,43,97.24
51108,51.15,101.83,30.93,29.33,30.49,30.49,32.61,30.66,31.02,31.93,32.51,32.12,82.39,35.74,33.31,31.93,40.27,45.54,38.14,38.83,39.83,38.69,43,96.37
51126,41.84,101.83,30.93,29.33,30.49,30.49,32.61,30.66,31.02,31.93,32.51,32.12,83.03,35.74,33.42,32.03,40.27,45.54,38.01,38.83,39.83,38.69,43,96.37
51147,54.79,101.83,30.93,29.33,30.58,30.49,32.61,30.66,31.02,31.93,32.51,32.12,83.03,35.74,33.31,32.03,40.27,45.54,38.01,38.83,39.83,38.69,43,97.24
51165,53.17,101.83,30.93,29.33,30.49,30.49,32.71,30.66,31.02,31.93,32.51,32.12,83.03,35.74,33.42,32.03,40.27,45.35,38.14,38.83,39.83,38.69,43,97.24
51186,58.03,101.83,31.11,29.33,30.49,30.49,32.61,30.66,31.11,31.84,32.51,32.12,83.03,35.62,33.31,32.03,40.27,45.54,38.14,38.83,39.83,38.69,43,97.24
51206,62.75,102.8,31.38,29.33,30.49,30.49,32.71,30.66,31.02,31.84,32.51,32.12,83.03,35.74,33.42,32.03,40.27,45.35,38.14,38.83,39.83,38.69,43,96.37
51224,51.89,101.83,31.56,29.33,30.49,30.49,32.71,30.66,31.02,31.93,32.51,32.12,83.03,35.74,33.31,31.93,40.27,45.54,38.01,38.83,39.83,38.69,43,97.24
51245,51.89,101.83,30.84,29.33,30.49,30.49,32.71,30.66,31.11,31.93,32.51,32.12,83.03,35.62,33.31,31.93,40.27,45.35,38.01,38.83,39.83,38.69,43,96.37
51263,38.01,101.83,30.93,29.33,30.49,30.49,32.71,30.66,31.11,31.93,32.51,32.12,83.03,35.62,33.31,32.03,40.27,45.35,38.14,38.83,39.83,38.69,43,96.37
51284,38.01,101.83,30.93,29.25,30.49,30.49,32.81,30.66,31.11,31.84,32.51,32.12,83.03,35.74,33.31,32.03,40.27,45.35,38.14,38.83,39.83,38.69,43,97.24
51302,38.27,101.83,30.93,29.33,30.49,30.49,32.71,30.66,31.2,31.84,32.51,32.12,83.03,35.74,33.31,32.03,40.27,45.54,38.14,38.83,39.83,38.69,43,97.24
51323,38.01,101.83,30.93,29.33,30.49,30.49,32.81,30.66,31.2,31.93,32.51,32.12,82.39,35.74,33.31,32.03,40.27,45.35,38.14,38.83,39.83,38.69,43,95.52
51343,37.87,101.83,30.93,29.33,30.49,30.49,32.71,30.66,31.2,31.84,32.51,32.12,83.03,35.74,33.42,32.03,40.27,45.35,38.14,38.83,39.68,38.69,43,96.37
51362,38.14,99.94,30.93,29.25,30.49,30.49,32.81,30.66,31.2,31.84,32.51,32.03,83.03,35.74,33.42,32.03,40.27,45.54,38.01,38.83,39.83,38.55,43,96.37
51382,38.27,101.83,30.93,29.33,30.49,30.49,32.81,30.66,31.2,31.93,32.51,32.12,83.03,35.74,33.31,32.03,40.27,45.54,38.14,38.83,39.83,38.69,43,96.37
51401,38.55,101.83,30.93,29.25,30.49,30.49,32.71,30.66,31.2,31.84,32.51,32.12,83.03,35.74,33.42,32.03,40.27,45.54,38.14,38.83,39.83,38.69,43,96.37
51421,42.33,101.83,30.93,29.25,30.49,30.49,32.71,30.66,31.2,31.93,32.51,32.12,82.39,35.74,33.31,31.93,40.27,45.35,38.01,38.69,39.83,38.69,43,96.37
51442,38.27,101.83,30.93,29.33,30.49,30.49,32.71,30.66,31.2,31.93,32.51,32.12,83.03,35.74,33.42,32.03,40.27,45.35,38.14,38.83,39.83,38.69,43,96.37
51460,38.69,100.87,30.93,29.33,30.49,30.49,32.71,30.66,31.2,31.93,32.51,32.12,83.03,35.74,33.42,32.03,40.27,45.54,38.14,38.83,39.83,38.69,43,96.37
51480,38.69,101.83,30.93,29.33,30.49,30.49,32.71,30.66,31.29,31.93,32.51,32.12,83.03,35.74,33.31,32.03,40.27,45.54,38.01,38.83,39.83,38.69,43,97.24
51499,42.83,101.83,30.93,29.25,30.49,30.49,32.71,30.66,31.29,31.93,32.51,32.12,83.03,35.74,33.31,32.03,40.27,45.35,38.14,38.83,39.83,38.69,43,96.37
51519,38.27,101.83,30.93,29.33,30.49,30.49,32.71,30.66,31.2,31.93,32.51,32.12,83.03,35.74,33.31,32.03,40.27,45.54,38.14,38.83,39.83,38.69,43,96.37
51538,38.27,101.83,31.02,29.33,30.49,30.49,32.71,30.66,31.29,31.93,32.41,32.12,83.03,35.74,33.31,31.93,40.27,45.35,38.14,38.83,39.83,38.69,43,96.37
51558,38.41,101.83,30.93,29.25,30.49,30.49,32.71,30.66,31.29,31.84,32.51,32.12,83.03,35.62,33.31,31.93,40.27,45.35,38.14,38.83,39.83,38.55,43,96.37
51579,38.41,101.83,31.2,29.33,30.49,30.49,32.71,30.66,31.2,31.93,32.51,32.12,83.03,35.62,33.31,32.03,40.27,45.35,38.14,38.83,39.83,38.69,43,96.37
51597,38.41,101.83,30.93,29.33,30.49,30.49,32.71,30.66,31.2,31.93,32.51,32.12,83.03,35.74,33.31,31.93,40.27,45.35,38.01,38.83,39.83,38.69,43,97.24
51618,38.41,100.87,30.93,29.25,30.49,30.49,32.71,30.66,31.29,31.84,32.51,32.12,83.03,35.74,33.31,31.93,40.27,45.35,38.14,38.83,39.83,38.69,43,97.24
51636,40.58,101.83,30.93,29.33,30.49,30.49,32.71,30.66,31.29,31.93,32.51,32.12,83.03,35.74,33.31,31.93,40.27,45.35,38.14,38.83,39.83,38.69,43,97.24
51657,103.78,103.78,30.93,29.33,30.49,30.49,32.71,30.66,31.29,31.84,32.51,32.12,83.67,35.62,33.31,31.93,40.27,45.35,38.14,38.83,39.83,38.69,43,97.24
51675,103.78,103.78,30.93,29.33,30.49,30.49,32.81,30.66,31.29,31.93,32.51,32.12,83.67,35.74,33.31,31.93,40.27,45.35,38.14,38.83,39.83,38.69,43,97.24
51696,102.8,104.79,30.93,29.33,30.49,30.49,32.71,30.66,31.02,31.93,32.51,32.12,83.03,35.74,33.31,31.93,40.27,45.16,38.14,38.83,39.83,38.69,43,97.24
51716,38.55,101.83,31.02,29.25,30.49,30.49,32.71,30.66,31.02,31.93,32.51,32.12,83.03,35.62,33.31,31.93,40.27,45.35,38.14,38.83,39.83,38.69,43,97.24
51734,53.97,101.83,31.02,29.33,30.49,30.49,32.71,30.66,31.11,31.93,32.51,32.12,83.67,35.62,33.31,31.93,40.27,45.35,38.14,38.83,39.83,38.69,43,98.12
51755,102.8,103.78,31.02,29.25,30.49,30.49,32.71,30.66,31.11,31.93,32.51,32.12,83.67,35.74,33.31,31.93,40.27,45.35,38.14,38.97,39.83,38.69,43,97.24
51773,103.78,102.8,30.93,29.25,30.49,30.49,32.71,30.66,31.11,31.93,32.51,32.03,83.67,35.62,33.31,31.93,40.27,45.35,38.14,38.97,39.83,38.69,43,97.24
51794,95.52,102.8,30.93,29.25,30.49,30.49,32.71,30.66,31.02,31.93,32.51,32.12,83.03,35.62,33.31,31.93,40.27,45.35,38.14,38.97,39.83,38.83,43,96.37
51814,47.76,101.83,31.02,29.33,30.49,30.49,32.71,30.66,31.02,31.93,32.51,32.12,83.67,35.74,33.31,31.93,40.27,45.35,38.14,38.83,39.83,38.69,43,97.24
51833,63.87,102.8,31.02,29.25,30.49,30.49,32.71,30.66,31.02,31.93,32.51,32.12,83.03,35.62,33.31,31.93,40.27,45.35,38.14,38.97,39.83,38.69,43,97.24
51853,38.27,101.83,31.11,29.33,30.49,30.49,32.71,30.66,31.11,31.93,32.51,32.12,83.03,35.62,33.31,31.93,40.27,45.35,38.14,38.97,39.83,38.69,43,97.24
51872,38.27,101.83,31.11,29.25,30.49,30.49,32.61,30.75,31.02,31.93,32.51,32.12,83.03,35.62,33.31,31.93,40.12,45.35,38.14,38.97,39.83,38.69,43,96.37
51892,44.24,99.02,30.93,29.33,30.49,30.49,31.93,30.75,30.93,31.93,32.51,32.12,83.03,35.62,33.31,31.93,40.27,45.54,38.14,38.83,39.83,38.83,43,96.37
51911,38.83,101.83,30.93,29.25,30.49,30.49,32.51,30.66,31.02,31.93,32.51,32.12,82.39,35.62,33.31,31.93,40.27,45.54,38.14,38.97,39.83,38.83,43,97.24
51931,38.83,101.83,30.93,29.25,30.49,30.49,32.51,30.75,31.02,31.93,32.51,32.03,83.03,35.74,33.31,31.93,40.12,45.54,38.14,38.97,39.83,38.69,43,97.24
51952,48.19,101.83,30.84,29.33,30.49,30.49,31.93,30.66,31.02,31.93,32.51,32.12,83.67,35.62,33.31,31.93,40.27,45.35,38.14,38.83,39.83,38.83,43,96.37
51970,49.29,102.8,30.93,29.33,30.58,30.49,31.93,30.66,31.02,31.93,32.51,32.12,83.03,35.74,33.31,31.84,40.27,45.54,38.14,38.97,39.83,38.83,43,96.37
51990,62.39,102.8,30.93,29.33,30.49,30.49,31.93,30.75,31.11,31.93,32.51,32.12,83.03,35.74,33.31,31.93,40.27,45.35,38.14,38.83,39.98,38.69,43,97.24
52009,93.86,103.78,30.93,29.25,30.58,30.58,31.93,30.66,31.11,31.93,32.51,32.12,83.67,35.62,33.31,31.93,40.12,45.54,38.14,38.97,39.98,38.69,43,97.24
52029,99.02,104.79,31.2,29.33,30.49,30.58,31.93,30.75,31.2,31.93,32.51,32.12,83.67,35.74,33.31,31.93,40.27,45.54,38.14,38.97,39.83,38.83,43,97.24
52048,99.94,104.79,30.93,29.25,30.49,30.58,31.93,30.66,31.2,31.93,32.51,32.12,83.03,35.74,33.31,31.93,40.12,45.54,38.14,38.97,39.83,38.83,43,97.24
52068,96.37,104.79,30.93,29.25,30.49,30.58,31.84,30.66,31.2,31.93,32.51,32.03,83.03,35.74,33.42,31.84,40.27,45.35,38.14,38.83,39.83,38.83,43,97.24
52089,91.47,104.79,30.93,29.33,30.58,30.58,31.84,30.75,31.29,31.93,32.51,32.12,83.67,35.74,33.31,31.93,40.27,45.54,38.14,38.97,39.83,38.83,43,97.24
52107,101.83,104.79,30.93,29.33,30.49,30.58,31.84,30.66,31.29,31.93,32.51,32.12,83.67,35.74,33.31,31.93,40.27,45.54,38.14,38.97,39.83,38.83,43,97.24
52128,98.12,104.79,30.93,29.25,30.58,30.58,31.93,30.75,31.29,31.93,32.51,32.12,83.03,35.62,33.31,31.84,40.27,45.54,38.14,38.97,39.83,38.83,43,97.24
52146,92.25,104.79,30.84,29.25,30.49,30.58,31.93,30.75,31.29,31.93,32.51,32.12,83.67,35.62,33.31,31.84,39.83,45.35,38.14,38.97,39.68,38.83,43,96.37
52167,73.93,103.78,30.93,29.33,30.49,30.58,31.93,30.75,31.29,32.03,32.51,32.12,83.67,35.74,33.31,31.93,40.27,45.54,38.14,38.97,39.83,38.69,43,94.68
52185,71.01,102.8,30.93,29.25,30.49,30.58,31.93,30.75,31.29,31.93,32.51,32.12,82.39,35.62,33.42,31.93,40.27,45.54,38.14,38.97,39.98,38.83,43,97.24
52205,91.47,104.79,30.84,29.33,30.49,30.58,31.93,30.75,31.29,31.93,32.51,32.12,83.67,35.74,33.42,31.93,40.27,45.54,38.14,38.97,39.83,38.69,43,97.24
52226,97.24,103.78,30.93,29.25,30.49,30.58,31.84,30.75,31.29,31.93,32.51,32.03,83.67,35.62,33.31,31.93,40.27,45.54,38.14,38.83,39.83,38.83,43,96.37
52244,87.04,103.78,30.93,29.33,30.58,30.58,31.93,30.66,31.38,31.93,32.51,32.12,83.03,35.62,33.42,31.93,40.12,45.54,38.14,38.97,39.98,38.69,43,97.24
52265,72.44,102.8,30.93,29.25,30.58,30.49,31.84,30.75,31.38,31.93,32.51,32.12,83.67,35.62,33.31,31.93,40.27,45.35,38.14,38.83,39.83,38.83,43,97.24
52283,72.44,102.8,30.93,29.25,30.49,30.58,31.93,30.75,31.38,31.93,32.51,32.03,83.67,35.62,33.42,31.93,40.27,45.54,38.14,38.97,39.98,38.83,43,97.24
52304,70.09,102.8,30.93,29.25,30.49,30.49,31.84,30.66,31.38,31.93,32.51,32.12,83.03,35.62,33.31,31.93,40.27,45.35,38.01,38.97,39.68,38.83,43,97.24
52322,69.19,102.8,30.93,29.25,30.58,30.49,31.93,30.75,31.38,31.93,32.51,32.12,83.03,35.62,33.31,31.84,40.12,45.54,38.14,38.97,39.83,38.83,43,96.37
52343,47.55,101.83,31.02,29.25,30.49,30.49,31.93,30.66,31.38,31.93,32.51,32.03,83.67,35.62,33.31,31.93,40.27,45.54,38.14,38.97,39.83,38.69,43,95.52
52363,45.54,102.8,31.02,29.33,30.49,30.49,31.93,30.75,31.29,31.93,32.51,32.12,82.39,35.74,33.31,31.93,40.12,45.35,38.14,38.97,39.83,38.69,43,97.24
52382,43.35,101.83,30.93,29.33,30.49,30.49,31.93,30.75,31.29,31.93,32.51,32.12,83.03,35.62,33.31,31.93,40.12,45.35,38.14,38.97,39.83,38.83,43,96.37
52402,43.88,101.83,31.02,29.25,30.49,30.49,31.93,30.66,31.47,31.93,32.51,32.12,83.67,35.62,33.31,31.84,40.12,45.54,38.14,38.83,39.83,38.69,43,96.37
52421,46.52,101.83,30.93,29.25,30.49,30.49,32.22,30.66,31.47,31.93,32.51,32.12,83.03,35.62,33.31,31.93,40.27,45.35,38.14,38.97,39.83,38.69,43,97.24
52441,47.97,101.83,30.93,29.25,30.49,30.49,31.93,30.75,31.47,31.93,32.51,32.12,83.03,35.62,33.31,31.93,40.27,45.54,38.14,38.97,39.83,38.69,43,96.37
52461,50.2,101.83,31.02,29.25,30.49,30.49,31.93,30.66,31.38,31.93,32.51,32.12,83.03,35.62,33.31,31.93,40.27,45.35,38.14,38.83,39.83,38.69,43,97.24
52480,100.87,103.78,30.93,29.33,30.49,30.49,32.51,30.66,31.47,31.93,32.51,32.12,83.67,35.62,33.31,31.93,40.12,45.54,38.14,38.97,39.83,38.69,43,98.12
52500,103.78,102.8,30.84,29.33,30.49,30.49,32.61,30.66,31.47,31.93,32.51,32.03,83.67,35.62,33.31,31.93,40.27,45.54,38.14,38.97,39.83,38.69,43,97.24
52519,100.87,103.78,30.84,29.33,30.49,30.49,32.71,30.66,31.38,31.93,32.51,32.12,83.03,35.62,33.31,31.93,40.27,45.54,38.14,38.97,39.83,38.69,43,97.24
52539,88.47,103.78,30.93,29.33,30.49,30.49,32.61,30.66,31.2,31.93,32.51,32.12,83.03,35.62,33.31,31.93,40.27,45.54,38.14,38.97,39.83,38.69,43,97.24
52558,97.24,100.87,30.93,29.25,30.49,30.49,32.71,30.66,31.38,31.93,32.51,32.12,84.32,35.62,33.31,31.93,40.27,45.35,38.14,38.83,39.83,38.69,43,97.24
52578,98.12,102.8,30.93,29.25,30.49,30.49,32.71,30.66,31.29,31.93,32.51,32.12,83.03,35.62,33.31,31.84,40.27,45.54,38.14,38.97,39.83,38.69,43,97.24
52599,98.12,103.78,31.02,29.33,30.49,30.49,32.71,30.75,31.29,31.93,32.51,32.12,83.67,35.62,33.31,31.93,40.27,45.35,38.14,38.83,39.83,38.69,43,98.12
52617,102.8,103.78,31.02,29.25,30.49,30.49,32.61,30.66,31.2,31.93,32.51,32.12,83.67,35.62,33.31,31.93,40.12,45.35,38.14,38.83,39.83,38.69,43,97.24
52638,102.8,102.8,31.11,29.33,30.49,30.49,32.61,30.66,31.02,31.93,32.51,32.12,83.67,35.62,33.31,31.93,40.12,45.35,38.14,38.83,39.83,38.69,43,97.24
52656,102.8,103.78,30.93,29.25,30.49,30.49,32.71,30.66,31.11,31.93,32.51,32.12,83.67,35.62,33.31,31.93,40.27,45.35,38.14,38.83,39.68,38.69,43,98.12
52677,102.8,103.78,30.93,29.33,30.49,30.49,32.61,30.66,31.29,31.93,32.51,32.12,83.67,35.62,33.31,31.93,40.27,45.35,38.14,38.97,39.83,38.69,43,98.12
52695,102.8,103.78,30.93,29.25,30.49,30.49,32.61,30.66,31.29,31.93,32.51,32.12,83.67,35.74,33.31,31.93,39.98,45.35,38.14,38.97,39.83,38.69,43,98.12
52715,102.8,103.78,30.93,29.33,30.58,30.49,32.51,30.66,31.29,31.93,32.51,32.12,83.67,35.62,33.31,31.93,40.12,45.35,38.14,38.97,39.83,38.69,43,97.24
52736,74.95,101.83,30.93,29.33,30.49,30.49,32.51,30.66,31.02,31.93,32.51,32.12,83.67,35.62,33.31,31.93,40.27,45.35,38.14,38.83,39.83,38.69,43,97.24
52754,98.12,103.78,30.93,29.25,30.49,30.49,32.51,30.66,31.02,31.93,32.51,32.12,83.67,35.62,33.31,31.93,40.27,45.35,38.01,38.83,39.83,38.69,43,97.24
52775,98.12,102.8,30.93,29.33,30.49,30.4,32.61,30.66,31.02,31.93,32.51,32.12,83.67,35.62,33.31,31.93,40.27,45.35,38.14,38.69,39.83,38.55,43,97.24
52793,97.24,102.8,30.93,29.33,30.49,30.49,32.71,30.66,30.93,31.93,32.51,32.12,83.67,35.62,33.31,31.93,40.12,45.35,38.01,38.83,39.68,38.69,43,97.24
52814,97.24,102.8,30.93,29.25,30.49,30.49,32.71,30.66,31.2,31.93,32.51,32.12,83.67,35.62,33.31,31.93,40.27,45.35,38.14,38.83,39.83,38.69,43,97.24
52834,98.12,103.78,30.93,29.33,30.49,30.4,32.61,30.66,31.29,31.93,32.51,32.12,83.67,35.74,33.31,31.93,40.27,45.35,38.14,38.83,39.83,38.69,43,97.24
52853,98.12,102.8,30.93,29.33,30.49,30.4,32.61,30.66,31.29,31.93,32.51,32.12,83.67,35.62,33.31,31.93,40.27,45.35,38.14,38.83,39.83,38.69,43,96.37
52873,59.63,99.94,31.29,29.25,30.49,30.4,32.71,30.66,31.29,31.93,32.51,32.12,83.03,35.74,33.31,31.93,40.27,45.35,38.01,38.83,39.83,38.69,43,97.24
52892,49.74,100.87,31.2,29.33,30.49,30.4,32.61,30.66,31.29,31.93,32.51,32.12,83.03,35.74,33.31,31.93,40.27,45.35,38.14,38.83,39.83,38.69,43,97.24
52912,97.24,102.8,30.93,29.25,30.49,30.49,32.61,30.66,31.11,31.93,32.51,32.12,83.67,35.74,33.21,31.93,40.27,45.35,38.14,38.83,39.83,38.69,43,97.24
52930,101.83,103.78,30.84,29.25,30.49,30.4,32.61,30.66,31.29,31.93,32.51,32.03,83.67,35.74,33.31,31.93,40.27,45.35,38.01,38.83,39.83,38.69,43,98.12
52951,99.94,102.8,30.84,29.25,30.49,30.4,32.61,30.66,31.02,31.93,32.51,32.12,83.67,35.74,33.31,31.93,40.27,45.35,38.14,38.83,39.83,38.69,43,97.24
52971,93.05,102.8,30.84,29.33,30.49,30.4,32.61,30.66,31.02,31.93,32.51,32.12,83.03,35.62,33.31,31.93,40.27,45.35,38.14,38.83,39.83,38.69,43,97.24
52990,43.35,100.87,30.84,29.25,30.49,30.4,32.61,30.66,31.02,31.93,32.51,32.12,83.67,35.62,33.31,31.93,40.27,45.35,38.01,38.83,39.83,38.69,43,97.24
53010,102.8,103.78,30.84,29.33,30.49,30.4,32.71,30.66,31.02,31.84,32.51,32.12,83.03,35.62,33.31,31.93,40.27,45.35,38.01,38.83,39.83,38.69,43,96.37
53029,39.11,100.87,30.84,29.25,30.49,30.4,32.61,30.66,31.02,31.93,32.51,32.12,83.67,35.62,33.31,31.93,40.27,45.35,38.14,38.83,39.83,38.69,43,97.24
53049,89.2,101.83,30.84,29.33,30.49,30.4,32.61,30.66,30.93,31.93,32.51,32.12,83.67,35.62,33.31,31.93,40.12,45.35,38.14,38.83,39.83,38.69,43,97.24
53068,38.83,100.87,31.38,29.25,30.49,30.4,32.61,30.66,30.93,31.93,32.51,32.12,83.03,35.74,33.31,31.93,40.27,45.35,38.01,38.83,39.83,38.69,43,96.37
53088,37.87,99.94,31.38,29.25,30.49,30.4,32.61,30.66,30.93,31.93,32.51,32.12,83.03,35.74,33.31,31.93,40.27,45.35,38.14,38.83,39.83,38.69,43,96.37
53109,85.66,99.02,31.38,29.25,30.49,30.4,32.61,30.66,31.02,31.93,32.51,32.12,83.67,35.74,33.31,31.93,40.27,45.35,38.14,38.83,39.83,38.69,43,97.24
53127,97.24,102.8,31.29,29.25,30.49,30.4,32.71,30.66,31.02,31.84,32.51,32.12,83.67,35.74,33.31,31.93,40.27,45.35,38.14,38.83,39.83,38.69,43,97.24
53148,96.37,101.83,31.29,29.33,30.49,30.4,32.71,30.66,31.02,31.93,32.51,32.12,83.67,35.74,33.31,31.93,40.27,45.35,38.14,38.83,39.83,38.69,43,97.24
53166,96.37,102.8,31.38,29.25,30.49,30.4,32.71,30.66,30.93,31.93,32.51,32.12,83.67,35.74,33.31,31.93,40.12,45.35,38.14,38.69,39.83,38.69,43,97.24
53186,96.37,102.8,31.38,29.33,30.49,30.4,32.71,30.66,30.93,31.93,32.51,32.12,83.67,35.74,33.31,31.93,40.27,45.35,38.14,38.83,39.83,38.69,43,97.24
53207,97.24,102.8,31.38,29.25,30.49,30.4,32.71,30.66,30.93,31.93,32.51,32.12,84.32,35.74,33.31,32.03,40.27,45.35,38.14,38.83,39.83,38.69,43,97.24
53225,47.55,99.02,31.38,29.25,30.49,30.4,32.71,30.66,30.93,31.93,32.51,32.12,83.67,35.74,33.31,31.93,40.27,45.35,38.14,38.83,39.83,38.69,43,97.24
53246,74.44,100.87,31.38,29.33,30.49,30.4,32.71,30.66,31.02,31.93,32.51,32.12,83.67,35.74,33.31,32.03,40.27,45.35,38.14,38.83,39.83,38.69,43,98.12
53264,100.87,102.8,31.38,29.33,30.49,30.4,32.71,30.66,31.11,31.93,32.51,32.12,83.67,35.74,33.31,31.93,40.27,45.35,38.14,38.83,39.83,38.69,43,97.24
53285,99.02,101.83,31.38,29.25,30.49,30.4,32.71,30.66,31.29,31.84,32.51,32.12,83.67,35.74,33.31,31.93,40.27,45.35,38.14,38.83,39.68,38.69,43,96.37
53303,96.37,101.83,31.38,29.33,30.49,30.4,32.71,30.66,31.29,31.93,32.51,32.12,83.67,35.74,33.31,32.03,40.27,45.35,38.01,38.83,39.83,38.69,43,97.24
53324,95.52,102.8,31.38,29.25,30.49,30.4,32.71,30.66,31.29,31.93,32.51,32.12,83.67,35.74,33.31,31.93,40.27,45.35,38.01,38.83,39.83,38.69,43,97.24
53344,96.37,102.8,30.93,29.33,30.49,30.4,32.71,30.66,31.2,31.93,32.51,32.12,83.67,35.62,33.31,31.93,40.27,45.35,38.14,38.83,39.83,38.69,43,97.24
53363,96.37,102.8,30.93,29.25,30.49,30.4,32.61,30.66,31.29,31.93,32.51,32.12,83.67,35.74,33.31,31.93,40.27,45.35,38.01,38.83,39.83,38.69,43,97.24
53383,94.68,102.8,30.93,29.25,30.49,30.4,32.61,30.66,31.29,31.93,32.51,32.12,83.67,35.74,33.31,31.93,40.27,45.35,38.14,38.83,39.83,38.83,43,97.24
53402,99.94,101.83,30.93,29.25,30.49,30.4,32.61,30.66,31.29,31.93,32.51,32.12,83.03,35.62,33.31,31.93,40.27,45.35,38.14,38.83,39.68,38.69,43,97.24
53422,75.48,101.83,30.93,29.25,30.49,30.4,32.61,30.66,31.29,31.93,32.51,32.12,83.67,35.62,33.31,31.93,40.27,45.35,38.14,38.83,39.83,38.69,43,96.37
53440,47.13,100.87,30.93,29.25,30.49,30.4,32.61,30.66,31.29,31.93,32.51,32.03,83.67,35.62,33.31,31.93,40.27,45.35,38.14,38.83,39.83,38.69,43,97.24
53461,39.83,99.94,30.84,29.25,30.49,30.4,32.61,30.66,31.29,31.93,32.51,32.12,83.03,35.62,33.31,31.93,40.27,45.35,38.14,38.83,39.83,38.69,43,97.24
53481,53.17,100.87,30.93,29.25,30.49,30.4,32.61,30.66,31.29,31.93,32.51,32.12,83.03,35.74,33.31,31.93,40.27,45.35,38.14,38.83,39.83,38.69,43,97.24
53500,68.31,101.83,30.93,29.25,30.49,30.4,32.61,30.66,31.29,31.93,32.51,32.12,83.67,35.74,33.31,31.93,40.27,45.35,38.14,38.83,39.83,38.69,43,97.24
53520,80.55,101.83,31.29,29.25,30.49,30.4,32.61,30.66,31.02,31.93,32.51,32.12,83.03,35.74,33.31,31.93,40.27,45.35,38.14,38.83,39.83,38.69,43,96.37
53539,62.75,100.87,31.47,29.25,30.49,30.4,32.61,30.66,31.11,31.93,32.51,32.12,83.67,35.62,33.31,31.93,40.27,45.35,38.14,38.83,39.83,38.83,43,96.37
53559,58.98,101.83,30.93,29.25,30.49,30.4,32.61,30.66,31.11,31.93,32.51,32.12,83.67,35.62,33.31,31.93,40.27,45.35,38.14,38.83,39.83,38.69,43,96.37
53578,63.87,101.83,30.93,29.25,30.49,30.4,32.61,30.66,31.11,31.93,32.51,32.12,83.03,35.62,33.31,31.93,40.27,45.35,38.14,38.83,39.83,38.69,43,97.24
53598,59.31,101.83,30.93,29.25,30.49,30.4,32.51,30.66,31.02,31.93,32.51,32.12,83.67,35.74,33.31,31.93,40.27,45.35,38.14,38.83,39.83,38.69,43,98.12
53619,94.68,102.8,30.93,29.25,30.49,30.49,32.61,30.66,31.11,31.93,32.51,32.12,83.03,35.62,33.31,31.93,40.27,45.35,38.14,38.83,39.83,38.69,43,96.37
53639,62.39,99.94,30.93,29.25,30.49,30.49,32.61,30.66,31.02,31.93,32.51,32.12,82.39,35.62,33.31,31.93,40.27,45.35,38.14,38.97,39.83,38.69,43,96.37
53658,59.96,100.87,30.93,29.25,30.49,30.49,32.61,30.66,31.02,31.93,32.51,32.12,83.03,35.62,33.31,31.93,40.27,45.35,38.14,38.83,39.83,38.69,43,95.52
53678,50.44,100.87,30.93,29.25,30.49,30.49,32.61,30.66,31.02,31.93,32.51,32.12,83.03,35.62,33.31,31.93,40.27,45.35,38.01,38.83,39.83,38.69,43,96.37
53696,52.4,100.87,30.93,29.33,30.49,30.49,32.61,30.66,30.93,31.93,32.51,32.12,83.03,35.62,33.31,31.93,40.27,45.35,38.14,38.97,39.83,38.69,43,97.24
53717,43.17,100.87,30.93,29.25,30.49,30.49,32.51,30.66,31.02,31.93,32.51,32.12,83.03,35.62,33.31,31.93,40.27,45.16,38.14,38.83,39.83,38.83,43,97.24
53735,96.37,103.78,30.93,29.25,30.49,30.49,32.51,30.66,31.29,31.93,32.51,32.12,83.03,35.62,33.31,31.93,40.27,45.35,38.14,38.97,39.98,38.83,43,96.37
53756,43.88,101.83,30.93,29.25,30.49,30.49,31.93,30.75,30.93,31.93,32.51,32.12,83.03,35.62,33.31,31.93,40.27,45.35,38.14,38.97,39.83,38.69,43,97.24
53776,38.97,101.83,30.93,29.25,30.49,30.49,32.61,30.66,31.02,31.93,32.51,32.12,83.03,35.62,33.31,31.93,40.27,45.35,38.14,38.83,39.83,38.69,43,96.37
53795,40.43,101.83,30.93,29.25,30.58,30.49,32.61,30.66,31.02,31.93,32.51,32.03,83.03,35.62,33.42,31.84,40.27,45.35,38.14,38.97,39.98,38.69,43,97.24
53815,41.84,101.83,31.02,29.25,30.49,30.49,31.93,30.66,31.02,31.93,32.51,32.03,83.03,35.62,33.42,31.93,40.27,45.35,38.14,38.97,39.83,38.83,43,97.24
53834,43.52,101.83,31.02,29.33,30.49,30.49,31.93,30.66,31.02,31.93,32.51,32.12,83.67,35.74,33.31,31.93,40.27,45.35,38.14,38.97,39.98,38.83,43,97.24
53854,50.91,101.83,30.93,29.25,30.49,30.49,31.93,30.75,31.02,31.93,32.51,32.12,83.03,35.74,33.31,31.93,40.27,45.35,38.14,38.97,39.83,38.83,43,98.12
53875,95.52,103.78,30.93,29.25,30.49,30.49,31.84,30.66,31.02,31.93,32.51,32.03,83.67,35.62,33.31,31.93,40.27,45.35,38.01,38.97,39.83,38.83,43,97.24
53893,62.03,102.8,30.93,29.25,30.49,30.49,31.84,30.66,31.11,31.93,32.51,32.12,83.67,35.74,33.42,31.93,40.27,45.35,38.14,38.97,39.98,38.83,43,97.24
53914,64.25,102.8,31.02,29.25,30.49,30.49,31.84,30.66,31.11,32.03,32.51,32.12,83.67,35.62,33.31,31.93,40.27,45.35,38.14,38.97,39.83,38.83,43,97.24
53932,69.64,102.8,31.02,29.25,30.49,30.58,31.84,30.66,31.11,31.84,32.51,32.12,83.03,35.74,33.31,31.93,40.27,45.54,38.14,38.97,39.83,38.83,43,97.24
53952,73.43,102.8,31.02,29.25,30.49,30.58,31.84,30.66,31.11,31.84,32.51,32.03,83.67,35.74,33.31,31.93,40.27,45.35,38.14,38.97,39.83,38.83,43,97.24
53971,66.22,102.8,30.93,29.25,30.49,30.58,31.84,30.75,31.38,31.93,32.51,32.12,82.39,35.62,33.42,31.93,40.27,45.35,38.14,38.97,39.83,38.69,43,97.24
53991,58.66,96.37,30.84,29.25,30.49,30.58,31.84,30.66,31.38,32.41,32.51,32.03,83.03,35.62,33.31,31.84,40.27,45.35,38.14,38.97,39.83,38.83,43,96.37
54012,41.35,76.01,30.84,29.33,30.49,30.58,31.93,30.75,31.38,44.42,32.51,32.03,83.67,35.62,33.31,31.84,40.27,45.35,38.14,38.97,39.83,38.69,43,95.52
54030,40.27,76.55,30.93,29.25,30.49,30.58,31.84,30.75,31.29,44.42,32.51,32.12,82.39,35.62,33.31,31.93,40.43,45.54,38.14,38.97,39.83,38.83,43,97.24
54051,92.25,103.78,30.93,29.25,30.49,30.58,31.84,30.75,31.38,44.42,32.51,32.12,83.03,35.62,33.42,31.84,40.27,45.35,38.14,38.97,39.83,38.83,43,97.24
54069,42.49,102.8,30.93,29.25,30.49,30.58,31.84,30.75,31.29,44.42,32.51,32.12,83.03,35.74,33.31,31.84,40.27,45.35,38.14,38.97,39.83,38.83,43,97.24
54090,41.67,101.83,30.93,29.25,30.49,30.58,31.84,30.75,31.38,44.42,32.51,32.12,83.03,35.62,33.42,31.84,40.27,45.35,38.14,38.97,39.83,38.83,43,96.37
54108,41.51,101.83,30.84,29.25,30.49,30.58,31.84,30.66,31.38,44.42,32.51,32.12,83.03,35.62,33.31,31.93,40.27,45.54,38.14,38.97,39.83,38.69,43,97.24
54129,42.16,102.8,30.93,29.25,30.49,30.58,31.84,30.66,31.84,44.42,32.51,32.12,83.03,35.62,33.31,31.93,40.27,45.54,38.14,38.97,39.83,38.83,43,97.24
54149,42.83,101.83,30.93,29.25,30.49,30.58,31.84,30.66,32.22,44.42,32.51,32.12,83.03,35.62,33.31,31.84,40.27,45.35,38.14,38.97,39.83,38.83,43,97.24
54167,55.92,102.8,30.84,29.33,30.49,30.58,31.84,30.75,32.22,44.6,32.51,32.12,83.03,35.74,33.31,31.84,40.27,45.54,38.14,38.97,39.83,38.83,43,97.24
54188,47.76,101.83,30.93,29.25,30.49,30.58,31.84,30.75,32.22,44.6,32.51,32.12,83.03,35.74,33.31,31.84,40.12,45.35,38.14,38.97,39.83,38.83,43,97.24
54206,50.2,101.83,30.93,29.25,30.49,30.49,31.84,30.66,32.22,44.6,32.51,32.03,83.03,35.62,33.31,31.93,40.27,45.35,38.14,38.97,39.83,38.69,43,96.37
54227,55.07,102.8,30.84,29.25,30.49,30.58,31.93,30.75,32.32,44.42,32.51,32.12,83.03,35.62,33.31,31.84,40.27,45.35,38.14,38.97,39.83,38.83,43,97.24
54245,48.84,101.83,30.93,29.25,30.58,30.58,31.93,30.75,32.32,42.33,32.51,32.12,83.67,35.62,33.42,31.93,40.27,45.35,38.14,38.83,39.83,38.83,43,96.37
54266,53.43,101.83,31.02,29.25,30.49,30.58,31.93,30.75,32.32,42.33,32.51,32.12,83.03,35.62,33.42,31.84,40.43,45.35,38.14,38.97,39.83,38.69,43,97.24
54286,44.97,101.83,31.02,29.25,30.49,30.58,31.93,30.75,32.32,43.7,32.51,32.12,83.67,35.62,33.31,31.93,40.27,45.35,38.14,38.97,39.83,38.69,43,97.24
54305,47.13,101.83,31.02,29.25,30.49,30.49,31.84,30.75,32.32,42.33,32.51,32.03,83.03,35.74,33.31,31.84,40.27,45.35,38.01,38.97,39.83,38.83,43,97.24
54325,44.97,101.83,31.02,29.25,30.49,30.58,31.84,30.66,32.22,42.33,32.51,32.03,83.67,35.62,33.42,31.84,40.27,45.54,38.14,38.97,39.83,38.83,43,96.37
54344,42.33,101.83,31.02,29.33,30.49,30.49,31.84,30.66,32.12,42.33,32.51,32.12,83.67,35.62,33.31,31.84,40.27,45.35,38.14,38.97,39.83,38.83,43,97.24
54364,40.27,100.87,31.02,29.25,30.49,30.49,31.84,30.75,32.12,42.33,32.51,32.12,83.67,35.62,33.31,31.84,40.27,45.35,38.14,38.97,39.68,38.69,43,96.37
54385,40.12,100.87,30.93,29.25,30.49,30.49,31.84,30.66,32.03,42.33,32.51,32.03,83.03,35.62,33.31,31.93,40.27,45.35,38.14,38.97,39.83,38.69,43,96.37
54403,39.11,100.87,30.93,29.25,30.49,30.49,31.84,30.66,32.03,40.27,32.51,32.12,83.67,35.62,33.31,31.93,40.12,45.54,38.14,38.97,39.83,38.69,43,96.37
54423,40.43,100.87,30.93,29.25,30.49,30.49,31.93,30.75,32.03,38.69,32.51,32.12,83.67,35.62,33.31,31.84,40.27,45.35,38.14,38.97,39.83,38.69,42.83,96.37
54442,69.19,100.87,30.93,29.25,30.49,30.49,31.84,30.66,32.12,41.67,32.51,32.12,84.32,35.62,33.31,31.93,40.12,45.35,38.01,38.97,39.83,38.83,43,97.24
54462,100.87,101.83,30.93,29.25,30.49,30.49,31.84,30.75,32.12,42.33,32.51,32.12,83.67,35.62,33.31,31.93,40.27,45.35,38.14,38.97,39.83,38.83,43,97.24
54481,101.83,102.8,30.93,29.25,30.49,30.49,31.93,30.75,32.22,42.33,32.51,32.12,84.32,35.62,33.31,31.93,40.27,45.35,38.14,38.97,39.83,38.83,43,97.24
54501,99.02,100.87,30.84,29.25,30.49,30.49,31.84,30.75,31.93,32.03,32.51,32.12,84.32,35.62,33.31,31.93,40.27,45.35,38.14,38.97,39.83,38.69,43,97.24
54522,102.8,101.83,30.84,29.25,30.49,30.49,32.22,30.66,31.93,32.03,32.51,32.12,83.67,35.62,33.31,31.93,40.27,45.54,38.14,38.97,39.83,38.69,43,96.37
54540,99.02,100.87,30.93,29.25,30.49,30.49,32.61,30.66,32.12,31.93,32.51,32.12,83.67,35.62,33.31,31.93,40.27,45.35,38.14,38.97,39.83,38.83,43,97.24
54561,99.94,101.83,30.84,29.25,30.49,30.49,32.61,30.66,33.11,32.03,32.51,32.12,83.67,35.62,33.31,31.84,40.12,45.35,38.14,38.97,39.83,38.83,43,97.24
54579,99.94,101.83,30.93,29.33,30.49,30.49,32.71,30.75,33.62,32.03,32.51,32.03,83.67,35.62,33.31,31.93,40.27,45.35,38.14,38.97,39.83,38.69,43,97.24
54600,99.94,100.87,30.93,29.25,30.49,30.4,32.71,30.66,33.73,32.03,32.51,32.03,83.67,35.62,33.31,31.93,40.27,45.35,38.14,38.97,39.83,38.69,43,97.24
54618,99.94,101.83,30.93,29.25,30.49,30.49,32.71,30.66,33.73,32.03,32.51,32.12,84.32,35.62,33.31,31.93,40.27,45.35,38.14,38.97,39.83,38.83,43,97.24
54639,99.94,101.83,30.84,29.25,30.49,30.49,32.71,30.66,31.38,31.93,32.51,32.12,83.67,35.62,33.31,31.93,40.27,45.35,38.14,38.97,39.83,38.69,42.83,98.12
54659,99.94,101.83,30.93,29.25,30.49,30.49,32.61,30.66,31.38,31.93,32.51,32.12,83.67,35.62,33.31,31.93,40.27,45.35,38.14,38.83,39.83,38.69,43,96.37
54677,99.94,101.83,30.93,29.25,30.49,30.4,32.61,30.66,31.29,31.93,32.51,32.12,83.67,35.62,33.31,31.93,40.12,45.35,38.14,38.97,39.83,38.69,43,97.24
54698,98.12,101.83,30.84,29.25,30.49,30.49,32.61,30.66,31.29,31.93,32.51,32.12,83.67,35.62,33.31,31.93,40.27,45.35,38.14,38.97,39.83,38.69,43,97.24
54716,98.12,101.83,31.11,29.25,30.49,30.49,32.61,30.66,31.29,31.93,32.51,32.12,83.67,35.62,33.31,31.93,40.27,45.35,38.14,38.83,39.83,38.69,43,96.37
54737,41.84,99.02,30.93,29.25,30.49,30.49,32.61,30.66,31.38,31.93,32.51,32.12,83.03,35.62,33.31,31.93,40.27,45.35,38.01,38.83,39.83,38.69,43,96.37
54757,47.97,99.94,30.93,29.25,30.49,30.49,32.61,30.66,31.2,31.93,32.51,32.12,83.03,35.62,33.31,31.93,40.27,45.16,38.14,38.83,39.83,38.69,43,96.37
54776,42.83,99.02,30.93,29.25,30.49,30.4,32.61,30.66,31.02,31.93,32.51,32.12,82.39,35.62,33.31,31.93,40.27,45.35,38.14,38.83,39.83,38.69,43,96.37
54796,44.97,81.15,30.93,29.25,30.49,30.49,32.61,30.66,31.02,31.93,32.51,32.03,82.39,35.62,33.31,31.93,40.27,45.35,38.14,38.83,39.83,38.69,43,96.37
54815,49.74,99.02,30.93,29.33,30.49,30.4,32.51,30.66,31.02,31.93,32.51,32.12,83.03,35.62,33.31,31.93,40.27,45.35,38.14,38.83,39.83,38.69,43,96.37
54835,47.55,99.94,30.93,29.25,30.49,30.49,32.51,30.66,31.02,32.03,32.51,32.12,83.03,35.62,33.31,31.93,40.27,45.35,38.01,38.83,39.83,38.69,43,95.52
54854,52.91,99.02,30.93,29.25,30.49,30.4,32.61,30.66,31.29,31.93,32.51,32.12,82.39,35.62,33.31,31.93,40.12,45.35,38.01,38.83,39.83,38.69,43,95.52
54874,57.41,61.68,31.02,29.25,30.49,30.4,32.61,30.66,31.02,31.93,32.51,32.12,83.03,35.62,33.31,31.93,40.12,45.35,38.01,38.83,39.83,38.69,43,96.37
54895,49.06,99.02,30.93,29.25,30.49,30.4,32.71,30.66,31.2,32.03,32.51,32.12,83.67,35.62,33.31,31.93,40.27,45.35,38.14,38.83,39.83,38.69,43,97.24
54913,48.19,98.12,30.93,29.25,30.49,30.4,32.71,30.66,31.29,31.93,32.51,32.03,82.39,35.62,33.31,31.93,40.27,45.35,38.01,38.83,39.83,38.69,43,97.24
54933,50.91,99.94,30.84,29.25,30.49,30.4,32.61,30.66,31.11,31.93,32.51,32.03,83.03,35.5,33.31,31.93,40.12,45.16,38.14,38.83,39.83,38.69,43,95.52
54952,48.62,99.94,30.93,29.33,30.49,30.4,32.71,30.66,31.02,31.93,32.51,32.12,83.67,35.62,33.31,31.93,40.12,45.35,38.14,38.83,39.83,38.69,43,96.37
54972,46.13,100.87,31.02,29.33,30.49,30.4,32.71,30.66,31.02,32.03,32.51,32.03,83.67,35.62,33.31,31.93,39.98,45.35,38.01,38.83,39.83,38.69,43,96.37
54991,42.83,100.87,30.93,29.25,30.49,30.4,32.71,30.66,31.2,31.93,32.51,32.12,83.67,35.62,33.31,31.93,40.27,45.35,38.14,38.83,39.83,38.69,43,96.37
55011,52.91,99.94,30.93,29.25,30.49,30.4,32.71,30.66,31.11,31.93,32.51,32.12,83.03,35.62,33.31,31.93,40.27,45.35,38.14,38.83,39.83,38.69,43,96.37
55032,59.96,100.87,30.93,29.25,30.49,30.4,32.71,30.66,31.02,31.93,32.51,32.12,83.03,35.62,33.31,31.93,40.27,45.35,38.01,38.83,39.83,38.69,43,97.24
55050,99.94,102.8,30.84,29.25,30.49,30.4,32.71,30.66,31.02,31.93,32.51,32.12,83.67,35.62,33.31,31.93,40.27,45.35,38.14,38.83,39.83,38.69,43.17,95.52
55071,52.4,100.87,30.93,29.25,30.49,30.4,32.71,30.66,31.02,31.93,32.51,32.12,83.03,35.62,33.31,31.93,40.27,45.35,38.14,38.83,39.68,38.69,43,95.52
55089,50.44,100.87,30.84,29.25,30.49,30.4,32.71,30.66,31.02,31.93,32.51,32.03,83.03,35.74,33.31,31.93,40.27,45.35,38.14,38.83,39.83,38.69,43,96.37
55110,60.98,101.83,30.84,29.25,30.49,30.4,32.71,30.66,31.2,31.93,32.51,32.12,83.03,35.62,33.31,31.93,40.27,45.35,38.14,38.83,39.83,38.69,43,97.24
55130,86.35,101.83,30.84,29.25,30.49,30.4,32.71,30.66,31.2,31.93,32.51,32.12,83.67,35.74,33.31,31.93,40.27,45.35,38.14,38.83,39.83,38.69,43,97.24
55148,99.02,102.8,30.93,29.25,30.49,30.4,32.61,30.66,31.2,31.93,32.51,32.12,83.67,35.74,33.31,31.93,40.27,45.35,38.14,38.83,39.83,38.69,43,98.12
55169,100.87,103.78,30.93,29.33,30.49,30.49,32.71,30.66,31.29,31.93,32.51,32.12,83.67,35.74,33.31,31.93,40.27,45.35,38.14,38.83,39.83,38.69,43,97.24
55187,99.94,102.8,31.02,29.25,30.49,30.4,32.71,30.66,31.29,31.93,32.51,32.12,83.67,35.74,33.31,31.93,40.27,45.35,38.14,38.83,39.83,38.69,42.83,97.24
55208,98.12,103.78,30.93,29.25,30.49,30.49,32.71,30.66,31.29,31.93,32.51,32.12,83.03,35.62,33.21,31.93,40.27,45.35,38.14,38.83,39.83,38.69,43,97.24
55226,39.68,100.87,30.93,29.25,30.49,30.49,32.71,30.66,31.29,31.93,32.51,32.12,83.03,35.62,33.31,31.93,40.12,45.35,38.14,38.83,39.83,38.69,43,96.37
55247,42.49,101.83,30.93,29.25,30.49,30.49,32.71,30.66,31.29,31.93,32.51,32.12,83.03,35.74,33.31,31.93,40.27,45.35,38.14,38.83,39.83,38.69,43,96.37
55267,46.93,100.87,30.93,29.25,30.49,30.4,32.71,30.66,31.29,31.93,32.51,32.03,83.03,35.74,33.31,31.93,40.27,45.35,38.01,38.83,39.83,38.69,43,96.37
55286,46.73,100.87,30.93,29.25,30.49,30.4,32.71,30.66,31.29,31.93,32.51,32.12,83.67,35.62,33.31,31.93,40.27,45.35,38.14,38.83,39.83,38.69,43,96.37
55306,48.19,101.83,30.93,29.25,30.49,30.49,32.71,30.66,31.38,31.93,32.51,32.12,83.03,35.74,33.31,31.93,40.27,45.35,38.14,38.69,39.68,38.69,43,96.37
55325,46.73,101.83,30.93,29.25,30.49,30.49,32.71,30.66,31.29,31.93,32.51,32.12,83.03,35.62,33.31,31.93,40.27,45.35,38.14,38.83,39.83,38.69,43,97.24
55345,50.2,101.83,30.93,29.33,30.49,30.4,32.71,30.66,31.29,31.93,32.51,32.12,83.03,35.74,33.31,31.93,40.27,45.35,38.14,38.83,39.83,38.69,43,97.24
55363,46.93,102.8,30.93,29.25,30.49,30.49,32.71,30.66,31.29,31.93,32.51,32.12,83.03,35.74,33.31,31.93,40.27,45.35,38.01,38.83,39.83,38.69,43,97.24
55386,51.89,101.83,30.93,29.33,30.49,30.49,32.71,30.66,31.29,31.93,32.51,32.12,83.03,35.62,33.31,31.93,40.12,45.35,38.14,38.83,39.83,38.69,43,96.37
55404,59.63,102.8,30.93,29.25,30.49,30.49,32.71,30.66,31.29,31.93,32.51,32.12,83.67,35.62,33.31,31.93,40.27,45.35,38.14,38.83,39.83,38.69,43,96.37
55425,56.22,101.83,30.93,29.25,30.49,30.4,32.71,30.66,31.29,31.93,32.51,32.12,83.67,35.74,33.31,31.93,40.12,45.35,38.14,38.83,39.83,38.69,43,96.37
55443,66.22,102.8,30.93,29.25,30.49,30.49,32.71,30.66,31.11,31.93,32.51,32.12,83.67,35.62,33.31,31.93,40.12,45.35,38.14,38.83,39.83,38.69,43,97.24
55464,63.12,102.8,30.93,29.25,30.49,30.49,32.71,30.66,31.02,31.93,32.51,32.12,83.03,35.74,33.31,31.93,40.27,45.35,38.14,38.83,39.83,38.69,43,96.37
55482,47.55,102.8,30.93,29.33,30.49,30.49,32.71,30.66,31.2,31.93,32.51,32.12,83.67,35.62,33.31,31.93,40.27,45.54,38.14,38.83,39.83,38.69,43,98.12
55503,103.78,104.79,30.93,29.25,30.49,30.49,32.71,30.66,31.11,31.93,32.51,32.12,83.67,35.74,33.31,31.93,40.27,45.54,38.01,38.83,39.83,38.83,43,97.24
55523,103.78,105.82,31.02,29.25,30.49,30.49,32.71,30.66,31.02,31.93,32.51,32.12,83.67,35.74,33.31,31.93,40.27,45.54,38.14,38.83,39.68,38.69,43,97.24
55542,99.94,104.79,30.93,29.25,30.49,30.49,32.71,30.66,31.02,31.93,32.51,32.03,83.67,35.62,33.31,31.93,40.12,45.54,38.14,38.83,39.83,38.83,43,98.12
55562,102.8,104.79,30.93,29.25,30.49,30.49,32.71,30.66,31.11,31.93,32.51,32.12,83.67,35.62,33.31,31.93,40.27,45.54,38.14,38.83,39.83,38.83,43,97.24
55581,76.55,103.78,30.84,29.25,30.49,30.49,32.61,30.66,31.02,31.93,32.51,32.12,83.67,35.62,33.31,31.93,40.27,45.54,38.14,38.83,39.83,38.83,43,97.24
55601,87.04,103.78,30.93,29.25,30.49,30.49,32.61,30.66,31.02,31.93,32.51,32.12,83.67,35.74,33.31,31.93,40.27,45.54,38.14,38.97,39.83,38.69,43,97.24
55619,95.52,104.79,31.02,29.25,30.49,30.49,32.61,30.66,31.02,31.93,32.51,32.12,83.67,35.62,33.31,31.93,40.27,45.35,38.14,38.83,39.83,38.83,43,97.24
55640,86.35,103.78,30.93,29.25,30.49,30.49,32.03,30.66,31.02,31.93,32.51,32.03,83.67,35.62,33.31,31.93,40.27,45.54,38.14,38.83,39.83,38.69,43,97.24
55660,74.95,103.78,30.93,29.25,30.49,30.49,32.61,30.75,31.02,31.93,32.51,32.12,83.67,35.62,33.31,31.93,40.27,45.54,38.14,38.83,39.83,38.69,43,97.24
55679,76.01,103.78,30.84,29.33,30.49,30.49,32.71,30.66,31.02,31.93,32.51,32.03,83.67,35.62,33.31,31.93,40.27,45.54,38.01,38.97,39.83,38.69,43,97.24
55699,79.36,103.78,30.93,29.25,30.49,30.49,32.71,30.66,31.02,31.93,32.51,32.12,83.67,35.74,33.31,31.93,40.27,45.54,38.14,38.97,39.83,38.69,43,97.24
55718,99.94,104.79,31.02,29.25,30.49,30.49,32.61,30.75,31.02,31.93,32.51,32.03,83.67,35.62,33.31,31.93,40.12,45.54,38.14,38.97,39.83,38.69,43,97.24
55738,78.78,103.78,31.02,29.25,30.58,30.49,32.61,30.66,31.02,31.93,32.51,32.12,83.67,35.62,33.31,31.93,40.27,45.35,38.14,38.83,39.83,38.69,43,97.24
55757,53.7,103.78,31.02,29.25,30.49,30.49,32.61,30.66,31.02,31.93,32.51,32.12,83.67,35.62,33.31,31.93,40.27,45.54,38.14,38.97,39.83,38.69,43,97.24
55777,48.4,102.8,30.93,29.25,30.49,30.49,31.93,30.66,31.02,31.93,32.51,32.12,83.03,35.62,33.31,31.93,40.27,45.35,38.14,38.97,39.83,38.83,43,96.37
55798,53.97,102.8,30.93,29.25,30.49,30.49,31.93,30.75,31.02,31.93,32.51,32.12,83.67,35.74,33.31,31.93,40.27,45.35,38.14,38.97,39.83,38.83,43,97.24
55816,59.31,101.83,30.93,29.25,30.49,30.49,31.93,30.66,31.02,31.93,32.51,32.12,83.03,35.62,33.31,31.93,40.27,45.35,38.14,38.97,39.83,38.83,43,96.37
55837,62.75,100.87,31.02,29.33,30.49,30.49,31.93,30.66,31.02,31.93,32.51,32.12,83.03,35.74,33.31,31.93,40.27,45.35,38.14,38.83,39.98,38.83,43,97.24
55855,88.47,103.78,31.02,29.25,30.49,30.49,31.93,30.66,31.02,31.93,32.51,32.12,83.67,35.62,33.42,31.93,40.27,45.35,38.14,38.97,39.98,38.83,43,97.24
55875,79.95,100.87,31.11,29.25,30.49,30.49,31.93,30.66,31.02,32.03,32.51,32.12,83.03,35.74,33.31,31.93,40.27,45.35,38.14,38.97,39.98,38.69,43,97.24
55894,82.39,84.32,31.2,29.25,30.49,30.49,31.93,30.66,31.02,32.03,32.51,32.12,83.67,35.74,33.31,31.93,40.27,45.35,38.14,38.97,39.98,38.69,43,97.24
55914,85.66,94.68,31.02,29.25,30.58,30.49,31.93,30.66,31.02,32.03,32.51,32.12,83.67,35.74,33.31,31.93,40.27,45.35,38.01,38.83,39.83,38.69,43,97.24
55935,87.75,100.87,31.02,29.25,30.49,30.49,31.93,30.75,31.02,31.93,32.51,32.03,83.67,35.74,33.31,31.93,40.12,45.35,38.14,38.97,39.98,38.69,43,97.24
55953,87.75,102.8,31.02,29.25,30.49,30.49,31.93,30.75,31.02,31.93,32.51,32.12,82.39,35.62,33.31,31.84,40.27,45.35,38.01,38.97,39.83,38.83,43,97.24
55974,94.68,103.78,31.02,29.33,30.49,30.49,31.93,30.66,31.02,31.93,32.51,32.12,83.67,35.62,33.31,31.93,40.27,45.54,38.14,38.97,39.83,38.83,43,98.12
55994,97.24,104.79,31.11,29.25,30.49,30.49,31.93,30.66,31.02,32.03,32.51,32.12,83.67,35.74,33.31,31.93,40.27,45.54,38.14,38.97,39.83,38.83,43,97.24
56013,99.02,104.79,30.93,29.25,30.49,30.49,31.93,30.66,31.02,32.03,32.51,32.12,83.67,35.74,33.31,31.93,40.27,45.35,38.14,38.97,39.98,38.83,43,97.24
56033,88.47,104.79,30.93,29.25,30.49,30.49,31.93,30.66,31.02,31.93,32.51,32.12,83.67,35.74,33.31,31.93,40.27,45.35,38.14,38.83,39.83,38.69,43,97.24
56054,99.02,104.79,30.93,29.25,30.49,30.49,31.93,30.66,31.02,31.84,32.51,32.12,83.67,35.62,33.31,31.93,40.27,45.16,38.14,38.97,39.83,38.83,43,98.12
56072,101.83,103.78,30.93,29.25,30.49,30.49,31.93,30.66,31.02,31.93,32.51,32.03,83.67,35.62,33.31,31.93,40.27,45.35,38.14,38.97,39.83,38.83,43,98.12
56093,100.87,104.79,30.93,29.25,30.49,30.49,31.93,30.66,31.02,31.93,32.51,32.12,84.32,35.74,33.31,31.93,40.27,45.35,38.14,38.97,39.83,38.69,43,98.12
56111,100.87,104.79,30.93,29.25,30.58,30.49,31.93,30.66,31.02,31.93,32.51,32.03,83.67,35.62,33.31,31.93,40.27,45.35,38.14,38.97,39.83,38.69,43,97.24
56131,51.15,101.83,30.93,29.25,30.49,30.49,31.93,30.66,31.02,31.93,32.51,32.12,83.03,35.74,33.31,31.84,40.27,45.35,38.14,38.97,39.83,38.83,43,97.24
56150,50.2,102.8,30.93,29.25,30.49,30.49,31.93,30.66,31.02,31.93,32.51,32.12,83.03,35.62,33.31,31.93,40.27,45.35,38.14,38.97,39.83,38.83,43,96.37
56170,45.74,102.8,30.93,29.25,30.49,30.49,31.93,30.66,31.02,31.93,32.51,32.12,83.67,35.62,33.31,31.93,40.27,45.35,38.14,38.97,39.83,38.69,43,97.24
56191,46.32,102.8,31.02,29.25,30.49,30.49,31.93,30.66,31.02,31.93,32.51,32.12,83.67,35.74,33.31,31.93,40.27,45.35,38.14,38.97,39.83,38.69,43,97.24
56211,60.98,103.78,31.02,29.25,30.49,30.49,31.93,30.66,31.02,31.93,32.51,32.03,83.67,35.62,33.31,31.84,40.27,45.35,38.14,38.97,39.83,38.69,43,97.24
56230,60.98,102.8,31.02,29.25,30.49,30.49,31.93,30.66,31.02,31.93,32.51,32.12,83.67,35.62,33.31,31.93,40.27,45.35,38.14,38.97,39.83,38.69,43,97.24
56250,84.32,103.78,30.93,29.25,30.49,30.49,31.93,30.66,31.02,31.93,32.51,32.12,83.67,35.62,33.31,31.93,40.12,45.35,38.14,38.97,39.83,38.83,43,98.12
56269,68.75,102.8,31.02,29.25,30.49,30.49,31.93,30.66,31.02,31.93,32.51,32.12,83.67,35.62,33.31,31.93,40.43,45.35,38.14,38.97,39.83,38.83,43,96.37
56289,72.44,103.78,31.02,29.25,30.49,30.49,31.93,30.66,31.02,31.93,32.51,32.12,83.67,35.62,33.31,31.84,40.27,45.35,38.14,38.97,39.83,38.69,43,97.24
56310,102.8,104.79,31.02,29.25,30.49,30.49,31.93,30.66,31.02,31.93,32.51,32.12,84.32,35.74,33.31,31.84,40.27,45.35,38.14,38.97,39.83,38.69,43,98.12
56328,99.94,103.78,31.02,29.33,30.49,30.49,31.93,30.66,31.02,31.93,32.51,32.12,83.67,35.62,33.31,31.93,40.27,45.54,38.01,38.97,39.83,38.83,43,98.12
56349,102.8,104.79,30.93,29.25,30.49,30.49,32.03,30.66,31.02,31.93,32.51,32.03,84.32,35.62,33.31,31.84,40.27,45.35,38.14,38.97,39.83,38.69,43,97.24
56367,101.83,104.79,31.02,29.25,30.49,30.49,32.03,30.66,31.02,32.03,32.51,32.12,83.03,35.62,33.31,31.84,40.27,45.35,38.14,38.97,39.83,38.69,43,96.37
56387,39.98,101.83,30.93,29.25,30.49,30.49,31.93,30.66,31.02,32.03,32.51,32.03,83.67,35.74,33.31,31.93,40.27,45.35,38.14,38.97,39.83,38.69,43,97.24
56406,101.83,104.79,31.02,29.25,30.49,30.4,32.22,30.66,31.02,32.03,32.51,32.12,83.67,35.74,33.31,31.93,40.27,45.35,38.14,38.97,39.83,38.69,43,97.24
56426,89.2,103.78,30.93,29.25,30.49,30.49,31.93,30.66,31.02,31.93,32.51,32.12,83.03,35.74,33.31,31.93,40.27,45.35,38.14,38.97,39.83,38.69,42.83,96.37
56447,40.27,101.83,31.02,29.25,30.58,30.49,31.93,30.66,31.02,32.03,32.51,32.12,83.67,35.74,33.31,31.93,40.27,45.35,38.01,38.97,39.83,38.83,43,96.37
56465,62.39,102.8,30.93,29.25,30.49,30.49,32.71,30.66,31.02,32.03,32.51,32.12,83.67,35.74,33.31,31.93,40.27,45.35,38.14,38.97,39.83,38.69,43,97.24
56486,103.78,103.78,30.93,29.33,30.58,30.49,32.71,30.66,31.11,32.03,32.51,32.12,83.67,35.62,33.31,31.93,40.27,45.35,38.14,38.97,39.83,38.83,43,98.12
56504,103.78,103.78,30.93,29.25,30.49,30.4,32.71,30.66,31.29,32.03,32.51,32.12,84.32,35.74,33.31,31.93,40.27,45.35,38.14,38.97,39.83,38.69,43,98.12
56525,103.78,103.78,30.93,29.25,30.49,30.49,32.71,30.66,31.29,32.03,32.51,32.12,84.32,35.62,33.31,31.93,40.27,45.35,38.14,38.97,39.83,38.69,43,98.12
56545,103.78,103.78,30.93,29.25,30.49,30.4,32.71,30.66,31.29,32.03,32.51,32.12,83.67,35.62,33.31,31.93,40.27,45.35,38.14,38.83,39.83,38.69,43,98.12
56566,101.83,103.78,30.93,29.25,30.49,30.4,32.71,30.66,31.29,31.93,32.51,32.12,84.32,35.62,33.31,31.93,40.27,45.35,38.14,38.97,39.98,38.69,43,97.24
56584,100.87,103.78,31.02,29.33,30.49,30.4,32.71,30.66,31.29,32.03,32.51,32.12,84.32,35.62,33.31,31.93,40.27,45.35,38.14,38.97,39.83,38.69,43,97.24
56605,99.94,103.78,31.02,29.25,30.49,30.4,32.71,30.66,31.02,31.93,32.51,32.12,84.32,35.62,33.31,31.93,40.27,45.54,38.14,38.97,39.83,38.83,43,98.12
56625,101.83,103.78,31.2,29.25,30.49,30.49,32.61,30.66,31.02,31.93,32.51,32.12,83.67,35.62,33.31,31.93,40.12,45.54,38.14,38.97,39.83,38.69,43,97.24
56643,101.83,103.78,31.2,29.25,30.49,30.49,32.71,30.66,31.29,32.03,32.51,32.12,84.32,35.62,33.31,31.93,40.27,45.35,38.14,38.97,39.83,38.69,43,98.12
56664,100.87,103.78,30.93,29.25,30.49,30.4,32.61,30.66,31.02,31.93,32.51,32.12,83.67,35.62,33.31,31.93,40.27,45.35,38.14,38.83,39.83,38.69,43,97.24
56682,100.87,103.78,30.93,29.25,30.49,30.4,32.61,30.66,31.02,31.93,32.51,32.12,84.32,35.62,33.31,31.93,40.27,45.35,38.14,38.83,39.83,38.69,43,97.24
56703,99.02,102.8,30.93,29.25,30.49,30.4,32.71,30.66,31.02,31.93,32.51,32.12,84.32,35.62,33.31,31.93,40.27,45.35,38.14,38.83,39.83,38.55,43,97.24
56723,99.94,103.78,30.93,29.25,30.49,30.4,32.71,30.66,31.02,31.93,32.51,32.03,84.32,35.62,33.31,31.93,40.27,45.35,38.01,38.83,39.83,38.69,43,98.12
56742,98.12,102.8,30.84,29.25,30.49,30.4,32.71,30.66,31.02,31.93,32.51,32.12,83.67,35.62,33.31,31.93,40.12,45.35,38.14,38.83,39.83,38.69,43,97.24
56762,81.77,102.8,30.93,29.25,30.49,30.4,32.71,30.66,31.02,31.93,32.51,32.12,83.67,35.62,33.31,31.93,40.27,45.35,38.14,38.83,39.83,38.69,43,97.24
56781,89.95,102.8,30.93,29.25,30.49,30.4,32.71,30.66,31.02,31.93,32.51,32.12,84.32,35.62,33.31,31.93,40.27,45.35,38.01,38.83,39.83,38.69,43,97.24
56801,91.47,102.8,30.93,29.33,30.49,30.4,32.71,30.66,31.02,31.93,32.51,32.12,83.67,35.62,33.31,31.93,40.27,45.35,38.14,38.83,39.83,38.69,43,97.24
56820,91.47,102.8,30.93,29.25,30.49,30.4,32.71,30.66,31.02,31.93,32.51,32.12,83.67,35.62,33.31,31.93,40.27,45.35,38.14,38.83,39.83,38.69,43,97.24
56840,92.25,102.8,30.93,29.33,30.49,30.4,32.71,30.66,31.02,31.93,32.51,32.12,83.67,35.74,33.31,31.93,40.27,45.35,38.14,38.83,39.83,38.69,43,97.24
56861,92.25,102.8,31.02,29.25,30.49,30.4,32.71,30.66,31.02,31.93,32.51,32.12,83.03,35.62,33.31,31.93,40.27,45.35,38.01,38.83,39.83,38.55,42.83,97.24
56879,93.86,102.8,30.93,29.25,30.49,30.4,32.71,30.66,31.02,32.03,32.51,32.12,83.67,35.74,33.31,31.93,40.27,45.35,38.14,38.83,39.83,38.69,43,97.24
56899,91.47,102.8,30.93,29.25,30.49,30.4,32.71,30.66,31.02,31.93,32.51,32.03,83.03,35.74,33.31,31.93,40.27,45.35,38.01,38.83,39.83,38.55,43,97.24
56918,81.15,102.8,30.93,29.25,30.49,30.4,32.71,30.66,31.02,31.93,32.51,32.12,83.67,35.62,33.31,31.93,40.27,45.35,38.14,38.83,39.83,38.69,43,97.24
56938,87.04,103.78,30.93,29.25,30.49,30.4,32.71,30.66,31.02,31.93,32.51,32.12,83.67,35.62,33.31,31.93,40.27,45.35,38.14,38.83,39.83,38.83,42.83,97.24
56959,79.95,101.83,30.93,29.33,30.49,30.49,32.71,30.66,31.2,31.93,32.51,32.12,83.67,35.74,33.31,31.93,40.12,45.35,38.14,38.83,39.83,38.69,43,97.24
56977,80.55,101.83,30.93,29.25,30.49,30.4,32.71,30.66,31.29,31.93,32.51,32.12,83.67,35.62,33.31,31.93,40.27,45.35,38.14,38.83,39.83,38.69,43,97.24
56998,71.01,101.83,30.93,29.33,30.49,30.4,32.71,30.66,31.29,31.93,32.51,32.12,83.67,35.62,33.31,31.93,40.27,45.35,38.01,38.83,39.83,38.69,43,96.37
57016,87.04,102.8,30.93,29.25,30.49,30.4,32.71,30.66,31.29,31.93,32.51,32.12,83.67,35.62,33.31,31.93,40.27,45.35,38.14,38.83,39.83,38.69,43,97.24
57037,44.79,100.87,30.93,29.33,30.49,30.4,32.71,30.66,31.02,31.93,32.51,32.12,83.03,35.62,33.31,31.93,40.27,45.35,38.14,38.83,39.83,38.55,43,97.24
57055,62.03,101.83,30.93,29.25,30.49,30.4,32.71,30.66,31.02,31.93,32.51,32.03,83.67,35.62,33.31,31.93,40.27,45.35,38.14,38.83,39.83,38.69,43,97.24
57076,93.05,102.8,30.93,29.25,30.49,30.4,32.71,30.66,31.11,31.93,32.51,32.12,83.67,35.62,33.31,31.93,40.27,45.35,38.14,38.83,39.83,38.69,43,97.24
57096,93.05,102.8,30.93,29.25,30.49,30.4,32.71,30.66,31.02,31.93,32.51,32.03,83.03,35.62,33.31,31.93,40.27,45.35,38.14,38.83,39.83,38.69,43,97.24
57115,93.86,102.8,30.93,29.33,30.49,30.4,32.71,30.66,31.02,32.03,32.51,32.12,83.67,35.62,33.31,31.93,40.27,45.35,38.14,38.83,39.83,38.69,43,97.24
57135,93.86,102.8,30.93,29.25,30.49,30.4,32.71,30.66,31.02,31.93,32.51,32.12,83.67,35.62,33.31,31.93,40.27,45.35,38.14,38.83,39.83,38.55,43,97.24
57153,93.86,102.8,31.02,29.33,30.49,30.49,32.71,30.66,31.02,31.93,32.51,32.12,83.67,35.62,33.31,31.93,40.27,45.35,38.14,38.83,39.83,38.69,43,97.24
57174,95.52,102.8,30.93,29.25,30.49,30.4,32.71,30.66,31.02,31.93,32.51,32.12,83.67,35.62,33.31,31.93,40.27,45.35,38.14,38.69,39.83,38.69,43,97.24
57192,95.52,102.8,30.93,29.25,30.49,30.4,32.71,30.66,31.29,31.93,32.51,32.12,83.67,35.62,33.31,31.93,40.27,45.35,38.14,38.83,39.83,38.69,43,97.24
57213,95.52,102.8,30.93,29.25,30.49,30.4,32.71,30.66,31.29,31.93,32.51,32.12,83.67,35.74,33.31,31.93,40.27,45.35,38.14,38.83,39.83,38.69,43,97.24
57233,97.24,102.8,30.93,29.33,30.49,30.49,32.71,30.66,31.29,31.93,32.51,32.12,83.67,35.62,33.31,31.93,40.27,45.35,38.14,38.83,39.83,38.55,43,97.24
57252,96.37,102.8,30.84,29.25,30.49,30.4,32.71,30.66,31.29,31.93,32.51,32.12,83.67,35.62,33.31,31.93,40.27,45.35,38.01,38.83,39.83,38.69,43,97.24
57272,96.37,102.8,30.93,29.25,30.49,30.4,32.71,30.66,31.29,31.93,32.51,32.03,83.67,35.74,33.42,31.93,40.27,45.35,38.14,38.83,39.83,38.83,43,97.24
57291,96.37,102.8,30.84,29.25,30.49,30.4,32.71,30.66,31.29,31.93,32.51,32.12,83.67,35.62,33.31,31.93,40.27,45.35,38.14,38.83,39.83,38.69,43,97.24
57311,96.37,103.78,30.93,29.33,30.49,30.49,32.71,30.66,31.29,31.93,32.51,32.12,83.67,35.74,33.42,31.93,40.27,45.35,38.14,38.83,39.83,38.69,43,97.24
57332,96.37,103.78,30.93,29.33,30.49,30.4,32.71,30.66,31.29,31.93,32.51,32.12,83.67,35.74,33.31,31.93,40.27,45.35,38.14,38.83,39.83,38.69,43,97.24
57350,96.37,103.78,30.93,29.25,30.49,30.4,32.71,30.66,31.29,31.93,32.51,32.12,83.67,35.74,33.31,31.93,40.27,45.35,38.14,38.83,39.83,38.83,43,97.24
57371,97.24,103.78,30.93,29.33,30.49,30.4,32.71,30.66,31.29,31.93,32.51,32.12,83.67,35.74,33.31,31.93,40.27,45.35,38.14,38.83,39.83,38.83,43,97.24
57389,97.24,103.78,30.93,29.25,30.49,30.4,32.71,30.66,31.29,31.93,32.51,32.12,83.67,35.62,33.31,31.93,40.27,45.35,38.14,38.83,39.83,38.69,43,97.24
57409,96.37,103.78,30.93,29.33,30.49,30.4,32.71,30.66,31.29,31.93,32.51,32.03,83.67,35.62,33.31,31.84,40.27,45.35,38.14,38.83,39.83,38.69,43,97.24
57428,97.24,103.78,30.93,29.25,30.49,30.4,32.71,30.66,31.29,31.93,32.51,32.12,84.32,35.62,33.31,31.93,40.12,45.35,38.14,38.83,39.83,38.69,43,97.24
57448,97.24,103.78,30.93,29.33,30.49,30.49,32.71,30.66,31.11,31.93,32.51,32.12,83.03,35.74,33.31,31.93,40.27,45.35,38.01,38.83,39.83,38.83,43,97.24
57469,97.24,103.78,30.93,29.33,30.49,30.4,32.71,30.66,31.11,31.93,32.51,32.12,83.67,35.74,33.31,31.93,40.27,45.35,38.01,38.83,39.83,38.83,43,97.24
57487,96.37,103.78,30.93,29.25,30.49,30.49,32.71,30.66,31.11,31.93,32.51,32.12,84.32,35.62,33.31,31.93,40.27,45.35,38.14,38.83,39.68,38.69,43,98.12
57508,96.37,103.78,30.93,29.25,30.49,30.49,32.71,30.66,31.29,31.93,32.51,32.12,83.67,35.62,33.31,31.93,40.27,45.35,38.14,38.83,39.83,38.69,43,97.24
57526,96.37,103.78,30.93,29.25,30.49,30.49,32.71,30.66,31.11,31.93,32.51,32.12,83.67,35.62,33.31,31.93,40.27,45.35,38.01,38.69,39.83,38.83,43,97.24
57547,96.37,103.78,30.93,29.33,30.49,30.4,32.71,30.66,31.2,31.93,32.51,32.12,84.32,35.62,33.31,31.93,40.27,45.35,38.14,38.83,39.83,38.69,43,96.37
57565,96.37,103.78,30.93,29.33,30.49,30.49,32.71,30.66,31.11,31.93,32.51,32.12,83.67,35.62,33.31,31.93,40.12,45.35,38.14,38.83,39.68,38.69,43,98.12
57586,102.8,103.78,30.93,29.33,30.49,30.49,32.71,30.66,31.11,31.93,32.51,32.12,83.67,35.62,33.31,31.93,40.27,45.35,38.14,38.83,39.83,38.69,43,97.24
57606,100.87,103.78,30.93,29.25,30.49,30.4,32.71,30.66,31.02,31.93,32.51,32.03,83.67,35.62,33.31,31.93,40.27,45.35,38.14,38.83,39.68,38.69,43,98.12
57624,101.83,103.78,30.93,29.25,30.49,30.49,32.81,30.66,31.2,31.93,32.51,32.12,83.67,35.62,33.31,31.93,40.27,45.35,38.14,38.69,39.83,38.69,43,98.12
57645,101.83,103.78,30.93,29.25,30.49,30.49,32.71,30.66,31.02,31.93,32.51,32.03,83.67,35.62,33.31,31.93,40.27,45.35,38.14,38.69,39.83,38.83,43,96.37
57663,68.75,101.83,30.93,29.25,30.49,30.49,32.71,30.66,30.93,31.93,32.51,32.12,83.03,35.62,33.31,31.93,39.98,45.35,38.14,38.83,39.83,38.69,43,97.24
57684,56.22,101.83,30.93,29.25,30.49,30.49,32.71,30.66,31.11,31.93,32.51,32.12,83.67,35.62,33.31,31.93,40.27,45.35,38.01,38.83,39.83,38.69,43,97.24
57704,52.91,101.83,30.93,29.25,30.49,30.4,32.71,30.66,31.02,31.93,32.51,32.03,83.03,35.62,33.31,31.93,40.27,45.35,38.14,38.83,39.83,38.55,43,97.24
57723,44.24,101.83,30.93,29.25,30.49,30.49,32.71,30.66,31.29,31.93,32.51,32.12,83.03,35.74,33.31,31.93,40.27,45.35,38.14,38.97,39.83,38.69,43,97.24
57743,39.39,101.83,30.93,29.25,30.49,30.49,32.71,30.66,31.29,31.93,32.51,32.12,83.03,35.62,33.31,31.93,40.27,45.35,38.14,38.83,39.83,38.69,43,96.37
