Time_ms,Sensor 1,Sensor 2,Sensor 3,Sensor 4,Sensor 5,Sensor 6,Sensor 7,Sensor 8,Sensor 9,Sensor 10,Sensor 11,Sensor 12,Sensor 13,Sensor 14,Sensor 15,Sensor 16,Sensor 17,Sensor 18,Sensor 19,Sensor 20,Sensor 21,Sensor 22,Sensor 23,Sensor 24
50919,98.12,97.24,31.29,29.33,30.49,30.58,32.91,31.02,31.11,31.47,32.41,32.22,71.96,34.71,33.01,31.84,40.12,45.93,38.27,38.41,39.83,38.69,43,91.47
36975,46.52,101.83,31.56,29.9,30.49,30.49,65.42,31.2,34.27,31.84,32.51,32.22,57.41,36.34,32.91,31.29,40.27,45.35,38.55,38.97,39.98,38.69,43.17,92.25
37222,45.35,101.83,31.56,29.98,30.49,30.58,65.02,31.2,31.56,31.84,32.41,32.22,56.51,36.34,32.91,31.29,40.27,45.35,38.55,38.97,39.98,38.69,43.17,92.25
37243,44.6,102.8,31.47,29.9,30.49,30.49,65.02,31.2,31.65,31.84,32.51,32.22,57.72,36.34,33.01,31.29,40.27,45.35,38.55,38.83,39.98,38.69,43.17,92.25
37263,44.24,102.8,31.47,29.98,30.49,30.49,65.02,31.2,31.65,31.84,32.41,32.12,58.03,36.34,32.91,31.29,40.27,45.16,38.55,38.97,39.98,38.69,43.17,92.25
37282,44.06,101.83,31.56,29.9,30.49,30.58,65.02,31.2,31.65,31.84,32.41,32.22,57.41,36.22,32.91,31.29,40.27,45.35,38.55,38.97,39.98,38.69,43.17,92.25
37302,44.06,102.8,31.56,29.9,30.49,30.49,65.02,31.2,31.65,31.84,32.51,32.22,57.41,36.34,32.91,31.29,40.27,45.35,38.41,38.97,39.98,38.69,43.17,92.25
37321,43.88,101.83,31.56,29.98,30.49,30.49,65.42,31.2,31.65,31.84,32.51,32.22,57.41,36.34,32.91,31.29,40.12,45.35,38.55,38.97,39.83,38.69,43.17,91.47
37341,44.42,101.83,31.47,29.9,30.49,30.58,65.02,31.2,31.65,31.84,32.41,32.22,57.72,36.34,32.91,31.29,40.27,45.35,38.55,38.97,39.83,38.69,43.17,92.25
37360,44.42,101.83,31.56,29.9,30.49,30.49,65.02,31.2,31.65,31.84,32.51,32.22,57.72,36.22,32.91,31.29,40.27,45.16,38.55,38.97,39.98,38.69,43.17,92.25
37380,44.79,101.83,31.47,29.9,30.49,30.49,65.42,31.2,31.65,31.84,32.51,32.22,57.72,36.34,32.91,31.29,40.27,45.35,38.55,38.97,39.98,38.69,43.17,92.25
37400,44.6,101.83,31.47,29.9,30.49,30.49,65.42,31.2,31.65,31.84,32.51,32.22,58.66,36.34,32.91,31.29,40.27,45.35,38.55,38.97,39.98,38.69,43.17,92.25
37419,44.6,102.8,31.47,29.9,30.49,30.49,65.02,31.2,31.65,31.84,32.51,32.22,57.41,36.34,32.91,31.29,40.27,45.35,38.55,38.97,39.83,38.69,43.17,92.25
37439,44.97,101.83,31.56,29.9,30.49,30.49,65.42,31.2,31.65,31.84,32.51,32.22,57.11,36.22,32.91,31.29,40.27,45.35,38.55,38.97,39.98,38.69,43.17,93.05
37458,96.37,103.78,31.56,29.9,30.49,30.49,65.42,31.2,31.65,31.84,32.51,32.12,56.81,36.34,32.91,31.29,40.12,45.35,38.55,38.97,39.98,38.69,43.17,93.05
37478,100.87,104.79,31.56,29.9,30.49,30.49,65.42,31.2,31.65,31.84,32.51,32.12,57.41,36.34,32.91,31.29,40.27,45.35,38.55,38.97,39.98,38.69,43.17,93.86
37497,100.87,104.79,31.56,29.9,30.49,30.49,65.42,31.2,31.65,31.84,32.51,32.22,57.11,36.34,32.91,31.29,40.27,45.35,38.55,38.97,39.98,38.83,43.17,93.05
37517,100.87,104.79,31.56,29.9,30.49,30.49,65.42,31.2,31.65,31.84,32.51,32.12,57.11,36.34,32.91,31.29,40.27,45.35,38.55,38.83,39.98,38.69,43.17,93.05
37538,100.87,104.79,31.56,29.98,30.49,30.49,65.42,31.2,31.65,31.84,32.51,32.22,57.41,36.34,32.91,31.29,40.27,45.35,38.55,38.97,39.98,38.69,43.17,93.05
37556,99.94,103.78,31.47,29.9,30.49,30.49,65.42,31.2,31.65,31.84,32.51,32.22,57.41,36.34,32.91,31.29,40.27,45.35,38.55,38.83,39.98,38.69,43.17,93.05
37577,100.87,104.79,31.47,29.9,30.49,30.49,65.42,31.2,31.65,31.84,32.51,32.22,57.11,36.34,32.91,31.29,40.27,45.35,38.55,38.97,39.98,38.69,43.17,93.05
37595,100.87,104.79,31.47,29.9,30.49,30.49,65.42,31.2,31.65,31.84,32.51,32.22,57.41,36.34,32.91,31.29,40.27,45.35,38.55,38.97,39.98,38.69,43.17,93.05
37616,99.94,104.79,31.47,29.9,30.49,30.49,65.42,31.2,31.65,31.84,32.51,32.22,57.41,36.34,32.91,31.29,40.27,45.35,38.55,38.97,39.98,38.69,43.17,93.05
37636,99.02,104.79,31.56,29.9,30.49,30.49,65.42,31.2,31.65,31.84,32.41,32.22,57.11,36.34,32.91,31.29,40.27,45.35,38.55,38.97,39.83,38.69,43.17,92.25
37656,63.49,101.83,31.56,29.9,30.49,30.58,65.42,31.2,31.65,31.84,32.51,32.22,56.81,36.22,32.91,31.29,40.27,45.35,38.55,38.97,39.83,38.55,43.17,92.25
37675,76.55,102.8,31.56,29.9,30.49,30.49,65.02,31.2,31.65,31.84,32.51,32.22,57.41,36.34,32.91,31.29,40.27,45.35,38.55,38.97,39.98,38.69,43.17,92.25
37695,57.41,101.83,31.47,29.9,30.49,30.49,65.02,31.2,31.65,31.84,32.51,32.22,57.11,36.34,32.91,31.29,40.27,45.16,38.55,38.97,39.83,38.69,43.17,92.25
37714,67.04,101.83,31.47,29.9,30.49,30.49,65.02,31.2,31.65,31.84,32.51,32.22,56.81,36.34,32.91,31.29,40.27,45.35,38.55,38.97,39.98,38.83,43.17,91.47
37734,72.93,102.8,31.56,29.9,30.49,30.58,65.42,31.2,31.65,31.84,32.51,32.22,56.81,36.34,32.91,31.29,40.27,45.35,38.55,38.97,39.98,38.69,43.17,92.25
37753,79.95,103.78,31.47,29.9,30.49,30.49,65.42,31.2,31.65,31.84,32.51,32.22,57.11,36.34,32.91,31.29,40.12,45.16,38.55,38.97,39.98,38.69,43.17,91.47
37773,81.15,103.78,31.47,29.9,30.49,30.49,65.42,31.2,31.84,31.84,32.51,32.22,57.11,36.34,32.91,31.29,40.27,45.35,38.55,38.83,39.98,38.69,43.17,93.05
37794,65.02,102.8,31.47,29.9,30.49,30.49,65.42,31.2,32.71,31.84,32.41,32.22,57.41,36.34,32.91,31.29,40.27,45.35,38.55,38.83,39.98,38.69,43.17,91.47
37812,74.95,103.78,31.47,29.9,30.49,30.58,65.42,31.2,33.21,31.84,32.41,32.22,58.03,36.34,32.91,31.29,40.27,45.35,38.55,38.97,39.98,38.69,43.17,92.25
37833,67.88,101.83,31.56,29.9,30.49,30.49,65.42,31.2,35.27,31.84,32.51,32.12,58.34,36.34,32.91,31.29,40.27,45.35,38.55,38.97,39.98,38.69,43.17,92.25
37851,73.43,102.8,31.47,29.9,30.49,30.58,65.42,31.2,36.46,31.84,32.51,32.22,58.34,36.34,32.91,31.29,40.12,45.35,38.55,38.97,39.98,38.69,43.17,92.25
37872,65.02,102.8,31.47,29.9,30.49,30.58,65.42,31.2,38.97,31.84,32.51,32.22,58.66,36.34,32.91,31.29,40.27,45.35,38.55,38.97,39.98,38.69,43.17,93.05
37890,79.95,103.78,31.47,29.9,30.49,30.49,65.42,31.2,38.97,31.84,32.51,32.22,58.66,36.34,33.01,31.29,40.27,45.35,38.55,38.97,39.98,38.69,43.17,92.25
37910,71.01,102.8,31.56,29.9,30.49,30.49,65.42,31.2,38.97,31.84,32.51,32.22,58.34,36.34,32.91,31.29,40.27,45.16,38.41,38.97,39.98,38.69,43.17,93.05
37931,62.03,102.8,31.47,29.9,30.49,30.49,65.42,31.2,38.97,31.84,32.41,32.22,58.98,36.34,32.91,31.29,40.27,45.35,38.55,38.83,39.98,38.55,43.17,92.25
37949,61.33,102.8,31.47,29.9,30.49,30.58,65.42,31.2,38.97,31.84,32.41,32.12,58.98,36.34,32.91,31.29,40.27,45.35,38.55,38.97,39.98,38.69,43.17,93.05
37970,59.63,102.8,31.47,29.98,30.49,30.49,65.42,31.2,38.97,31.84,32.51,32.22,58.66,36.22,32.91,31.29,40.27,45.35,38.55,38.97,39.98,38.69,43.17,92.25
37988,61.33,102.8,31.56,29.9,30.49,30.49,65.42,31.2,38.97,31.84,32.41,32.22,58.34,36.34,32.91,31.29,40.27,45.35,38.55,38.97,39.98,38.69,43.17,92.25
38009,62.03,102.8,31.47,29.9,30.49,30.58,65.42,31.2,38.97,31.84,32.41,32.22,58.66,36.34,32.91,31.29,40.27,45.35,38.55,38.97,39.83,38.69,43.17,93.05
38027,60.98,102.8,31.47,29.9,30.49,30.49,65.42,31.2,38.97,31.84,32.41,32.22,58.98,36.34,32.91,31.29,40.12,45.35,38.55,38.97,39.98,38.69,43.17,93.05
38048,62.39,102.8,31.47,29.9,30.49,30.58,65.42,31.2,38.97,31.84,32.41,32.22,58.66,36.34,32.91,31.29,40.27,45.35,38.55,38.97,39.83,38.69,43.17,93.05
38068,62.75,102.8,31.47,29.9,30.49,30.49,62.03,31.2,38.97,31.84,32.41,32.22,58.66,36.34,32.91,31.29,40.27,45.35,38.55,38.97,39.98,38.69,43.17,93.05
38087,66.63,102.8,31.47,29.9,30.49,30.49,62.03,31.2,39.11,31.84,32.51,32.22,58.66,36.22,32.91,31.29,40.27,45.35,38.55,38.97,39.98,38.69,43.17,92.25
38107,71.01,102.8,31.47,29.9,30.49,30.49,62.03,31.2,39.25,31.84,32.41,32.22,58.98,36.34,32.91,31.29,40.12,45.35,38.55,38.97,39.98,38.69,43,93.05
38125,78.78,103.78,31.56,29.9,30.49,30.58,61.68,31.2,39.39,31.84,32.51,32.22,58.98,36.22,32.91,31.29,40.27,45.54,38.55,38.97,39.98,38.69,43.17,93.05
38146,93.05,103.78,31.47,29.9,30.49,30.58,62.03,31.2,39.54,31.84,32.51,32.12,58.98,36.34,32.91,31.29,40.27,45.54,38.55,38.97,39.98,38.69,43.17,93.05
38164,98.12,104.79,31.56,29.9,30.49,30.49,62.03,31.2,39.39,31.84,32.51,32.22,58.98,36.34,32.91,31.29,40.27,45.35,38.55,38.97,39.83,38.69,43.17,93.05
38185,96.37,104.79,31.56,29.98,30.49,30.49,62.03,31.2,39.39,31.84,32.51,32.22,58.98,36.22,32.91,31.29,40.27,45.35,38.55,38.83,39.98,38.69,43.17,93.05
38205,84.99,103.78,31.47,29.9,30.49,30.49,62.03,31.2,39.39,31.84,32.51,32.22,58.98,36.34,32.91,31.29,40.27,45.35,38.55,38.97,39.98,38.69,43.17,93.05
38224,88.47,102.8,31.47,29.9,30.49,30.58,62.03,31.2,39.39,31.84,32.51,32.22,58.98,36.34,32.91,31.29,40.27,45.35,38.55,38.97,39.98,38.55,43.17,93.05
38244,89.2,103.78,31.47,29.9,30.49,30.58,62.03,31.2,39.39,31.84,32.51,32.22,58.98,36.34,32.91,31.29,40.27,45.35,38.55,38.83,39.98,38.69,43.17,93.05
38263,90.7,103.78,31.47,29.98,30.49,30.49,62.03,31.2,39.39,31.84,32.51,32.12,59.31,36.34,32.91,31.29,40.12,45.35,38.55,38.97,39.98,38.69,43.17,93.05
38283,85.66,103.78,31.47,29.9,30.49,30.49,62.03,31.2,39.25,31.84,32.51,32.12,58.98,36.34,32.91,31.29,40.27,45.35,38.55,38.97,39.98,38.55,43.17,93.05
38302,78.21,102.8,31.47,29.9,30.49,30.49,62.03,31.2,39.25,31.84,32.51,32.12,58.98,36.34,32.91,31.29,40.12,45.35,38.55,38.97,39.98,38.69,43.17,93.05
38322,100.87,104.79,31.47,29.9,30.49,30.49,62.39,31.2,36.1,31.84,32.51,32.12,59.31,36.34,32.91,31.29,40.27,45.35,38.55,38.97,39.98,38.69,43.17,93.05
38343,100.87,103.78,31.47,29.9,30.49,30.49,62.03,31.2,35.98,31.84,32.41,32.22,58.98,36.34,32.91,31.29,40.27,45.35,38.55,38.97,39.98,38.69,43,93.05
38361,100.87,104.79,31.47,29.9,30.49,30.49,62.03,31.2,35.74,31.84,32.51,32.22,58.98,36.34,32.91,31.29,40.27,45.35,38.55,38.83,39.98,38.69,43.17,93.05
38381,99.94,103.78,31.47,29.9,30.49,30.49,62.03,31.2,35.98,31.84,32.51,32.22,59.31,36.34,32.91,31.29,40.12,45.35,38.55,38.97,39.98,38.69,43.17,93.05
38400,99.94,103.78,31.47,29.9,30.49,30.49,62.03,31.2,36.96,31.84,32.51,32.22,58.98,36.22,32.91,31.29,40.27,45.35,38.55,38.97,39.98,38.69,43.17,93.05
38420,84.99,103.78,31.47,29.9,30.49,30.49,62.03,31.11,36.59,31.84,32.41,32.12,58.98,36.34,32.91,31.29,40.12,45.35,38.55,38.97,39.98,38.69,43.17,92.25
38441,87.04,103.78,31.47,29.9,30.49,30.49,62.03,31.2,36.96,31.84,32.51,32.12,58.98,36.34,32.91,31.29,40.27,45.35,38.55,38.97,39.98,38.69,43.17,93.05
38459,90.7,103.78,31.47,29.9,30.49,30.49,62.03,31.2,36.46,31.84,32.51,32.22,58.98,36.34,32.91,31.29,40.12,45.35,38.55,38.97,39.98,38.69,43.17,92.25
38480,91.47,102.8,31.47,29.9,30.49,30.49,62.03,31.2,38.27,31.84,32.51,32.22,58.66,36.34,32.91,31.29,40.27,45.35,38.55,38.97,39.98,38.69,43.17,93.05
38498,92.25,103.78,31.47,29.9,30.49,30.49,62.03,31.2,37.22,31.84,32.51,32.22,58.66,36.34,32.91,31.29,40.27,45.35,38.55,38.97,39.98,38.69,43.17,92.25
38519,93.05,103.78,31.47,29.9,30.49,30.49,62.03,31.2,36.46,31.84,32.51,32.22,58.66,36.34,32.91,31.29,40.27,45.35,38.55,38.97,39.98,38.69,43.17,93.05
38537,101.83,104.79,31.47,29.9,30.49,30.49,62.03,31.2,35.86,31.84,32.51,32.22,58.98,36.34,32.91,31.29,40.27,45.35,38.55,38.97,39.98,38.69,43.17,93.05
38558,101.83,103.78,31.47,29.9,30.49,30.49,62.03,31.2,36.46,31.84,32.51,32.22,58.98,36.34,32.91,31.29,40.12,45.35,38.55,38.97,39.98,38.69,43.17,93.05
38578,101.83,104.79,31.47,29.9,30.49,30.49,62.03,31.2,36.34,31.84,32.51,32.22,58.98,36.34,32.91,31.29,40.27,45.35,38.55,38.97,39.98,38.69,43.17,93.05
38599,101.83,103.78,31.47,29.9,30.49,30.49,62.03,31.2,35.98,31.84,32.51,32.22,58.98,36.34,32.91,31.29,40.27,45.35,38.41,38.97,39.83,38.69,43.17,93.05
38617,101.83,103.78,31.47,29.9,30.49,30.49,62.03,31.2,36.22,31.84,32.41,32.22,58.98,36.34,32.91,31.29,40.27,45.35,38.55,38.97,39.98,38.69,43.17,93.05
38637,101.83,103.78,31.47,29.9,30.49,30.49,62.39,31.11,36.71,31.84,32.51,32.12,58.98,36.22,32.91,31.29,40.27,45.35,38.55,38.97,39.98,38.69,43.17,93.05
38656,101.83,104.79,31.47,29.9,30.49,30.49,62.03,31.2,36.59,31.84,32.51,32.22,59.31,36.34,32.91,31.29,40.27,45.35,38.55,38.97,39.98,38.69,43.17,93.05
38676,102.8,104.79,31.47,29.9,30.49,30.49,62.03,31.2,36.46,31.84,32.51,32.12,58.98,36.34,32.91,31.29,40.12,45.35,38.55,38.97,39.98,38.55,43.17,94.68
38697,101.83,103.78,31.47,29.9,30.49,30.49,62.03,31.2,36.34,31.84,32.51,32.22,59.31,36.34,32.91,31.29,40.27,45.35,38.55,38.97,39.98,38.83,43.17,93.05
38715,101.83,103.78,31.47,29.9,30.49,30.49,62.03,31.2,36.59,31.84,32.51,32.12,58.98,36.34,32.91,31.29,40.27,45.35,38.55,38.97,39.98,38.69,43.17,93.05
38736,101.83,104.79,31.47,29.9,30.49,30.49,62.03,31.2,37.09,31.84,32.51,32.12,58.98,36.34,32.91,31.29,40.27,45.35,38.55,38.97,39.98,38.69,43.17,93.05
38754,101.83,103.78,31.47,29.9,30.49,30.49,62.03,31.2,35.98,31.84,32.41,32.22,58.98,36.34,32.91,31.29,40.27,45.35,38.55,38.97,39.98,38.69,43.17,93.05
38775,101.83,103.78,31.47,29.9,30.49,30.49,62.03,31.2,36.1,31.84,32.41,32.12,59.31,36.34,32.91,31.29,40.12,45.35,38.55,38.97,39.98,38.69,43.17,93.05
38793,101.83,103.78,31.47,29.9,30.49,30.49,62.03,31.11,31.65,31.84,32.51,32.22,59.31,36.34,32.91,31.29,40.27,45.35,38.55,38.97,39.83,38.69,43.17,93.05
38814,100.87,104.79,31.47,29.9,30.49,30.49,62.03,31.2,31.65,31.84,32.41,32.22,59.31,36.34,32.91,31.29,40.27,45.35,38.55,38.97,39.98,38.69,43.17,93.05
38834,101.83,103.78,31.56,29.9,30.49,30.49,62.39,31.11,31.65,31.84,32.51,32.22,58.03,36.34,32.91,31.29,40.27,45.35,38.55,38.97,39.98,38.55,43,93.05
38853,101.83,103.78,31.47,29.9,30.49,30.49,62.39,31.2,31.65,31.84,32.51,32.12,58.66,36.34,32.91,31.29,40.27,45.35,38.55,38.97,39.98,38.69,43.17,92.25
38873,101.83,103.78,31.47,29.9,30.49,30.49,62.03,31.2,31.65,31.84,32.51,32.12,58.34,36.34,32.91,31.29,40.12,45.35,38.55,38.97,39.98,38.69,43.17,93.05
38891,101.83,103.78,31.47,29.9,30.49,30.49,62.39,31.2,31.65,31.84,32.41,32.22,58.98,36.34,32.91,31.29,40.27,45.35,38.55,38.97,39.98,38.69,43.17,93.05
38912,100.87,103.78,31.47,29.9,30.49,30.49,62.39,31.2,31.65,31.84,32.51,32.22,58.98,36.34,32.91,31.29,40.12,45.35,38.55,38.97,39.98,38.69,43.17,93.05
38930,99.94,104.79,31.47,29.9,30.49,30.49,62.03,31.2,31.65,31.84,32.51,32.22,58.98,36.34,32.91,31.29,40.27,45.35,38.55,38.97,39.98,38.69,43.17,93.05
38951,101.83,103.78,31.47,29.9,30.49,30.49,62.03,31.2,31.65,31.84,32.51,32.12,58.98,36.34,32.91,31.29,40.12,45.35,38.55,38.97,39.98,38.69,43.17,93.05
38971,101.83,103.78,31.47,29.9,30.49,30.49,62.39,31.2,31.65,31.84,32.51,32.12,59.31,36.34,32.91,31.29,40.27,45.35,38.55,38.97,39.98,38.69,43.17,92.25
38990,101.83,104.79,31.56,29.9,30.49,30.49,62.39,31.2,31.65,31.84,32.51,32.22,59.31,36.34,32.91,31.29,40.27,45.35,38.55,38.97,39.98,38.69,43.17,93.05
39010,101.83,103.78,31.47,29.9,30.49,30.49,62.39,31.2,31.65,31.84,32.51,32.22,59.31,36.34,32.91,31.29,40.27,45.35,38.55,38.83,39.98,38.69,43.17,93.05
39029,101.83,104.79,31.47,29.9,30.49,30.49,62.03,31.2,31.65,31.84,32.51,32.12,59.31,36.34,32.91,31.29,39.98,45.35,38.55,38.97,39.98,38.69,43.17,93.05
39049,101.83,103.78,31.47,29.9,30.49,30.49,62.39,31.11,31.65,31.84,32.41,32.22,59.31,36.34,32.91,31.29,40.12,45.35,38.55,38.97,39.98,38.69,43.17,93.05
39068,101.83,104.79,31.47,29.9,30.49,30.49,62.03,31.2,31.65,31.84,32.41,32.22,59.31,36.34,32.91,31.29,40.27,45.35,38.55,38.97,39.98,38.69,43.17,93.05
39088,101.83,104.79,31.47,29.9,30.49,30.49,62.39,31.2,31.65,31.84,32.51,32.22,59.31,36.34,32.91,31.29,40.27,45.16,38.55,38.97,39.98,38.69,43.17,93.05
39109,101.83,104.79,31.47,29.98,30.49,30.49,62.03,31.2,31.56,31.84,32.51,32.22,59.31,36.34,32.91,31.29,40.27,45.16,38.55,38.97,39.98,38.69,43.17,93.05
39127,101.83,104.79,31.47,29.98,30.49,30.49,62.39,31.2,31.65,31.84,32.41,32.22,58.98,36.34,32.91,31.29,40.27,45.35,38.55,38.97,39.98,38.69,43,93.05
39147,101.83,104.79,31.47,29.9,30.49,30.49,62.39,31.2,31.65,31.84,32.51,32.12,59.31,36.22,32.91,31.29,40.27,45.35,38.55,38.97,39.98,38.69,43.17,93.05
39166,101.83,104.79,31.47,29.9,30.49,30.49,62.39,31.2,31.65,31.84,32.51,32.22,59.31,36.34,32.91,31.29,40.27,45.35,38.55,38.97,39.98,38.69,43.17,93.05
39186,100.87,103.78,31.47,29.9,30.49,30.49,62.03,31.2,31.65,31.84,32.51,32.22,59.31,36.34,32.91,31.29,40.27,45.35,38.55,38.97,39.98,38.69,43.17,93.05
39205,101.83,104.79,31.47,29.9,30.49,30.49,62.03,31.2,31.65,31.84,32.51,32.12,58.98,36.34,32.91,31.29,40.27,45.35,38.55,38.97,39.98,38.69,43,93.05
39225,101.83,104.79,31.47,29.9,30.49,30.49,62.39,31.11,31.65,31.84,32.51,32.12,58.98,36.34,32.91,31.29,40.27,45.35,38.55,38.97,39.98,38.69,43.17,93.05
39246,101.83,104.79,31.47,29.9,30.49,30.49,62.03,31.2,31.65,31.84,32.51,32.22,58.98,36.34,32.91,31.29,40.27,45.35,38.55,38.83,39.98,38.69,43.17,93.05
39264,101.83,103.78,31.47,29.9,30.49,30.49,62.39,31.2,31.65,31.84,32.51,32.12,58.98,36.34,32.91,31.29,40.27,45.16,38.55,38.97,39.98,38.69,43.17,93.05
39285,101.83,104.79,31.47,29.9,30.49,30.49,62.39,31.2,31.65,31.84,32.51,32.22,58.98,36.22,32.91,31.29,40.27,45.35,38.55,38.97,39.83,38.69,43.17,93.05
39303,101.83,104.79,31.47,29.9,30.49,30.49,62.39,31.11,31.65,31.84,32.51,32.22,58.98,36.34,32.91,31.29,40.27,45.35,38.55,38.97,39.98,38.69,43.17,93.05
39324,101.83,103.78,31.47,29.9,30.49,30.49,62.39,31.2,31.65,31.84,32.51,32.22,59.31,36.34,32.91,31.29,40.27,45.35,38.55,38.97,39.83,38.83,43.17,93.05
39344,101.83,104.79,31.47,29.9,30.49,30.49,62.39,31.2,31.65,31.84,32.41,32.12,59.31,36.71,32.91,31.29,40.27,45.35,38.55,38.97,39.98,38.69,43,92.25
39362,100.87,103.78,31.47,29.9,30.49,30.49,62.39,31.2,31.65,31.84,32.51,32.22,58.98,36.22,32.91,31.29,40.27,45.35,38.55,38.97,39.98,38.69,43.17,93.05
39383,100.87,104.79,31.47,29.9,30.49,30.49,62.39,31.2,31.75,31.84,32.41,32.12,59.31,36.34,33.01,31.29,40.27,45.35,38.55,38.97,39.98,38.69,43.17,93.05
39401,101.83,103.78,31.47,29.9,30.49,30.49,62.39,31.2,31.65,31.84,32.51,32.22,58.66,36.22,32.91,31.29,40.27,45.35,38.55,38.97,39.98,38.69,43.17,93.05
39422,101.83,103.78,31.47,29.9,30.49,30.49,62.39,31.11,31.65,31.84,32.51,32.22,58.66,36.34,32.91,31.29,40.27,45.35,38.55,38.97,39.98,38.69,43,93.05
39440,101.83,104.79,31.47,29.9,30.49,30.49,62.39,31.2,31.65,31.84,32.51,32.12,59.31,36.34,32.91,31.29,40.27,45.35,38.55,38.97,39.98,38.69,43.17,93.05
39461,101.83,104.79,31.47,29.9,30.49,30.49,62.03,31.2,31.75,31.84,32.41,32.22,59.31,36.34,32.91,31.29,40.27,45.35,38.55,38.97,39.98,38.69,43.17,92.25
39481,100.87,104.79,31.47,29.9,30.49,30.49,62.03,31.2,31.65,31.84,32.51,32.22,58.34,36.34,32.91,31.29,40.27,45.35,38.55,38.83,39.98,38.69,43.17,93.05
39500,101.83,104.79,31.47,29.9,30.49,30.49,62.03,31.2,31.75,31.84,32.51,32.12,58.03,36.34,32.91,31.29,40.27,45.35,38.55,38.97,39.98,38.69,43.17,92.25
39520,101.83,103.78,31.47,29.9,30.49,30.49,62.03,31.2,31.75,31.84,32.51,32.22,58.03,36.34,32.91,31.29,40.27,45.35,38.55,38.97,39.98,38.69,43.17,93.05
39539,101.83,104.79,31.47,29.9,30.49,30.49,62.39,31.2,31.75,31.84,32.51,32.12,58.03,36.34,32.91,31.29,40.27,45.35,38.55,38.83,39.98,38.69,43.17,93.05
39559,101.83,103.78,31.47,29.9,30.49,30.49,62.39,31.2,31.75,31.93,32.41,32.12,58.34,36.34,32.91,31.29,40.27,45.35,38.55,38.97,39.98,38.69,43.17,93.05
39578,101.83,103.78,31.47,29.9,30.49,30.49,62.39,31.2,31.75,31.84,32.41,32.22,58.66,36.71,32.91,31.29,40.12,45.35,38.55,38.97,39.98,38.69,43.17,93.05
39598,101.83,104.79,31.47,29.9,30.49,30.49,62.03,31.11,31.75,31.84,32.51,32.22,58.98,36.71,32.91,31.29,39.98,45.35,38.55,38.83,39.83,38.69,43.17,92.25
39618,101.83,104.79,31.47,29.9,30.49,30.49,62.39,31.2,31.75,31.84,32.51,32.22,58.34,36.71,32.91,31.29,40.12,45.35,38.55,38.97,39.98,38.69,43.17,93.05
39637,101.83,104.79,31.47,29.9,30.49,30.49,62.03,31.2,31.75,31.84,32.51,32.12,57.72,36.71,32.91,31.29,40.12,45.35,38.55,38.97,39.83,38.69,43.17,93.05
39657,101.83,104.79,31.47,29.9,30.49,30.49,62.03,31.11,31.75,31.84,32.51,32.12,58.03,36.71,32.91,31.29,40.12,45.35,38.55,38.97,39.98,38.69,43.17,93.05
39676,101.83,103.78,31.47,29.9,30.49,30.49,62.03,31.2,31.84,31.93,32.41,32.12,58.03,36.71,32.91,31.29,40.27,45.35,38.55,38.97,39.83,38.69,43.17,93.05
39696,101.83,103.78,31.47,29.98,30.49,30.49,62.03,31.2,31.75,31.84,32.51,32.22,58.03,36.71,32.91,31.29,40.27,45.35,38.55,38.97,39.98,38.69,43.17,93.05
39717,101.83,104.79,31.47,29.9,30.49,30.49,62.03,31.11,31.75,31.84,32.51,32.12,58.03,36.71,32.91,31.29,40.12,45.35,38.55,38.97,39.98,38.69,43.17,93.86
39735,101.83,104.79,31.47,29.9,30.49,30.49,62.03,31.2,31.65,31.84,32.51,32.22,58.03,36.71,32.91,31.29,40.27,45.35,38.55,38.83,39.98,38.69,43.17,93.86
39756,101.83,103.78,31.47,29.9,30.49,30.49,62.03,31.2,31.75,31.84,32.51,32.22,58.03,36.71,32.91,31.29,40.27,45.35,38.55,38.83,39.98,38.55,43.17,92.25
39774,101.83,103.78,31.47,29.9,30.49,30.49,62.03,31.2,31.75,31.84,32.41,32.12,58.03,36.71,32.91,31.29,40.27,45.35,38.55,38.83,39.98,38.69,43.17,93.05
39795,101.83,103.78,31.47,29.9,30.49,30.49,62.03,31.11,31.75,31.93,32.41,32.22,58.03,36.71,32.91,31.29,40.27,45.35,38.41,38.83,39.98,38.69,43.17,93.05
39813,101.83,104.79,31.47,29.9,30.49,30.49,62.39,31.2,31.65,31.93,32.51,32.12,58.03,36.71,32.91,31.29,40.27,45.35,38.55,38.97,39.98,38.69,43.17,93.05
39834,101.83,103.78,31.47,29.9,30.49,30.49,62.39,31.2,31.65,31.84,32.41,32.12,58.03,36.71,32.91,31.29,40.27,45.35,38.55,38.97,39.98,38.69,43.17,93.05
39854,101.83,104.79,31.47,29.9,30.49,30.49,62.03,31.2,31.75,31.84,32.51,32.22,59.63,36.71,32.91,31.29,40.27,45.35,38.55,38.97,39.98,38.69,43.17,93.05
39872,102.8,104.79,31.47,29.9,30.49,30.49,62.39,31.2,31.65,31.84,32.51,32.22,61.68,36.71,32.91,31.29,40.27,45.35,38.55,38.97,39.98,38.69,43,93.05
39893,101.83,103.78,31.47,29.98,30.49,30.49,62.03,31.2,31.65,31.84,32.51,32.12,62.39,36.71,32.91,31.29,40.27,45.35,38.55,38.97,39.98,38.69,43.17,93.05
39911,101.83,104.79,31.47,29.9,30.49,30.49,62.03,31.11,31.65,31.84,32.41,32.22,62.03,36.71,32.91,31.29,40.12,45.35,38.55,38.97,39.83,38.69,43.17,93.05
39932,101.83,103.78,45.16,29.9,30.49,30.49,61.68,31.2,31.65,31.84,32.41,32.22,58.34,36.71,32.91,31.29,39.98,45.35,38.55,38.97,39.98,38.69,43.17,93.05
39950,102.8,104.79,51.89,29.9,30.49,30.49,62.39,31.11,31.65,31.84,32.51,32.22,57.72,36.71,32.91,31.29,40.27,45.35,38.55,38.97,39.98,38.55,43.17,93.05
39973,101.83,103.78,45.93,29.9,30.49,30.49,62.39,31.2,31.65,31.84,32.51,32.22,57.72,36.71,32.91,31.29,40.27,45.35,38.55,38.97,39.98,38.69,43.17,93.86
39991,102.8,104.79,53.17,29.9,30.49,30.49,62.39,31.2,31.65,31.93,32.41,32.22,58.98,36.71,32.91,31.29,40.27,45.35,38.55,38.97,39.98,38.69,43.17,93.86
40012,102.8,104.79,52.91,29.9,30.49,30.49,62.39,31.11,31.65,31.84,32.51,32.22,58.98,36.71,32.91,31.29,40.12,45.35,38.55,38.97,39.98,38.69,43.17,93.86
40032,102.8,104.79,52.14,29.9,30.49,30.49,62.39,31.2,31.75,31.84,32.41,32.12,58.98,36.71,32.91,31.29,40.27,45.35,38.55,38.97,39.98,38.69,43.17,93.05
40051,101.83,104.79,50.44,29.9,30.49,30.49,62.03,31.2,31.65,31.84,32.51,32.12,59.31,36.71,32.91,31.29,40.27,45.35,38.55,38.83,39.98,38.69,43.17,93.05
40071,102.8,104.79,44.97,29.9,30.49,30.49,62.03,31.2,31.65,31.84,32.51,32.22,59.31,36.71,32.91,31.29,40.27,45.35,38.55,38.97,39.98,38.69,43.17,93.05
40090,101.83,104.79,50.91,29.9,30.49,30.49,62.39,31.11,31.65,31.84,32.51,32.22,60.3,36.71,32.91,31.29,40.12,45.35,38.55,38.97,39.83,38.69,43.17,93.05
40110,101.83,103.78,36.22,29.9,30.49,30.49,62.03,31.2,31.65,31.84,32.51,32.22,60.3,36.59,32.91,31.29,40.27,45.54,38.55,38.97,39.98,38.69,43.17,93.05
40130,102.8,103.78,50.2,29.9,30.49,30.49,62.39,31.11,31.65,31.84,32.41,32.22,60.3,36.71,32.91,31.29,40.27,45.54,38.55,38.97,39.98,38.69,43.17,93.05
40149,101.83,104.79,31.47,29.9,30.49,30.49,62.39,31.2,31.65,31.84,32.51,32.22,59.96,36.71,32.91,31.29,40.27,45.54,38.55,38.97,39.98,38.69,43.17,93.05
40169,101.83,104.79,31.47,29.98,30.49,30.49,62.39,31.11,31.65,31.84,32.51,32.22,60.3,36.71,32.91,31.29,40.27,45.35,38.55,38.97,39.98,38.69,43.17,93.86
40188,101.83,104.79,31.47,29.9,30.49,30.49,62.39,31.2,31.65,31.93,32.51,32.12,60.3,36.71,32.91,31.29,40.27,45.35,38.55,38.97,39.98,38.69,43.17,93.05
40208,102.8,104.79,31.47,29.9,30.49,30.49,62.03,31.2,31.65,31.84,32.51,32.22,59.96,36.71,32.91,31.29,40.27,45.35,38.55,38.97,39.98,38.69,43.17,93.05
40227,101.83,103.78,43.7,29.9,30.49,30.49,62.03,31.2,31.65,31.84,32.51,32.22,60.3,36.71,32.91,31.29,40.27,45.35,38.55,38.97,39.83,38.69,43.17,93.05
40247,102.8,104.79,52.65,29.9,30.49,30.49,62.39,31.2,31.65,31.84,32.51,32.12,62.03,36.71,32.91,31.29,40.12,45.35,38.55,38.97,39.98,38.69,43.17,93.05
40268,101.83,104.79,53.43,29.9,30.49,30.49,62.39,31.11,31.65,31.84,32.51,32.12,62.75,36.71,32.91,31.29,40.27,45.35,38.55,38.97,39.83,38.69,43.17,93.05
40286,102.8,104.79,53.17,29.9,30.49,30.49,62.39,31.2,31.65,31.93,32.51,32.22,60.98,36.71,32.91,31.29,40.27,45.35,38.55,38.83,39.83,38.69,43.17,93.05
40307,101.83,104.79,31.47,29.9,30.49,30.49,62.39,31.2,34.93,31.93,32.51,32.12,60.64,36.71,32.91,31.29,40.27,45.35,38.55,38.97,39.83,38.69,43.17,92.25
40325,101.83,104.79,31.47,29.9,30.49,30.49,62.39,31.11,31.75,31.84,32.51,32.12,59.63,36.71,32.91,31.29,40.27,45.35,38.55,38.97,39.83,38.69,43.17,93.05
40346,102.8,104.79,31.47,29.9,30.49,30.49,62.39,31.2,31.65,31.84,32.51,32.12,59.63,36.71,32.91,31.29,40.27,45.35,38.55,38.97,39.98,38.69,43.17,93.05
40366,101.83,104.79,31.47,29.9,30.49,30.49,62.39,31.11,31.65,31.84,32.51,32.12,59.96,36.71,32.91,31.29,40.27,45.35,38.55,38.97,39.98,38.69,43.17,93.05
40384,101.83,104.79,31.47,29.9,30.49,30.49,62.39,31.11,31.65,31.84,32.51,32.22,59.96,36.71,32.91,31.2,40.27,45.35,38.55,38.83,39.98,38.69,43.17,93.86
40405,101.83,103.78,31.47,29.9,30.49,30.49,62.03,31.2,31.75,31.84,32.51,32.22,59.96,36.71,32.91,31.29,40.12,45.35,38.55,38.97,39.83,38.69,43.17,93.05
40423,102.8,103.78,31.47,29.9,30.49,30.49,62.03,31.2,31.65,31.93,32.51,32.22,58.66,36.71,32.91,31.29,40.27,45.35,38.55,38.83,39.98,38.69,43.17,93.05
40444,101.83,103.78,31.47,29.9,30.49,30.49,62.03,31.2,31.65,31.84,32.51,32.22,58.98,36.71,32.91,31.29,40.27,45.35,38.55,38.97,39.98,38.69,43.17,93.05
40462,101.83,104.79,31.47,29.9,30.49,30.49,62.03,31.11,32.03,31.93,32.51,32.22,59.31,36.71,32.91,31.29,40.12,45.35,38.55,38.97,39.98,38.69,43.17,93.05
40483,101.83,104.79,31.47,29.9,30.49,30.49,62.03,31.11,31.65,31.84,32.51,32.22,58.66,36.71,32.91,31.29,40.27,45.35,38.55,38.83,39.98,38.69,43.17,93.05
40503,101.83,104.79,31.47,29.9,30.49,30.49,62.03,31.2,31.75,31.84,32.51,32.22,58.66,36.71,32.91,31.29,40.27,45.35,38.55,38.97,39.98,38.69,43.17,92.25
40522,101.83,103.78,31.47,29.9,30.49,30.49,62.03,31.11,35.98,31.84,32.51,32.22,58.66,36.71,32.91,31.29,40.27,45.35,38.55,38.83,39.98,38.69,43.17,93.05
40542,101.83,103.78,31.47,29.9,30.49,30.49,62.03,31.11,39.83,31.84,32.51,32.22,58.98,36.71,32.91,31.29,40.27,45.35,38.55,38.97,39.98,38.69,43.17,93.05
40561,101.83,104.79,31.47,29.98,30.49,30.49,62.03,31.11,39.98,31.84,32.51,32.22,58.98,36.71,32.91,31.29,40.27,45.35,38.55,38.97,39.98,38.69,43.17,93.05
40581,101.83,104.79,31.47,29.9,30.49,30.49,62.39,31.2,39.54,31.93,32.51,32.22,59.31,36.71,32.91,31.29,40.27,45.35,38.55,38.97,39.83,38.69,43.17,93.86
40599,101.83,104.79,31.47,29.9,30.49,30.49,62.03,31.11,31.65,31.93,32.51,32.22,59.63,36.71,32.91,31.29,40.27,45.35,38.55,38.83,39.98,38.69,43.17,93.86
40620,101.83,103.78,31.47,29.9,30.49,30.49,62.03,31.11,31.65,31.93,32.51,32.22,59.63,36.71,32.91,31.29,40.27,45.35,38.55,38.83,39.98,38.69,43.17,93.05
40640,101.83,103.78,31.47,29.9,30.49,30.49,62.03,31.11,31.75,31.84,32.51,32.22,59.63,36.71,32.91,31.29,40.12,45.35,38.55,38.97,39.98,38.69,43.17,93.05
40659,101.83,104.79,31.47,29.9,30.49,30.49,62.03,31.11,31.84,31.84,32.41,32.12,60.3,36.22,32.91,31.29,40.27,45.35,38.55,38.97,39.98,38.69,43.17,93.05
40679,100.87,103.78,31.47,29.9,30.49,30.49,62.03,31.11,32.03,31.84,32.51,32.22,60.98,36.34,32.91,31.29,40.27,45.35,38.55,38.97,39.98,38.69,43.17,93.05
40698,101.83,104.79,31.47,29.9,30.49,30.49,62.03,31.2,32.22,31.84,32.51,32.22,60.98,36.34,32.91,31.29,40.27,45.35,38.55,38.97,39.98,38.69,43.17,93.05
40718,101.83,104.79,31.47,29.98,30.49,30.49,62.03,31.11,32.22,31.84,32.51,32.12,60.98,36.34,32.91,31.29,40.12,45.35,38.55,38.97,39.98,38.69,43.17,93.05
40737,101.83,104.79,31.47,29.9,30.49,30.49,62.03,31.11,32.22,31.84,32.51,32.22,60.98,36.22,32.91,31.29,40.27,45.35,38.55,38.97,39.83,38.69,43.17,93.05
40757,101.83,104.79,31.47,29.9,30.49,30.49,62.03,31.11,32.22,31.84,32.51,32.22,60.98,36.34,32.91,31.29,40.27,45.35,38.55,38.97,39.98,38.69,43.17,93.05
40778,101.83,103.78,31.47,29.9,30.49,30.49,62.03,31.2,32.22,31.84,32.51,32.22,60.98,36.34,32.91,31.29,40.27,45.35,38.55,38.97,39.98,38.69,43.17,93.05
40796,101.83,104.79,31.47,29.9,30.49,30.49,62.03,31.11,32.22,31.84,32.51,32.22,60.98,36.34,32.91,31.29,40.27,45.54,38.41,38.83,39.98,38.69,43,93.05
40817,100.87,103.78,31.47,29.9,30.49,30.49,62.39,31.11,32.32,31.84,32.51,32.12,63.49,36.34,32.91,31.29,40.27,45.35,38.55,38.97,39.98,38.69,43.17,93.05
40835,100.87,104.79,31.47,29.9,30.49,30.49,63.12,31.2,32.22,31.93,32.51,32.22,66.63,36.34,32.91,31.29,40.27,45.35,38.55,38.97,39.83,38.69,43.17,92.25
40855,101.83,104.79,31.47,29.9,30.49,30.49,63.87,31.11,32.32,31.84,32.41,32.12,67.04,36.34,32.91,31.29,40.27,45.35,38.55,38.97,39.98,38.69,43.17,93.05
40876,101.83,104.79,31.47,29.9,30.49,30.49,63.87,31.11,32.22,31.84,32.51,32.22,67.04,36.34,32.91,31.29,40.27,45.35,38.55,38.97,39.98,38.69,43.17,93.05
40894,101.83,104.79,31.47,29.9,30.49,30.49,63.87,31.11,32.41,31.93,32.51,32.22,67.46,36.34,32.91,31.29,40.27,45.35,38.55,38.97,39.98,38.69,43.17,93.05
40915,101.83,104.79,31.47,29.9,30.49,30.49,63.87,31.11,32.22,31.93,32.51,32.22,67.04,36.34,32.91,31.29,40.27,45.35,38.55,38.97,39.98,38.69,43.17,93.05
40933,101.83,104.79,31.47,29.9,30.49,30.49,63.87,31.11,32.22,31.84,32.51,32.22,67.04,36.34,32.91,31.29,40.27,45.35,38.55,38.97,39.98,38.69,43.17,93.05
40954,101.83,104.79,31.47,29.9,30.49,30.49,63.87,31.11,32.32,31.84,32.51,32.22,67.46,36.34,32.91,31.29,40.27,45.35,38.55,38.83,39.98,38.69,43.17,93.05
40972,101.83,103.78,31.47,29.9,30.49,30.49,63.87,31.11,32.32,31.84,32.51,32.22,61.33,36.34,32.81,31.29,40.27,45.35,38.55,38.83,39.83,38.69,43.17,93.86
40993,101.83,104.79,31.56,29.9,30.49,30.49,63.87,31.11,32.32,31.84,32.51,32.22,61.33,36.34,32.91,31.29,40.12,45.35,38.55,38.97,39.98,38.69,43.17,93.05
41013,101.83,103.78,31.56,29.9,30.49,30.49,63.87,31.2,32.22,31.84,32.51,32.22,60.98,36.34,32.91,31.29,40.27,45.35,38.55,38.83,39.98,38.69,43.17,92.25
41032,101.83,103.78,31.47,29.9,30.49,30.49,63.49,31.2,32.32,31.84,32.51,32.22,61.33,36.34,32.91,31.29,40.27,45.35,38.55,38.83,39.98,38.69,43.17,93.05
41052,101.83,103.78,31.47,29.9,30.49,30.49,63.87,31.11,32.22,31.84,32.51,32.12,61.33,36.34,32.91,31.29,40.27,45.35,38.55,38.97,39.98,38.69,43.17,93.86
41071,101.83,104.79,31.47,29.9,30.49,30.49,63.87,31.11,32.32,31.84,32.41,32.22,61.33,36.59,32.91,31.29,40.27,45.35,38.55,38.83,39.98,38.69,43.17,93.05
41091,101.83,103.78,31.47,29.9,30.49,30.49,63.87,31.2,32.22,31.93,32.51,32.22,61.33,36.46,32.91,31.29,40.27,45.35,38.55,38.97,39.98,38.69,43.17,93.05
41109,101.83,103.78,31.47,29.9,30.49,30.49,63.87,31.2,32.32,31.93,32.51,32.22,61.33,36.59,32.91,31.29,40.27,45.35,38.55,38.97,39.98,38.69,43.17,93.05
41130,101.83,104.79,31.47,29.9,30.49,30.49,63.49,31.11,32.32,31.84,32.51,32.22,61.33,36.59,32.91,31.29,40.27,45.35,38.55,38.97,39.98,38.69,43.17,93.05
41150,95.52,103.78,31.47,29.98,30.49,30.49,63.87,31.11,32.22,31.84,32.51,32.22,61.33,36.59,32.91,31.29,40.27,45.35,38.55,38.97,39.98,38.69,43.17,93.05
41169,95.52,103.78,31.47,29.9,30.49,30.49,63.87,31.11,32.32,31.84,32.51,32.22,61.68,36.46,32.91,31.29,40.27,45.54,38.55,38.97,39.98,38.69,43.17,93.05
41189,95.52,103.78,31.47,29.9,30.49,30.49,63.87,31.11,32.32,31.93,32.41,32.22,61.68,36.59,32.91,31.29,40.12,45.54,38.55,38.97,39.98,38.69,43.17,93.05
41208,95.52,103.78,31.47,29.9,30.49,30.49,63.49,31.11,32.22,31.84,32.41,32.22,62.39,36.59,32.91,31.29,40.27,45.54,38.55,38.97,39.83,38.69,43.17,93.05
41228,95.52,103.78,31.47,29.9,30.49,30.49,63.87,31.2,32.22,31.84,32.51,32.22,61.68,36.59,32.91,31.29,40.27,45.54,38.55,38.97,39.98,38.69,43.17,93.05
41249,95.52,103.78,31.47,29.9,30.49,30.49,63.87,31.2,32.22,31.84,32.51,32.22,61.68,36.59,32.91,31.29,40.27,45.35,38.55,38.97,39.98,38.69,43.17,93.05
41267,95.52,103.78,31.47,29.9,30.49,30.49,63.49,31.11,32.22,31.84,32.51,32.22,62.03,36.59,32.91,31.29,40.27,45.54,38.55,38.97,39.98,38.69,43.17,93.05
41288,95.52,104.79,31.47,29.9,30.49,30.49,63.49,31.2,32.22,31.84,32.51,32.22,61.68,36.59,32.91,31.29,40.12,45.54,38.55,38.97,39.83,38.69,43.17,93.05
41306,95.52,103.78,31.47,29.9,30.49,30.49,63.49,31.11,32.32,31.84,32.51,32.12,62.03,36.34,32.91,31.29,40.27,45.35,38.55,38.83,39.98,38.69,43.17,93.05
41327,95.52,103.78,31.47,29.9,30.49,30.49,63.87,31.11,32.22,31.84,32.51,32.22,62.03,36.34,32.91,31.29,40.27,45.54,38.55,38.97,39.98,38.69,43.17,93.05
41345,95.52,103.78,31.47,29.9,30.49,30.49,63.49,31.2,32.32,31.84,32.51,32.22,62.03,36.34,32.91,31.29,40.27,45.35,38.55,38.97,39.98,38.69,43.17,93.86
41365,102.8,103.78,31.47,29.9,30.49,30.49,63.87,31.11,32.41,31.84,32.51,32.22,62.03,36.34,32.91,31.29,40.27,45.35,38.55,38.97,39.98,38.69,43.17,93.86
41386,101.83,103.78,31.47,29.9,30.49,30.49,63.49,31.2,32.32,31.84,32.51,32.22,61.68,36.34,32.91,31.29,40.27,45.35,38.55,38.97,39.98,38.69,43.17,93.05
41404,101.83,103.78,31.47,29.9,30.49,30.49,63.49,31.11,32.32,31.84,32.41,32.22,61.68,36.34,32.91,31.29,40.27,45.35,38.55,38.97,39.98,38.69,43.17,93.05
41425,101.83,104.79,31.47,29.9,30.49,30.49,63.87,31.11,32.32,31.84,32.51,32.22,62.03,36.34,32.91,31.29,40.27,45.35,38.55,38.97,39.98,38.69,43.17,93.05
41443,101.83,103.78,31.47,29.9,30.49,30.49,63.49,31.2,32.32,31.84,32.51,32.22,62.03,36.34,32.91,31.29,40.12,45.54,38.55,38.97,39.98,38.69,43.17,93.05
41464,101.83,104.79,31.47,29.9,30.49,30.49,63.49,31.11,32.32,31.84,32.51,32.22,62.03,36.34,32.91,31.29,40.12,45.35,38.55,38.83,39.98,38.69,43.17,93.05
41482,101.83,103.78,31.47,29.9,30.49,30.49,63.49,31.2,32.32,31.84,32.51,32.22,62.39,36.34,32.91,31.29,40.27,45.35,38.55,38.83,39.98,38.69,43.17,93.05
41503,100.87,103.78,31.47,29.9,30.49,30.49,62.03,31.2,32.32,31.84,32.51,32.22,62.39,36.34,32.91,31.29,40.12,45.35,38.55,38.83,39.98,38.69,43.17,93.05
41523,101.83,103.78,31.47,29.9,30.49,30.49,62.03,31.11,32.41,31.84,32.51,32.22,61.68,36.34,32.91,31.29,40.12,45.35,38.55,38.97,39.98,38.69,43.17,93.05
41542,101.83,103.78,31.47,29.9,30.49,30.49,62.03,31.11,32.32,31.84,32.51,32.22,62.39,36.34,32.91,31.29,40.27,45.35,38.55,38.97,39.98,38.69,43,93.05
41562,101.83,103.78,31.47,29.9,30.49,30.49,62.03,31.11,32.32,31.84,32.51,32.22,62.39,36.34,32.91,31.29,40.12,45.54,38.55,38.97,39.83,38.69,43.17,93.05
41580,101.83,103.78,31.47,29.9,30.49,30.49,61.68,31.11,32.41,31.84,32.51,32.22,62.39,36.34,32.91,31.29,40.27,45.35,38.55,38.83,39.98,38.69,43.17,93.05
41601,101.83,103.78,31.47,29.9,30.49,30.49,62.03,31.11,32.41,31.84,32.51,32.12,62.39,36.34,32.91,31.29,40.27,45.35,38.55,38.83,39.98,38.69,43.17,93.05
41621,101.83,103.78,31.47,29.9,30.49,30.49,61.68,31.2,32.32,31.84,32.51,32.22,62.39,36.34,32.91,31.29,40.27,45.35,38.55,38.97,39.98,38.69,43.17,92.25
41640,101.83,103.78,31.47,29.9,30.49,30.49,62.03,31.2,32.32,31.84,32.41,32.22,62.39,36.34,32.91,31.2,40.27,45.54,38.55,38.97,39.98,38.69,43.17,93.05
41660,101.83,103.78,31.47,29.9,30.49,30.49,62.03,31.11,32.41,31.84,32.51,32.12,62.39,36.34,32.91,31.29,40.27,45.54,38.55,38.97,39.83,38.69,43.17,93.05
41679,101.83,103.78,31.47,29.9,30.49,30.49,62.03,31.11,32.41,31.84,32.51,32.12,62.03,36.34,32.91,31.29,40.12,45.35,38.55,38.83,39.98,38.69,43,93.86
41699,101.83,103.78,31.47,29.9,30.49,30.49,62.03,31.2,32.32,31.84,32.51,32.12,62.03,36.22,32.91,31.29,40.27,45.35,38.55,38.83,39.98,38.69,43.17,93.05
41718,100.87,103.78,31.47,29.98,30.49,30.49,62.03,31.2,32.41,31.84,32.51,32.12,62.03,36.34,32.91,31.29,40.27,45.54,38.55,38.97,39.98,38.69,43.17,93.05
41738,101.83,103.78,32.03,29.9,30.49,30.49,62.03,31.2,32.41,31.84,32.41,32.12,62.39,36.34,32.91,31.29,40.27,45.35,38.55,38.97,39.98,38.69,43.17,93.05
41759,101.83,104.79,37.74,29.98,30.49,30.49,62.03,31.11,32.32,31.84,32.41,32.22,62.39,36.34,32.91,31.29,40.12,45.54,38.55,38.97,39.98,38.69,43.17,93.05
41777,101.83,103.78,35.98,29.98,30.49,30.49,62.03,31.11,32.32,31.84,32.51,32.22,62.39,36.34,32.91,31.29,40.12,45.54,38.55,38.83,39.83,38.69,43.17,93.05
41798,101.83,103.78,31.47,29.9,30.49,30.49,62.03,31.2,32.32,31.84,32.41,32.22,61.68,36.34,32.91,31.29,40.27,45.54,38.55,38.97,39.98,38.69,43.17,93.05
41816,101.83,104.79,31.47,29.9,30.49,30.49,62.03,31.2,32.32,31.84,32.51,32.22,61.68,36.34,32.91,31.29,40.27,45.35,38.55,38.83,39.98,38.69,43,92.25
41836,101.83,103.78,31.47,29.9,30.49,30.49,62.03,31.2,32.32,31.84,32.41,32.12,61.33,36.34,32.91,31.29,40.27,45.54,38.55,38.97,39.98,38.69,43.17,93.86
41855,101.83,104.79,31.47,29.9,30.49,30.49,62.03,31.11,32.32,31.84,32.51,32.22,61.33,36.34,32.91,31.29,40.27,45.54,38.55,38.97,39.98,38.69,43.17,92.25
41875,101.83,103.78,31.47,29.9,30.49,30.49,62.03,31.2,32.32,31.84,32.51,32.12,61.33,36.34,32.91,31.29,40.27,45.54,38.55,38.97,39.98,38.69,43.17,93.86
41896,100.87,104.79,31.47,29.9,30.49,30.49,62.03,31.11,32.32,31.84,32.51,32.22,61.68,36.34,32.91,31.2,40.27,45.35,38.55,38.97,39.98,38.69,43.17,93.05
41914,101.83,103.78,31.47,29.98,30.49,30.49,62.03,31.2,32.41,31.84,32.51,32.22,62.03,36.34,32.91,31.29,40.27,45.35,38.55,38.97,39.98,38.69,43,93.86
41935,101.83,103.78,31.47,29.9,30.49,30.49,62.39,31.2,32.41,31.84,32.51,32.22,62.03,36.34,32.91,31.29,40.27,45.35,38.55,38.83,39.98,38.69,43.17,93.05
41953,101.83,104.79,31.47,29.9,30.49,30.49,62.39,31.11,32.41,31.84,32.41,32.22,62.03,36.34,32.91,31.29,40.12,45.35,38.55,38.97,39.98,38.69,43.17,93.05
41974,100.87,104.79,31.47,29.9,30.49,30.49,62.39,31.2,32.51,31.84,32.41,32.22,62.39,36.34,32.91,31.29,39.98,45.54,38.55,38.97,39.98,38.69,43.17,93.05
41994,101.83,104.79,31.47,29.9,30.49,30.49,62.39,31.2,32.41,31.84,32.51,32.22,64.25,36.34,32.91,31.29,40.27,45.54,38.55,38.97,39.98,38.69,43.17,93.05
42013,101.83,104.79,31.47,29.9,30.49,30.58,62.39,31.2,32.41,31.84,32.51,32.22,64.63,36.34,32.91,31.29,40.27,45.35,38.55,38.97,39.98,38.69,43.17,93.05
42033,101.83,104.79,31.47,29.9,30.49,30.58,62.03,31.11,32.32,31.84,32.51,32.22,65.02,36.34,32.91,31.29,40.27,45.54,38.55,38.97,39.98,38.69,43.17,93.05
42051,100.87,103.78,31.47,29.9,30.49,30.58,62.03,31.11,32.32,31.84,32.51,32.22,65.02,36.34,32.91,31.29,40.27,45.54,38.55,38.97,39.98,38.69,43.17,93.05
42072,48.19,101.83,31.47,29.9,30.49,30.49,62.03,31.11,32.32,31.84,32.51,32.12,64.63,36.34,32.91,31.29,40.27,45.54,38.41,38.97,39.98,38.69,43.17,93.05
42090,74.44,102.8,31.47,29.9,30.49,30.58,62.03,31.11,32.32,31.84,32.51,32.22,64.63,36.34,32.91,31.29,40.27,45.54,38.55,38.97,39.98,38.69,43.17,93.05
42111,90.7,103.78,31.47,29.9,30.49,30.49,62.39,31.11,32.32,31.84,32.41,32.22,65.02,36.34,32.91,31.29,40.12,45.54,38.55,38.97,39.98,38.69,43.17,93.05
42131,93.05,103.78,31.47,29.9,30.49,30.49,62.39,31.11,32.41,31.93,32.51,32.12,65.02,36.34,32.91,31.29,40.12,45.54,38.41,38.97,39.98,38.69,43.17,93.05
42150,94.68,103.78,31.47,29.9,30.49,30.58,62.39,31.2,32.41,31.84,32.51,32.12,65.02,36.34,32.91,31.29,40.27,45.54,38.55,38.97,39.98,38.69,43.17,93.05
42170,83.03,103.78,31.47,29.9,30.49,30.58,62.39,31.11,32.41,31.93,32.51,32.12,65.02,36.34,32.91,31.29,40.27,45.54,38.55,38.97,39.83,38.69,43.17,93.05
42189,74.44,102.8,31.47,29.98,30.49,30.58,62.39,31.2,32.41,31.93,32.51,32.22,65.02,36.34,32.91,31.29,40.12,45.54,38.55,38.97,39.98,38.69,43.17,93.05
42209,77.65,102.8,31.47,29.9,30.49,30.58,62.39,31.11,32.41,31.93,32.51,32.22,65.02,36.34,32.91,31.29,40.27,45.54,38.55,38.97,39.98,38.69,43.17,93.05
42228,84.32,103.78,31.47,29.9,30.49,30.58,62.39,31.2,32.41,31.84,32.51,32.22,65.02,36.34,32.91,31.29,40.27,45.54,38.55,38.97,39.98,38.69,43.17,93.05
42248,93.05,104.79,31.56,29.98,30.49,30.58,62.39,31.11,32.32,31.84,32.51,32.22,64.63,36.34,32.91,31.29,40.12,45.54,38.55,38.97,39.98,38.69,43.17,92.25
42269,63.49,102.8,31.47,29.9,30.49,30.58,62.39,31.2,32.32,31.93,32.41,32.22,65.02,36.34,32.91,31.29,40.27,45.54,38.55,38.97,39.83,38.69,43.17,93.05
42287,93.86,104.79,31.47,29.9,30.49,30.58,62.39,31.11,32.41,31.84,32.51,32.22,64.63,36.34,32.91,31.29,40.27,45.54,38.55,38.97,39.98,38.69,43.17,93.05
42307,92.25,104.79,31.47,29.9,30.49,30.58,62.39,31.2,32.41,31.93,32.51,32.12,65.02,36.34,32.91,31.29,40.27,45.54,38.55,38.97,39.98,38.69,43.17,93.05
42326,92.25,103.78,31.47,29.98,30.49,30.49,62.39,31.11,32.41,31.93,32.51,32.22,65.02,36.34,33.01,31.2,40.27,45.54,38.55,38.97,39.98,38.69,43.17,93.86
42346,93.05,104.79,31.47,29.9,30.49,30.58,62.39,31.2,32.41,31.93,32.51,32.22,65.02,36.34,33.01,31.29,40.27,45.54,38.55,38.97,39.98,38.69,43.17,92.25
42367,93.05,103.78,31.47,29.9,30.49,30.58,62.39,31.11,32.41,31.93,32.51,32.22,65.02,36.34,32.91,31.29,40.27,45.54,38.55,38.83,39.98,38.69,43.17,93.05
42385,93.05,103.78,31.47,29.9,30.49,30.58,62.39,31.11,32.51,31.93,32.51,32.22,65.02,36.34,32.91,31.29,40.27,45.54,38.55,38.97,39.98,38.69,43.17,92.25
42406,92.25,102.8,31.47,29.98,30.49,30.58,62.39,31.11,32.51,31.93,32.51,32.22,65.02,36.34,32.91,31.29,40.27,45.54,38.55,38.97,39.98,38.69,43.17,93.05
42424,93.05,103.78,31.47,29.98,30.49,30.58,62.39,31.2,32.51,31.84,32.51,32.22,65.02,36.34,32.91,31.29,40.12,45.54,38.55,38.97,39.98,38.69,43.17,93.05
42445,95.52,104.79,31.47,29.98,30.49,30.58,62.39,31.11,32.41,31.93,32.51,32.22,65.02,36.22,32.91,31.29,40.27,45.54,38.55,38.97,39.98,38.69,43.17,93.86
42463,95.52,104.79,31.47,29.98,30.49,30.58,62.39,31.11,32.51,31.84,32.51,32.12,65.02,36.34,32.91,31.29,40.27,45.54,38.55,38.97,39.98,38.55,43.17,93.05
42484,96.37,104.79,31.47,29.9,30.49,30.58,62.39,31.2,32.61,31.84,32.51,32.22,65.02,36.34,32.91,31.29,40.27,45.54,38.55,38.97,39.98,38.69,43.17,93.05
42504,96.37,104.79,31.47,29.9,30.49,30.58,62.39,31.2,32.61,31.84,32.51,32.22,65.02,36.34,32.91,31.29,40.12,45.54,38.55,38.97,39.98,38.69,43.17,93.05
42523,96.37,104.79,31.47,29.98,30.49,30.58,62.39,31.11,32.61,31.84,32.41,32.22,65.02,36.34,32.91,31.29,40.27,45.54,38.55,38.97,39.98,38.69,43.17,93.05
42543,96.37,104.79,31.47,29.9,30.49,30.58,62.39,31.11,32.61,31.93,32.51,32.22,65.02,36.34,32.91,31.29,40.27,45.54,38.55,38.97,39.98,38.69,43.17,93.05
42561,96.37,104.79,31.56,29.98,30.49,30.58,62.39,31.11,32.61,31.84,32.51,32.22,65.02,36.34,32.91,31.29,40.12,45.35,38.55,38.97,39.98,38.69,43.17,93.05
42582,96.37,103.78,31.47,29.98,30.49,30.58,62.39,31.11,32.51,31.84,32.51,32.22,65.02,36.34,32.91,31.29,40.27,45.54,38.55,38.97,39.98,38.69,43,91.47
42600,96.37,104.79,31.47,29.9,30.49,30.58,62.39,31.11,32.51,31.84,32.51,32.22,65.02,36.22,32.91,31.29,40.27,45.54,38.55,38.97,39.98,38.69,43.17,93.05
42621,96.37,104.79,31.47,29.98,30.49,30.49,62.39,31.2,32.51,31.84,32.51,32.22,65.02,36.34,32.91,31.29,40.27,45.54,38.55,38.83,39.98,38.69,43.17,93.05
42641,96.37,104.79,31.47,29.9,30.49,30.49,62.39,31.2,32.61,31.84,32.51,32.22,65.02,36.34,32.91,31.29,40.27,45.54,38.55,38.97,39.98,38.69,43.17,93.05
42660,96.37,103.78,31.47,29.9,30.49,30.49,62.39,31.2,32.51,31.84,32.51,32.22,65.02,36.22,32.91,31.29,40.12,45.54,38.55,38.97,39.98,38.69,43.17,93.05
42680,84.99,103.78,31.47,29.98,30.49,30.49,62.39,31.11,32.41,31.84,32.51,32.22,65.02,36.34,32.91,31.29,40.27,45.54,38.55,38.97,39.98,38.69,43.17,93.05
42699,78.21,103.78,31.47,29.9,30.49,30.58,62.39,31.2,32.61,31.84,32.51,32.22,65.02,36.22,32.91,31.29,40.27,45.54,38.55,38.97,39.98,38.69,43.17,93.05
42719,78.21,103.78,31.47,29.9,30.49,30.58,62.39,31.2,32.41,31.84,32.51,32.12,65.02,36.34,32.91,31.29,40.27,45.54,38.55,38.97,39.83,38.69,43,93.05
42740,80.55,103.78,31.47,29.9,30.49,30.49,62.39,31.2,32.51,31.84,32.51,32.22,65.02,36.34,32.91,31.29,40.27,45.54,38.55,38.97,39.98,38.69,43.17,93.05
42758,85.66,103.78,31.47,29.98,30.49,30.58,62.39,31.2,32.51,31.84,32.51,32.12,65.02,36.34,32.91,31.29,40.27,45.54,38.55,38.97,39.98,38.69,43.17,93.05
42779,93.86,104.79,31.47,29.98,30.49,30.58,62.39,31.2,32.61,31.84,32.51,32.22,65.02,36.22,32.91,31.2,40.27,45.54,38.55,38.97,39.98,38.69,43.17,93.05
42797,93.86,104.79,31.47,29.98,30.49,30.58,62.39,31.11,32.51,31.84,32.41,32.12,65.02,36.34,32.91,31.29,40.27,45.35,38.55,38.97,39.98,38.69,43.17,92.25
42817,93.05,104.79,31.47,29.9,30.49,30.49,62.39,31.2,32.51,31.93,32.51,32.22,65.02,36.34,32.91,31.29,40.27,45.54,38.55,38.97,39.98,38.69,43.17,93.86
42836,94.68,103.78,31.47,29.98,30.49,30.58,62.39,31.2,32.61,31.93,32.51,32.12,64.63,36.34,32.91,31.29,40.27,45.54,38.55,38.97,39.98,38.69,43.17,93.05
42856,94.68,104.79,31.47,29.98,30.49,30.58,62.39,31.2,32.61,31.93,32.51,32.22,65.02,36.22,32.91,31.29,40.27,45.54,38.55,38.97,39.98,38.69,43.17,93.05
42877,93.86,104.79,31.47,29.9,30.49,30.58,62.39,31.11,32.61,31.93,32.51,32.22,65.02,36.34,32.91,31.29,40.12,45.54,38.55,38.97,39.98,38.69,43.17,93.05
42895,94.68,104.79,31.47,29.9,30.49,30.58,62.39,31.2,32.61,31.84,32.51,32.22,65.02,36.34,32.91,31.29,40.27,45.54,38.55,38.97,39.98,38.69,43.17,93.05
42916,94.68,103.78,31.47,29.9,30.49,30.49,62.39,31.2,32.61,31.84,32.51,32.12,65.02,36.22,32.91,31.29,40.27,45.35,38.55,38.97,39.98,38.69,43.17,93.05
42934,95.52,103.78,31.47,29.98,30.49,30.58,62.39,31.11,32.61,31.84,32.51,32.22,65.02,36.34,32.91,31.29,39.98,45.54,38.55,38.97,39.98,38.69,43.17,93.05
42955,97.24,104.79,31.47,29.9,30.49,30.58,62.03,31.2,32.61,31.84,32.51,32.22,65.02,36.34,32.91,31.2,40.27,45.54,38.55,38.97,39.98,38.69,43.17,93.05
42973,97.24,104.79,31.47,29.98,30.49,30.58,62.39,31.2,32.51,31.93,32.51,32.22,65.02,36.34,32.91,31.29,40.12,45.54,38.55,38.97,39.98,38.69,43.17,93.05
42994,97.24,104.79,31.47,29.9,30.49,30.58,62.39,31.11,32.51,31.84,32.51,32.22,65.02,36.22,32.91,31.29,40.12,45.54,38.55,38.97,39.98,38.69,43.17,93.05
43014,97.24,103.78,31.47,29.9,30.49,30.58,62.39,31.2,32.51,31.84,32.51,32.12,65.02,36.34,32.91,31.29,40.27,45.54,38.55,38.97,39.98,38.55,43.17,93.05
43032,96.37,104.79,31.47,29.98,30.49,30.58,62.39,31.11,32.51,31.93,32.51,32.22,65.02,36.34,32.91,31.29,40.27,45.54,38.69,38.97,39.98,38.69,43.17,93.05
43053,93.86,103.78,31.47,29.9,30.49,30.58,62.39,31.11,32.51,31.93,32.51,32.12,65.42,36.34,32.91,31.29,40.12,45.54,38.55,38.97,39.98,38.69,43.17,93.05
43071,80.55,103.78,31.47,29.9,30.49,30.49,62.39,31.2,32.61,31.84,32.51,32.22,65.02,36.34,33.01,31.29,40.27,45.54,38.55,38.97,39.83,38.69,43.17,93.05
43092,95.52,103.78,31.47,29.9,30.49,30.49,62.39,31.11,33.52,31.93,32.51,32.22,65.02,36.34,33.01,31.29,39.98,45.54,38.55,38.97,39.98,38.69,43.17,93.05
43112,94.68,102.8,31.47,29.98,30.49,30.49,62.39,31.2,31.93,31.93,32.51,32.22,65.02,36.34,32.91,31.29,40.27,45.54,38.55,38.97,39.83,38.69,43.17,93.05
43131,94.68,102.8,31.47,29.9,30.49,30.49,62.39,31.2,31.56,31.93,32.51,32.22,65.02,36.34,33.01,31.29,40.12,45.54,38.55,39.11,39.98,38.69,43.17,93.05
43151,94.68,103.78,31.47,29.9,30.49,30.49,62.03,31.11,31.38,31.84,32.51,32.22,65.02,36.34,32.91,31.29,40.27,45.54,38.55,38.97,39.98,38.69,43.17,93.05
43170,95.52,103.78,31.47,29.9,30.49,30.49,62.39,31.11,31.38,31.93,32.51,32.22,65.02,36.34,32.91,31.29,40.27,45.54,38.55,38.97,39.98,38.69,43.17,93.05
43190,95.52,103.78,31.47,29.9,30.49,30.49,62.39,31.11,31.38,31.84,32.51,32.12,65.02,36.34,32.91,31.29,40.12,45.54,38.55,38.97,39.98,38.69,43.17,93.05
43209,94.68,103.78,31.47,29.98,30.49,30.49,62.39,31.11,31.38,31.84,32.51,32.22,65.02,36.34,32.91,31.29,40.27,45.54,38.55,39.11,39.98,38.69,43.17,93.05
43229,94.68,103.78,31.47,29.9,30.49,30.49,61.68,31.11,31.38,31.84,32.51,32.22,65.02,36.34,32.91,31.29,40.27,45.54,38.55,38.97,39.98,38.69,43.17,93.05
43250,94.68,103.78,31.47,29.9,30.49,30.49,61.68,31.11,31.65,31.93,32.51,32.22,65.02,36.34,32.91,31.29,40.12,45.54,38.55,38.97,39.98,38.55,43,92.25
43268,94.68,103.78,31.47,29.98,30.49,30.49,61.68,31.11,32.12,31.84,32.51,32.12,65.02,36.34,32.91,31.29,40.27,45.54,38.55,39.11,39.98,38.69,43.17,93.05
43288,94.68,103.78,31.47,29.9,30.49,30.49,61.68,31.11,32.12,31.84,32.41,32.12,65.02,36.34,32.91,31.29,40.27,45.54,38.69,38.97,39.83,38.69,43.17,93.05
43307,94.68,103.78,31.56,29.98,30.49,30.49,61.68,31.11,32.22,31.84,32.51,32.22,65.02,36.34,32.91,31.29,40.27,45.35,38.55,38.97,39.98,38.69,43,93.05
43327,94.68,104.79,31.47,29.9,30.49,30.49,61.68,31.11,32.41,31.93,32.51,32.22,65.42,36.34,32.91,31.29,40.27,45.54,38.55,38.97,39.98,38.69,43,93.05
43346,94.68,103.78,31.47,29.9,30.49,30.49,61.68,31.11,32.71,31.93,32.51,32.22,65.42,36.22,32.91,31.29,40.27,45.54,38.55,38.97,39.98,38.69,43,93.05
43366,94.68,102.8,31.47,29.98,30.4,30.49,61.68,31.11,32.71,31.84,32.51,32.22,65.42,36.34,32.91,31.29,40.27,45.54,38.55,38.97,39.98,38.69,43.17,93.05
43387,99.02,103.78,31.47,29.98,30.49,30.49,61.68,31.11,32.71,31.84,32.51,32.12,65.02,36.34,32.91,31.29,40.27,45.54,38.69,38.97,39.98,38.69,43,92.25
43405,99.94,103.78,31.47,29.98,30.49,30.49,61.68,31.11,32.51,31.84,32.51,32.12,65.42,36.34,32.91,31.29,40.27,45.54,38.55,38.97,39.98,38.69,43.17,93.05
43426,100.87,104.79,31.47,29.98,30.49,30.49,61.33,31.11,31.56,31.84,32.51,32.22,65.42,36.34,32.91,31.29,40.27,45.54,38.55,39.11,39.98,38.69,43.17,93.05
43444,101.83,103.78,31.47,29.9,30.49,30.4,62.39,31.11,31.47,31.84,32.51,32.22,65.02,36.34,32.91,31.29,40.27,45.54,38.55,39.11,39.98,38.69,43.17,93.05
43465,98.12,103.78,31.47,29.98,30.49,30.49,62.39,31.11,31.38,31.84,32.51,32.22,64.63,36.34,32.91,31.29,40.27,45.74,38.55,39.11,39.98,38.69,43.17,93.05
43485,95.52,103.78,31.47,29.98,30.49,30.49,62.39,31.11,31.38,31.84,32.51,32.22,65.02,36.34,32.91,31.29,40.27,46.73,38.55,39.11,39.98,38.69,43.17,93.05
43504,94.68,102.8,31.47,29.98,30.49,30.49,36.71,31.11,31.38,31.84,32.51,32.12,65.02,36.34,32.91,31.29,39.98,47.13,38.55,39.11,39.98,38.69,43.17,82.39
43524,95.52,103.78,31.47,29.98,30.49,30.49,61.68,31.11,31.38,31.84,32.51,32.22,65.02,36.22,32.91,31.29,40.27,46.93,38.55,39.11,39.98,38.69,43.17,81.77
43542,95.52,103.78,31.47,29.98,30.49,30.49,62.03,31.11,31.29,31.84,32.41,32.22,65.02,36.34,32.91,31.29,40.27,46.93,38.55,39.11,39.98,38.55,43.17,89.95
43563,95.52,103.78,31.47,29.98,30.49,30.49,62.03,31.11,31.38,31.84,32.51,32.22,65.02,36.34,32.91,31.29,40.12,46.93,38.55,39.11,39.98,38.69,43.35,82.39
43581,95.52,103.78,31.47,29.98,30.49,30.4,62.03,31.11,31.38,31.65,32.51,32.12,64.63,36.22,32.91,31.29,40.27,46.93,38.55,39.11,39.98,38.69,43.17,82.39
43602,80.55,102.8,31.47,29.98,30.49,30.49,59.63,31.11,31.47,31.65,32.51,32.22,64.63,36.22,32.91,31.29,40.27,46.93,38.41,39.11,39.98,38.69,43.17,81.77
43622,56.51,101.83,31.47,29.98,30.49,30.49,40.58,31.11,31.38,31.75,32.51,32.22,64.63,36.34,32.91,31.29,40.27,46.93,38.41,38.97,39.83,38.69,43.17,81.15
43643,57.11,100.87,31.47,29.98,30.49,30.49,45.35,31.11,31.29,31.75,32.51,32.22,41.67,36.34,32.91,31.29,40.27,47.13,38.41,38.97,39.98,38.69,43.35,81.77
43661,56.51,100.87,31.47,29.98,30.49,30.58,44.6,31.11,31.2,31.75,32.51,32.22,41.67,36.34,33.01,31.29,40.27,47.13,38.41,39.11,39.98,38.55,43.35,81.77
43682,59.31,100.87,31.47,29.98,30.49,30.58,33.01,31.11,31.2,31.75,32.41,32.22,41.84,36.34,32.91,31.29,39.98,47.13,38.41,39.11,39.98,38.55,43.35,81.77
43700,57.11,100.87,31.47,29.98,30.49,30.58,33.31,31.11,31.2,31.75,32.51,32.12,39.25,36.34,33.01,31.29,40.12,47.13,38.41,39.11,39.98,38.69,43.35,81.77
43721,62.39,100.87,31.56,29.98,30.49,30.58,33.21,31.11,31.2,31.84,32.51,32.12,39.39,36.34,33.01,31.2,40.27,47.13,38.55,39.11,39.98,38.69,43.35,81.77
43741,70.09,102.8,31.47,29.98,30.49,30.58,42.16,31.11,31.2,31.84,32.51,32.22,40.43,36.22,33.01,31.29,40.27,45.74,38.41,39.11,39.98,38.55,43.35,81.77
43760,93.05,103.78,31.47,30.07,30.49,30.58,47.76,31.11,31.2,31.84,32.51,32.12,41.04,36.34,33.01,31.29,40.12,45.74,38.41,39.11,39.98,38.55,43.35,81.15
43780,43,99.94,31.56,29.98,30.49,30.66,47.76,31.02,31.2,31.93,32.51,32.12,40.88,36.34,33.01,31.2,40.27,45.93,38.41,39.11,39.83,38.55,43.52,81.15
43798,41.84,99.94,31.47,30.07,30.49,30.66,45.74,31.11,31.2,31.93,32.51,32.12,41.35,36.34,33.01,31.2,40.27,45.74,38.41,38.97,39.98,38.55,43.52,89.95
43819,98.12,103.78,31.56,29.98,30.49,30.66,60.3,31.11,31.29,31.93,32.51,32.12,41.35,36.34,33.01,31.29,40.12,45.74,38.41,39.11,40.12,38.55,43.52,90.7
43837,39.54,100.87,31.56,29.98,30.49,30.66,42.49,31.11,31.2,31.93,32.51,32.12,41.67,36.34,33.01,31.2,40.27,45.93,38.55,39.11,39.98,38.69,43.52,89.95
43858,38.97,100.87,31.56,29.9,30.49,30.66,33.11,31.11,31.29,31.84,32.51,32.12,41.51,36.34,33.01,31.29,40.12,45.93,38.41,39.11,40.12,38.69,43.7,89.95
43878,40.27,100.87,31.65,29.82,30.49,30.66,43.52,31.11,31.29,31.93,32.51,32.12,43.35,36.1,33.11,31.2,39.98,45.54,38.55,39.11,40.12,38.69,43.7,86.35
43897,38.55,99.94,31.84,29.73,30.49,30.66,32.32,31.11,31.2,31.84,32.51,32.12,44.42,35.86,33.11,31.2,40.27,45.54,38.55,39.11,40.12,38.69,43.7,84.32
43917,38.83,99.94,31.84,29.73,30.49,30.75,32.32,31.11,31.29,31.93,32.51,32.12,44.6,35.98,33.11,31.2,40.27,45.54,38.55,38.97,40.12,38.69,43.7,87.75
43936,39.54,99.94,31.84,29.73,30.49,30.75,32.32,31.11,31.29,31.93,32.51,32.12,42.49,36.34,33.11,31.2,40.27,45.93,38.41,39.11,40.12,38.55,43.52,89.95
43956,38.55,100.87,31.84,29.82,30.58,30.75,32.91,31.11,31.38,32.03,32.51,32.12,41.84,36.34,33.11,31.2,40.27,46.13,38.55,39.11,40.12,38.55,43.52,90.7
43977,56.51,100.87,31.65,29.82,30.58,30.75,33.01,31.11,31.38,32.03,32.51,32.12,41.35,36.22,33.11,31.2,39.98,46.13,38.41,39.11,40.12,38.55,43.7,89.95
43997,66.22,100.87,31.65,29.82,30.58,30.75,32.81,31.11,31.38,32.03,32.51,32.12,41.2,36.22,33.11,31.2,40.12,46.13,38.41,39.25,40.27,38.69,43.7,90.7
44016,43.35,100.87,31.75,29.82,30.58,30.75,32.81,31.11,31.29,31.93,32.51,32.12,41.04,36.22,33.11,31.2,39.83,46.13,38.41,39.25,40.12,38.69,43.7,89.95
44036,63.87,99.94,31.75,29.82,30.58,30.75,32.91,31.11,31.29,31.93,32.51,32.12,41.51,36.22,33.11,31.2,40.27,46.13,38.55,39.25,40.27,38.69,43.7,89.95
44054,40.27,99.94,31.65,29.73,30.58,30.75,33.01,31.11,31.2,31.93,32.51,32.12,40.43,36.22,33.01,31.2,40.27,46.13,38.55,39.25,40.27,38.69,43.7,89.95
44075,38.69,100.87,31.84,29.73,30.58,30.75,32.81,31.11,31.2,31.93,32.51,32.12,41.04,36.22,33.11,31.2,40.27,45.93,38.41,39.25,40.27,38.69,43.7,90.7
44093,37.61,99.94,31.84,29.73,30.58,30.75,32.91,31.11,31.29,31.93,32.51,32.12,41.35,36.22,33.01,31.2,40.12,46.13,38.55,39.25,40.12,38.69,43.7,90.7
44114,37.87,100.87,31.84,29.82,30.58,30.75,32.91,31.11,31.29,31.93,32.51,32.12,42.33,36.22,33.11,31.2,39.98,46.13,38.55,39.11,40.27,38.69,43.7,89.95
44134,41.84,90.7,31.84,29.82,30.49,30.75,32.12,31.11,31.29,31.93,32.51,32.12,42.49,36.22,33.11,31.2,40.12,46.13,38.55,39.25,40.27,38.69,43.7,90.7
44153,37.48,100.87,31.84,29.82,30.49,30.75,32.22,31.11,31.29,31.93,32.51,32.12,41.84,36.22,33.11,31.2,40.27,45.35,38.41,39.25,40.27,38.69,43.88,89.95
44173,41.84,100.87,31.84,29.82,30.49,30.75,32.12,31.11,31.29,31.93,32.51,32.12,41.67,36.22,33.11,31.2,40.12,46.52,38.55,39.25,40.27,38.69,43.88,90.7
44192,38.01,100.87,31.84,29.73,30.49,30.75,32.12,31.02,31.2,31.93,32.51,32.12,42,36.22,33.11,31.2,40.27,46.13,38.55,39.25,40.27,38.69,43.88,90.7
44212,37.87,100.87,31.65,29.73,30.49,30.75,32.22,31.02,31.2,31.93,32.51,32.12,40.27,36.22,33.11,31.11,40.27,45.74,38.55,39.25,40.27,38.69,43.7,81.15
44231,55.35,99.02,31.56,29.73,30.49,30.75,32.51,31.02,31.2,31.84,32.51,32.12,39.54,36.22,33.11,31.11,40.12,45.35,38.69,39.25,40.27,38.55,43.7,81.15
44251,37.61,91.47,31.56,29.73,30.49,30.75,32.81,31.02,31.2,31.84,32.51,32.12,39.54,36.22,33.11,31.2,40.27,44.97,38.55,39.25,40.43,38.69,43.88,89.2
44272,39.54,57.11,31.84,29.73,30.49,30.75,32.12,31.02,31.2,31.84,32.51,32.12,39.68,36.22,33.11,31.2,40.27,44.97,38.69,39.25,40.27,38.69,43.88,83.03
44290,93.86,102.8,31.84,29.73,30.49,30.75,32.12,31.02,31.2,31.75,32.51,32.12,39.68,36.22,33.11,31.11,40.12,45.35,38.69,39.39,40.27,38.69,43.88,90.7
44310,37.61,99.94,31.84,29.73,30.49,30.75,32.12,31.02,31.29,31.84,32.51,32.12,39.98,36.22,33.11,31.2,40.27,45.16,38.69,39.25,40.27,38.69,43.88,90.7
44329,66.63,101.83,31.65,29.73,30.4,30.84,32.12,31.02,31.2,31.65,32.51,32.12,39.83,36.22,33.11,31.11,40.27,45.16,38.55,39.25,40.43,38.69,43.88,81.77
44349,43,100.87,31.75,29.73,30.49,30.84,32.12,31.02,31.2,32.61,32.51,32.12,41.04,36.22,33.11,31.11,40.27,44.97,38.69,39.25,40.43,38.69,43.88,91.47
44370,39.83,100.87,31.75,29.73,30.49,30.84,32.12,31.02,31.29,33.52,32.51,32.12,40.58,36.34,33.11,31.11,40.27,44.97,38.69,39.25,40.43,38.55,43.88,91.47
44388,42.16,100.87,31.75,29.82,30.49,30.84,32.22,31.02,31.29,32.32,32.51,32.12,39.98,36.22,33.21,31.2,40.27,44.97,38.69,39.25,40.43,38.69,43.88,90.7
44409,38.14,100.87,31.56,29.73,30.49,30.84,32.41,31.02,31.29,39.54,32.51,32.12,40.88,36.22,33.11,31.2,40.27,44.97,38.69,39.25,40.43,38.69,43.88,90.7
44427,48.19,100.87,31.47,29.73,30.49,30.84,32.12,31.02,31.29,42.33,32.51,32.12,41.04,36.1,33.11,31.11,40.27,45.16,38.69,39.25,40.43,38.69,43.88,90.7
44448,38.69,100.87,31.02,29.73,30.49,30.84,32.12,31.02,31.2,37.87,32.51,32.12,40.73,36.22,33.01,31.11,40.43,45.16,38.83,39.25,40.27,38.69,43.88,89.95
44466,37.48,99.02,31.56,29.73,30.49,30.84,32.12,31.02,31.2,39.39,32.51,32.12,40.58,35.16,33.11,31.11,40.43,44.97,38.83,39.39,40.43,38.69,43.7,91.47
44487,37.35,100.87,31.56,29.73,30.49,30.84,32.22,31.02,31.2,42.33,32.51,32.12,40.73,35.04,33.11,31.11,40.43,45.16,38.83,39.39,40.43,38.69,43.88,89.95
44507,37.09,99.94,31.65,29.73,30.49,30.84,32.22,31.02,31.2,32.03,32.51,32.22,41.35,34.82,33.11,31.11,40.43,45.16,38.83,39.39,40.27,38.83,43.88,90.7
44525,37.22,101.83,31.84,29.82,30.49,30.84,32.22,31.02,31.29,32.61,32.51,32.12,40.88,34.93,33.11,31.11,40.12,45.16,38.83,39.39,40.43,38.83,43.88,92.25
44546,44.42,100.87,31.65,29.82,30.4,30.84,32.22,31.02,31.29,31.75,32.51,32.12,40.27,34.93,33.11,31.11,40.43,45.16,38.97,39.39,40.43,38.83,43.88,92.25
44566,37.35,100.87,31.93,29.82,30.49,30.84,32.22,31.02,31.29,31.75,32.61,32.12,40.73,34.82,33.01,31.11,40.58,45.16,38.97,39.39,40.43,38.83,44.06,92.25
44585,37.22,100.87,31.84,29.82,30.49,30.84,32.12,31.02,31.38,32.51,32.61,32.12,39.98,34.93,33.01,31.11,40.58,45.16,39.11,39.39,40.43,38.83,44.06,92.25
44605,85.66,102.8,31.84,29.82,30.49,30.84,32.12,31.02,31.38,32.71,32.61,32.22,39.39,34.82,32.91,31.11,40.58,45.35,39.11,39.54,40.43,38.83,44.06,92.25
44626,46.13,100.87,31.93,29.82,30.49,30.84,33.52,31.02,31.38,32.71,32.61,32.12,39.98,34.82,32.91,31.02,40.58,45.35,39.25,39.54,40.43,38.97,43.88,92.25
44644,47.76,100.87,31.75,29.82,30.49,30.84,32.41,31.02,31.29,32.71,32.61,32.12,39.98,34.82,32.91,31.02,40.73,45.54,39.39,39.68,40.43,38.97,44.06,92.25
44665,101.83,103.78,31.75,29.82,30.49,30.84,33.52,31.02,31.29,32.71,32.61,32.22,40.43,34.82,32.91,31.11,40.88,45.35,39.39,39.68,40.43,38.83,44.06,91.47
44683,63.12,103.78,31.84,29.82,30.49,30.75,32.03,31.02,31.38,31.84,32.51,32.12,40.43,34.82,33.01,31.02,40.88,45.54,39.54,39.68,40.58,38.97,44.06,91.47
44704,48.19,101.83,31.84,29.82,30.58,30.75,31.93,31.02,31.38,31.84,32.51,32.12,39.54,34.82,33.01,31.02,40.88,45.54,39.83,39.68,40.58,38.97,44.06,90.7
44722,44.79,101.83,31.11,29.82,30.58,30.75,31.93,31.02,31.38,31.84,32.61,32.12,39.68,34.82,33.01,31.02,40.88,46.93,39.83,39.68,40.58,38.97,44.24,92.25
44743,57.41,99.94,48.62,29.9,30.58,30.75,33.21,31.02,31.38,32.71,32.61,32.12,39.83,34.82,32.91,31.02,40.88,46.73,39.98,39.68,40.58,39.11,44.24,91.47
44763,37.87,100.87,31.75,29.9,30.58,30.84,31.93,31.02,31.38,32.71,32.61,32.12,39.54,34.82,32.81,31.02,40.73,45.35,39.83,39.68,40.58,38.97,44.24,91.47
44781,37.74,101.83,31.84,29.9,30.58,30.84,31.84,31.02,31.38,32.71,32.51,32.12,39.68,34.82,32.91,31.02,40.88,45.35,39.83,39.83,40.58,38.97,44.24,91.47
44802,57.72,101.83,31.29,29.9,30.58,30.75,32.51,31.02,31.38,32.41,32.61,32.22,39.25,34.93,32.91,31.02,40.88,45.35,39.83,39.68,40.43,38.97,44.24,91.47
44820,37.48,100.87,31.29,29.9,30.58,30.84,31.93,31.02,31.38,32.41,32.51,32.22,39.39,34.93,32.81,31.02,40.88,45.35,39.83,39.68,40.58,38.97,44.24,91.47
44841,41.67,101.83,31.29,29.9,30.58,30.75,33.21,31.02,31.38,32.41,32.51,32.12,39.39,34.93,32.91,31.02,41.04,45.35,39.83,39.68,40.58,39.11,44.24,91.47
44859,61.33,102.8,31.29,29.9,30.58,30.75,33.21,31.02,31.38,32.41,32.61,32.12,39.54,34.93,32.81,31.02,40.88,45.35,39.83,39.68,40.58,38.97,44.24,92.25
44880,60.98,101.83,31.29,29.9,30.58,30.84,33.21,31.02,31.38,32.41,32.51,32.12,39.83,34.93,32.81,31.02,40.88,45.35,39.83,39.68,40.58,38.97,44.24,92.25
44900,91.47,103.78,31.29,29.9,30.58,30.84,33.21,31.02,31.38,32.41,32.61,32.12,39.39,34.93,32.81,31.02,40.88,45.35,39.83,39.68,40.58,38.97,44.24,92.25
44919,90.7,103.78,31.2,29.9,30.58,30.84,33.31,31.02,31.38,32.41,32.51,32.12,39.68,34.93,32.81,31.02,40.88,45.54,39.83,39.68,40.58,38.97,44.24,93.05
44939,86.35,103.78,31.11,29.9,30.58,30.84,33.21,31.02,31.38,31.84,32.51,32.12,39.68,34.93,32.81,31.02,40.88,45.35,39.68,39.68,40.58,38.97,44.24,92.25
44958,87.04,102.8,31.29,29.9,30.58,30.84,33.31,31.11,31.38,31.75,32.51,32.12,39.54,34.93,32.81,31.02,40.88,45.35,39.68,39.68,40.58,38.97,44.24,92.25
44978,86.35,102.8,31.2,29.9,30.58,30.84,33.21,31.02,31.38,31.75,32.51,32.12,39.68,34.93,32.81,31.02,40.88,45.35,39.68,39.68,40.58,38.97,44.24,92.25
44997,38.41,101.83,31.47,29.9,30.58,30.84,33.31,31.02,31.38,31.75,32.51,32.12,39.68,34.93,32.81,31.02,40.73,45.16,39.54,39.54,40.58,38.83,44.24,92.25
45017,90.7,103.78,31.75,29.9,30.58,30.75,33.31,31.02,31.38,31.75,32.51,32.12,39.25,34.82,32.81,31.02,40.73,45.16,39.54,39.54,40.43,38.97,44.06,91.47
45037,38.83,101.83,31.47,29.9,30.58,30.75,33.21,31.02,31.38,31.75,32.51,32.12,39.39,34.93,32.81,31.02,40.73,45.93,39.54,39.54,40.43,38.97,44.06,92.25
45056,101.83,104.79,31.47,29.9,30.58,30.84,33.21,31.02,31.38,31.75,32.51,32.12,39.68,34.82,32.81,31.02,40.58,45.16,39.39,39.54,40.43,38.97,44.06,92.25
45076,54.79,102.8,31.38,29.9,30.58,30.75,31.93,31.02,31.38,31.75,32.51,32.12,39.54,34.82,32.71,31.02,40.58,45.93,39.25,39.39,40.43,38.83,44.06,91.47
45095,37.74,101.83,31.75,29.9,30.49,30.75,31.93,31.02,31.38,31.75,32.51,32.12,39.68,34.82,32.71,31.02,40.58,45.93,39.11,39.39,40.43,38.83,44.06,91.47
45115,38.01,101.83,31.47,29.9,30.58,30.75,32.03,31.02,31.38,31.75,32.51,32.12,39.25,34.82,32.71,31.02,40.43,45.93,39.25,39.39,40.43,38.83,44.06,91.47
45134,38.01,100.87,31.38,29.9,30.58,30.75,31.93,31.02,31.38,31.75,32.51,32.12,41.2,34.82,32.71,31.02,40.43,45.74,39.11,39.25,40.43,38.83,44.06,91.47
45156,37.35,100.87,31.02,29.9,30.49,30.75,31.93,31.02,31.29,31.75,32.51,32.12,40.43,34.82,32.81,31.02,40.43,45.16,39.11,39.25,40.43,38.69,44.06,91.47
45175,37.48,100.87,31.11,29.9,30.49,30.66,32.03,31.02,31.29,31.75,32.51,32.12,40.73,34.82,32.71,31.02,40.43,45.16,39.11,39.25,40.43,38.83,43.88,91.47
45195,37.48,100.87,31.02,29.9,30.49,30.66,32.03,31.02,31.29,31.75,32.51,32.12,43,34.82,32.71,31.02,40.43,44.97,38.97,39.25,40.43,38.69,43.88,91.47
45214,37.48,101.83,31.38,29.9,30.49,30.66,36.34,31.02,31.29,31.75,32.51,32.12,40.43,34.82,32.71,31.02,40.27,44.79,38.83,39.25,40.27,38.69,43.88,91.47
45234,37.74,100.87,31.47,29.98,30.49,30.66,32.71,31.02,31.29,32.41,32.51,32.12,44.24,34.82,32.71,31.11,40.27,44.79,38.83,39.25,40.27,38.69,43.88,91.47
45253,37.74,100.87,31.38,29.9,30.49,30.58,32.12,31.02,31.29,32.61,32.51,32.12,51.89,34.82,32.71,31.02,40.27,44.97,38.83,39.11,40.27,38.69,43.88,92.25
45273,37.61,100.87,31.47,29.9,30.49,30.58,32.41,30.93,31.29,32.41,32.51,32.12,39.39,34.82,32.71,31.11,40.12,44.97,38.83,39.25,40.27,38.69,43.88,92.25
45293,37.74,100.87,31.38,29.9,30.49,30.58,32.81,30.93,31.29,32.71,32.51,32.12,39.54,34.82,32.71,31.11,40.27,45.16,38.83,39.25,40.27,38.69,43.88,83.03
45312,77.65,85.66,31.56,29.9,30.49,30.58,32.91,30.93,31.29,32.32,32.51,32.12,39.39,34.82,32.81,31.02,40.27,44.97,38.83,39.25,40.27,38.69,43.88,83.67
45332,100.87,102.8,31.93,29.9,30.49,30.58,32.51,30.93,31.29,32.32,32.51,32.12,39.54,34.82,32.81,31.11,40.27,44.97,38.83,39.25,40.43,38.69,43.88,93.86
45351,100.87,104.79,31.38,29.9,30.49,30.58,32.41,30.93,31.29,32.32,32.51,32.12,39.68,34.82,32.81,31.02,40.27,44.97,38.83,39.25,40.27,38.69,43.7,83.67
45371,100.87,103.78,31.38,29.9,30.49,30.58,38.69,30.93,31.29,32.41,32.51,32.12,39.68,34.82,32.81,31.11,40.27,44.97,38.83,39.25,40.27,38.69,43.88,83.03
45390,100.87,103.78,31.38,29.9,30.49,30.58,32.91,30.93,31.29,31.75,32.51,32.12,39.54,34.82,32.81,31.11,40.27,44.97,38.83,39.25,40.27,38.69,43.88,83.03
45410,100.87,103.78,31.38,29.9,30.49,30.58,43.17,30.93,31.29,31.75,32.51,32.12,39.54,34.82,32.71,31.11,40.27,44.97,38.83,39.25,40.27,38.69,43.88,93.05
45431,101.83,104.79,31.38,29.9,30.49,30.58,48.19,30.93,31.29,31.65,32.51,32.12,39.68,34.82,32.91,31.11,40.27,44.97,38.83,39.25,40.27,38.83,43.88,93.05
45449,100.87,102.8,31.38,29.9,30.49,30.58,41.84,30.93,31.29,31.75,32.51,32.12,39.83,34.71,32.91,31.11,40.27,45.35,38.83,39.25,40.27,38.83,43.88,93.05
45470,100.87,102.8,31.38,29.9,30.49,30.49,33.01,30.93,31.29,31.75,32.51,32.12,39.83,34.82,32.91,31.11,40.27,45.35,38.83,39.25,40.27,38.83,43.88,83.03
45488,100.87,103.78,31.38,29.98,30.49,30.49,32.81,30.93,31.29,31.93,32.51,32.12,39.68,34.82,32.91,31.11,40.27,45.16,38.83,39.25,40.27,38.83,43.7,91.47
45509,100.87,103.78,31.38,29.98,30.49,30.49,39.25,30.93,31.29,32.22,32.51,32.12,39.54,34.71,32.81,31.11,40.27,45.16,38.83,39.25,40.27,38.83,43.7,82.39
45529,100.87,97.24,31.38,29.9,30.49,30.4,36.34,31.02,31.29,31.75,32.51,32.12,39.54,34.82,32.81,31.11,40.27,45.16,38.83,39.25,40.27,38.83,43.7,91.47
45547,100.87,96.37,31.38,29.9,30.49,30.4,32.81,30.93,31.29,31.75,32.51,32.12,39.68,34.71,32.81,31.11,40.27,44.97,38.83,39.25,40.27,38.69,43.88,84.32
45568,56.81,102.8,31.38,29.98,30.49,30.4,32.91,30.93,31.29,31.75,32.51,32.12,40.12,34.71,32.91,31.11,40.12,45.16,38.69,39.25,40.27,38.69,43.88,83.67
45586,68.75,103.78,31.38,29.98,30.49,30.4,33.01,31.02,31.29,31.75,32.51,32.12,40.43,34.71,32.91,31.11,40.12,45.16,38.69,39.25,40.27,38.69,43.88,91.47
45607,95.52,103.78,31.47,29.98,30.49,30.4,32.81,31.02,31.29,31.75,32.51,32.12,40.27,34.71,32.91,31.11,40.12,44.97,38.69,39.25,40.27,38.69,43.88,93.05
45625,100.87,103.78,31.47,29.98,30.58,30.4,32.91,30.93,31.29,31.75,32.51,32.12,39.98,34.71,32.81,31.11,39.98,44.97,38.55,39.25,40.27,38.69,43.7,85.66
45646,99.94,104.79,31.47,29.98,30.49,30.4,32.81,30.93,31.2,31.93,32.51,32.12,39.98,34.71,32.91,31.11,40.12,44.97,38.69,39.25,40.27,38.55,43.88,92.25
45666,100.87,104.79,31.47,29.98,30.49,30.4,32.22,30.93,31.2,31.93,32.51,32.12,39.68,34.71,32.91,31.11,40.27,44.97,38.69,39.25,40.27,38.69,43.88,93.05
45685,100.87,104.79,31.56,29.98,30.49,30.32,32.51,30.93,31.11,31.84,32.51,32.22,39.68,34.82,32.91,31.2,40.12,44.79,38.69,39.25,40.27,38.69,43.7,93.05
45705,99.02,103.78,31.47,29.98,30.49,30.4,32.51,30.93,31.11,31.84,32.51,32.22,39.83,34.82,32.91,31.2,40.27,44.79,38.69,39.25,40.27,38.69,43.7,93.05
45724,100.87,103.78,31.47,29.98,30.49,30.32,32.51,30.93,31.11,31.93,32.51,32.12,40.43,34.71,32.91,31.2,40.12,44.97,38.55,39.11,40.27,38.69,43.88,92.25
45744,100.87,103.78,31.47,29.98,30.49,30.4,32.41,30.93,31.2,31.93,32.51,32.12,40.43,34.82,32.91,31.2,40.12,44.79,38.55,39.25,40.27,38.69,43.88,93.05
45762,100.87,103.78,31.47,29.98,30.58,30.4,32.41,30.93,31.2,32.03,32.51,32.12,40.43,34.71,32.91,31.2,40.12,44.97,38.55,39.25,40.27,38.69,43.7,92.25
45783,100.87,103.78,31.38,29.98,30.58,30.4,32.81,30.93,31.29,32.03,32.51,32.12,40.27,34.82,32.91,31.2,40.12,44.97,38.41,39.25,40.27,38.69,43.7,92.25
45803,100.87,103.78,31.38,29.98,30.58,30.4,32.81,30.93,31.11,31.93,32.51,32.12,40.12,34.82,32.81,31.2,40.12,44.97,38.41,39.25,40.12,38.69,43.88,92.25
45822,99.02,103.78,31.38,29.98,30.58,30.4,32.81,30.93,31.11,31.93,32.51,32.22,39.98,34.82,32.81,31.2,40.12,44.97,38.41,39.39,40.27,38.55,43.88,92.25
45842,100.87,103.78,31.47,29.98,30.58,30.32,32.81,30.93,31.11,31.65,32.51,32.22,39.98,34.82,32.91,31.2,40.12,44.97,38.41,39.25,40.27,38.69,43.88,91.47
45861,100.87,103.78,31.38,29.98,30.58,30.32,39.83,30.93,31.2,31.65,32.51,32.22,39.83,34.71,32.91,31.2,40.12,44.97,38.27,39.39,40.43,38.69,43.88,90.7
45881,97.24,81.15,31.38,30.07,30.58,30.32,32.81,30.93,31.2,31.65,32.51,32.22,40.12,34.82,32.91,31.29,40.12,45.16,38.27,39.39,40.27,38.69,43.88,90.7
45902,74.44,101.83,31.38,30.07,30.58,30.32,32.91,30.93,31.2,31.65,32.51,32.12,40.12,34.71,33.01,31.29,40.12,44.97,38.27,39.39,40.43,38.55,43.88,91.47
45920,96.37,100.87,31.38,30.07,30.58,30.4,34.05,30.93,31.2,31.65,32.51,32.12,40.12,34.82,32.91,31.29,40.12,44.97,38.14,39.39,40.27,38.55,43.88,89.95
45941,41.51,99.94,31.38,30.07,30.58,30.4,32.91,30.93,31.2,31.65,32.51,32.12,40.12,34.82,32.91,31.29,40.12,44.97,38.27,39.39,40.27,38.55,43.88,89.2
45959,55.07,100.87,31.38,30.07,30.58,30.4,32.91,30.93,31.2,31.56,32.51,32.22,39.98,34.82,32.91,31.29,40.12,44.97,38.14,39.25,40.43,38.55,43.88,89.2
45980,39.83,101.83,31.38,30.07,30.66,30.4,32.91,30.93,31.2,31.56,32.41,32.12,39.83,34.82,33.01,31.29,40.12,44.97,38.14,39.25,40.43,38.55,43.88,89.2
45998,100.87,103.78,31.29,30.15,30.58,30.4,39.98,30.93,31.2,31.47,32.51,32.22,39.98,34.71,32.91,31.29,39.98,44.97,38.14,39.25,40.27,38.55,43.7,90.7
46018,100.87,104.79,31.29,30.15,30.66,30.4,34.93,30.93,31.11,31.47,32.51,32.22,39.98,34.71,32.91,31.38,40.12,44.79,38.14,39.25,40.27,38.55,43.88,89.95
46039,37.48,100.87,31.29,30.15,30.66,30.4,36.34,30.93,31.11,31.47,32.51,32.22,39.98,34.82,32.91,31.38,40.12,44.97,38.01,39.11,40.27,38.41,43.88,90.7
46057,52.91,101.83,31.29,30.15,30.66,30.4,34.93,30.93,31.11,31.47,32.51,32.22,39.98,34.71,33.01,31.38,40.12,44.97,38.14,39.25,40.27,38.41,43.88,91.47
46078,70.55,100.87,31.29,30.15,30.66,30.4,48.19,30.93,31.11,31.47,32.51,32.22,40.12,34.82,33.01,31.38,40.12,44.97,38.01,39.25,40.27,38.41,43.88,90.7
46096,37.35,99.94,31.29,30.15,30.66,30.4,32.91,30.93,31.11,31.47,32.51,32.22,40.12,34.82,33.01,31.38,40.12,44.97,38.01,39.39,40.27,38.27,43.88,90.7
46117,37.48,100.87,31.29,30.07,30.66,30.4,32.91,30.93,31.11,31.56,32.51,32.22,39.98,34.82,32.91,31.47,40.12,44.97,37.87,39.25,40.27,38.27,43.88,91.47
46135,45.35,99.94,31.29,30.07,30.66,30.4,32.81,30.93,31.11,31.56,32.41,32.22,40.12,34.82,32.91,31.47,40.12,44.97,37.87,39.39,40.27,38.27,44.06,90.7
46156,38.83,49.29,31.29,30.07,30.66,30.4,33.11,30.93,31.11,31.56,32.51,32.22,40.12,34.82,33.01,31.47,40.12,44.97,37.74,39.39,40.27,38.27,44.06,91.47
46176,99.02,103.78,31.2,30.07,30.66,30.49,32.81,30.93,31.11,31.47,32.51,32.22,40.12,34.93,33.01,31.56,40.12,44.97,37.87,39.25,40.43,38.27,44.06,92.25
46195,100.87,102.8,31.2,30.07,30.66,30.4,32.91,30.93,31.11,31.47,32.51,32.22,40.12,34.82,33.01,31.65,40.12,44.97,37.74,39.25,40.27,38.27,44.06,46.73
46215,71.01,100.87,31.2,30.07,30.66,30.49,42.16,30.93,31.11,31.47,32.41,32.32,39.98,34.82,33.01,31.65,40.12,44.97,37.74,39.25,40.27,38.27,43.88,45.93
46234,47.55,89.95,31.2,30.07,30.66,30.49,32.91,30.93,31.11,31.47,32.51,32.32,39.98,34.93,32.91,31.75,40.12,44.97,37.61,39.25,40.27,38.27,44.06,90.7
46254,79.36,99.94,31.38,30.07,30.75,30.49,33.01,30.93,31.11,31.47,32.41,32.32,39.98,34.93,33.01,31.84,40.12,44.97,37.61,39.25,40.27,38.27,44.06,90.7
46274,50.2,98.12,30.75,30.07,30.66,30.49,32.91,31.02,31.11,31.47,32.41,32.32,39.83,34.93,33.01,31.84,40.12,44.79,37.48,39.25,40.27,38.27,44.06,66.63
46293,58.03,99.02,30.75,30.07,30.75,30.49,34.37,31.02,31.11,31.47,32.41,32.32,39.98,34.93,33.01,31.84,40.27,44.79,37.48,39.25,40.27,38.27,44.06,91.47
46313,94.68,101.83,30.75,30.07,30.75,30.49,33.01,30.93,31.11,31.38,32.41,32.32,39.98,34.93,33.01,31.84,40.12,44.79,37.35,39.25,40.43,38.27,44.06,81.77
46332,94.68,100.87,30.75,30.07,30.75,30.49,37.35,31.02,31.11,31.38,32.51,32.32,39.98,34.93,32.91,31.84,39.98,44.79,37.48,39.25,40.27,38.27,44.06,81.77
46352,93.05,101.83,30.75,30.07,30.75,30.4,32.71,31.02,31.11,31.38,32.51,32.32,39.83,34.82,33.01,31.93,40.27,44.79,37.48,39.39,40.27,38.27,44.06,81.77
46371,95.52,99.94,30.66,29.98,30.75,30.49,32.81,31.02,31.2,31.38,32.51,32.32,39.83,34.93,33.01,32.03,40.12,44.97,37.48,39.39,40.43,38.14,44.06,81.77
46391,94.68,100.87,30.75,30.07,30.75,30.49,32.91,31.02,31.2,31.38,32.41,32.32,39.83,34.93,33.01,31.93,39.98,45.16,37.35,39.39,40.43,38.14,44.06,81.77
46412,93.86,100.87,30.75,29.98,30.75,30.49,36.34,31.02,31.29,31.38,32.51,32.32,39.83,34.93,33.01,32.03,40.12,45.35,37.35,39.39,40.43,38.27,44.06,82.39
46430,98.12,100.87,30.66,29.98,30.75,30.49,32.91,31.02,31.11,31.38,32.41,32.32,39.98,34.93,33.01,32.03,40.27,45.16,37.35,39.39,40.43,38.27,44.06,58.03
46451,98.12,100.87,30.66,29.98,30.75,30.49,33.01,31.02,31.2,31.38,32.41,32.32,40.12,34.93,33.01,32.03,40.12,44.97,37.35,39.39,40.43,38.14,44.06,60.3
46469,98.12,99.94,30.66,29.98,30.75,30.49,45.74,30.93,31.2,31.38,32.41,32.32,39.98,34.93,33.01,32.03,40.12,44.97,37.35,39.39,40.43,38.27,44.06,67.04
46490,98.12,100.87,30.75,29.98,30.75,30.49,32.81,31.02,31.2,31.38,32.41,32.32,39.98,34.93,33.01,32.03,40.12,44.79,37.35,39.39,40.43,38.27,44.06,92.25
46510,100.87,101.83,30.66,30.07,30.75,30.49,33.11,31.02,31.2,31.38,32.51,32.32,39.98,34.93,33.01,32.03,40.27,44.97,37.35,39.39,40.43,38.27,44.06,89.2
46528,99.94,100.87,30.75,29.98,30.75,30.49,33.01,31.02,31.2,31.38,32.51,32.32,39.83,34.93,33.01,32.12,40.12,44.97,37.35,39.39,40.43,38.27,43.88,58.03
46549,93.86,99.94,30.66,29.98,30.75,30.49,33.11,31.02,31.2,31.38,32.41,32.32,39.83,34.93,33.01,32.03,40.27,44.97,37.35,39.25,40.43,38.27,44.06,51.64
46567,93.05,99.94,30.66,29.98,30.66,30.49,32.91,31.02,31.2,31.38,32.41,32.32,39.98,34.93,33.01,32.03,40.12,44.97,37.35,39.39,40.43,38.27,44.06,83.67
46588,93.86,100.87,30.75,29.98,30.75,30.49,55.64,31.02,31.2,31.38,32.51,32.32,39.98,34.82,33.01,32.03,40.12,44.97,37.35,39.39,40.43,38.27,44.06,64.63
46606,93.05,99.94,30.75,29.9,30.75,30.49,41.2,31.02,31.2,31.38,32.41,32.32,39.83,34.93,33.01,32.03,40.12,44.97,37.35,39.39,40.43,38.27,44.06,71.48
46627,93.05,100.87,30.75,29.9,30.75,30.49,43.17,31.02,31.29,31.38,32.41,32.32,39.83,34.93,33.01,31.93,39.98,44.97,37.35,39.39,40.43,38.27,44.24,48.62
46647,93.05,100.87,30.75,29.9,30.75,30.49,41.04,31.02,31.2,31.38,32.41,32.32,39.83,34.82,33.01,31.93,40.12,44.97,37.35,39.39,40.27,38.14,44.24,83.03
46666,67.04,99.02,30.84,29.9,30.75,30.49,32.81,31.02,31.2,31.38,32.41,32.32,39.83,34.93,33.01,31.93,40.12,44.79,37.48,39.11,40.43,38.27,44.06,89.95
46686,93.05,100.87,30.84,29.9,30.75,30.49,32.71,31.02,31.2,31.38,32.51,32.32,39.68,34.93,32.91,31.93,40.12,44.79,37.35,39.25,40.27,38.27,44.06,79.95
46705,93.86,100.87,30.84,29.9,30.75,30.49,32.71,31.02,31.11,31.38,32.41,32.32,81.15,34.82,33.01,31.93,40.27,44.79,37.35,39.25,40.27,38.27,44.06,77.1
46725,95.52,102.8,30.84,29.9,30.66,30.49,36.22,31.02,31.11,31.38,32.41,32.32,80.55,34.93,32.91,31.84,40.12,44.79,37.48,39.11,40.27,38.27,43.88,81.77
46743,89.95,100.87,30.84,29.9,30.66,30.49,32.91,31.02,31.11,31.38,32.41,32.32,39.83,34.93,32.91,31.84,40.12,44.79,37.48,39.25,40.27,38.27,43.88,81.15
46764,75.48,100.87,30.84,29.82,30.66,30.49,32.81,31.02,31.11,31.38,32.41,32.32,39.68,34.93,32.91,31.84,39.98,44.79,37.61,39.25,40.27,38.41,43.88,81.77
46784,100.87,101.83,30.75,29.82,30.75,30.49,32.81,31.02,31.11,31.38,32.41,32.32,39.68,34.82,32.91,31.84,40.12,44.79,37.61,39.11,40.27,38.27,43.88,81.15
46803,100.87,101.83,30.84,29.82,30.66,30.49,37.35,31.02,31.11,31.38,32.41,32.32,39.68,34.93,32.91,31.75,40.12,44.79,37.61,39.25,40.27,38.41,44.06,81.77
46823,100.87,101.83,31.2,29.82,30.66,30.49,32.91,31.02,31.11,31.38,32.51,32.32,39.68,34.93,32.91,31.75,39.98,44.6,37.61,39.11,40.27,38.41,43.88,81.77
46842,100.87,101.83,31.29,29.82,30.66,30.49,33.01,31.02,31.11,31.38,32.41,32.32,39.68,34.82,32.91,31.75,40.12,44.79,37.74,39.11,40.27,38.41,43.88,81.15
46862,100.87,101.83,31.29,29.73,30.66,30.49,32.91,31.02,31.11,31.38,32.51,32.32,39.83,34.82,32.81,31.75,40.12,44.79,37.74,39.25,40.27,38.41,43.88,80.55
46881,99.02,101.83,31.29,29.73,30.66,30.49,32.91,31.02,31.11,31.38,32.51,32.22,39.83,34.82,32.81,31.75,39.98,44.79,37.74,39.25,40.12,38.41,43.7,87.04
46901,100.87,101.83,31.38,29.73,30.66,30.4,32.81,31.02,31.11,31.38,32.41,32.22,39.68,34.82,32.91,31.65,39.98,44.79,37.74,39.25,40.12,38.41,43.7,76.55
46922,92.25,101.83,31.38,29.73,30.66,30.49,33.11,31.02,31.11,31.38,32.41,32.22,39.98,34.82,32.81,31.65,39.98,44.79,37.87,39.11,40.12,38.55,43.7,87.75
46940,94.68,101.83,31.29,29.73,30.66,30.49,56.81,31.02,31.11,31.38,32.51,32.32,40.43,34.82,32.81,31.65,39.98,44.79,38.01,39.11,40.12,38.41,43.7,90.7
46961,94.68,101.83,31.29,29.73,30.66,30.49,32.91,31.02,31.11,31.38,32.41,32.22,40.43,34.82,32.81,31.56,40.12,48.84,38.01,39.11,40.12,38.41,43.52,89.95
46979,68.75,99.94,31.29,29.73,30.66,30.49,36.34,31.02,31.11,31.38,32.41,32.22,40.73,34.82,32.91,31.65,40.12,48.62,38.01,39.25,40.12,38.55,43.52,89.95
46999,54.24,100.87,31.29,29.73,30.66,30.49,44.79,30.93,31.11,31.38,32.41,32.22,40.58,34.82,32.91,31.56,40.12,48.4,38.14,39.25,39.98,38.55,43.52,89.2
47020,73.93,100.87,31.29,29.73,30.66,30.49,37.61,31.02,31.11,31.38,32.51,32.32,40.88,34.71,32.81,31.56,40.12,47.97,38.01,39.11,40.12,38.41,43.35,88.47
47038,41.04,99.94,31.47,29.73,30.66,30.49,32.91,31.02,31.11,31.47,32.41,32.22,40.73,34.71,32.81,31.56,39.98,48.19,38.14,39.25,40.12,38.55,43.35,89.2
47059,94.68,101.83,31.38,29.65,30.66,30.49,43,31.02,31.11,31.47,32.41,32.22,40.73,34.71,32.81,31.56,39.98,44.79,38.14,39.11,40.12,38.41,43.35,59.96
47079,94.68,101.83,31.29,29.65,30.66,30.49,57.72,30.93,31.11,31.47,32.51,32.22,40.58,34.71,32.81,31.47,39.98,46.13,38.27,39.25,40.12,38.55,43.52,61.33
47098,94.68,100.87,31.29,29.65,30.66,30.49,58.03,31.02,31.11,31.47,32.41,32.22,40.43,34.82,32.81,31.47,40.12,47.97,38.27,39.25,40.12,38.55,43.52,60.3
47118,61.68,100.87,31.29,29.65,30.66,30.49,58.34,31.02,31.11,31.47,32.41,32.22,40.43,34.71,32.81,31.47,40.12,47.76,38.27,39.25,40.12,38.55,43.52,60.3
47137,93.86,100.87,31.29,29.65,30.66,30.49,47.34,30.93,31.11,31.47,32.41,32.22,40.43,34.71,32.81,31.47,40.27,47.97,38.27,39.25,40.12,38.55,43.52,61.33
47157,93.86,101.83,31.29,29.65,30.66,30.4,48.62,30.93,31.02,31.47,32.41,32.22,40.58,34.71,32.81,31.47,40.12,47.97,38.27,39.25,40.12,38.55,43.52,66.22
47178,93.86,101.83,31.29,29.65,30.66,30.4,46.93,30.93,31.02,31.47,32.41,32.22,39.68,34.82,32.91,31.47,40.27,47.76,38.27,39.25,40.12,38.41,43.52,89.95
47196,98.12,101.83,31.38,29.65,30.66,30.4,47.34,30.93,31.02,31.47,32.41,32.22,39.68,34.71,32.91,31.38,40.12,47.76,38.27,39.25,40.12,38.55,43.52,53.43
47217,99.02,102.8,31.38,29.65,30.66,30.49,33.52,30.93,31.11,31.47,32.41,32.22,39.83,34.71,32.91,31.47,40.58,47.55,38.41,39.25,40.12,38.55,43.52,57.11
47235,99.02,101.83,31.29,29.65,30.66,30.49,38.55,31.02,31.11,31.47,32.51,32.22,39.98,34.71,32.91,31.47,40.12,47.97,38.41,39.25,40.12,38.55,43.52,88.47
47255,83.03,101.83,31.29,29.65,30.66,30.49,36.84,30.93,31.02,31.47,32.41,32.22,39.83,34.71,32.91,31.38,40.27,47.76,38.41,39.25,40.12,38.55,43.52,88.47
47276,94.68,101.83,31.29,29.65,30.66,30.58,33.01,30.93,31.11,31.47,32.51,32.22,40.88,34.82,32.91,31.38,40.27,47.97,38.41,39.25,40.27,38.69,43.52,81.77
47294,93.86,101.83,31.29,29.65,30.66,30.58,33.01,30.93,31.02,31.38,32.51,32.22,39.39,34.82,33.01,31.38,40.27,47.97,38.41,39.25,40.12,38.69,43.52,76.55
47315,93.05,100.87,31.29,29.65,30.66,30.58,32.91,30.93,31.11,31.47,32.51,32.22,39.39,34.82,33.01,31.38,40.12,47.76,38.41,39.25,40.12,38.69,43.52,54.51
47333,93.86,100.87,31.29,29.65,30.58,30.66,32.81,30.93,31.11,31.47,32.51,32.22,41.35,34.71,32.91,31.29,40.27,47.76,38.41,39.25,40.27,38.69,43.52,66.63
47354,94.68,101.83,31.29,29.65,30.66,30.66,32.81,30.93,31.11,31.47,32.51,32.22,41.84,34.71,33.01,31.29,40.27,47.97,38.41,39.25,40.27,38.69,43.7,64.63
47372,93.86,99.94,31.38,29.65,30.58,30.66,32.71,30.93,31.11,31.47,32.51,32.22,41.84,34.82,33.01,31.29,40.27,47.97,38.41,39.39,40.27,38.69,43.7,47.97
47395,93.05,100.87,31.38,29.57,30.66,30.66,39.39,30.93,31.11,31.47,32.51,32.22,41.84,34.82,33.01,31.29,40.12,47.76,38.41,39.39,40.27,38.69,43.7,53.97
47413,93.05,89.95,31.38,29.57,30.58,30.66,32.81,30.93,31.2,31.47,32.51,32.22,41.84,34.71,32.91,31.2,40.27,47.97,38.41,39.39,40.27,38.55,43.7,55.64
47434,93.86,99.94,31.38,29.65,30.58,30.75,32.81,30.93,31.2,31.47,32.51,32.22,41.84,34.71,33.01,31.29,40.27,47.55,38.41,39.39,40.27,38.69,43.7,62.03
47454,93.86,100.87,48.84,29.65,30.58,30.66,32.81,30.93,31.29,31.47,32.51,32.22,41.84,34.82,33.01,31.2,40.12,47.55,38.41,39.39,40.27,38.69,43.7,64.63
47473,93.86,100.87,47.97,29.57,30.49,30.75,32.81,30.93,31.38,31.47,32.51,32.22,41.51,34.71,33.01,31.29,40.27,47.34,38.55,39.39,40.27,38.69,43.7,84.99
47493,99.94,99.94,47.13,29.57,30.49,30.66,32.81,30.93,31.29,31.47,32.51,32.22,40.43,34.71,32.91,31.2,40.12,47.55,38.55,39.39,40.27,38.69,43.7,59.31
47511,96.37,99.94,46.32,29.57,30.49,30.75,32.81,30.93,31.2,31.47,32.51,32.22,39.39,34.71,32.91,31.2,40.27,45.16,38.55,39.25,40.12,38.69,43.7,64.25
47532,98.12,99.94,44.24,29.57,30.49,30.75,32.81,30.93,31.2,31.47,32.51,32.22,39.68,34.71,33.01,31.2,40.27,45.16,38.55,39.25,40.27,38.69,43.7,87.75
47552,98.12,99.94,31.38,29.65,30.49,30.75,32.71,30.93,31.2,31.47,32.51,32.12,49.29,34.71,33.01,31.2,40.27,45.16,38.55,39.25,40.27,38.69,43.7,91.47
47571,99.02,99.02,31.47,29.65,30.49,30.75,32.81,30.93,31.11,31.47,32.51,32.22,42.16,34.71,33.01,31.2,40.27,45.16,38.55,39.25,40.27,38.69,43.7,91.47
47591,98.12,99.02,31.47,29.65,30.49,30.75,32.71,30.93,31.2,31.47,32.51,32.12,42.33,34.71,33.01,31.2,40.43,45.16,38.55,39.25,40.27,38.55,43.7,81.77
47610,97.24,99.02,31.47,29.65,30.49,30.75,32.71,30.93,31.2,31.56,32.51,32.22,42.66,34.71,33.01,31.2,40.27,45.16,38.55,39.25,40.27,38.69,43.88,85.66
47630,96.37,98.12,31.47,29.65,30.49,30.75,32.81,30.93,31.2,31.56,32.51,32.22,42.49,34.71,33.01,31.2,40.27,45.35,38.69,39.25,40.27,38.69,43.88,90.7
47649,95.52,98.12,31.47,29.65,30.49,30.84,32.71,30.93,31.2,31.65,32.51,32.22,41.67,34.82,33.01,31.2,40.43,45.35,38.55,39.39,40.27,38.69,43.88,89.95
47669,53.97,95.52,31.47,29.65,30.49,30.84,32.71,31.02,31.2,31.65,32.51,32.22,40.43,34.71,32.91,31.2,40.43,45.35,38.55,39.39,40.27,38.69,43.88,87.04
47690,94.68,96.37,31.47,29.65,30.49,30.84,32.71,30.93,31.2,31.75,32.51,32.22,40.73,34.82,32.91,31.11,40.43,45.35,38.69,39.39,40.27,38.69,43.88,87.04
47708,56.22,93.86,31.47,29.65,30.49,30.75,32.12,31.02,31.2,31.93,32.51,32.22,41.67,34.82,32.91,31.2,40.43,45.35,38.69,39.39,40.27,38.69,44.06,53.43
47729,92.25,92.25,31.47,29.73,30.49,30.84,32.32,31.02,31.2,31.93,32.51,32.22,40.43,34.93,32.91,31.11,40.58,45.35,38.69,39.54,40.27,38.69,44.06,49.06
47747,92.25,93.05,31.47,29.73,30.49,30.75,32.32,31.02,31.2,31.93,32.51,32.22,41.2,34.82,32.91,31.11,40.43,45.54,38.69,39.54,40.43,38.69,44.06,50.44
47767,91.47,93.05,31.47,29.73,30.49,30.84,32.32,31.02,31.2,31.93,32.51,32.22,42.16,34.82,32.91,31.11,40.58,45.35,38.83,39.54,40.43,38.69,44.06,88.47
47788,92.25,93.86,31.47,29.73,30.58,30.84,32.32,31.02,31.29,31.75,32.61,32.22,42.66,34.82,32.91,31.11,40.73,45.54,38.83,39.68,40.43,38.55,44.06,46.73
47806,92.25,93.05,31.47,29.82,30.49,30.84,32.32,31.02,31.29,31.75,32.51,32.22,41.51,34.82,32.81,31.11,40.58,45.54,38.83,39.68,40.43,38.83,44.24,47.55
47827,93.05,94.68,31.47,29.9,30.49,30.84,32.32,31.02,31.29,31.75,32.61,32.22,40.88,34.82,32.91,31.11,40.73,45.74,38.97,39.68,40.43,38.83,44.24,51.4
47845,93.86,94.68,31.47,29.9,30.49,30.84,32.32,31.02,31.29,31.75,32.61,32.22,43,34.82,32.91,31.11,40.88,45.74,39.11,39.68,40.43,38.83,44.24,50.67
47866,93.86,95.52,31.47,29.9,30.49,30.84,32.22,31.11,31.29,31.75,32.51,32.32,40.58,34.93,33.01,31.02,40.88,45.74,39.25,39.83,40.43,38.83,44.24,51.4
47884,94.68,95.52,31.47,29.9,30.49,30.84,32.03,31.02,31.29,31.84,32.61,32.32,40.27,34.93,32.91,31.11,41.04,45.93,39.25,39.83,40.43,38.83,44.24,50.2
47905,94.68,95.52,31.47,29.9,30.49,30.84,32.03,31.02,31.29,31.84,32.61,32.22,40.43,34.93,33.01,31.11,41.04,45.93,39.25,39.83,40.43,38.83,44.24,48.84
47925,95.52,95.52,31.47,29.9,30.49,30.84,32.12,31.02,31.29,31.75,32.51,32.22,40.43,34.93,32.91,31.11,41.04,46.13,39.39,39.83,40.58,38.83,44.24,49.06
47944,95.52,95.52,31.47,29.9,30.58,30.84,31.93,31.02,31.29,31.84,32.51,32.22,39.54,34.93,32.91,31.11,41.04,46.32,39.54,39.83,40.58,38.83,44.24,51.4
47964,96.37,96.37,31.47,29.9,30.58,30.84,31.93,31.02,31.29,31.75,32.61,32.22,41.04,34.93,32.91,31.02,41.2,46.32,39.54,39.83,40.58,38.69,44.42,50.2
47983,96.37,95.52,31.47,29.9,30.58,30.84,31.84,31.02,31.38,31.84,32.61,32.22,43.17,34.93,33.01,31.11,41.2,46.32,39.54,39.98,40.58,38.97,44.42,52.91
48003,95.52,95.52,31.47,29.9,30.58,30.84,31.84,31.02,31.38,31.84,32.61,32.22,43.17,34.93,32.91,31.11,41.04,45.93,39.68,39.98,40.58,38.97,44.42,50.2
48021,95.52,95.52,31.47,29.9,30.58,30.84,31.84,31.02,31.38,31.84,32.61,32.22,43.35,34.93,33.01,31.11,41.2,45.93,39.68,39.98,40.73,39.11,44.42,50.44
48042,95.52,95.52,31.93,29.9,30.58,30.84,31.84,31.02,31.38,31.84,32.61,32.32,43.17,34.93,33.01,31.02,41.2,45.74,39.68,39.98,40.58,39.11,44.42,50.44
48062,95.52,96.37,31.38,29.9,30.58,30.84,31.84,31.02,31.38,31.84,32.61,32.22,39.98,34.93,33.01,31.11,41.2,45.74,39.68,39.98,40.73,39.11,44.42,53.97
48081,95.52,96.37,31.38,29.9,30.58,30.84,31.93,31.11,31.38,31.84,32.61,32.32,42.83,34.93,33.01,31.11,41.04,45.74,39.68,39.98,40.73,39.11,44.42,80.55
48101,96.37,97.24,31.65,29.9,30.58,30.84,31.93,31.11,31.38,31.84,32.61,32.22,43.35,34.93,32.91,31.11,41.2,45.74,39.83,39.98,40.58,38.97,44.42,89.2
48120,97.24,97.24,31.38,29.9,30.58,30.84,31.93,31.11,31.38,31.93,32.61,32.22,41.67,34.93,32.91,31.02,41.04,45.74,39.68,39.98,40.58,39.11,44.42,92.25
48140,97.24,97.24,31.38,29.9,30.58,30.84,31.93,31.11,31.38,31.93,32.61,32.22,39.39,34.93,32.91,31.02,41.2,45.74,39.68,39.98,40.58,39.11,44.42,93.86
48161,97.24,97.24,31.38,29.9,30.58,30.84,31.93,31.11,31.38,31.84,32.61,32.22,41.84,34.93,32.91,31.02,41.04,45.54,39.68,39.98,40.58,38.97,44.42,52.14
48179,96.37,97.24,31.65,29.9,30.58,30.84,31.93,31.11,31.38,31.84,32.61,32.22,41.84,34.93,32.91,31.02,41.2,45.74,39.54,39.98,40.58,38.97,44.42,94.68
48200,97.24,98.12,31.65,29.9,30.58,30.84,31.93,31.02,31.38,31.84,32.61,32.22,39.68,34.93,32.91,31.02,41.04,45.54,39.39,39.98,40.58,38.97,44.24,47.55
48218,97.24,98.12,31.65,29.9,30.58,30.84,33.21,31.11,31.38,31.84,32.61,32.22,40.58,34.93,32.91,31.02,40.88,45.54,39.54,39.83,40.58,38.97,44.24,50.2
48239,98.12,98.12,31.56,29.9,30.58,30.84,33.21,31.11,31.38,31.84,32.61,32.22,39.11,34.93,32.81,31.02,41.04,45.54,39.39,39.83,40.58,38.97,44.24,47.13
48257,98.12,99.02,31.38,29.9,30.58,30.84,32.22,31.11,31.38,31.84,32.61,32.22,40.27,34.93,32.91,31.02,40.88,45.54,39.39,39.83,40.58,38.97,44.24,94.68
48277,99.94,99.94,31.38,29.9,30.58,30.84,32.12,31.11,31.38,31.93,32.61,32.22,41.2,34.93,32.81,31.02,40.88,45.35,39.25,39.83,40.58,38.97,44.24,47.13
48298,99.02,99.94,31.47,29.9,30.58,30.84,32.32,31.11,31.38,31.84,32.61,32.22,39.98,34.93,32.71,31.02,40.88,45.35,39.25,39.68,40.43,38.83,44.24,93.86
48316,99.94,99.94,30.93,29.98,30.58,30.84,31.93,31.11,31.38,31.84,32.61,32.22,43,34.82,32.81,31.11,40.73,45.35,39.11,39.68,40.43,38.83,44.24,55.07
48337,99.94,99.02,31.29,29.9,30.58,30.84,31.93,31.11,31.38,31.84,32.61,32.22,41.84,34.82,32.71,31.02,40.73,45.35,39.11,39.68,40.43,38.83,44.24,50.44
48355,99.94,99.94,31.29,29.9,30.58,30.84,31.93,31.11,31.38,31.84,32.61,32.22,44.06,34.82,32.71,31.02,40.73,45.35,38.97,39.68,40.58,38.83,44.24,46.73
48376,100.87,100.87,31.29,29.98,30.58,30.75,31.93,31.11,31.38,31.84,32.61,32.22,49.06,34.82,32.71,31.02,40.58,45.54,38.97,39.54,40.43,38.83,44.24,46.52
48394,99.02,100.87,31.38,29.98,30.58,30.84,32.03,31.11,31.38,31.84,32.61,32.22,41.35,34.82,32.71,31.02,40.58,45.35,38.97,39.54,40.43,38.83,44.24,46.52
48415,100.87,100.87,31.02,29.98,30.58,30.84,32.41,31.11,31.38,31.84,32.61,32.22,39.25,34.82,32.71,31.02,40.58,45.16,38.83,39.54,40.43,38.83,44.06,46.73
48435,99.94,100.87,31.38,29.98,30.58,30.75,32.03,31.02,31.38,31.84,32.51,32.22,40.27,34.82,32.61,31.02,40.43,45.16,38.83,39.54,40.43,38.83,44.24,46.52
48454,99.02,100.87,31.38,29.98,30.58,30.75,32.91,31.02,31.38,31.84,32.51,32.12,39.39,34.82,32.71,31.02,40.43,45.16,38.83,39.54,40.43,38.83,44.24,47.55
48474,100.87,100.87,31.38,29.98,30.58,30.75,32.71,31.02,31.38,31.84,32.61,32.12,39.25,34.82,32.71,31.11,40.43,45.16,38.83,39.54,40.43,38.83,44.24,93.86
48492,99.94,101.83,31.38,29.98,30.58,30.75,32.22,31.02,31.29,31.84,32.51,32.12,39.25,34.82,32.61,31.02,40.43,45.35,38.83,39.54,40.43,38.83,44.24,91.47
48513,99.94,101.83,31.38,29.98,30.49,30.66,32.71,31.02,31.29,31.84,32.51,32.22,39.54,34.82,32.61,31.02,40.43,45.16,38.83,39.39,40.43,38.83,44.24,93.86
48531,99.94,102.8,31.38,29.98,30.58,30.66,32.81,31.02,31.29,31.84,32.51,32.22,39.54,34.82,32.61,31.11,40.12,45.16,38.69,39.54,40.43,38.83,44.06,93.86
48552,99.94,102.8,31.38,29.98,30.58,30.58,32.81,31.02,31.29,31.84,32.51,32.22,39.68,34.71,32.61,31.02,40.27,45.16,38.69,39.39,40.43,38.83,44.06,93.05
48572,100.87,99.94,31.38,29.98,30.49,30.58,32.71,31.02,31.29,31.75,32.51,32.12,39.83,34.82,32.71,31.11,40.27,45.35,38.69,39.39,40.43,38.83,44.06,93.05
48591,101.83,102.8,31.47,29.98,30.58,30.58,32.71,31.02,31.29,31.75,32.51,32.22,39.98,34.71,32.71,31.11,40.27,45.54,38.69,39.39,40.43,38.83,44.06,93.05
48611,100.87,99.94,31.47,29.9,30.58,30.49,32.71,31.02,31.29,31.75,32.51,32.22,39.98,34.82,32.71,31.11,40.27,46.13,38.69,39.25,40.43,38.83,44.06,92.25
48630,99.94,99.02,31.47,29.9,30.58,30.49,32.71,31.02,31.29,31.75,32.51,32.22,40.12,34.82,32.81,31.11,40.27,46.13,38.69,39.39,40.27,38.83,44.06,71.48
48650,99.94,100.87,31.47,29.9,30.58,30.49,32.71,31.02,31.29,31.84,32.51,32.22,40.12,34.82,32.71,31.11,40.27,46.13,38.69,39.39,40.27,38.69,44.06,89.95
48671,99.02,80.55,31.47,29.9,30.49,30.49,32.71,30.93,31.2,31.65,32.51,32.22,40.27,34.82,32.81,31.11,40.27,46.13,38.55,39.39,40.27,38.83,43.88,84.99
48689,97.24,51.89,31.47,29.9,30.49,30.49,32.81,30.93,31.2,31.93,32.51,32.22,40.12,34.82,32.71,31.11,40.27,46.13,38.55,39.39,40.27,38.83,43.88,89.95
48710,98.12,87.75,31.47,29.9,30.49,30.4,33.62,30.93,31.2,31.75,32.51,32.22,40.27,34.82,32.81,31.11,40.27,46.13,38.69,39.39,40.27,38.83,43.88,89.95
48728,99.02,99.94,31.47,29.9,30.58,30.4,32.71,30.93,31.11,31.75,32.51,32.22,40.27,34.82,32.81,31.11,40.27,46.13,38.69,39.39,40.27,38.83,43.88,90.7
48748,99.94,100.87,31.47,29.9,30.58,30.4,57.72,30.93,31.2,31.65,32.51,32.22,40.27,34.82,32.81,31.11,40.27,45.93,38.55,39.25,40.27,38.83,43.88,91.47
48767,98.12,52.4,31.47,29.9,30.58,30.4,33.31,30.93,31.2,31.65,32.51,32.22,40.73,34.82,32.81,31.11,40.27,46.13,38.69,39.25,40.27,38.83,43.88,90.7
48787,100.87,100.87,31.47,29.9,30.49,30.49,37.35,30.93,31.2,31.56,32.51,32.22,40.58,34.82,32.81,31.11,39.98,46.13,38.55,39.25,40.27,38.83,43.88,92.25
48808,99.94,100.87,31.47,29.9,30.49,30.4,32.81,30.93,31.29,31.56,32.51,32.22,40.43,34.82,32.81,31.11,40.12,46.13,38.55,39.25,40.27,38.83,43.88,92.25
48826,99.94,99.94,31.38,29.9,30.49,30.49,57.11,30.93,31.29,31.56,32.51,32.22,40.43,34.82,32.81,31.11,40.12,46.13,38.55,39.25,40.27,38.83,43.88,93.05
48847,100.87,100.87,31.38,29.98,30.58,30.49,51.89,30.93,31.29,31.65,32.51,32.22,40.43,34.82,32.81,31.11,40.12,45.93,38.41,39.25,40.27,38.83,43.7,90.7
48865,38.27,92.25,31.38,29.98,30.49,30.4,32.71,30.93,31.29,31.56,32.51,32.22,40.27,34.82,32.81,31.2,40.12,45.93,38.41,39.39,40.27,38.69,43.7,89.2
48886,38.14,97.24,31.38,29.98,30.49,30.4,32.81,30.93,31.2,31.65,32.51,32.22,40.27,34.82,32.81,31.2,40.12,45.93,38.41,39.39,40.43,38.69,44.06,91.47
48904,37.87,96.37,31.38,29.98,30.58,30.4,32.81,30.93,31.2,31.65,32.51,32.22,40.27,34.82,32.81,31.2,40.27,46.13,38.27,39.39,40.43,38.69,44.06,81.15
48925,39.54,97.24,31.38,29.98,30.58,30.4,32.71,30.93,31.2,31.65,32.51,32.22,40.12,34.82,32.81,31.2,40.12,46.13,38.27,39.39,40.43,38.69,44.06,80.55
48945,39.11,71.96,31.29,29.98,30.58,30.32,42.83,30.93,31.2,31.65,32.51,32.22,39.98,34.82,32.91,31.2,40.12,46.13,38.14,39.39,40.43,38.69,44.06,80.55
48963,64.25,94.68,31.38,29.98,30.58,30.32,32.71,30.93,31.11,31.56,32.51,32.22,39.83,34.82,32.91,31.2,40.12,46.13,38.14,39.39,40.43,38.69,44.06,81.15
48984,38.69,61.33,31.38,29.98,30.58,30.4,32.71,30.93,31.2,31.65,32.51,32.12,46.52,34.82,32.91,31.2,40.27,46.13,38.14,39.39,40.43,38.69,44.06,81.77
49002,37.74,97.24,31.38,29.98,30.58,30.32,32.81,30.93,31.11,31.65,32.51,32.22,40.58,34.82,32.91,31.29,40.12,46.13,38.14,39.39,40.43,38.55,44.06,81.15
49023,37.61,98.12,31.29,30.07,30.58,30.32,59.96,30.93,31.2,31.56,32.51,32.22,40.27,34.82,32.91,31.29,40.12,46.13,38.14,39.39,40.27,38.69,44.06,81.77
49043,93.86,99.02,31.29,30.07,30.58,30.32,33.01,30.93,31.11,31.56,32.51,32.22,40.12,34.93,32.91,31.29,40.27,46.13,38.14,39.39,40.27,38.55,44.06,81.15
49062,37.61,96.37,31.29,30.07,30.58,30.32,32.81,30.93,31.11,31.65,32.51,32.22,39.98,34.82,32.91,31.29,40.27,46.13,38.27,39.25,40.43,38.69,44.06,81.77
49082,37.74,98.12,31.38,29.98,30.58,30.32,32.71,30.93,31.11,31.56,32.51,32.22,45.93,34.93,32.91,31.29,40.12,46.13,38.14,39.25,40.43,38.55,43.88,81.77
49101,37.74,98.12,31.29,29.98,30.58,30.32,32.71,30.93,31.11,31.56,32.41,32.22,40.12,34.93,32.91,31.29,40.12,46.13,38.14,39.25,40.43,38.55,43.88,81.15
49121,38.01,97.24,31.29,29.98,30.58,30.4,32.71,30.93,31.11,31.56,32.51,32.12,39.98,34.93,32.91,31.29,40.12,46.13,38.14,39.25,40.43,38.55,43.88,81.15
49140,38.55,96.37,31.29,30.07,30.58,30.4,35.86,30.93,31.11,31.56,32.41,32.22,39.98,34.93,32.91,31.38,40.12,46.32,38.01,39.25,40.43,38.41,43.88,80.55
49160,38.01,81.15,31.29,30.07,30.66,30.4,32.71,30.84,31.11,31.56,32.51,32.22,39.83,34.82,32.91,31.38,40.12,46.32,38.01,39.25,40.43,38.41,43.88,81.15
49181,37.48,97.24,31.2,30.07,30.66,30.4,32.71,30.84,31.11,31.56,32.51,32.22,39.68,34.82,33.01,31.38,40.12,46.32,38.01,39.25,40.43,38.27,43.88,81.15
49199,37.35,98.12,31.2,30.07,30.66,30.4,32.81,30.84,31.11,31.56,32.51,32.22,65.81,34.93,33.01,31.38,40.12,46.32,37.87,39.25,40.43,38.41,44.06,81.77
49219,37.35,99.02,31.29,30.07,30.66,30.4,32.71,30.84,31.11,31.47,32.51,32.22,65.81,34.93,33.01,31.47,39.98,47.55,37.87,39.39,40.43,38.41,44.06,81.15
49238,37.22,99.02,31.29,30.07,30.66,30.4,32.81,30.84,31.11,31.47,32.51,32.22,39.98,34.93,33.01,31.56,40.12,47.34,37.74,39.39,40.58,38.27,44.06,79.95
49258,37.35,99.02,31.29,30.07,30.66,30.4,32.71,30.84,31.11,31.56,32.41,32.22,39.98,34.93,33.01,31.56,40.12,47.55,37.74,39.39,40.43,38.14,44.24,79.36
49277,90.7,87.75,31.29,30.07,30.66,30.4,39.68,30.84,31.11,31.56,32.51,32.22,39.83,35.04,33.01,31.65,40.12,47.34,37.61,39.54,40.43,38.27,44.24,80.55
49297,37.61,89.2,30.84,30.07,30.66,30.4,32.81,30.84,31.11,31.56,32.41,32.22,39.68,35.04,32.91,31.65,40.12,47.34,37.61,39.54,40.43,38.27,44.24,57.72
49318,91.47,64.25,30.93,30.07,30.66,30.49,32.81,30.84,31.11,31.47,32.51,32.22,39.83,35.04,32.91,31.65,40.12,47.34,37.61,39.54,40.43,38.27,44.24,81.15
49336,93.05,100.87,31.2,30.07,30.66,30.4,32.91,30.84,31.11,31.47,32.51,32.32,39.98,34.82,32.91,31.65,40.12,46.93,37.61,39.39,40.58,38.27,44.24,46.73
49357,92.25,78.78,31.2,30.07,30.66,30.4,32.71,30.84,31.11,31.38,32.51,32.32,39.98,34.93,33.01,31.75,40.27,47.55,37.61,39.54,40.43,38.27,44.24,51.64
49375,92.25,99.94,31.2,30.07,30.66,30.4,32.71,30.93,31.11,31.38,32.51,32.32,39.83,35.04,33.01,31.84,40.27,47.34,37.61,39.54,40.58,38.27,44.42,49.51
49396,96.37,99.94,31.2,30.07,30.66,30.4,32.71,30.93,31.11,31.38,32.41,32.32,39.83,34.93,33.01,31.93,40.12,46.13,37.48,39.54,40.58,38.41,44.24,81.77
49416,98.12,100.87,31.2,29.98,30.66,30.49,32.81,30.93,31.11,31.47,32.41,32.32,39.83,34.93,32.91,31.93,40.12,46.52,37.48,39.54,40.58,38.27,44.24,76.01
49435,48.62,97.24,31.11,29.98,30.66,30.49,32.71,30.93,31.11,31.47,32.41,32.32,39.83,34.93,33.01,32.03,40.27,46.13,37.48,39.54,40.58,38.14,44.42,81.77
49455,50.2,97.24,30.75,29.98,30.75,30.49,33.01,30.93,31.11,31.47,32.51,32.32,39.83,34.93,33.01,32.12,40.27,45.35,37.48,39.68,40.58,38.27,44.42,78.78
49473,44.97,97.24,31.2,29.98,30.66,30.49,32.91,30.93,31.11,31.38,32.51,32.32,39.98,35.04,33.01,32.12,40.12,46.52,37.48,39.68,40.58,38.27,44.24,81.77
49494,43.7,99.94,31.2,29.98,30.66,30.49,32.81,30.93,31.11,31.38,32.51,32.41,39.98,35.04,33.11,32.22,40.12,46.32,37.35,39.68,40.58,38.27,44.24,53.7
49512,79.95,98.12,31.2,29.98,30.66,30.49,33.01,30.93,31.11,31.38,32.51,32.41,39.83,35.04,33.11,32.22,40.27,46.52,37.35,39.68,40.43,38.14,44.42,56.51
49533,98.12,98.12,31.2,29.98,30.75,30.49,33.11,31.02,31.11,31.47,32.51,32.41,39.83,35.04,33.11,32.32,40.27,46.73,37.48,39.68,40.58,38.27,44.24,73.93
49553,99.02,99.02,31.2,29.98,30.75,30.49,32.91,30.93,31.11,31.38,32.51,32.41,39.68,35.04,33.11,32.41,40.27,46.73,37.35,39.68,40.58,38.14,44.24,60.98
49572,95.52,99.02,31.2,29.98,30.75,30.49,32.81,31.02,31.11,31.38,32.51,32.32,39.83,35.04,33.11,32.41,40.27,46.73,37.35,39.68,40.58,38.27,44.24,46.32
49592,98.12,99.02,31.2,29.98,30.75,30.49,32.91,31.02,31.2,31.38,32.51,32.41,40.43,35.04,33.01,32.41,40.27,46.73,37.35,39.68,40.58,38.27,44.42,91.47
49611,60.98,97.24,31.2,29.98,30.75,30.49,32.91,30.93,31.2,31.38,32.51,32.41,40.12,35.04,33.11,32.41,40.27,46.52,37.35,39.68,40.58,38.27,44.42,91.47
49631,95.52,99.94,31.2,29.98,30.75,30.49,32.91,31.02,31.38,31.38,32.51,32.41,41.04,35.04,33.11,32.51,40.27,45.54,37.35,39.68,40.58,38.27,44.42,93.05
49650,94.68,99.94,31.2,29.98,30.75,30.49,33.21,31.02,31.38,31.47,32.41,32.32,40.58,35.16,33.11,32.41,40.27,47.34,37.35,39.68,40.58,38.27,44.42,92.25
49670,66.63,98.12,31.2,29.98,30.75,30.49,32.91,31.02,31.38,31.38,32.51,32.41,40.12,35.04,33.11,32.41,40.27,48.84,37.35,39.68,40.58,38.27,44.24,80.55
49691,45.54,98.12,31.2,29.98,30.75,30.49,32.91,31.02,31.38,31.47,32.51,32.41,40.88,35.04,33.01,32.32,40.12,49.51,37.22,39.68,40.58,38.27,44.42,49.51
49709,60.64,96.37,31.2,29.98,30.75,30.49,33.01,30.93,31.29,31.38,32.51,32.41,41.67,35.04,33.01,32.32,40.27,45.54,37.35,39.68,40.58,38.27,44.24,52.65
49729,45.74,96.37,31.2,29.98,30.75,30.49,35.39,31.02,31.38,31.47,32.41,32.41,39.68,35.04,33.01,32.22,40.12,45.35,37.35,39.54,40.58,38.27,44.42,76.55
49748,45.74,98.12,30.75,29.98,30.75,30.49,56.51,30.93,31.38,31.38,32.51,32.41,39.83,35.04,33.01,32.22,40.27,45.35,37.35,39.54,40.43,38.27,44.24,55.35
49768,91.47,99.94,30.84,29.98,30.75,30.49,33.62,31.02,31.38,31.38,32.41,32.41,39.83,35.04,33.01,32.22,40.27,45.35,37.35,39.54,40.43,38.27,44.24,72.44
49789,44.42,98.12,31.2,29.98,30.66,30.49,33.11,30.93,31.11,31.38,32.51,32.32,39.68,34.93,33.01,32.22,40.27,45.35,37.35,39.54,40.43,38.27,44.24,54.79
49807,44.06,97.24,31.2,29.98,30.66,30.49,32.91,31.02,31.11,31.38,32.51,32.32,41.04,34.93,33.01,32.12,40.27,45.35,37.48,39.54,40.43,38.14,44.24,81.15
49828,93.05,100.87,31.2,29.98,30.66,30.49,36.84,31.02,31.11,31.38,32.51,32.41,39.54,34.93,33.01,32.03,40.27,45.35,37.48,39.39,40.58,38.27,44.24,55.92
49846,37.61,97.24,31.2,29.98,30.66,30.49,32.91,31.02,31.11,31.38,32.41,32.41,39.54,34.93,33.01,32.03,40.27,45.35,37.48,39.39,40.58,38.27,44.24,81.15
49867,37.48,98.12,31.2,29.98,30.75,30.49,33.01,31.02,31.11,31.38,32.41,32.32,39.54,34.82,33.01,32.03,40.12,45.35,37.61,39.39,40.58,38.27,44.06,79.95
49885,82.39,99.94,31.2,29.9,30.75,30.49,33.01,31.02,31.11,31.56,32.41,32.41,40.27,34.82,32.91,31.93,40.12,45.16,37.61,39.39,40.43,38.41,44.06,79.36
49906,47.97,99.02,31.2,29.9,30.66,30.49,33.01,30.93,31.11,31.56,32.51,32.41,39.68,34.93,32.91,31.93,40.12,45.16,37.61,39.39,40.43,38.27,43.88,74.44
49926,64.63,99.94,30.84,29.9,30.66,30.49,32.91,30.93,31.11,31.56,32.41,32.32,39.39,34.93,32.91,31.84,40.12,45.16,37.74,39.39,40.43,38.41,44.06,76.01
49944,38.01,98.12,30.84,29.9,30.66,30.49,32.91,30.93,31.11,31.38,32.51,32.32,39.54,34.93,32.91,31.84,40.12,47.13,37.74,39.25,40.43,38.41,44.06,81.15
49965,44.42,99.02,30.93,29.9,30.66,30.49,32.81,30.93,31.11,31.38,32.51,32.32,39.39,34.93,32.91,31.84,39.98,57.72,37.87,39.39,40.43,38.41,44.06,81.15
49983,91.47,101.83,30.84,29.9,30.66,30.49,32.81,30.93,31.11,31.38,32.41,32.32,39.39,34.82,32.91,31.65,40.12,62.39,37.87,39.39,40.27,38.41,43.88,80.55
50004,91.47,101.83,31.02,29.82,30.66,30.49,32.81,30.93,31.11,31.47,32.41,32.32,49.97,34.82,32.91,31.75,40.12,58.98,37.87,39.39,40.27,38.41,43.7,80.55
50022,90.7,84.32,31.38,29.9,30.66,30.49,32.91,30.93,31.02,31.47,32.51,32.32,42,34.82,32.91,31.75,39.98,45.16,38.14,39.39,40.27,38.55,43.7,79.95
50043,92.25,100.87,31.29,29.9,30.66,30.58,36.59,30.93,31.02,31.47,32.51,32.32,39.39,34.82,32.91,31.65,40.12,44.97,38.14,39.39,40.27,38.55,43.7,86.35
50063,92.25,101.83,31.38,29.9,30.66,30.49,32.91,30.93,31.11,31.47,32.51,32.32,39.39,34.82,32.91,31.65,40.12,44.97,38.27,39.25,40.27,38.55,43.7,77.65
50082,97.24,100.87,31.38,29.82,30.58,30.58,32.81,30.93,31.11,31.38,32.51,32.32,39.39,34.82,32.81,31.56,40.12,54.79,38.27,39.39,40.27,38.55,43.52,90.7
50102,97.24,103.78,31.29,29.82,30.58,30.49,32.81,30.93,31.11,31.38,32.51,32.32,39.54,34.71,32.81,31.56,40.12,66.63,38.27,39.39,40.27,38.55,43.7,89.95
50121,95.52,101.83,31.38,29.82,30.58,30.49,32.81,30.93,31.11,31.38,32.51,32.32,39.54,34.82,32.81,31.56,39.98,66.63,38.27,39.39,40.43,38.55,43.88,89.2
50141,91.47,101.83,31.47,29.82,30.58,30.58,33.01,30.93,31.11,31.47,32.51,32.32,39.54,34.71,32.81,31.56,40.12,66.63,38.41,39.39,40.27,38.55,43.7,87.04
50162,91.47,101.83,31.47,29.82,30.58,30.49,32.81,30.93,31.11,31.38,32.51,32.32,39.39,34.82,32.81,31.47,40.12,69.19,38.41,39.39,40.43,38.55,43.7,84.99
50180,92.25,102.8,31.47,29.73,30.58,30.49,32.81,30.93,31.2,31.38,32.51,32.32,39.39,34.71,32.81,31.56,40.12,69.19,38.41,39.25,40.43,38.55,43.7,81.77
50200,97.24,102.8,31.38,29.73,30.58,30.49,32.81,30.93,31.2,31.38,32.51,32.32,39.39,34.82,32.81,31.56,40.27,69.19,38.41,39.39,40.43,38.55,43.7,88.47
50219,92.25,102.8,31.38,29.73,30.58,30.58,32.81,30.93,31.2,31.38,32.51,32.22,39.54,34.82,32.81,31.47,40.12,69.64,38.55,39.25,40.43,38.69,43.7,81.77
50239,92.25,102.8,31.38,29.73,30.58,30.58,32.81,30.93,31.2,31.38,32.51,32.32,39.54,34.82,32.81,31.47,40.12,70.09,38.55,39.39,40.43,38.55,43.7,90.7
50258,96.37,102.8,31.38,29.73,30.58,30.58,32.81,30.93,31.11,31.38,32.51,32.32,39.54,34.82,32.81,31.47,40.12,69.19,38.55,39.39,40.43,38.55,43.7,59.31
50278,96.37,101.83,31.38,29.73,30.58,30.58,33.01,30.93,31.11,31.65,32.51,32.32,39.54,34.82,32.81,31.47,39.98,67.88,38.41,39.39,40.43,38.55,43.7,65.81
50299,96.37,100.87,31.47,29.73,30.58,30.58,33.01,30.93,31.11,31.65,32.51,32.32,39.54,34.82,32.81,31.47,40.12,47.76,38.55,39.39,40.43,38.69,43.7,62.03
50317,91.47,100.87,31.38,29.73,30.58,30.58,32.81,30.93,31.11,31.65,32.51,32.32,39.68,34.82,32.91,31.47,40.12,59.31,38.55,39.39,40.43,38.55,43.7,81.77
50338,95.52,101.83,31.38,29.73,30.58,30.66,33.01,30.93,31.11,31.75,32.51,32.22,39.68,34.82,32.91,31.38,40.12,57.11,38.55,39.39,40.43,38.69,43.88,81.15
50356,64.25,99.94,31.38,29.73,30.49,30.66,32.71,30.93,31.11,31.65,32.51,32.32,39.68,34.82,32.81,31.38,40.12,60.64,38.55,39.39,40.43,38.69,43.88,80.55
50377,38.41,99.02,31.38,29.73,30.58,30.66,32.81,30.93,31.11,31.47,32.51,32.32,41.35,34.82,32.81,31.38,40.12,62.39,38.55,39.39,40.43,38.69,43.88,80.55
50395,39.83,98.12,31.38,29.65,30.58,30.66,32.81,30.93,31.11,31.47,32.51,32.32,42.66,34.82,32.91,31.38,40.27,62.75,38.55,39.39,40.43,38.69,43.88,81.15
50416,39.68,99.02,31.38,29.73,30.58,30.66,32.81,30.93,31.11,31.47,32.41,32.32,42.33,34.82,32.91,31.38,40.12,45.74,38.55,39.39,40.43,38.69,43.88,81.15
50436,95.52,100.87,31.38,29.73,30.58,30.66,32.81,30.93,31.11,31.47,32.51,32.32,39.68,34.82,32.81,31.38,40.12,45.93,38.55,39.39,40.43,38.69,43.88,81.77
50454,99.02,100.87,31.38,29.73,30.58,30.66,32.71,30.93,31.11,31.47,32.51,32.22,39.68,34.82,32.91,31.29,40.27,46.13,38.55,39.39,40.43,38.55,44.06,80.55
50475,99.94,100.87,31.38,29.73,30.58,30.75,32.71,30.93,31.11,31.47,32.51,32.22,39.83,34.82,32.91,31.38,40.12,47.55,38.41,39.25,40.43,38.69,44.06,63.87
50493,97.24,100.87,31.47,29.73,30.49,30.75,44.97,30.93,31.11,31.47,32.51,32.22,39.83,34.82,32.81,31.38,40.12,63.12,38.55,39.39,40.43,38.69,43.88,58.03
50514,87.04,99.94,31.47,29.73,30.49,30.75,32.81,30.93,31.11,31.47,32.41,32.22,39.39,34.82,32.81,31.29,40.12,47.34,38.55,39.39,40.43,38.69,44.06,54.79
50534,45.16,97.24,31.38,29.73,30.58,30.75,32.71,30.93,31.11,31.47,32.51,32.32,39.39,34.82,32.91,31.29,40.12,47.13,38.55,39.39,40.43,38.83,44.06,49.06
50553,44.42,98.12,31.47,29.82,30.49,30.66,32.71,30.93,31.11,31.47,32.51,32.22,40.58,34.82,32.81,31.29,40.27,47.13,38.55,39.39,40.43,38.69,44.06,52.14
50573,75.48,99.02,31.47,29.73,30.58,30.75,32.91,30.93,31.11,31.47,32.51,32.22,42,34.82,32.91,31.29,39.98,47.13,38.55,39.25,40.43,38.83,44.06,84.32
50592,52.14,99.02,31.38,29.73,30.58,30.75,32.71,30.93,31.11,31.47,32.51,32.22,42,34.82,32.91,31.29,40.12,46.93,38.55,39.39,40.43,38.69,43.88,51.64
50612,93.86,99.94,31.38,29.73,30.58,30.75,33.01,30.93,31.11,31.47,32.51,32.22,41.84,34.82,32.91,31.29,40.12,45.93,38.55,39.39,40.43,38.69,44.06,54.79
50631,93.05,99.94,31.47,29.73,30.58,30.75,32.81,30.93,31.11,31.47,32.51,32.22,42.16,34.82,32.91,31.29,40.12,46.32,38.55,39.39,40.43,38.83,43.88,53.97
50651,40.43,96.37,31.47,29.73,30.58,30.75,32.12,30.93,31.11,31.38,32.51,32.22,42.16,34.82,32.91,31.29,40.27,46.13,38.55,39.39,40.43,38.83,43.88,55.35
50672,95.52,97.24,31.47,29.82,30.49,30.75,32.12,30.84,31.2,31.47,32.51,32.22,40.73,34.82,32.91,31.29,40.27,45.74,38.55,39.25,40.43,38.69,43.88,62.03
50690,63.87,94.68,31.47,29.82,30.49,30.75,32.32,30.84,31.11,31.47,32.51,32.22,42,34.82,32.91,31.29,40.12,45.74,38.69,39.39,40.43,38.69,43.7,79.95
50710,92.25,94.68,31.47,29.82,30.49,30.84,32.91,30.84,31.11,31.56,32.51,32.22,42.33,34.82,32.91,31.29,40.27,45.16,38.69,39.25,40.43,38.83,44.06,77.1
50729,92.25,71.96,31.47,29.73,30.49,30.84,32.32,30.84,31.2,31.56,32.51,32.12,43,34.82,33.01,31.29,40.12,45.16,38.69,39.25,40.43,38.69,44.06,79.95
50749,94.68,93.86,31.38,29.73,30.49,30.84,32.03,30.84,31.11,31.65,32.51,32.12,46.93,34.82,33.01,31.2,40.27,45.16,38.69,39.25,40.43,38.83,44.06,82.39
50768,83.03,93.05,31.38,29.82,30.49,30.84,32.61,30.84,31.11,31.65,32.51,32.12,48.19,34.82,33.01,31.29,40.12,45.35,38.69,39.39,40.43,38.69,43.88,54.51
50788,86.35,90.7,31.38,29.73,30.49,30.75,32.22,30.84,31.2,31.75,32.51,32.12,43.35,34.82,33.11,31.2,40.27,45.35,38.69,39.39,40.43,38.69,44.06,53.43
50809,37.61,89.2,31.38,29.73,30.49,30.75,31.93,30.84,31.2,31.93,32.51,32.12,40.73,34.82,33.11,31.29,40.43,45.35,38.83,39.39,40.43,38.83,43.88,56.51
50827,89.2,89.2,31.38,29.73,30.58,30.75,32.22,30.84,31.2,31.93,32.51,32.12,42,34.82,33.01,31.2,40.43,45.54,38.83,39.39,40.43,38.69,44.06,54.24
50848,97.24,91.47,31.38,29.73,30.58,30.84,31.84,30.84,31.2,31.93,32.51,32.12,42,34.82,33.01,31.2,40.43,46.52,38.83,39.54,40.43,38.83,44.06,55.64
50866,97.24,91.47,31.38,29.82,30.58,30.75,32.03,30.84,31.2,31.93,32.51,32.12,42.16,34.82,33.01,31.2,40.43,46.73,38.97,39.54,40.43,38.69,44.24,55.07
50887,97.24,91.47,31.38,29.73,30.58,30.75,32.12,30.84,31.2,31.93,32.51,32.12,43.52,34.82,32.91,31.2,40.43,46.73,38.97,39.54,40.43,38.69,44.24,55.07
50907,92.25,91.47,31.38,29.73,30.49,30.75,31.84,30.84,31.2,31.93,32.51,32.12,43.17,34.93,32.91,31.11,40.58,46.93,38.97,39.54,40.43,38.69,44.24,79.36
50925,93.05,91.47,31.47,29.82,30.49,30.75,32.61,30.84,31.2,31.93,32.51,32.12,42.33,34.82,33.01,31.2,40.58,46.93,38.97,39.68,40.43,38.83,44.24,70.55
50946,93.05,91.47,31.75,29.73,30.49,30.75,31.84,30.84,31.2,31.93,32.51,32.22,39.54,34.82,33.01,31.2,40.73,46.93,38.97,39.68,40.58,38.69,44.24,90.7
50964,93.05,93.05,31.75,29.82,30.49,30.75,31.84,30.84,31.2,32.03,32.51,32.22,42,34.93,32.91,31.11,40.58,47.13,39.11,39.68,40.58,38.83,44.24,91.47
50985,93.86,93.86,31.38,29.9,30.58,30.84,31.84,30.84,31.2,32.03,32.51,32.22,42,34.93,32.91,31.11,40.73,47.13,39.25,39.83,40.58,38.83,44.24,91.47
51003,95.52,94.68,31.47,29.9,30.49,30.84,31.84,30.93,31.2,31.93,32.51,32.22,42,34.93,32.91,31.11,40.88,46.93,39.25,39.83,40.58,38.83,44.42,91.47
51024,94.68,94.68,31.29,29.9,30.58,30.84,31.84,30.93,31.2,32.03,32.51,32.22,42,34.93,33.01,31.11,40.88,47.13,39.25,39.83,40.58,38.83,44.42,67.04
51044,94.68,93.86,31.38,29.9,30.58,30.75,31.84,30.84,31.2,32.03,32.51,32.22,42,34.93,32.91,31.11,40.88,47.13,39.39,39.83,40.58,38.83,44.24,93.05
51063,94.68,94.68,31.29,29.9,30.49,30.75,31.84,30.93,31.2,31.75,32.61,32.22,42,34.93,32.91,31.11,41.04,47.13,39.39,39.83,40.73,38.83,44.24,92.25
51083,94.68,94.68,31.29,29.9,30.58,30.75,31.84,30.93,31.2,31.75,32.61,32.22,39.68,35.04,33.01,31.11,41.04,47.13,39.39,39.98,40.58,38.83,44.42,93.05
51102,94.68,94.68,31.38,29.9,30.58,30.75,33.11,30.93,31.11,31.75,32.51,32.22,42,35.04,32.91,31.11,41.04,47.13,39.39,39.98,40.73,38.83,44.42,92.25
51122,95.52,94.68,31.38,29.9,30.58,30.75,33.31,30.93,31.2,31.75,32.51,32.22,42,35.04,33.01,31.11,41.2,47.13,39.39,39.98,40.73,38.83,44.42,93.05
51141,95.52,94.68,31.38,29.9,30.58,30.75,31.84,30.93,31.2,31.75,32.51,32.22,41.84,35.04,33.01,31.11,41.04,47.13,39.39,39.98,40.73,38.97,44.42,93.05
51161,95.52,94.68,31.29,29.82,30.58,30.75,33.21,30.93,31.2,31.75,32.61,32.32,41.84,35.04,33.01,31.11,41.04,47.13,39.39,39.98,40.73,38.83,44.6,91.47
51181,95.52,95.52,31.38,29.9,30.58,30.75,33.21,30.93,31.2,31.75,32.61,32.32,42,35.04,33.01,31.11,41.2,47.76,39.39,39.98,40.88,38.97,44.6,84.99
51200,95.52,95.52,31.38,29.82,30.58,30.75,33.21,30.93,31.2,31.75,32.61,32.32,42,35.04,33.01,31.11,41.2,47.13,39.54,39.98,40.88,38.97,44.6,84.99
51220,96.37,95.52,31.56,29.82,30.49,30.75,33.11,30.93,31.29,31.75,32.61,32.32,42,35.16,33.11,31.11,41.2,47.13,39.54,40.12,40.88,38.97,44.6,80.55
51239,97.24,95.52,31.65,29.9,30.49,30.75,33.21,30.93,31.2,31.75,32.61,32.32,42,35.04,33.11,31.11,41.04,47.13,39.54,40.12,40.88,38.97,44.6,79.36
51259,96.37,95.52,31.38,29.82,30.58,30.75,33.21,30.93,31.2,31.75,32.61,32.32,42.33,35.04,33.01,31.11,41.2,47.13,39.54,40.12,40.73,38.97,44.6,79.36
51280,96.37,95.52,31.38,29.9,30.58,30.75,33.21,30.93,31.29,31.75,32.51,32.32,42,35.04,33.01,31.11,41.2,47.13,39.68,40.12,40.88,38.97,44.6,80.55
51298,95.52,95.52,31.38,29.9,30.58,30.75,33.21,30.93,31.29,31.75,32.61,32.32,42.16,35.04,33.01,31.11,41.2,47.13,39.68,40.12,40.88,38.97,44.6,80.55
51319,95.52,96.37,31.38,29.82,30.58,30.84,33.21,30.93,31.2,31.75,32.51,32.32,42,35.04,33.01,31.11,41.2,47.13,39.54,40.12,40.88,38.97,44.6,79.95
51337,96.37,96.37,31.38,29.82,30.58,30.75,33.21,30.93,31.29,31.75,32.61,32.32,42.66,35.04,33.01,31.11,41.04,47.13,39.54,39.98,40.88,38.83,44.6,80.55
51358,96.37,96.37,31.38,29.82,30.49,30.84,33.21,30.93,31.29,31.75,32.61,32.32,42,35.04,33.01,31.11,41.2,46.93,39.39,39.98,40.88,38.97,44.6,80.55
51376,96.37,96.37,31.11,29.9,30.58,30.84,32.03,30.93,31.29,31.84,32.51,32.22,40.88,35.04,33.01,31.11,41.2,46.93,39.39,39.98,40.88,38.97,44.6,93.86
51397,97.24,97.24,30.93,29.9,30.58,30.75,31.84,30.93,31.29,31.84,32.61,32.22,39.54,35.04,32.91,31.11,41.04,46.93,39.39,39.98,40.88,38.97,44.6,91.47
51417,97.24,97.24,31.29,29.9,30.58,30.84,31.84,30.93,31.2,31.84,32.61,32.22,39.68,35.04,32.91,31.11,41.04,45.93,39.25,39.83,40.73,38.83,44.6,63.49
51437,97.24,97.24,31.02,29.9,30.49,30.75,31.84,30.93,31.2,31.84,32.61,32.22,40.58,35.04,32.81,31.11,40.88,45.74,39.25,39.83,40.88,38.97,44.6,83.67
51456,97.24,97.24,31.2,29.9,30.58,30.75,31.84,30.93,31.2,31.84,32.51,32.22,44.42,35.04,32.81,31.11,40.73,45.93,39.11,39.83,40.88,38.97,44.42,61.33
51476,97.24,97.24,31.29,29.9,30.49,30.75,31.84,30.93,31.2,31.84,32.61,32.22,44.06,34.93,32.81,31.11,40.73,45.74,39.11,39.83,40.73,38.97,44.42,56.81
51495,97.24,97.24,31.29,29.9,30.49,30.75,33.21,30.93,31.2,31.84,32.51,32.22,44.97,34.93,32.81,31.11,40.73,45.74,38.97,39.68,40.73,38.83,44.42,83.03
51515,97.24,98.12,31.29,29.9,30.49,30.75,31.93,30.93,31.29,31.84,32.51,32.22,39.11,34.93,32.81,31.11,40.58,45.74,38.83,39.68,40.73,38.83,44.42,83.03
51536,99.02,98.12,30.93,29.9,30.49,30.75,31.84,30.93,31.29,31.84,32.51,32.22,47.34,34.93,32.71,31.11,40.43,45.54,38.97,39.68,40.73,38.97,44.42,93.86
51554,99.02,98.12,30.93,29.9,30.49,30.75,31.93,30.93,31.2,31.84,32.61,32.22,39.11,34.93,32.71,31.11,40.58,45.54,38.97,39.68,40.73,38.83,44.42,93.86
51575,99.02,98.12,30.93,29.9,30.49,30.66,31.93,30.93,31.2,31.75,32.61,32.22,39.25,34.93,32.71,31.11,40.58,45.54,38.83,39.68,40.73,38.97,44.24,93.86
51593,98.12,98.12,31.02,29.9,30.49,30.66,33.62,30.93,31.2,31.75,32.51,32.22,39.11,34.93,32.61,31.11,40.58,45.54,38.83,39.68,40.73,38.97,44.42,47.55
51614,98.12,97.24,31.11,29.9,30.49,30.66,32.12,30.93,31.2,31.75,32.51,32.22,39.25,34.93,32.61,31.11,40.58,45.35,38.83,39.68,40.73,38.83,44.6,51.89
51632,98.12,97.24,31.02,29.9,30.49,30.58,32.03,30.84,31.29,31.75,32.51,32.22,39.39,34.93,32.71,31.11,40.58,45.35,38.83,39.68,40.58,38.83,44.24,51.89
51653,97.24,97.24,31.11,29.9,30.49,30.58,32.03,30.93,31.2,31.75,32.51,32.22,39.54,34.93,32.61,31.11,40.43,45.35,38.69,39.54,40.58,38.83,44.24,50.2
51673,95.52,97.24,31.29,29.98,30.49,30.58,32.12,30.93,31.29,31.75,32.51,32.22,39.39,34.93,32.71,31.11,40.43,45.35,38.83,39.54,40.58,38.83,44.24,53.97
51691,95.52,97.24,31.29,29.9,30.58,30.58,32.12,30.93,31.47,31.75,32.51,32.22,39.68,34.82,32.61,31.11,40.43,45.16,38.83,39.39,40.58,38.97,44.24,51.15
51712,95.52,97.24,31.29,29.98,30.49,30.49,32.12,30.93,31.47,31.93,32.51,32.22,40.27,34.82,32.71,31.11,40.43,45.16,38.69,39.39,40.58,38.83,44.24,55.07
51732,94.68,96.37,31.29,29.9,30.49,30.49,32.22,30.84,31.2,41.84,32.51,32.22,41.04,34.82,32.61,31.11,40.27,45.16,38.69,39.54,40.43,38.97,44.24,49.51
51751,97.24,97.24,31.29,29.9,30.49,30.49,32.12,30.84,31.2,33.21,32.51,32.22,57.41,34.93,32.71,31.11,40.43,45.16,38.69,39.39,40.58,38.97,44.24,49.74
51771,95.52,96.37,31.29,29.9,30.49,30.49,32.12,30.84,31.38,31.93,32.51,32.22,51.64,34.82,32.61,31.11,40.27,45.35,38.69,39.54,40.58,38.97,44.24,49.29
51792,96.37,95.52,31.29,29.9,30.49,30.49,32.22,30.84,31.38,31.93,32.51,32.22,54.51,34.82,32.71,31.11,40.43,45.54,38.69,39.39,40.58,38.97,44.24,49.74
51810,96.37,97.24,31.29,29.9,30.49,30.49,32.12,30.84,31.2,31.84,32.51,32.22,42.33,34.82,32.81,31.2,40.27,46.13,38.69,39.39,40.58,38.97,44.24,49.97
51831,96.37,97.24,31.29,29.9,30.49,30.49,32.51,30.84,31.38,31.75,32.51,32.22,46.32,34.82,32.71,31.11,40.27,46.32,38.69,39.39,40.58,38.97,44.06,51.15
51849,96.37,97.24,31.29,29.9,30.58,30.49,37.09,30.84,31.38,31.75,32.51,32.22,54.51,34.82,32.81,31.2,40.27,46.32,38.69,39.39,40.58,38.97,44.06,60.98
51870,97.24,98.12,31.29,29.9,30.58,30.49,32.91,30.84,31.47,37.48,32.51,32.22,45.54,34.82,32.71,31.2,40.12,46.32,38.69,39.25,40.43,38.97,44.06,57.41
51888,97.24,97.24,31.29,29.9,30.49,30.49,32.81,30.93,31.47,33.31,32.51,32.12,42.66,34.82,32.91,31.2,40.12,46.13,38.69,39.39,40.58,38.83,44.06,53.17
51909,96.37,97.24,31.2,29.9,30.49,30.49,32.71,30.93,31.47,31.93,32.51,32.22,42.66,34.82,32.91,31.2,40.27,46.13,38.55,39.25,40.43,38.83,44.06,55.92
51929,96.37,97.24,31.29,29.9,30.58,30.49,33.84,30.93,31.47,31.93,32.51,32.22,42.49,34.82,32.81,31.2,40.27,46.13,38.55,39.39,40.43,38.69,44.06,64.25
51947,96.37,97.24,31.2,29.98,30.58,30.49,41.2,30.93,31.47,31.93,32.51,32.12,42.66,34.82,32.91,31.2,40.27,46.32,38.55,39.25,40.58,38.83,43.88,62.75
51968,96.37,97.24,31.2,29.98,30.58,30.49,33.62,30.93,31.47,31.93,32.51,32.12,42.49,34.82,32.91,31.2,40.27,46.13,38.55,39.25,40.43,38.83,44.06,64.25
51986,95.52,96.37,31.2,29.98,30.49,30.49,32.12,30.93,31.47,31.93,32.51,32.12,42.49,34.82,32.91,31.2,40.27,46.13,38.55,39.39,40.43,38.83,44.06,67.88
52007,96.37,97.24,31.29,29.98,30.58,30.4,32.32,30.93,31.47,31.93,32.51,32.22,42.66,34.82,32.91,31.2,40.27,46.32,38.55,39.39,40.43,38.83,44.06,90.7
52027,96.37,96.37,31.29,29.98,30.49,30.4,32.41,30.93,31.47,31.93,32.51,32.22,42.66,34.82,32.91,31.2,40.27,46.32,38.55,39.25,40.43,38.83,44.06,90.7
52046,97.24,97.24,31.29,29.98,30.58,30.49,36.46,30.93,31.47,32.03,32.51,32.22,42.66,34.93,32.81,31.2,40.27,46.32,38.55,39.39,40.43,38.69,44.06,90.7
52066,96.37,96.37,31.2,29.98,30.49,30.4,32.61,30.93,31.47,32.03,32.51,32.22,42.66,34.93,32.91,31.2,40.12,46.32,38.41,39.39,40.43,38.69,44.06,90.7
52085,96.37,95.52,31.29,29.98,30.58,30.4,32.71,30.93,31.47,32.03,32.51,32.22,42.66,34.82,32.91,31.2,40.27,46.32,38.41,39.39,40.43,38.69,44.06,90.7
52105,96.37,96.37,31.29,29.98,30.58,30.49,39.11,30.93,31.56,32.03,32.51,32.22,68.75,34.82,32.91,31.2,40.27,46.32,38.41,39.39,40.43,38.69,43.88,90.7
52124,96.37,95.52,31.38,29.98,30.58,30.4,32.61,30.93,31.56,32.03,32.51,32.12,69.64,34.82,32.91,31.2,40.27,46.32,38.27,39.39,40.43,38.69,44.06,90.7
52144,96.37,97.24,31.29,29.98,30.58,30.4,32.61,30.93,31.56,32.03,32.51,32.22,70.09,34.82,32.91,31.2,40.27,46.32,38.41,39.54,40.43,38.69,44.06,81.77
52165,96.37,97.24,31.29,29.98,30.58,30.4,35.16,30.93,31.29,32.03,32.51,32.12,42.83,34.82,32.91,31.2,40.27,46.32,38.27,39.54,40.43,38.69,44.06,80.55
52183,50.67,77.65,31.29,29.98,30.58,30.4,32.71,30.93,31.2,32.03,32.51,32.22,42.83,34.93,32.91,31.29,40.27,46.73,38.27,39.39,40.43,38.55,44.06,81.15
52203,95.52,74.44,31.38,29.98,30.58,30.4,32.71,30.93,31.2,32.03,32.51,32.12,42.66,34.93,32.91,31.29,40.27,46.32,38.27,39.54,40.43,38.69,44.06,79.95
52222,38.41,79.95,31.29,30.07,30.58,30.4,32.71,30.84,31.29,32.03,32.51,32.22,42.66,34.93,32.91,31.29,40.27,46.32,38.14,39.54,40.43,38.69,44.06,81.77
52242,94.68,95.52,31.38,30.07,30.58,30.4,32.71,30.93,31.29,31.93,32.51,32.22,42.83,34.82,33.01,31.29,40.27,46.32,38.14,39.54,40.43,38.55,44.06,81.15
52261,37.74,94.68,31.38,30.07,30.58,30.4,32.61,30.93,31.29,32.03,32.51,32.12,42.83,34.82,32.91,31.29,40.27,46.32,38.14,39.54,40.58,38.41,44.24,81.15
52281,37.74,95.52,31.38,30.07,30.58,30.4,32.71,30.93,31.2,31.93,32.51,32.22,42.66,34.82,32.91,31.29,40.12,46.32,38.14,39.54,40.43,38.55,44.24,89.95
52302,37.61,96.37,31.38,30.07,30.58,30.4,33.01,30.84,31.2,31.75,32.51,32.22,42.66,34.82,33.01,31.29,40.27,46.13,38.14,39.54,40.43,38.55,44.24,90.7
52320,97.24,99.02,31.29,30.07,30.58,30.4,33.01,30.84,31.11,31.75,32.51,32.22,42.83,34.82,32.91,31.38,40.27,46.32,38.14,39.39,40.43,38.55,44.24,89.95
52341,37.61,96.37,31.29,30.07,30.58,30.4,43.35,30.84,31.2,31.84,32.51,32.22,51.64,34.93,32.91,31.29,40.27,46.13,38.14,39.39,40.43,38.55,44.06,90.7
52359,37.61,85.66,31.29,30.07,30.58,30.32,58.03,30.84,31.2,31.93,32.51,32.22,42.33,34.82,32.91,31.38,40.12,46.32,38.14,39.39,40.43,38.55,44.06,90.7
52380,38.01,80.55,31.29,30.15,30.66,30.32,61.68,30.84,31.11,31.93,32.51,32.22,41.51,34.93,32.91,31.38,40.27,46.32,38.01,39.39,40.43,38.41,44.06,91.47
52400,99.02,99.02,31.29,30.07,30.66,30.4,59.31,30.84,31.11,31.56,32.51,32.22,41.67,34.82,32.91,31.38,40.27,46.13,38.01,39.39,40.43,38.41,44.06,90.7
52418,89.2,98.12,31.29,30.15,30.66,30.4,32.81,30.84,31.11,31.56,32.41,32.22,42,34.93,32.91,31.38,40.27,46.32,38.01,39.39,40.43,38.41,43.88,91.47
52439,97.24,99.02,31.29,30.07,30.66,30.4,32.81,30.84,31.11,31.65,32.41,32.22,41.84,34.93,32.91,31.47,40.27,47.55,38.01,39.39,40.58,38.41,44.24,90.7
52457,98.12,99.02,31.29,30.07,30.66,30.32,32.81,30.75,31.02,31.65,32.51,32.22,42,34.93,33.01,31.47,40.27,47.34,37.87,39.39,40.43,38.41,44.24,90.7
52478,53.97,99.02,31.29,30.07,30.66,30.4,32.71,30.75,31.02,31.47,32.41,32.22,41.84,34.93,33.01,31.56,40.27,47.55,37.87,39.39,40.58,38.41,44.24,81.77
52496,96.37,99.02,31.29,30.07,30.66,30.4,32.71,30.75,31.02,31.47,32.51,32.22,41.84,34.93,32.91,31.56,40.12,47.34,37.87,39.39,40.43,38.27,44.24,81.15
52517,39.54,96.37,31.29,30.07,30.66,30.4,32.71,30.84,31.11,31.38,32.41,32.22,41.35,34.93,32.91,31.56,40.12,47.34,37.74,39.39,40.58,38.41,44.24,80.55
52537,37.35,95.52,31.29,30.07,30.66,30.4,32.71,30.75,31.11,31.38,32.41,32.22,40.58,34.93,32.91,31.65,40.12,47.34,37.74,39.39,40.58,38.14,44.24,81.15
52556,37.61,95.52,31.29,30.07,30.66,30.4,32.71,30.75,31.02,31.38,32.41,32.22,43.7,34.93,32.91,31.65,39.98,47.34,37.74,39.25,40.43,38.41,44.24,80.55
52576,40.27,93.05,31.29,30.07,30.66,30.4,37.87,30.84,31.02,31.38,32.51,32.22,42.49,34.93,32.91,31.65,40.12,47.55,37.74,39.25,40.58,38.41,44.24,81.77
52595,89.95,96.37,31.29,29.98,30.66,30.4,44.24,30.84,31.02,31.38,32.41,32.22,42.49,34.93,32.91,31.75,40.12,47.34,37.74,39.25,40.43,38.27,44.24,81.77
52615,95.52,93.86,31.29,29.98,30.66,30.4,32.71,30.84,31.02,31.47,32.51,32.22,42.33,35.04,33.01,31.75,40.12,47.34,37.61,39.39,40.43,38.27,44.24,81.15
52634,46.13,93.05,31.29,29.98,30.66,30.4,32.71,30.84,31.11,31.47,32.51,32.22,41.2,34.93,32.91,31.75,40.12,47.34,37.61,39.39,40.58,38.41,44.24,81.77
52654,93.86,79.95,31.29,30.07,30.66,30.4,32.71,30.84,31.11,31.47,32.41,32.22,42.33,35.16,32.91,31.84,40.12,47.55,37.61,39.54,40.43,38.41,44.24,82.39
52674,89.95,96.37,31.2,30.07,30.66,30.4,32.81,30.84,31.11,31.47,32.51,32.22,43,35.16,32.91,31.84,39.98,47.55,37.61,39.39,40.43,38.27,44.06,83.03
52693,95.52,96.37,31.2,30.07,30.66,30.49,34.82,30.84,31.11,31.47,32.51,32.22,69.19,35.16,32.91,31.84,40.12,47.55,37.61,39.39,40.58,38.27,44.42,82.39
52713,93.86,96.37,31.2,30.07,30.66,30.4,32.81,30.84,31.11,31.47,32.41,32.32,69.64,35.16,33.01,31.93,39.98,47.55,37.61,39.39,40.58,38.27,44.42,81.77
52732,38.69,93.86,31.2,30.07,30.66,30.4,32.71,30.84,31.11,31.47,32.41,32.32,44.24,35.27,33.01,32.03,40.12,46.32,37.61,39.39,40.43,38.27,44.42,81.77
52752,57.41,90.7,31.2,30.07,30.66,30.4,32.81,30.84,31.11,31.47,32.51,32.32,44.24,35.16,32.91,32.03,40.12,46.32,37.48,39.39,40.58,38.27,44.42,81.77
52773,42,93.86,31.2,30.07,30.66,30.4,55.92,30.93,31.11,31.38,32.51,32.32,44.42,35.27,32.91,32.12,39.83,46.32,37.35,39.54,40.58,38.27,44.42,81.77
52791,38.69,93.86,31.2,30.07,30.66,30.4,58.98,30.84,31.2,31.47,32.51,32.32,44.06,35.27,32.91,32.12,40.12,46.52,37.48,39.54,40.58,38.27,44.42,91.47
52812,39.39,93.05,31.2,30.07,30.66,30.49,49.51,30.84,31.11,31.47,32.41,32.32,42.33,35.27,32.91,32.12,40.12,46.52,37.48,39.54,40.58,38.27,44.24,91.47
52830,58.66,95.52,31.2,30.07,30.66,30.4,49.74,30.84,31.11,31.47,32.51,32.32,42.33,35.27,33.01,32.12,40.12,46.52,37.48,39.54,40.58,38.27,44.24,92.25
52851,58.98,93.86,31.2,30.07,30.66,30.49,58.98,30.84,31.11,31.47,32.41,32.32,42.33,35.16,32.91,32.12,40.12,46.52,37.48,39.54,40.58,38.27,44.42,91.47
52869,53.7,93.05,31.2,30.07,30.66,30.49,33.21,30.93,31.11,31.47,32.51,32.32,42.33,35.27,33.01,32.12,40.12,46.52,37.35,39.54,40.58,38.27,44.24,92.25
52890,55.35,93.05,31.2,30.07,30.66,30.49,33.01,30.84,31.11,31.47,32.41,32.32,42.33,35.27,33.01,32.12,40.27,46.52,37.48,39.54,40.58,38.27,44.42,91.47
52910,59.63,93.05,31.2,30.07,30.66,30.49,45.35,30.84,31.11,31.47,32.41,32.32,42.16,35.39,33.01,32.12,40.12,46.73,37.48,39.54,40.58,38.27,44.42,92.25
52928,89.95,95.52,31.2,30.07,30.66,30.49,48.4,30.84,31.11,31.47,32.51,32.32,42.33,35.27,33.01,32.12,40.27,46.52,37.48,39.54,40.43,38.27,44.42,92.25
52949,91.47,95.52,31.2,30.07,30.66,30.49,48.19,30.84,31.11,31.47,32.41,32.32,42.33,35.27,33.01,32.03,40.12,46.52,37.35,39.54,40.58,38.27,44.24,92.25
52967,79.95,94.68,31.2,30.07,30.66,30.49,48.19,30.84,31.11,31.47,32.51,32.32,42.49,35.27,33.01,32.03,39.98,46.52,37.48,39.54,40.58,38.27,44.42,92.25
52988,89.95,94.68,31.2,29.98,30.66,30.49,48.62,30.84,31.11,31.38,32.41,32.32,42.33,35.27,33.01,32.03,40.12,46.52,37.48,39.54,40.43,38.41,44.24,92.25
53006,69.64,94.68,31.2,29.98,30.66,30.49,45.93,30.84,31.11,31.38,32.41,32.32,49.51,35.27,33.01,32.03,40.12,46.52,37.48,39.39,40.58,38.27,44.24,91.47
53027,46.32,93.86,31.2,29.98,30.66,30.49,46.93,30.84,31.11,31.38,32.41,32.32,68.75,35.27,33.01,32.03,39.98,46.52,37.48,39.39,40.43,38.41,44.06,88.47
53047,42,93.86,31.2,29.98,30.66,30.49,51.64,30.84,31.11,31.47,32.51,32.32,42.33,35.27,33.01,32.03,40.12,46.52,37.48,39.39,40.43,38.27,44.24,81.15
53066,44.24,93.86,31.2,29.98,30.66,30.49,32.91,30.84,31.02,31.38,32.51,32.32,42.33,35.27,32.91,31.93,40.12,46.52,37.48,39.39,40.43,38.27,44.24,81.15
53086,51.4,93.86,31.2,29.98,30.66,30.49,32.81,30.84,31.11,31.38,32.51,32.32,42.16,35.16,32.91,31.93,40.12,46.52,37.61,39.25,40.43,38.41,43.88,80.55
53105,43.7,93.86,31.2,29.9,30.66,30.4,33.11,30.84,31.11,31.38,32.41,32.32,42.33,35.16,32.91,31.93,39.98,46.32,37.61,39.39,40.43,38.41,44.06,81.15
53125,39.68,95.52,31.2,29.9,30.66,30.49,47.76,30.84,31.11,31.38,32.51,32.32,42.16,35.16,32.91,31.93,39.98,47.34,37.74,39.39,40.43,38.41,44.06,81.15
53146,97.24,97.24,31.2,29.9,30.66,30.49,33.01,30.84,31.11,31.38,32.51,32.32,42.33,35.16,32.91,31.84,39.98,47.55,37.74,39.39,40.43,38.41,44.06,81.15
53164,87.75,93.86,31.2,29.9,30.66,30.49,43.35,30.84,31.11,31.38,32.51,32.32,42.33,35.04,32.91,31.84,39.98,47.76,37.74,39.39,40.43,38.55,44.06,81.15
53184,96.37,74.95,31.2,29.9,30.66,30.49,32.71,30.84,31.11,31.38,32.51,32.32,42.16,34.93,32.91,31.75,39.98,47.76,37.87,39.39,40.43,38.55,44.06,81.15
53203,97.24,96.37,31.2,29.82,30.66,30.49,32.71,30.84,31.11,31.38,32.51,32.32,42.16,34.93,32.91,31.84,40.12,47.76,37.87,39.39,40.27,38.55,44.06,80.55
53223,52.14,93.05,31.2,29.82,30.66,30.49,32.71,30.84,31.11,31.38,32.51,32.32,42.16,34.93,32.81,31.75,40.12,47.34,38.01,39.39,40.27,38.55,44.06,81.15
53242,93.86,95.52,31.2,29.82,30.58,30.49,32.71,30.84,31.11,31.38,32.51,32.22,42.33,34.93,32.81,31.75,40.12,47.34,38.01,39.39,40.43,38.55,44.06,79.95
53262,63.12,93.05,31.29,29.82,30.66,30.49,32.81,30.84,31.11,31.38,32.51,32.32,42.16,34.82,32.81,31.65,39.98,47.13,38.01,39.39,40.27,38.55,43.88,80.55
53283,94.68,95.52,31.29,29.82,30.58,30.49,32.71,30.84,31.11,31.38,32.41,32.22,42.33,34.93,32.91,31.65,40.12,47.34,38.14,39.39,40.27,38.55,44.06,79.95
53301,71.01,92.25,31.29,29.82,30.58,30.49,32.71,30.84,31.11,31.38,32.51,32.22,42.33,34.93,32.91,31.56,40.12,47.34,38.14,39.39,40.27,38.55,43.88,89.95
53322,95.52,94.68,31.29,29.82,30.58,30.49,32.71,30.84,31.2,31.47,32.51,32.22,42.33,34.93,32.81,31.56,40.12,47.34,38.14,39.39,40.27,38.55,43.88,89.95
53340,94.68,93.86,31.29,29.82,30.49,30.49,32.71,30.84,31.29,31.38,32.41,32.22,42.33,34.93,32.81,31.56,40.12,47.34,38.27,39.39,40.27,38.55,43.88,89.2
53361,94.68,94.68,31.29,29.82,30.49,30.49,32.71,30.84,31.29,31.38,32.51,32.22,42.33,34.93,32.81,31.56,40.12,47.34,38.27,39.39,40.27,38.55,43.88,89.95
53379,94.68,94.68,31.38,29.82,30.49,30.49,32.22,30.84,31.2,31.38,32.51,32.22,42.16,34.93,32.81,31.56,40.12,46.13,38.41,39.39,40.27,38.55,43.88,89.95
53399,94.68,94.68,31.29,29.73,30.49,30.49,32.32,30.84,31.02,31.47,32.51,32.22,42.16,34.93,32.81,31.56,40.12,47.34,38.41,39.39,40.27,38.55,43.88,89.95
53420,94.68,90.7,31.38,29.73,30.49,30.58,32.32,30.84,31.02,31.47,32.51,32.22,42.33,34.93,32.81,31.47,40.12,47.34,38.41,39.39,40.43,38.55,43.88,89.95
53438,93.05,93.05,31.38,29.73,30.49,30.58,32.22,30.84,31.11,31.47,32.51,32.22,42.16,34.93,32.81,31.47,40.12,47.34,38.41,39.25,40.43,38.55,44.06,89.95
53459,93.86,69.19,31.38,29.82,30.49,30.58,32.41,30.84,31.29,31.47,32.51,32.22,42.33,34.82,32.81,31.47,40.12,47.13,38.55,39.39,40.43,38.55,44.06,89.95
53477,93.86,94.68,31.47,29.73,30.49,30.58,32.81,30.84,31.75,31.56,32.51,32.22,42.33,34.93,32.81,31.38,40.27,47.34,38.41,39.25,40.43,38.55,44.06,89.2
53498,93.86,95.52,31.38,29.73,30.58,30.58,32.71,30.84,31.11,31.47,32.51,32.22,42.16,34.93,32.81,31.38,40.27,47.34,38.55,39.39,40.43,38.55,44.24,89.2
53518,93.05,58.34,31.47,29.82,30.58,30.58,32.81,30.84,31.11,31.47,32.51,32.22,42,34.93,32.81,31.38,40.12,47.34,38.55,39.39,40.43,38.69,44.24,89.95
53537,94.68,95.52,31.84,29.73,30.58,30.58,32.71,30.84,31.11,31.47,32.51,32.22,41.84,34.93,32.81,31.38,40.12,47.34,38.55,39.39,40.43,38.69,44.06,89.95
53557,95.52,95.52,31.38,29.82,30.58,30.58,32.81,30.84,31.11,31.47,32.51,32.22,41.67,34.93,32.81,31.38,40.27,46.73,38.55,39.39,40.43,38.69,44.24,89.95
53576,94.68,87.75,31.38,29.82,30.58,30.58,33.31,30.84,31.11,31.47,32.51,32.22,39.25,34.93,32.81,31.38,40.12,46.73,38.55,39.39,40.43,38.69,44.06,89.95
53596,94.68,96.37,31.47,29.73,30.49,30.58,32.81,30.84,31.11,31.47,32.51,32.22,39.25,34.93,32.91,31.38,40.27,46.73,38.55,39.39,40.43,38.55,44.06,89.2
53615,80.55,95.52,31.47,29.73,30.58,30.58,32.71,30.84,31.11,31.47,32.51,32.22,39.39,34.93,32.81,31.38,40.12,46.73,38.55,39.39,40.58,38.69,44.06,89.95
53635,95.52,96.37,31.47,29.73,30.58,30.58,32.71,30.84,31.11,31.47,32.51,32.22,39.54,35.04,32.91,31.38,40.27,46.73,38.55,39.39,40.58,38.69,44.24,89.95
53655,97.24,97.24,31.47,29.73,30.58,30.66,56.51,30.84,31.11,31.47,32.51,32.22,39.68,34.93,32.91,31.38,40.12,46.73,38.55,39.39,40.58,38.69,44.06,81.77
53674,97.24,97.24,31.47,29.73,30.58,30.66,33.01,30.84,31.11,31.47,32.51,32.22,39.83,34.93,32.91,31.38,40.27,46.73,38.55,39.39,40.58,38.69,44.06,87.75
53694,96.37,98.12,31.47,29.73,30.58,30.66,32.71,30.84,31.11,31.47,32.51,32.22,39.83,35.04,32.91,31.38,40.27,46.73,38.55,39.39,40.58,38.69,44.06,85.66
53713,96.37,96.37,31.47,29.73,30.58,30.66,38.55,30.84,31.11,31.47,32.51,32.22,39.54,35.04,32.91,31.38,40.27,46.73,38.55,39.39,40.58,38.69,44.24,88.47
53733,81.15,94.68,31.47,29.73,30.58,30.75,32.03,30.84,31.11,31.47,32.51,32.22,39.83,34.93,32.91,31.38,40.12,46.73,38.69,39.39,40.58,38.69,44.06,89.95
53752,94.68,95.52,31.47,29.73,30.58,30.75,32.81,30.84,31.11,31.47,32.51,32.22,39.83,35.04,32.91,31.38,40.27,46.73,38.69,39.39,40.43,38.69,43.88,84.32
53772,85.66,93.05,31.47,29.73,30.58,30.75,32.12,30.84,31.11,31.47,32.51,32.22,39.83,34.93,32.91,31.29,40.27,46.73,38.69,39.39,40.43,38.69,43.88,89.95
53793,93.05,93.86,31.47,29.73,30.58,30.75,32.12,30.84,31.11,31.47,32.51,32.22,42.33,34.93,32.91,31.29,40.27,46.73,38.69,39.39,40.43,38.69,43.88,89.95
53811,93.05,93.86,31.47,29.73,30.58,30.84,32.22,30.84,31.11,31.47,32.51,32.22,43.17,34.93,32.91,31.38,40.27,46.73,38.69,39.39,40.43,38.69,44.06,89.2
53832,39.68,90.7,31.47,29.73,30.58,30.84,32.12,30.84,31.11,31.47,32.51,32.22,42.66,34.93,32.91,31.38,40.27,46.93,38.69,39.54,40.43,38.69,43.88,89.95
53850,88.47,93.05,31.47,29.73,30.58,30.84,32.03,30.84,31.11,31.47,32.51,32.22,42.49,34.93,33.01,31.38,40.27,46.73,38.69,39.39,40.43,38.69,44.06,89.95
53871,90.7,89.95,31.47,29.73,30.58,30.84,32.03,30.84,31.11,31.47,32.51,32.22,43.7,34.93,33.01,31.38,40.12,46.93,38.69,39.39,40.43,38.69,44.06,88.47
53891,38.41,90.7,31.56,29.73,30.58,30.84,32.22,30.84,31.11,31.56,32.51,32.22,42.33,34.93,32.91,31.29,40.27,46.93,38.55,39.39,40.58,38.69,44.06,87.75
53909,37.87,75.48,31.84,29.73,30.58,30.84,32.12,30.84,31.11,31.56,32.51,32.22,42.16,34.93,32.91,31.29,40.27,45.16,38.69,39.39,40.43,38.69,44.06,81.15
53930,72.93,90.7,31.38,29.73,30.58,30.84,32.03,30.84,31.11,31.47,32.51,32.22,42.33,34.93,32.91,31.29,40.27,45.16,38.69,39.54,40.43,38.69,43.88,81.15
53948,91.47,92.25,31.38,29.73,30.58,30.84,32.03,30.84,31.11,31.47,32.51,32.22,42.16,34.93,32.91,31.29,40.27,45.16,38.69,39.39,40.43,38.69,44.06,76.55
53969,91.47,92.25,31.38,29.73,30.58,30.84,32.03,30.84,31.11,31.47,32.51,32.22,42.33,34.93,32.91,31.29,40.27,45.35,38.69,39.39,40.43,38.69,44.06,85.66
53987,54.24,90.7,31.38,29.73,30.49,30.84,32.12,30.84,31.11,31.47,32.51,32.12,42.33,34.93,32.91,31.29,40.27,45.35,38.69,39.39,40.43,38.69,44.06,77.65
54008,91.47,93.05,31.38,29.73,30.49,30.84,32.12,30.84,31.11,31.47,32.51,32.22,42.16,34.82,32.91,31.29,40.27,45.35,38.69,39.39,40.43,38.69,44.06,89.95
54028,92.25,93.05,31.84,29.73,30.49,30.84,32.03,30.84,31.11,31.56,32.51,32.22,42.33,34.93,32.91,31.29,40.27,45.35,38.69,39.39,40.27,38.69,44.06,90.7
54047,93.05,92.25,31.38,29.73,30.49,30.84,32.12,30.84,31.11,31.56,32.51,32.12,42.33,34.93,32.91,31.29,40.27,45.35,38.83,39.54,40.43,38.69,44.06,89.95
54067,92.25,92.25,31.38,29.73,30.49,30.84,32.12,30.84,31.11,31.65,32.51,32.22,42.33,34.93,32.91,31.2,40.43,45.54,38.69,39.39,40.43,38.55,44.06,90.7
54086,92.25,92.25,31.38,29.73,30.49,30.84,32.32,30.84,31.11,31.65,32.51,32.22,42.33,34.93,33.01,31.29,40.27,45.54,38.83,39.54,40.43,38.69,44.24,89.2
54106,92.25,92.25,31.38,29.73,30.49,30.84,32.03,30.84,31.11,31.65,32.51,32.22,40.58,34.93,33.01,31.29,40.43,45.54,38.83,39.54,40.43,38.69,44.06,91.47
54124,92.25,92.25,31.38,29.82,30.49,30.84,32.03,30.93,31.11,31.84,32.51,32.22,42,34.93,32.91,31.29,40.58,45.74,38.83,39.68,40.43,38.55,44.24,91.47
54145,89.95,91.47,31.47,29.82,30.49,30.84,32.03,30.84,31.11,31.84,32.61,32.22,42,35.04,32.91,31.2,40.43,45.74,38.97,39.68,40.43,38.69,44.24,75.48
54165,89.95,91.47,31.47,29.82,30.49,30.84,32.03,30.84,31.11,31.93,32.61,32.22,47.97,34.93,32.91,31.2,40.58,45.74,38.97,39.68,40.58,38.69,44.06,92.25
54184,91.47,92.25,31.84,29.82,30.49,30.84,32.03,30.93,31.11,32.03,32.51,32.22,42.16,35.04,32.91,31.2,40.58,45.74,38.97,39.68,40.43,38.69,44.24,92.25
54204,93.05,92.25,31.38,29.9,30.58,30.84,31.93,30.93,31.2,31.93,32.61,32.22,42.83,35.04,32.91,31.2,40.73,45.93,39.11,39.68,40.58,38.69,44.24,92.25
54223,92.25,93.05,31.38,29.9,30.49,30.84,32.03,30.93,31.2,31.93,32.61,32.22,41.2,34.93,32.91,31.2,40.88,45.93,39.11,39.83,40.58,38.83,44.24,93.05
54243,92.25,93.05,31.84,29.9,30.49,30.84,32.03,30.93,31.11,31.93,32.61,32.22,41.67,34.93,32.91,31.11,40.88,45.93,39.25,39.83,40.58,38.83,44.24,93.86
54264,93.86,93.86,31.84,29.9,30.58,30.84,31.93,30.93,31.2,31.93,32.61,32.22,42,35.04,33.01,31.2,41.04,45.93,39.39,39.83,40.58,38.83,44.24,93.05
54282,94.68,93.86,31.65,29.9,30.49,30.84,32.03,30.93,31.2,31.93,32.61,32.22,42,35.04,33.01,31.2,40.88,45.93,39.39,39.83,40.58,38.69,44.24,93.05
54303,94.68,94.68,31.38,29.9,30.58,30.84,32.03,30.93,31.2,32.03,32.61,32.22,42.33,35.04,33.01,31.11,41.04,45.93,39.39,39.98,40.58,38.83,44.24,93.86
54321,95.52,95.52,31.38,29.9,30.49,30.84,33.31,31.02,31.2,31.93,32.61,32.22,42,35.04,33.01,31.11,41.2,45.93,39.39,39.98,40.58,38.83,44.24,93.86
54342,96.37,97.24,31.38,29.9,30.58,30.84,33.21,31.02,31.2,31.93,32.61,32.22,42.83,35.04,33.01,31.11,41.04,45.93,39.54,39.98,40.58,38.83,44.24,94.68
54360,97.24,97.24,31.38,29.9,30.58,30.84,31.93,30.93,31.2,31.93,32.61,32.22,42.83,35.04,33.01,31.11,41.04,45.93,39.54,39.98,40.73,38.97,44.24,94.68
54380,97.24,98.12,31.38,29.9,30.58,30.84,32.03,30.93,31.2,32.03,32.61,32.32,42.66,35.16,33.01,31.11,41.04,45.93,39.39,39.98,40.73,38.97,44.42,94.68
54401,97.24,98.12,31.38,29.9,30.49,30.84,32.03,30.93,31.2,32.03,32.61,32.22,41.35,35.16,33.01,31.11,41.2,45.93,39.54,39.98,40.73,38.83,44.42,93.86
54419,98.12,98.12,31.84,29.9,30.49,30.84,32.03,30.93,31.2,32.03,32.61,32.22,41.51,35.04,33.01,31.11,41.04,45.93,39.54,39.98,40.73,38.83,44.42,94.68
54440,97.24,98.12,31.38,29.9,30.49,30.84,32.51,31.02,31.2,32.03,32.61,32.22,41.51,35.16,33.01,31.11,41.2,45.93,39.54,40.12,40.73,38.97,44.42,94.68
54458,98.12,98.12,31.38,29.9,30.49,30.84,32.71,30.93,31.2,32.03,32.61,32.32,41.35,35.16,33.01,31.11,41.2,45.93,39.54,39.98,40.73,38.97,44.42,94.68
54479,97.24,99.02,31.38,29.9,30.49,30.84,32.91,30.93,31.2,32.03,32.61,32.22,41.35,35.16,33.01,31.11,40.88,45.93,39.54,39.98,40.88,38.97,44.42,94.68
54497,98.12,98.12,31.29,29.9,30.49,30.84,33.21,31.02,31.2,32.03,32.61,32.32,41.51,35.16,33.01,31.11,41.04,45.93,39.54,39.98,40.73,38.97,44.42,94.68
54518,98.12,99.02,31.38,29.9,30.49,30.84,32.03,30.93,31.2,32.03,32.61,32.22,41.35,35.16,33.01,31.11,40.88,45.93,39.54,39.98,40.73,38.97,44.42,94.68
54538,98.12,99.02,31.29,29.9,30.58,30.84,33.11,30.93,31.2,31.93,32.61,32.22,41.67,35.04,32.91,31.11,41.04,45.93,39.39,39.98,40.58,38.83,44.42,94.68
54557,98.12,99.02,31.29,29.9,30.49,30.75,32.91,31.02,31.2,32.03,32.51,32.22,39.39,35.16,32.91,31.11,41.04,45.93,39.25,39.83,40.73,38.83,44.42,94.68
54577,98.12,99.02,31.29,29.9,30.49,30.75,31.93,30.93,31.2,32.03,32.61,32.22,40.27,35.16,32.81,31.11,41.04,45.93,39.39,39.98,40.58,38.97,44.42,94.68
54595,98.12,99.02,31.47,29.9,30.58,30.75,33.11,30.93,31.2,32.03,32.61,32.22,40.58,35.04,32.91,31.11,40.88,45.93,39.25,39.98,40.73,38.83,44.42,93.86
54616,99.02,99.02,31.84,29.9,30.49,30.75,32.51,31.02,31.2,32.03,32.61,32.22,40.58,35.04,32.81,31.11,40.88,45.93,39.25,39.83,40.73,38.83,44.42,94.68
54636,99.02,99.94,31.29,29.9,30.49,30.75,32.41,31.02,31.29,32.03,32.51,32.22,61.33,35.04,32.81,31.11,40.88,45.93,39.11,39.98,40.73,38.83,44.42,93.86
54655,99.02,99.94,31.38,29.9,30.49,30.75,32.03,31.02,31.29,32.03,32.61,32.22,39.25,35.04,32.81,31.11,40.88,45.74,39.11,39.83,40.58,38.83,44.42,93.86
54675,98.12,71.48,31.29,29.9,30.49,30.75,32.41,31.02,31.29,32.03,32.61,32.22,39.39,35.16,32.81,31.11,40.58,45.74,39.11,39.83,40.58,38.97,44.42,94.68
54694,99.02,99.94,31.29,29.98,30.49,30.75,32.32,31.02,31.29,32.03,32.51,32.22,40.27,35.04,32.81,31.11,40.58,45.74,38.97,39.83,40.58,38.83,44.42,93.86
54714,99.02,99.94,31.29,29.9,30.58,30.75,32.12,30.93,31.2,31.75,32.61,32.22,39.25,35.04,32.71,31.11,40.58,45.54,38.97,39.83,40.58,38.69,44.42,94.68
54733,99.94,98.12,31.29,29.98,30.49,30.75,32.03,31.02,31.2,31.84,32.51,32.22,39.25,35.04,32.71,31.11,40.58,45.54,38.97,39.68,40.58,38.83,44.42,94.68
54753,99.94,101.83,31.29,29.98,30.58,30.75,31.93,30.93,31.29,31.84,32.61,32.22,39.25,34.93,32.71,31.11,40.58,45.54,38.97,39.68,40.58,38.83,44.24,94.68
54774,99.94,101.83,31.29,29.98,30.58,30.66,32.03,30.93,31.29,31.84,32.61,32.22,39.25,34.93,32.71,31.11,40.43,45.54,38.83,39.68,40.43,38.83,44.24,93.86
54794,100.87,101.83,31.29,29.98,30.58,30.66,32.03,30.93,31.56,31.84,32.61,32.22,39.54,34.93,32.71,31.11,40.43,45.35,38.97,39.68,40.43,38.83,44.24,93.05
54813,99.02,68.75,31.29,29.98,30.58,30.66,31.93,30.93,31.56,31.84,32.51,32.22,39.68,34.93,32.71,31.11,40.43,45.35,38.83,39.54,40.43,38.83,43.88,93.05
54833,99.94,100.87,30.93,29.98,30.58,30.66,32.03,30.93,31.56,31.75,32.61,32.22,39.68,34.93,32.71,31.02,40.27,45.35,38.83,39.54,40.43,38.83,44.06,58.66
54851,99.94,99.94,31.02,29.9,30.58,30.66,32.03,30.93,31.29,31.75,32.51,32.22,39.68,34.93,32.71,31.11,40.43,45.16,38.83,39.54,40.43,38.83,44.06,58.98
54872,98.12,99.94,31.29,29.9,30.58,30.66,32.03,30.93,31.47,31.75,32.51,32.22,39.68,34.93,32.61,31.11,40.27,45.35,38.83,39.54,40.43,38.69,44.06,58.34
54892,97.24,99.94,31.29,29.82,30.58,30.58,32.12,30.93,31.47,31.75,32.51,32.22,39.83,34.93,32.71,31.11,40.27,45.16,38.83,39.54,40.43,38.83,44.06,54.24
54911,41.2,76.01,31.29,29.82,30.49,30.58,31.93,30.93,31.47,31.75,32.51,32.22,40.12,34.93,32.81,31.2,40.27,45.16,38.83,39.39,40.43,38.83,44.06,92.25
54931,37.61,71.48,31.2,29.82,30.58,30.58,32.12,30.84,31.2,31.75,32.51,32.22,42.33,34.93,32.81,31.11,40.27,45.16,38.83,39.39,40.27,38.83,44.06,91.47
54950,37.48,98.12,31.2,29.82,30.58,30.49,32.12,30.93,31.2,31.65,32.51,32.22,42.66,34.82,32.71,31.11,40.27,45.16,38.83,39.39,40.27,38.83,44.06,91.47
54970,37.35,80.55,31.2,29.82,30.58,30.49,32.51,30.84,31.47,31.65,32.51,32.22,42.49,34.82,32.81,31.11,40.27,45.16,38.83,39.25,40.43,38.83,44.06,91.47
54989,37.48,99.94,31.11,29.82,30.58,30.49,32.61,30.84,31.38,31.65,32.51,32.22,42.33,34.93,32.81,31.2,40.12,45.16,38.83,39.25,40.43,38.97,44.06,91.47
55009,37.74,99.94,31.11,29.82,30.58,30.49,49.97,30.93,31.38,31.75,32.41,32.22,42.33,34.93,32.81,31.2,40.12,45.16,38.83,39.25,40.43,38.97,44.06,91.47
55030,37.61,99.94,31.11,29.82,30.58,30.4,32.61,30.93,31.38,31.93,32.51,32.22,42.33,34.93,32.81,31.2,40.12,45.16,38.83,39.25,40.43,38.97,43.88,90.7
55048,37.35,99.94,31.11,29.82,30.58,30.4,32.12,30.84,31.38,31.75,32.41,32.22,42.33,34.82,32.81,31.29,40.12,44.97,38.69,39.25,40.27,38.97,43.88,91.47
55069,37.22,93.86,31.11,29.82,30.49,30.4,32.32,30.84,31.38,31.75,32.51,32.22,42.33,34.93,32.81,31.2,40.12,44.97,38.83,39.25,40.43,38.97,43.88,91.47
55089,37.35,99.94,31.11,29.82,30.58,30.4,32.71,30.84,31.38,31.75,32.41,32.22,42.16,34.93,32.81,31.2,40.12,44.97,38.83,39.25,40.43,38.83,43.88,91.47
55107,99.94,101.83,31.11,29.9,30.58,30.4,32.91,30.84,31.11,31.75,32.51,32.22,41.84,34.93,32.91,31.29,40.12,44.97,38.69,39.11,40.43,38.83,43.7,91.47
55128,99.94,81.77,31.11,29.9,30.58,30.4,32.81,30.84,31.38,31.65,32.51,32.22,39.83,34.82,32.91,31.29,40.12,44.97,38.69,39.11,40.27,38.83,43.88,89.2
55148,37.35,93.86,31.11,29.9,30.58,30.4,33.31,30.84,31.2,31.75,32.51,32.22,39.68,34.82,32.91,31.29,40.12,44.97,38.69,39.11,40.27,38.83,43.88,91.47
55169,100.87,101.83,31.11,29.9,30.58,30.4,46.73,30.84,31.2,31.75,32.51,32.22,40.12,34.82,32.91,31.2,40.12,44.97,38.69,39.11,40.43,38.69,43.7,89.95
55187,41.51,99.02,31.11,29.9,30.58,30.4,33.01,30.84,31.11,31.75,32.51,32.22,39.98,34.82,32.91,31.29,40.12,44.97,38.55,39.11,40.43,38.83,43.88,89.95
55208,45.35,99.02,31.11,29.9,30.58,30.4,33.21,30.84,31.11,31.84,32.51,32.22,39.98,34.82,32.91,31.29,40.12,44.97,38.69,39.25,40.43,38.83,43.88,90.7
55226,55.07,99.94,31.11,29.9,30.58,30.4,32.91,30.84,31.11,31.84,32.51,32.22,39.98,34.93,32.91,31.29,40.12,45.16,38.55,39.39,40.43,38.83,43.88,89.95
55247,72.93,100.87,31.2,29.98,30.58,30.4,33.01,30.84,31.11,31.84,32.51,32.22,39.98,34.93,32.91,31.29,40.12,45.16,38.55,39.39,40.43,38.83,43.88,89.2
55265,62.03,100.87,31.2,29.98,30.58,30.4,32.91,30.84,31.11,31.75,32.51,32.22,48.19,34.82,32.91,31.29,39.98,45.16,38.55,39.39,40.43,38.83,43.88,89.2
55286,96.37,99.02,40.73,29.98,30.58,30.4,33.01,30.84,31.11,31.75,32.51,32.22,40.12,34.93,32.91,31.29,40.12,45.16,38.55,39.39,40.43,38.83,44.06,79.95
55306,99.02,101.83,31.2,29.98,30.58,30.4,35.27,30.84,31.11,31.75,32.51,32.22,43.35,34.93,32.91,31.29,40.12,45.16,38.55,39.39,40.43,38.69,44.06,89.95
55325,99.02,101.83,31.29,29.98,30.58,30.4,33.11,30.84,31.11,31.75,32.51,32.22,51.89,34.93,32.91,31.29,40.12,45.16,38.41,39.39,40.43,38.69,44.06,79.95
55345,99.94,101.83,31.29,29.98,30.58,30.4,47.76,30.84,31.2,31.75,32.51,32.22,42.16,34.93,32.91,31.29,40.12,45.16,38.55,39.25,40.43,38.69,44.06,80.55
55363,99.02,101.83,31.29,30.07,30.58,30.4,39.54,30.84,31.2,31.75,32.51,32.22,42.16,34.93,32.91,31.29,40.12,45.35,38.41,39.39,40.43,38.69,44.06,80.55
55384,98.12,100.87,31.38,30.07,30.58,30.4,56.51,30.84,31.2,31.75,32.51,32.22,42.16,34.93,32.91,31.29,40.12,46.13,38.41,39.39,40.43,38.55,44.06,80.55
55404,99.02,101.83,31.38,30.07,30.58,30.4,42.49,30.84,31.2,31.75,32.51,32.22,42.33,34.93,32.91,31.29,40.12,46.32,38.27,39.39,40.58,38.69,44.24,81.15
55423,98.12,101.83,31.29,30.07,30.58,30.4,32.81,30.84,31.11,31.75,32.51,32.22,42.33,34.93,32.91,31.29,39.98,46.13,38.27,39.39,40.43,38.69,44.06,89.95
55443,60.64,99.02,31.29,30.07,30.58,30.4,32.71,30.84,31.11,31.75,32.51,32.22,47.76,34.93,32.91,31.38,40.12,46.32,38.27,39.39,40.58,38.69,44.24,90.7
55462,57.11,99.94,31.29,30.07,30.58,30.4,32.91,30.84,31.2,31.65,32.51,32.22,42.49,34.82,32.91,31.38,40.12,46.32,38.27,39.39,40.58,38.69,44.24,89.95
55482,38.27,99.02,31.29,30.07,30.66,30.4,32.81,30.84,31.2,31.56,32.51,32.22,42.33,34.93,33.01,31.38,40.12,46.32,38.27,39.39,40.58,38.69,44.24,90.7
55501,41.51,99.02,31.29,30.15,30.66,30.4,56.81,30.84,31.11,31.65,32.51,32.22,42.33,34.93,33.01,31.38,40.12,46.32,38.14,39.39,40.58,38.55,44.24,91.47
55521,96.37,101.83,31.29,30.15,30.58,30.4,32.91,30.75,31.11,31.84,32.51,32.22,42.33,34.93,32.91,31.38,40.12,45.74,38.14,39.39,40.58,38.55,44.24,92.25
55542,95.52,101.83,31.29,30.15,30.66,30.32,59.31,30.75,31.11,31.84,32.51,32.22,42.33,34.82,32.91,31.38,40.12,46.13,38.27,39.25,40.58,38.69,44.24,91.47
55560,99.94,101.83,31.29,30.15,30.66,30.4,41.67,30.75,31.11,31.84,32.51,32.22,42.33,34.93,33.01,31.38,40.12,46.13,38.14,39.39,40.58,38.55,44.24,91.47
55581,99.94,101.83,31.29,30.15,30.66,30.4,33.01,30.84,31.11,31.56,32.51,32.22,42.33,34.82,33.01,31.47,40.12,46.13,38.14,39.39,40.43,38.69,44.24,92.25
55599,99.94,101.83,31.29,30.15,30.66,30.4,39.25,30.84,31.11,31.38,32.51,32.22,42.49,34.82,33.01,31.47,40.12,46.13,38.14,39.39,40.58,38.55,44.24,89.95
55619,99.02,101.83,31.29,30.15,30.66,30.4,33.11,30.84,31.11,31.47,32.41,32.22,42.33,34.93,33.01,31.47,40.12,46.32,38.01,39.39,40.43,38.55,44.24,89.95
55638,72.93,62.03,31.29,30.07,30.66,30.4,32.81,30.84,31.11,31.38,32.51,32.22,42.33,34.93,32.91,31.56,40.12,46.13,38.01,39.54,40.58,38.41,44.24,90.7
55658,87.75,54.79,31.2,30.07,30.66,30.4,32.71,30.84,31.11,31.38,32.41,32.22,42.33,34.93,32.91,31.56,39.98,46.32,37.74,39.54,40.58,38.55,44.24,90.7
55679,97.24,73.93,31.29,30.07,30.66,30.4,32.91,30.84,31.02,31.38,32.51,32.22,42.16,34.93,32.91,31.65,39.98,46.32,37.87,39.54,40.58,38.55,44.42,89.95
55697,71.96,63.12,31.29,30.07,30.66,30.4,39.83,30.84,31.02,31.38,32.51,32.22,42.33,34.93,33.01,31.65,40.12,46.13,37.87,39.54,40.58,38.55,44.24,90.7
55718,96.37,67.04,31.2,30.07,30.66,30.4,32.71,30.84,31.02,31.38,32.41,32.32,42.33,35.04,33.01,31.75,40.12,46.32,37.87,39.54,40.58,38.41,44.24,90.7
55736,89.2,65.42,31.2,30.07,30.66,30.4,32.91,30.84,31.11,31.38,32.51,32.32,42.83,34.93,33.01,31.75,39.98,46.13,37.87,39.54,40.58,38.41,44.24,88.47
55757,38.55,98.12,31.29,30.07,30.66,30.4,32.81,30.84,31.11,31.38,32.41,32.32,40.73,35.04,33.01,31.75,40.12,46.32,37.74,39.54,40.43,38.41,44.42,89.95
55777,94.68,97.24,31.29,30.07,30.66,30.4,32.81,30.84,31.11,31.47,32.41,32.22,40.73,35.04,33.01,31.84,40.12,46.32,37.74,39.54,40.58,38.41,44.42,91.47
55796,50.44,98.12,31.2,30.07,30.66,30.4,36.59,30.84,31.02,31.47,32.51,32.22,40.88,35.04,33.01,31.84,40.12,46.32,37.74,39.54,40.58,38.41,44.42,78.21
55816,96.37,100.87,31.2,30.07,30.66,30.4,32.71,30.84,31.11,31.38,32.41,32.32,40.88,35.04,33.01,31.93,40.12,46.32,37.61,39.54,40.73,38.41,44.42,58.34
55835,93.86,99.94,31.2,30.07,30.66,30.4,32.71,30.84,31.11,31.38,32.51,32.32,40.43,35.04,33.01,31.93,40.27,46.52,37.48,39.54,40.58,38.41,44.42,92.25
55855,93.86,99.94,31.2,30.07,30.66,30.4,32.71,30.84,31.38,31.38,32.51,32.32,39.54,35.16,33.01,32.03,39.83,46.32,37.61,39.54,40.73,38.41,44.42,92.25
55873,94.68,99.02,31.2,30.07,30.66,30.4,32.71,30.84,31.29,31.47,32.41,32.32,39.68,35.16,33.01,32.03,40.12,46.52,37.48,39.68,40.73,38.27,44.42,92.25
55894,98.12,99.94,31.2,30.07,30.66,30.49,32.71,30.84,31.56,31.47,32.41,32.32,39.54,35.27,33.01,32.12,40.12,46.52,37.48,39.68,40.73,38.27,44.42,90.7
55914,97.24,99.94,31.2,30.07,30.66,30.49,32.81,30.93,31.11,31.38,32.41,32.32,39.54,35.27,33.01,32.12,40.27,46.52,37.48,39.68,40.58,38.41,44.42,90.7
55933,98.12,100.87,31.2,30.07,30.66,30.49,32.71,30.84,31.11,31.38,32.41,32.32,39.68,35.27,33.01,32.12,40.12,46.52,37.48,39.68,40.73,38.27,44.42,92.25
55953,97.24,99.02,31.2,30.07,30.66,30.4,32.81,30.84,32.12,31.38,32.41,32.32,39.68,35.27,33.01,32.22,40.12,46.52,37.48,39.54,40.73,38.27,44.42,93.05
55972,98.12,99.94,31.2,29.98,30.66,30.49,47.13,30.84,31.47,31.38,32.51,32.32,39.68,35.27,33.01,32.22,40.27,46.32,37.48,39.68,40.73,38.27,44.42,93.05
55992,97.24,99.94,31.2,29.98,30.75,30.49,32.81,30.93,31.38,31.38,32.41,32.32,39.68,35.27,33.01,32.22,40.27,46.32,37.48,39.68,40.73,38.27,44.42,93.05
56011,95.52,99.94,31.2,29.98,30.75,30.49,32.81,30.93,31.38,31.38,32.41,32.32,39.68,35.27,33.11,32.22,40.27,46.52,37.35,39.68,40.73,38.27,44.42,93.05
56031,97.24,99.94,31.2,30.07,30.75,30.49,32.71,30.84,31.84,31.47,32.41,32.32,39.68,35.27,33.01,32.22,40.27,46.32,37.48,39.68,40.73,38.27,44.42,93.05
56052,99.02,99.94,31.2,30.07,30.66,30.49,32.71,30.93,31.47,31.38,32.41,32.32,39.68,35.27,33.01,32.22,40.27,46.32,37.48,39.68,40.73,38.27,44.42,93.05
56070,99.02,99.94,31.2,30.07,30.75,30.49,32.81,30.93,31.38,31.47,32.41,32.32,39.39,35.27,33.01,32.12,40.12,46.32,37.48,39.68,40.58,38.27,44.42,93.05
56091,98.12,99.94,31.2,29.98,30.66,30.49,32.81,30.84,31.38,31.38,32.51,32.32,39.68,35.27,33.01,32.12,39.98,46.32,37.48,39.68,40.73,38.27,44.42,93.05
56109,99.02,100.87,31.2,29.98,30.66,30.49,32.81,30.84,31.38,31.38,32.51,32.32,39.68,35.27,33.01,32.12,40.12,46.32,37.48,39.54,40.73,38.27,44.42,93.05
56129,99.94,100.87,31.2,29.98,30.75,30.4,32.81,30.93,31.2,31.47,32.51,32.32,39.68,35.27,33.01,32.12,40.12,46.32,37.48,39.68,40.73,38.27,44.42,92.25
56148,99.94,99.94,31.2,30.07,30.66,30.49,32.81,30.84,31.2,31.47,32.41,32.32,39.54,35.27,33.01,32.12,40.12,46.32,37.48,39.54,40.58,38.27,44.42,92.25
56168,99.94,100.87,31.2,29.98,30.75,30.49,32.91,30.84,31.2,31.47,32.41,32.32,39.54,35.39,33.01,32.12,40.27,46.32,37.48,39.54,40.58,38.27,44.42,92.25
56189,94.68,100.87,31.29,29.98,30.75,30.49,32.81,30.84,31.2,31.47,32.41,32.32,39.68,35.27,33.01,32.03,40.12,46.13,37.48,39.54,40.58,38.27,44.24,92.25
56207,94.68,101.83,31.29,29.98,30.75,30.49,32.81,30.93,31.29,31.47,32.41,32.32,39.68,35.39,33.01,32.03,40.12,46.13,37.48,39.54,40.58,38.27,44.24,92.25
56228,94.68,101.83,31.2,29.98,30.75,30.49,32.81,30.84,31.29,31.47,32.41,32.32,39.68,35.27,33.01,32.03,39.98,46.13,37.48,39.39,40.58,38.41,44.24,91.47
56246,94.68,101.83,31.29,30.07,30.66,30.49,32.71,30.84,31.38,31.38,32.51,32.32,39.68,35.27,33.01,32.03,40.12,46.13,37.61,39.39,40.58,38.41,44.24,92.25
56267,95.52,101.83,31.29,30.07,30.66,30.4,32.81,30.84,31.47,31.38,32.51,32.32,39.54,35.16,32.91,32.03,40.12,46.13,37.61,39.39,40.43,38.27,44.24,92.25
56285,94.68,101.83,31.29,30.07,30.66,30.49,32.71,30.84,31.38,31.38,32.41,32.32,39.39,35.04,32.91,31.93,39.98,46.13,37.74,39.39,40.58,38.41,44.06,91.47
56308,94.68,100.87,31.29,30.07,30.66,30.4,32.91,30.84,31.29,31.38,32.41,32.32,39.68,35.04,33.01,31.93,40.12,46.13,37.87,39.39,40.58,38.55,44.24,81.77
56326,94.68,101.83,31.29,29.98,30.66,30.49,32.81,30.84,31.47,31.38,32.51,32.32,39.54,35.04,33.01,31.84,40.12,46.13,37.87,39.39,40.58,38.41,44.06,81.77
56347,94.68,101.83,31.29,29.98,30.66,30.49,32.71,30.84,31.47,31.38,32.51,32.32,39.68,35.04,32.91,31.84,40.12,45.93,37.87,39.39,40.43,38.41,44.06,81.77
56367,93.86,101.83,31.29,29.98,30.66,30.49,32.71,30.84,31.75,31.38,32.51,32.32,39.68,35.04,33.01,31.84,40.12,46.13,38.01,39.39,40.43,38.41,44.06,81.15
56385,90.7,101.83,31.29,29.98,30.66,30.49,32.81,30.84,31.29,31.38,32.51,32.32,39.68,35.04,33.01,31.75,40.12,45.93,38.01,39.39,40.43,38.55,44.06,81.15
56406,91.47,101.83,31.29,29.98,30.66,30.49,32.91,30.84,31.2,31.38,32.51,32.32,39.54,35.04,32.91,31.75,40.12,46.13,38.14,39.39,40.43,38.55,44.06,81.15
56424,99.02,101.83,31.29,29.9,30.66,30.49,32.91,30.84,31.2,31.29,32.51,32.32,39.54,35.04,32.91,31.75,40.12,45.93,38.14,39.39,40.27,38.55,43.88,81.15
56445,99.02,100.87,31.29,29.82,30.66,30.49,32.71,30.84,31.11,31.38,32.51,32.32,39.54,34.93,32.91,31.65,40.12,47.34,38.27,39.39,40.43,38.55,44.06,90.7
56465,99.94,101.83,31.29,29.9,30.66,30.49,32.81,30.84,31.11,31.38,32.51,32.32,39.54,35.04,32.91,31.65,40.12,47.13,38.27,39.39,40.43,38.55,43.88,89.95
56484,99.02,101.83,31.38,29.9,30.58,30.58,32.81,30.84,31.02,31.38,32.51,32.32,39.68,34.93,32.91,31.65,40.12,46.93,38.41,39.39,40.43,38.55,43.88,90.7
56504,99.94,101.83,31.38,29.82,30.58,30.58,32.71,30.84,31.11,31.38,32.51,32.32,39.68,35.04,32.91,31.65,40.12,46.93,38.41,39.39,40.27,38.55,43.7,90.7
56523,99.02,101.83,31.29,29.82,30.58,30.49,32.71,30.84,31.11,31.38,32.51,32.32,39.68,35.04,32.91,31.47,39.98,46.73,38.41,39.39,40.27,38.55,43.88,89.95
56543,99.02,101.83,31.38,29.82,30.58,30.49,32.81,30.84,31.2,31.38,32.51,32.32,39.54,35.04,32.91,31.56,40.12,46.73,38.41,39.25,40.43,38.55,43.88,90.7
56562,99.94,101.83,31.38,29.82,30.58,30.58,33.42,30.84,31.47,31.38,32.51,32.32,39.39,34.93,32.91,31.47,40.12,46.52,38.41,39.25,40.43,38.55,44.06,90.7
56582,99.02,101.83,31.38,29.82,30.49,30.58,33.31,30.84,31.02,31.47,32.51,32.22,39.39,35.04,32.91,31.56,40.12,45.16,38.41,39.39,40.43,38.55,44.06,89.95
56603,96.37,101.83,31.38,29.82,30.49,30.58,32.71,30.84,31.02,31.38,32.51,32.32,39.54,34.93,32.91,31.47,40.12,46.32,38.41,39.39,40.43,38.69,44.06,89.95
56621,98.12,100.87,31.38,29.82,30.49,30.49,32.71,30.84,31.2,31.38,32.51,32.22,39.54,34.93,32.91,31.47,40.12,46.73,38.55,39.25,40.43,38.69,44.06,89.95
56641,98.12,100.87,31.47,29.82,30.58,30.58,32.81,30.84,31.11,31.47,32.51,32.32,39.54,35.04,32.91,31.47,40.12,45.74,38.55,39.39,40.43,38.69,44.06,89.95
56660,99.02,100.87,31.47,29.82,30.49,30.58,32.81,30.84,31.02,31.38,32.51,32.22,39.39,34.93,32.91,31.47,40.27,46.73,38.55,39.39,40.58,38.69,44.06,90.7
56680,97.24,100.87,31.47,29.82,30.49,30.58,32.81,30.84,31.02,31.47,32.51,32.22,39.25,35.04,32.91,31.47,40.12,46.73,38.55,39.39,40.58,38.69,44.06,81.77
56699,97.24,99.94,31.47,29.82,30.49,30.58,32.81,30.84,31.2,31.47,32.51,32.32,39.39,35.16,32.91,31.38,40.27,45.16,38.55,39.39,40.58,38.69,44.06,81.15
56719,47.55,98.12,31.47,29.82,30.49,30.58,32.81,30.84,31.02,31.47,32.51,32.22,40.58,35.04,32.91,31.38,40.27,45.16,38.55,39.39,40.58,38.69,44.24,83.03
56740,53.97,99.94,31.47,29.82,30.49,30.58,32.71,30.84,31.02,31.47,32.51,32.22,39.98,35.04,32.91,31.38,40.27,45.16,38.55,39.39,40.58,38.69,44.06,81.77
56758,56.51,97.24,31.47,29.82,30.49,30.66,38.69,30.84,31.02,31.47,32.51,32.22,41.67,34.93,32.91,31.38,40.27,45.35,38.55,39.39,40.58,38.69,44.06,81.77
56779,98.12,100.87,31.47,29.73,30.49,30.66,55.92,30.84,31.02,31.47,32.51,32.22,41.84,35.04,33.01,31.38,40.27,45.35,38.69,39.39,40.58,38.69,44.06,82.39
56797,98.12,100.87,31.47,29.82,30.49,30.66,32.71,30.84,31.02,31.47,32.51,32.22,41.67,35.04,33.01,31.38,40.27,45.54,38.55,39.39,40.58,38.69,44.06,81.77
56818,97.24,89.95,31.47,29.82,30.49,30.66,34.93,30.84,31.02,31.47,32.51,32.22,41.67,34.93,33.01,31.38,40.27,45.35,38.69,39.39,40.58,38.69,43.88,82.39
56838,77.1,99.02,31.38,29.82,30.49,30.66,57.11,30.84,31.11,31.47,32.51,32.22,41.67,34.93,33.01,31.29,40.27,45.54,38.55,39.39,40.58,38.69,43.88,82.39
56856,73.43,98.12,31.56,29.82,30.49,30.66,57.11,30.84,31.11,31.47,32.51,32.22,41.84,34.93,32.91,31.38,40.27,45.54,38.55,39.39,40.58,38.55,43.88,81.77
56877,96.37,99.02,31.47,29.82,30.49,30.75,32.91,30.84,31.11,31.47,32.51,32.22,41.84,34.93,33.01,31.29,40.27,45.54,38.55,39.39,40.43,38.69,44.06,85.66
56895,97.24,99.02,31.47,29.82,30.49,30.75,33.01,30.84,31.11,31.47,32.51,32.22,42.16,34.93,33.01,31.38,40.27,45.54,38.55,39.39,40.58,38.69,44.06,83.67
56916,97.24,99.02,31.65,29.82,30.49,30.75,39.25,30.84,31.11,31.47,32.51,32.22,42,34.93,33.01,31.29,40.12,45.54,38.55,39.39,40.58,38.69,44.06,84.32
56934,98.12,98.12,31.56,29.82,30.49,30.75,32.71,30.84,31.11,31.47,32.51,32.22,42,35.04,33.01,31.38,40.27,45.54,38.55,39.39,40.58,38.69,44.06,82.39
56955,97.24,98.12,31.47,29.82,30.49,30.75,42.83,30.84,31.11,31.47,32.51,32.22,42,34.93,32.91,31.29,40.27,45.54,38.55,39.25,40.43,38.55,44.06,81.15
56975,96.37,96.37,31.47,29.82,30.49,30.75,32.71,30.84,31.11,31.47,32.51,32.22,42,34.93,33.01,31.38,40.12,45.54,38.69,39.25,40.43,38.69,43.88,82.39
56994,97.24,97.24,31.47,29.82,30.49,30.75,32.71,30.84,31.11,31.47,32.51,32.22,41.84,35.04,33.01,31.29,40.12,45.35,38.69,39.39,40.43,38.69,43.88,89.95
57014,67.46,94.68,31.47,29.82,30.49,30.75,32.91,30.75,31.11,31.56,32.51,32.22,41.84,35.04,33.01,31.29,40.27,45.35,38.69,39.39,40.43,38.69,43.88,81.77
57033,62.75,93.86,31.47,29.82,30.49,30.75,33.42,30.84,31.02,31.47,32.51,32.22,42,35.04,33.01,31.29,40.27,45.35,38.69,39.39,40.43,38.69,43.88,81.77
57053,52.65,92.25,32.41,29.82,30.49,30.75,32.22,30.75,31.11,31.47,32.51,32.12,42.16,34.93,33.01,31.29,40.27,45.35,38.69,39.39,40.43,38.55,43.88,90.7
57072,94.68,93.86,31.47,29.82,30.58,30.75,32.12,30.75,31.11,31.56,32.51,32.22,42.33,35.04,33.01,31.29,40.27,45.74,38.69,39.39,40.43,38.69,43.88,90.7
57092,43.17,91.47,31.47,29.82,30.49,30.75,33.31,30.75,31.11,31.56,32.51,32.22,42.33,35.04,33.01,31.29,40.27,45.74,38.69,39.25,40.43,38.69,43.88,90.7
57112,93.05,93.05,31.47,29.82,30.49,30.75,31.93,30.75,31.11,31.65,32.51,32.12,46.73,35.04,33.01,31.29,40.27,45.93,38.69,39.39,40.27,38.69,43.88,89.95
57131,50.44,90.7,35.74,29.73,30.49,30.75,31.75,30.84,31.11,31.65,32.51,32.12,43.88,34.93,33.01,31.29,40.27,45.35,38.83,39.39,40.43,38.55,43.88,90.7
57151,91.47,92.25,31.38,29.82,30.58,30.75,31.75,30.75,31.2,31.65,32.51,32.12,46.93,35.04,33.01,31.29,40.12,45.16,38.69,39.39,40.27,38.55,43.88,90.7
57170,90.7,92.25,31.38,29.73,30.49,30.75,32.12,30.84,31.2,31.75,32.51,32.12,45.54,35.04,33.01,31.2,40.27,45.35,38.83,39.25,40.43,38.55,43.88,90.7
57190,92.25,91.47,31.38,29.73,30.58,30.75,31.84,30.84,31.2,31.84,32.51,32.12,75.48,35.04,33.01,31.2,40.27,45.35,38.83,39.39,40.43,38.69,44.06,91.47
57211,93.05,92.25,31.38,29.82,30.58,30.75,33.11,30.84,31.2,31.84,32.51,32.12,47.13,34.93,33.01,31.2,40.43,45.35,38.83,39.39,40.27,38.55,43.88,90.7
57229,91.47,91.47,31.84,29.82,30.58,30.75,31.75,30.84,31.2,31.93,32.51,32.12,47.55,35.04,33.01,31.2,40.43,45.35,38.83,39.39,40.43,38.55,43.88,90.7
57250,92.25,92.25,31.38,29.82,30.49,30.75,32.12,30.84,31.2,31.93,32.51,32.12,46.93,35.04,33.01,31.2,40.43,45.35,38.83,39.39,40.43,38.55,44.06,91.47
57268,89.2,91.47,41.51,29.82,30.49,30.75,33.21,30.84,31.2,31.93,32.51,32.12,58.66,35.04,33.01,31.2,40.43,45.74,38.97,39.39,40.27,38.55,44.06,91.47
57289,92.25,91.47,40.73,29.82,30.49,30.75,33.11,30.84,31.2,31.93,32.51,32.12,46.93,35.04,32.91,31.2,40.58,45.54,38.97,39.39,40.43,38.55,44.06,90.7
57307,91.47,90.7,31.47,29.73,30.49,30.75,31.75,30.84,31.11,31.93,32.51,32.12,75.48,35.04,33.01,31.2,40.43,45.54,38.97,39.54,40.43,38.69,44.06,91.47
57328,91.47,90.7,31.38,29.82,30.49,30.75,31.75,30.84,31.2,31.93,32.51,32.12,42.49,35.04,33.01,31.2,40.58,45.74,38.97,39.54,40.43,38.55,44.06,90.7
57348,91.47,90.7,31.75,29.82,30.49,30.75,31.84,30.84,31.11,31.93,32.51,32.22,42,35.04,33.01,31.2,40.58,45.74,38.97,39.54,40.27,38.55,44.06,90.7
57366,91.47,90.7,31.84,29.82,30.49,30.75,31.75,30.84,31.2,31.93,32.51,32.22,42.33,35.04,33.01,31.2,40.58,45.74,39.11,39.54,40.27,38.55,44.06,90.7
57387,91.47,90.7,31.75,29.82,30.49,30.75,31.75,30.84,31.2,31.93,32.51,32.12,42.49,35.16,32.91,31.2,40.73,45.74,39.11,39.54,40.43,38.69,43.88,90.7
57405,92.25,90.7,31.75,29.82,30.49,30.75,33.11,30.84,31.2,31.93,32.51,32.22,42.49,35.04,33.01,31.2,40.73,45.74,39.11,39.54,40.43,38.55,44.06,90.7
57426,92.25,91.47,31.29,29.82,30.49,30.75,32.91,30.84,31.2,31.93,32.51,32.22,42.66,35.04,33.01,31.2,40.88,45.74,39.25,39.54,40.43,38.69,44.06,91.47
57444,92.25,91.47,31.38,29.82,30.49,30.75,33.11,30.93,31.2,31.93,32.51,32.12,41.67,35.04,33.01,31.2,40.88,45.93,39.25,39.68,40.43,38.69,44.06,90.7
57465,93.05,92.25,31.38,29.9,30.49,30.75,33.11,30.93,31.2,31.93,32.51,32.12,41.84,35.04,32.91,31.2,40.88,45.93,39.39,39.68,40.43,38.69,44.06,91.47
57485,93.05,92.25,31.47,29.82,30.49,30.84,33.11,30.84,31.2,32.03,32.51,32.12,41.84,35.04,33.01,31.11,40.73,45.93,39.39,39.68,40.43,38.69,44.24,87.04
57504,92.25,91.47,31.47,29.9,30.49,30.75,33.01,30.84,31.2,31.93,32.61,32.22,41.67,35.04,33.01,31.11,41.04,45.93,39.54,39.83,40.43,38.69,44.24,83.67
57524,93.05,92.25,31.29,29.9,30.49,30.75,33.01,30.84,31.2,32.03,32.51,32.22,41.67,35.04,32.91,31.11,41.04,45.93,39.54,39.83,40.58,38.55,44.24,92.25
57543,93.05,93.05,31.47,29.9,30.49,30.75,33.01,30.93,31.2,32.03,32.61,32.22,41.67,35.04,33.01,31.11,41.04,45.93,39.54,39.83,40.58,38.69,44.24,92.25
57563,93.05,93.05,31.11,29.82,30.49,30.75,33.01,30.93,31.2,31.75,32.61,32.12,41.67,35.04,32.91,31.11,41.04,45.93,39.54,39.83,40.58,38.83,44.24,92.25
57584,93.86,93.05,31.11,29.9,30.49,30.75,33.01,30.93,31.2,31.75,32.61,32.22,41.67,35.04,33.01,31.11,41.04,45.93,39.54,39.83,40.58,38.83,44.24,92.25
57602,93.86,93.05,31.2,29.9,30.49,30.75,33.01,30.93,31.29,31.75,32.61,32.22,42,35.04,33.01,31.11,41.04,45.93,39.54,39.83,40.58,38.83,44.24,92.25
57622,93.86,93.05,31.47,29.9,30.49,30.75,33.11,30.93,31.29,31.75,32.51,32.12,41.84,35.04,32.91,31.11,41.04,45.93,39.54,39.83,40.43,38.83,44.06,92.25
57641,93.86,93.86,31.75,29.9,30.49,30.75,33.01,30.93,31.2,31.75,32.61,32.22,41.84,34.93,33.01,31.11,40.88,45.93,39.54,39.83,40.43,38.69,44.24,92.25
57661,93.05,93.86,31.75,29.9,30.49,30.75,33.11,30.93,31.29,31.75,32.51,32.12,42,35.04,32.91,31.11,40.73,45.93,39.39,39.83,40.43,38.69,44.06,92.25
57680,93.86,93.86,31.75,29.9,30.49,30.75,33.11,31.02,31.29,31.75,32.61,32.22,41.84,35.04,32.91,31.11,41.04,45.93,39.54,39.83,40.43,38.69,44.24,92.25
57700,93.86,93.86,31.65,29.9,30.49,30.75,33.11,31.02,31.29,31.75,32.51,32.22,41.67,35.04,32.91,31.11,41.04,45.93,39.39,39.83,40.43,38.69,44.24,92.25
57721,93.86,93.86,31.75,29.9,30.49,30.75,33.11,30.93,31.29,31.75,32.61,32.22,41.84,35.04,32.91,31.11,40.88,45.93,39.39,39.83,40.43,38.69,44.24,83.67
57739,93.86,93.05,31.38,29.9,30.49,30.75,31.75,30.93,31.2,31.75,32.61,32.12,41.84,34.93,32.91,31.11,41.04,46.32,39.39,39.83,40.43,38.69,44.06,83.67
57760,93.86,93.86,31.75,29.9,30.49,30.75,31.65,30.93,31.2,31.75,32.51,32.22,41.67,35.04,32.91,31.11,40.88,45.93,39.25,39.83,40.43,38.69,44.24,83.67
57778,93.86,93.86,31.65,29.9,30.49,30.75,31.75,30.93,31.2,31.75,32.51,32.12,41.51,35.04,32.91,31.11,40.88,45.74,39.25,39.68,40.43,38.69,44.06,83.03
57799,93.86,93.86,31.29,29.9,30.49,30.66,31.75,30.93,31.29,31.75,32.61,32.12,41.67,35.04,32.91,31.11,40.73,45.74,39.25,39.68,40.43,38.69,44.06,83.67
57817,93.86,93.86,31.65,29.9,30.49,30.75,31.75,30.93,31.2,31.75,32.51,32.12,42.33,35.04,32.91,31.11,40.73,45.93,39.11,39.68,40.43,38.69,44.06,83.67
57837,93.86,93.86,31.29,29.9,30.49,30.66,31.75,30.93,31.29,31.75,32.51,32.22,40.12,35.04,32.91,31.11,40.73,46.52,39.11,39.68,40.43,38.69,44.06,83.03
57858,93.86,93.86,31.29,29.9,30.49,30.66,31.75,30.93,31.2,31.75,32.51,32.12,40.27,35.04,32.91,31.11,40.73,46.73,39.11,39.54,40.43,38.69,44.06,83.67
57876,94.68,93.86,31.75,29.9,30.49,30.58,31.75,30.93,31.2,31.75,32.51,32.22,39.54,34.93,32.81,31.11,40.73,46.73,38.97,39.54,40.43,38.69,44.06,83.67
57897,94.68,94.68,31.47,29.9,30.49,30.58,33.11,30.93,31.2,31.75,32.51,32.12,39.11,35.04,32.81,31.11,40.58,46.52,38.97,39.54,40.43,38.69,44.06,83.67
57915,94.68,91.47,31.38,29.9,30.49,30.58,33.21,30.84,31.2,31.75,32.51,32.12,72.44,35.04,32.81,31.11,40.58,46.52,38.97,39.54,40.27,38.69,44.06,83.03
57936,95.52,95.52,31.38,29.9,30.49,30.58,31.75,30.84,31.2,31.75,32.51,32.12,38.97,34.93,32.81,31.2,40.58,46.52,38.97,39.54,40.27,38.69,44.06,83.67
57956,95.52,89.95,31.56,29.9,30.49,30.58,31.75,30.84,31.2,31.75,32.51,32.12,48.62,34.93,32.81,31.11,40.58,46.52,38.83,39.39,40.43,38.69,44.06,83.67
57975,96.37,97.24,31.75,29.9,30.49,30.58,31.75,30.84,31.2,31.75,32.51,32.12,44.6,34.93,32.81,31.11,40.43,46.52,38.83,39.39,40.27,38.69,44.06,83.67
57995,97.24,96.37,31.38,29.9,30.49,30.49,31.84,30.84,31.2,31.75,32.51,32.12,39.11,34.93,32.71,31.11,40.43,46.32,38.83,39.39,40.43,38.69,44.06,83.03
58014,96.37,97.24,31.65,29.9,30.49,30.49,31.84,30.84,31.11,31.65,32.51,32.12,39.11,34.93,32.71,31.11,40.43,46.13,38.83,39.39,40.43,38.69,44.24,92.25
58034,97.24,97.24,30.84,29.82,30.49,30.49,32.61,30.84,31.11,31.65,32.51,32.12,39.11,34.93,32.71,31.11,40.43,45.93,38.83,39.39,40.43,38.69,44.06,93.05
58053,98.12,98.12,30.84,29.82,30.49,30.49,31.93,30.84,31.11,31.65,32.51,32.22,44.6,34.93,32.71,31.11,40.43,45.54,38.83,39.39,40.43,38.69,44.06,93.05
58073,98.12,97.24,30.84,29.82,30.49,30.49,32.03,30.84,31.11,31.56,32.51,32.22,39.11,34.93,32.71,31.2,40.43,45.16,38.83,39.39,40.43,38.83,44.24,93.05
58093,98.12,99.02,31.2,29.82,30.49,30.49,32.03,30.84,31.11,31.56,32.51,32.22,39.25,34.93,32.71,31.2,40.27,45.16,38.83,39.39,40.43,38.83,44.24,93.05
58112,98.12,98.12,31.2,29.82,30.49,30.49,32.12,30.84,31.11,31.56,32.51,32.12,39.39,34.82,32.71,31.2,40.27,45.16,38.69,39.39,40.43,38.69,44.06,93.05
58132,98.12,99.02,31.2,29.82,30.49,30.49,32.71,30.84,31.2,31.65,32.51,32.22,39.39,34.93,32.81,31.2,40.27,44.97,38.69,39.39,40.43,38.83,44.06,92.25
58151,97.24,99.02,31.29,29.82,30.58,30.49,32.71,30.84,31.38,31.65,32.51,32.22,39.68,34.93,32.91,31.2,40.27,44.97,38.69,39.25,40.43,38.83,44.24,93.05
58171,98.12,98.12,31.2,29.82,30.58,30.4,32.81,30.84,31.2,31.65,32.51,32.12,44.6,34.82,32.91,31.29,40.27,44.97,38.69,39.25,40.43,38.69,44.24,93.05
58190,99.94,98.12,31.2,29.82,30.58,30.4,51.4,30.84,31.38,32.91,32.51,32.12,45.54,34.93,32.91,31.2,40.27,44.97,38.55,39.25,40.58,38.69,44.24,91.47
58210,38.69,98.12,31.2,29.82,30.58,30.4,33.11,30.84,31.2,31.84,32.51,32.22,50.2,34.93,32.91,31.29,40.27,44.97,38.55,39.25,40.58,38.83,44.06,89.95
58231,37.61,81.77,31.2,29.82,30.58,30.4,32.03,30.84,31.2,31.75,32.51,32.12,47.13,34.82,32.91,31.29,40.12,44.97,38.55,39.25,40.58,38.83,44.06,90.7
58249,40.12,97.24,31.2,29.82,30.58,30.4,32.12,30.84,31.11,31.75,32.51,32.22,39.98,34.82,32.91,31.29,40.27,44.97,38.55,39.25,40.58,38.69,44.06,90.7
58270,37.48,98.12,31.11,29.82,30.58,30.4,32.71,30.84,31.11,31.84,32.51,32.22,39.83,34.82,32.91,31.29,40.27,44.97,38.55,39.25,40.58,38.83,44.06,90.7
58288,50.91,99.94,31.2,29.82,30.58,30.32,32.91,30.84,31.29,31.84,32.51,32.22,39.83,34.93,32.81,31.29,40.12,44.97,38.55,39.25,40.58,38.83,43.88,91.47
58309,99.02,101.83,31.2,29.82,30.58,30.4,32.71,30.84,31.11,31.93,32.51,32.22,39.83,34.93,32.91,31.38,40.12,44.97,38.41,39.11,40.58,38.69,43.88,89.95
58329,39.25,99.94,31.2,29.82,30.58,30.4,35.16,30.84,31.11,31.84,32.51,32.22,39.83,34.93,32.91,31.29,40.12,44.97,38.41,39.25,40.58,38.69,43.88,89.95
58347,37.61,98.12,31.2,29.9,30.58,30.4,32.71,30.93,31.2,31.93,32.51,32.12,39.83,34.93,32.91,31.38,40.12,44.97,38.41,39.25,40.58,38.69,43.88,90.7
58368,37.61,98.12,31.11,29.82,30.58,30.4,59.31,30.84,31.2,31.93,32.51,32.12,39.98,34.93,32.91,31.29,40.12,44.97,38.41,39.25,40.58,38.69,44.06,89.95
58386,50.2,98.12,31.11,29.9,30.58,30.4,40.27,30.84,31.2,31.84,32.51,32.22,39.98,34.93,32.91,31.38,40.12,44.97,38.41,39.25,40.58,38.69,43.88,85.66
58407,41.51,96.37,31.11,29.82,30.58,30.4,45.16,30.84,31.11,31.75,32.51,32.22,40.12,34.93,32.91,31.38,40.12,44.97,38.41,39.11,40.43,38.69,44.06,89.95
58425,37.74,97.24,31.11,29.9,30.58,30.4,35.39,30.84,31.11,31.75,32.51,32.12,40.27,34.93,32.91,31.29,40.12,45.16,38.27,39.25,40.58,38.69,43.88,88.47
58446,37.61,97.24,31.2,29.82,30.58,30.4,33.73,30.84,31.11,31.93,32.51,32.22,67.46,34.93,32.91,31.38,40.12,44.97,38.27,39.11,40.58,38.55,44.06,90.7
58466,37.48,97.24,31.2,29.9,30.58,30.4,32.81,30.84,31.2,31.93,32.51,32.22,44.42,34.93,32.91,31.38,40.12,44.97,38.27,39.25,40.58,38.69,44.06,90.7
58485,98.12,97.24,31.2,29.9,30.58,30.4,32.81,30.84,31.2,31.93,32.51,32.22,53.43,34.93,32.91,31.38,39.98,44.97,38.14,39.25,40.58,38.55,44.06,89.2
58505,37.48,96.37,31.2,29.9,30.58,30.4,35.74,30.84,31.2,31.75,32.51,32.12,40.27,34.93,33.01,31.38,40.12,45.16,38.14,39.25,40.58,38.55,44.06,89.95
58524,37.48,96.37,31.2,29.98,30.66,30.4,32.81,30.84,31.2,31.75,32.51,32.12,40.27,34.93,33.01,31.47,40.12,45.16,38.14,39.39,40.58,38.55,44.06,89.95
58544,37.74,97.24,31.2,29.98,30.66,30.4,32.81,30.84,31.2,31.75,32.51,32.22,40.27,34.93,33.01,31.47,40.12,45.16,38.01,39.39,40.58,38.55,44.06,89.95
58562,38.14,97.24,31.2,29.98,30.66,30.4,32.81,30.84,31.11,31.75,32.51,32.22,40.27,34.93,33.01,31.47,40.12,45.16,38.01,39.25,40.43,38.41,44.06,90.7
58583,98.12,100.87,31.2,29.98,30.66,30.4,32.91,30.84,31.11,31.65,32.51,32.22,39.98,34.93,32.91,31.47,40.12,44.97,38.01,39.25,40.58,38.41,44.06,90.7
58603,38.01,99.02,44.97,29.9,30.66,30.4,32.91,30.84,31.02,31.47,32.51,32.22,39.83,34.93,33.01,31.56,39.98,44.97,38.01,39.39,40.58,38.41,44.06,90.7
58622,37.74,98.12,45.74,29.98,30.66,30.4,32.71,30.84,31.02,31.38,32.51,32.22,39.68,34.93,33.01,31.65,40.12,44.97,37.87,39.39,40.58,38.41,44.06,91.47
58642,97.24,101.83,45.74,29.98,30.66,30.4,34.37,30.75,31.02,31.38,32.41,32.22,39.68,34.82,33.01,31.65,39.98,44.97,37.87,39.39,40.58,38.27,44.06,90.7
58661,50.67,99.02,34.93,30.07,30.58,30.4,32.81,30.75,31.11,31.38,32.51,32.22,39.54,34.93,32.91,31.65,40.12,44.97,37.87,39.39,40.73,38.41,44.06,90.7
58681,37.87,98.12,31.2,30.07,30.66,30.4,32.03,30.75,31.02,31.38,32.51,32.22,39.83,34.93,32.91,31.65,40.12,44.97,37.74,39.39,40.73,38.41,44.24,81.77
58702,38.14,98.12,31.2,30.07,30.66,30.4,32.12,30.84,31.02,31.38,32.51,32.22,39.83,34.93,33.01,31.65,40.12,44.97,37.74,39.39,40.73,38.41,44.24,90.7
58720,38.14,97.24,31.2,29.98,30.66,30.32,32.12,30.84,31.02,31.38,32.51,32.22,39.83,34.93,32.91,31.75,40.12,44.97,37.87,39.39,40.73,38.41,44.24,90.7
58741,39.11,97.24,31.29,29.98,30.66,30.4,32.12,30.84,31.02,31.38,32.51,32.22,39.68,34.93,33.01,31.75,40.12,44.97,37.87,39.39,40.73,38.41,44.24,90.7
58759,60.3,98.12,31.29,30.07,30.66,30.4,32.12,30.84,31.11,31.38,32.51,32.22,39.83,35.04,33.01,31.75,40.12,44.97,37.87,39.39,40.58,38.41,44.24,91.47
58780,73.93,99.02,31.29,30.07,30.66,30.4,32.12,30.84,31.11,31.38,32.51,32.22,39.54,35.04,33.11,31.84,39.98,45.16,37.74,39.39,40.73,38.41,44.42,91.47
58798,38.55,97.24,31.29,30.07,30.66,30.4,32.12,30.84,31.11,31.38,32.51,32.22,39.54,35.04,33.01,31.84,40.12,44.97,37.74,39.39,40.73,38.41,44.24,91.47
58818,38.01,96.37,31.29,30.07,30.66,30.4,32.81,30.84,31.11,31.38,32.51,32.22,39.54,35.04,33.11,31.84,40.12,44.97,37.61,39.39,40.58,38.41,44.42,93.05
58839,54.79,98.12,43,30.07,30.66,30.4,32.81,30.84,31.11,31.38,32.51,32.22,39.68,35.04,33.11,31.93,40.12,44.97,37.61,39.39,40.73,38.27,44.24,90.7
58857,50.91,65.81,42.66,29.98,30.66,30.4,32.22,30.84,31.11,31.38,32.51,32.22,39.83,34.93,33.11,31.93,40.12,44.97,37.61,39.39,40.73,38.41,44.42,91.47
58878,47.76,94.68,42.49,29.98,30.66,30.4,32.22,30.84,31.11,31.38,32.51,32.32,39.68,35.04,33.11,31.93,39.98,44.97,37.61,39.39,40.73,38.41,44.24,81.77
58896,40.73,92.25,42,29.98,30.66,30.4,32.61,30.84,31.2,31.38,32.51,32.32,39.54,34.93,33.11,32.03,40.12,44.97,37.61,39.39,40.58,38.41,44.42,81.77
58917,95.52,97.24,41.84,29.98,30.66,30.4,32.71,30.93,31.2,31.47,32.41,32.32,39.68,35.04,33.11,32.12,40.12,45.16,37.61,39.39,40.58,38.41,44.42,82.39
58935,93.05,95.52,35.62,29.98,30.66,30.4,32.71,30.93,31.11,31.47,32.51,32.32,39.54,35.16,33.11,32.22,40.12,44.97,37.61,39.39,40.58,38.41,44.24,81.77
58956,44.79,93.05,31.2,29.98,30.66,30.4,49.29,30.84,31.56,31.38,32.51,32.32,39.25,35.04,33.11,32.22,40.12,44.97,37.61,39.25,40.58,38.27,44.42,82.39
58976,94.68,94.68,31.2,30.07,30.66,30.4,32.71,30.84,31.11,31.38,32.51,32.32,39.54,35.16,33.11,32.22,40.12,44.97,37.61,39.39,40.58,38.27,44.24,82.39
58995,93.05,94.68,31.2,30.07,30.66,30.4,32.71,30.84,31.2,31.38,32.51,32.32,39.39,35.27,33.01,32.32,40.12,44.97,37.48,39.39,40.58,38.27,44.24,81.77
59015,40.88,93.05,31.2,30.07,30.66,30.4,32.81,30.84,31.29,31.38,32.51,32.32,39.39,35.16,33.01,32.41,40.12,44.97,37.48,39.39,40.58,38.27,44.24,82.39
59034,93.86,95.52,31.2,30.07,30.66,30.4,32.71,30.84,31.11,31.38,32.51,32.32,39.54,35.16,33.01,32.32,40.12,44.97,37.61,39.25,40.58,38.27,44.24,83.03
59054,93.86,94.68,31.2,30.07,30.66,30.4,32.71,30.93,31.11,31.38,32.51,32.32,39.39,35.16,33.01,32.41,40.12,44.79,37.61,39.25,40.58,38.27,44.24,81.77
59074,39.11,92.25,31.2,30.07,30.75,30.4,32.81,30.93,31.11,31.38,32.51,32.32,39.25,35.16,33.01,32.41,40.12,44.79,37.61,39.25,40.58,38.27,44.24,82.39
59093,53.7,93.05,31.2,30.07,30.66,30.4,32.81,30.93,31.11,31.38,32.51,32.32,39.39,35.16,33.01,32.41,40.12,44.97,37.61,39.25,40.58,38.27,44.24,91.47
59113,38.55,93.05,31.2,30.07,30.75,30.49,32.71,30.93,31.11,31.47,32.51,32.32,43.88,35.16,33.01,32.41,40.12,44.79,37.61,39.25,40.58,38.27,44.06,91.47
59132,38.27,93.05,31.2,30.07,30.66,30.4,32.71,30.93,31.11,31.38,32.51,32.32,39.39,35.16,33.01,32.41,40.27,44.97,37.48,39.25,40.58,38.27,44.24,90.7
59152,38.41,93.05,31.2,30.07,30.66,30.49,32.71,30.93,31.11,31.47,32.51,32.32,39.39,35.04,33.01,32.32,40.12,44.79,37.61,39.25,40.43,38.27,44.24,91.47
59171,41.04,93.05,31.2,30.07,30.66,30.4,32.71,30.84,31.11,31.38,32.41,32.32,40.12,35.16,33.01,32.32,40.12,44.6,37.61,39.25,40.58,38.27,44.24,91.47
59191,39.68,93.05,31.2,29.98,30.66,30.4,48.4,30.84,31.11,31.38,32.41,32.32,39.39,35.16,33.01,32.32,40.12,44.79,37.61,39.25,40.58,38.27,44.06,91.47
59212,68.31,93.86,31.2,29.98,30.66,30.4,46.32,30.84,31.11,31.38,32.51,32.32,39.39,35.16,33.01,32.22,40.12,44.79,37.61,39.25,40.43,38.27,44.06,90.7
59232,54.24,94.68,31.2,29.98,30.66,30.4,33.01,30.84,31.11,31.38,32.51,32.32,39.68,35.16,33.01,32.22,40.12,44.79,37.61,39.25,40.43,38.27,44.06,90.7
59251,37.87,93.05,31.2,29.98,30.66,30.4,39.68,30.93,31.11,31.47,32.51,32.32,39.54,35.16,33.01,32.22,39.98,44.79,37.61,39.25,40.43,38.27,43.88,85.66
59271,55.64,93.86,31.2,29.98,30.66,30.4,33.01,30.84,31.02,31.38,32.41,32.32,39.68,35.16,33.01,32.22,40.12,44.79,37.61,39.25,40.43,38.27,44.06,85.66
59290,97.24,97.24,31.2,29.9,30.66,30.4,32.71,30.84,31.29,31.38,32.51,32.32,39.54,35.16,33.01,32.12,39.98,45.16,37.74,39.25,40.43,38.27,44.06,84.32
59310,39.11,94.68,31.2,29.9,30.66,30.49,32.71,30.84,31.56,31.38,32.51,32.32,39.54,35.16,32.91,32.12,39.98,45.35,37.74,39.25,40.43,38.27,44.06,83.67
59330,87.75,98.12,31.29,29.82,30.66,30.49,32.81,30.84,31.11,31.38,32.51,32.32,39.68,35.27,33.01,32.12,40.12,45.35,37.74,39.11,40.43,38.41,44.06,90.7
59349,94.68,96.37,31.29,29.82,30.66,30.49,32.91,30.84,31.2,31.38,32.41,32.32,39.54,35.16,32.91,32.12,39.98,45.35,37.74,39.11,40.43,38.27,43.88,89.2
59369,74.95,98.12,31.29,29.82,30.66,30.49,32.81,30.93,31.29,31.38,32.51,32.32,39.83,35.27,33.01,32.03,40.12,45.35,37.87,39.11,40.58,38.41,43.88,89.95
59388,97.24,99.02,31.29,29.82,30.66,30.49,32.71,30.84,31.2,31.47,32.51,32.32,39.98,35.16,32.91,32.03,40.12,45.35,37.87,39.11,40.58,38.41,43.88,89.2
59408,37.61,98.12,31.29,29.73,30.58,30.49,34.71,30.84,31.29,31.38,32.51,32.32,40.12,35.16,33.01,31.93,39.98,45.35,38.01,39.11,40.58,38.27,43.88,89.2
59427,37.61,97.24,31.38,29.73,30.58,30.49,32.81,30.84,31.47,31.38,32.51,32.32,39.83,35.16,32.91,31.93,40.12,45.35,38.01,39.11,40.43,38.41,43.88,88.47
59447,42,97.24,31.38,29.73,30.58,30.49,32.71,30.84,31.29,31.38,32.51,32.32,39.98,35.04,32.91,31.84,40.12,45.35,38.14,39.11,40.43,38.27,43.88,88.47
59468,37.35,74.95,31.38,29.73,30.58,30.49,32.71,30.84,31.56,31.38,32.51,32.32,41.04,35.04,32.91,31.84,40.12,45.35,38.14,39.11,40.43,38.41,43.88,87.75
59486,37.87,53.17,31.38,29.73,30.58,30.49,32.81,30.84,31.29,31.38,32.51,32.32,39.83,35.04,32.91,31.75,40.12,45.54,38.14,39.11,40.43,38.41,43.88,88.47
59507,46.52,93.86,31.38,29.65,30.58,30.49,32.71,30.84,31.29,31.38,32.51,32.32,42,35.04,32.91,31.65,40.12,45.54,38.14,39.11,40.43,38.41,43.88,87.75
59527,70.09,97.24,31.38,29.65,30.58,30.58,32.71,30.84,31.11,31.38,32.51,32.32,40.88,35.04,32.91,31.65,39.83,45.54,38.27,39.11,40.43,38.27,43.52,87.75
59546,40.12,98.12,31.38,29.73,30.58,30.58,32.71,30.84,31.02,31.38,32.51,32.32,39.68,35.04,32.91,31.56,39.98,46.52,38.14,39.11,40.43,38.41,43.88,88.47
59566,98.12,83.67,31.38,29.65,30.58,30.58,32.71,30.84,31.11,31.38,32.51,32.22,39.68,35.04,32.91,31.65,40.12,46.52,38.27,39.25,40.43,38.41,43.88,88.47
59586,99.02,99.94,31.38,29.65,30.58,30.58,32.81,30.84,31.29,31.38,32.51,32.32,39.54,35.04,32.91,31.65,39.98,46.52,38.27,39.25,40.43,38.41,43.88,87.75
59605,65.42,94.68,31.47,29.73,30.58,30.58,32.03,30.84,31.02,31.38,32.41,32.32,39.68,35.04,32.91,31.56,39.83,46.32,38.41,39.25,40.43,38.55,43.88,89.2
59625,83.67,99.02,31.47,29.65,30.58,30.66,32.03,30.84,31.02,31.38,32.41,32.22,48.19,35.04,32.91,31.56,39.98,46.73,38.41,39.25,40.43,38.41,43.88,81.77
59644,98.12,99.94,31.47,29.65,30.49,30.66,32.12,30.84,31.2,31.38,32.51,32.22,46.73,35.16,32.91,31.56,40.12,46.52,38.41,39.11,40.43,38.55,43.88,88.47
59664,55.64,97.24,31.47,29.65,30.49,30.66,32.03,30.84,31.02,31.38,32.51,32.22,57.11,35.04,32.91,31.56,39.98,47.55,38.41,39.25,40.27,38.55,43.88,89.2
59683,39.54,97.24,31.65,29.65,30.49,30.66,32.03,30.84,31.02,31.38,32.51,32.22,45.93,35.16,32.91,31.56,40.12,46.52,38.41,39.11,40.43,38.69,43.88,79.95
59703,44.42,96.37,31.47,29.65,30.49,30.66,32.12,30.84,31.02,31.47,32.51,32.22,39.39,35.16,32.81,31.47,40.12,45.74,38.41,39.25,40.43,38.69,43.88,87.04
59724,38.14,95.52,31.47,29.65,30.49,30.66,32.81,30.84,31.02,31.47,32.51,32.32,39.39,35.16,32.81,31.47,40.12,46.73,38.41,39.25,40.43,38.69,43.88,80.55
59742,40.88,71.01,31.47,29.65,30.49,30.66,33.62,30.75,31.02,31.38,32.51,32.22,40.73,35.04,32.91,31.47,40.12,46.73,38.41,39.25,40.43,38.69,43.88,80.55
59763,71.96,96.37,31.47,29.65,30.49,30.75,32.81,30.84,31.11,31.38,32.51,32.32,40.27,35.04,32.81,31.47,40.12,46.73,38.41,39.25,40.58,38.69,43.88,89.95
59781,94.68,97.24,31.47,29.65,30.49,30.75,32.61,30.84,31.02,31.38,32.51,32.22,39.11,35.16,32.91,31.47,40.12,46.73,38.41,39.25,40.43,38.69,43.88,89.95
59802,95.52,97.24,31.47,29.65,30.49,30.66,32.81,30.84,31.02,31.47,32.51,32.22,39.25,35.16,32.81,31.47,40.12,46.73,38.41,39.25,40.43,38.69,44.06,85.66
59822,95.52,98.12,31.47,29.73,30.49,30.66,32.32,30.84,31.02,31.47,32.51,32.22,39.11,35.04,32.91,31.38,40.27,46.73,38.41,39.25,40.58,38.69,44.06,89.95
59840,96.37,98.12,31.47,29.73,30.49,30.66,32.51,30.84,31.02,31.47,32.51,32.22,39.39,35.16,32.91,31.38,40.27,46.73,38.27,39.25,40.58,38.69,44.06,90.7
59861,97.24,99.02,31.47,29.65,30.49,30.66,32.91,30.84,31.02,31.56,32.51,32.22,42,35.16,32.81,31.38,40.27,46.93,38.41,39.25,40.58,38.69,43.88,90.7
59879,98.12,99.02,31.47,29.73,30.49,30.66,32.91,30.84,31.02,31.47,32.51,32.32,40.73,35.16,32.91,31.47,40.27,46.93,38.41,39.25,40.58,38.69,44.06,90.7
59900,96.37,99.02,31.47,29.65,30.49,30.66,32.81,30.84,31.02,31.38,32.51,32.22,39.11,35.04,32.91,31.38,40.27,46.73,38.41,39.25,40.58,38.83,44.06,86.35
59918,54.79,98.12,31.47,29.73,30.49,30.66,32.81,30.84,31.02,31.38,32.51,32.22,38.97,35.16,32.91,31.38,40.12,45.35,38.41,39.25,40.58,38.69,44.06,89.95
59939,68.31,98.12,31.47,29.65,30.49,30.66,32.03,30.84,31.11,31.47,32.51,32.22,38.97,35.04,32.81,31.38,40.12,45.54,38.41,39.25,40.58,38.69,44.06,89.95
59959,99.02,99.94,31.47,29.73,30.49,30.75,32.03,30.84,31.02,31.38,32.51,32.22,39.11,35.04,32.91,31.38,40.12,46.32,38.55,39.25,40.58,38.69,43.88,90.7
59978,97.24,99.94,31.47,29.73,30.49,30.75,32.32,30.84,31.11,31.38,32.51,32.22,39.39,35.04,32.91,31.38,40.12,46.52,38.41,39.25,40.43,38.69,44.06,90.7
59998,98.12,99.94,31.47,29.65,30.49,30.75,32.03,30.84,31.02,31.47,32.51,32.22,40.27,35.04,32.91,31.38,40.12,46.52,38.55,39.25,40.58,38.69,43.88,81.77
60017,97.24,99.02,31.47,29.65,30.49,30.84,32.03,30.84,31.02,31.56,32.51,32.22,42,35.04,32.91,31.29,40.12,46.52,38.55,39.25,40.58,38.69,44.06,81.15
60037,38.14,96.37,31.47,29.65,30.49,30.84,32.12,30.84,31.02,31.47,32.51,32.22,42,35.04,32.91,31.38,40.27,47.34,38.55,39.25,40.43,38.69,43.88,81.15
60055,59.96,95.52,32.03,29.65,30.49,30.84,32.03,30.75,31.11,31.56,32.51,32.22,42,35.16,33.01,31.29,40.27,46.32,38.41,39.25,40.58,38.55,44.06,88.47
60076,97.24,97.24,36.96,29.65,30.49,30.84,32.03,30.75,31.02,31.47,32.51,32.12,42.33,35.16,33.01,31.38,40.12,46.32,38.55,39.25,40.43,38.69,44.06,81.77
60096,97.24,97.24,31.47,29.65,30.49,30.84,32.03,30.75,31.02,31.47,32.51,32.22,42.16,35.16,33.01,31.38,40.27,46.32,38.55,39.25,40.58,38.69,44.06,82.39
60115,97.24,97.24,44.24,29.65,30.49,30.84,32.12,30.75,31.11,31.56,32.51,32.22,42.33,35.04,33.01,31.38,40.27,46.32,38.55,39.25,40.58,38.55,44.06,81.77
60135,97.24,97.24,31.47,29.65,30.49,30.84,32.03,30.75,31.11,31.56,32.51,32.22,42.16,35.04,33.01,31.29,40.12,46.32,38.55,39.25,40.58,38.69,44.06,81.77
60154,97.24,96.37,31.47,29.73,30.49,30.84,31.93,30.75,31.11,31.56,32.51,32.12,42.49,35.04,33.01,31.38,40.27,47.55,38.55,39.25,40.58,38.69,44.06,81.77
60174,97.24,97.24,31.47,29.65,30.49,30.84,31.93,30.75,31.11,31.56,32.61,32.22,42.16,35.04,33.01,31.38,40.27,47.55,38.55,39.25,40.58,38.69,44.06,81.77
60195,96.37,96.37,31.56,29.65,30.49,30.84,31.93,30.75,31.11,31.65,32.51,32.22,42,35.04,33.01,31.29,40.27,47.55,38.55,39.25,40.43,38.69,44.06,81.77
60213,37.74,94.68,31.47,29.65,30.49,30.84,31.93,30.75,31.11,31.56,32.51,32.22,41.67,35.04,33.01,31.29,40.27,46.32,38.55,39.25,40.58,38.69,44.06,82.39
60234,39.68,94.68,31.93,29.65,30.49,30.75,31.84,30.75,31.11,31.65,32.51,32.12,71.48,35.04,33.01,31.29,40.27,46.52,38.69,39.25,40.58,38.69,44.06,90.7
60252,37.48,94.68,31.93,29.73,30.49,30.75,31.84,30.75,31.11,31.84,32.51,32.12,41.84,35.04,33.01,31.29,40.27,46.32,38.69,39.25,40.58,38.55,44.06,91.47
60273,84.99,95.52,31.93,29.73,30.49,30.75,31.84,30.75,31.2,31.93,32.51,32.12,43,34.93,33.01,31.29,40.27,46.52,38.69,39.25,40.58,38.55,44.06,90.7
60291,55.92,93.05,31.47,29.73,30.49,30.75,31.84,30.75,31.2,31.84,32.51,32.12,74.44,35.04,33.01,31.29,40.43,46.52,38.69,39.39,40.58,38.69,44.06,91.47
60311,66.22,92.25,31.38,29.73,30.49,30.75,31.84,30.75,31.11,31.84,32.51,32.12,74.95,35.04,33.01,31.29,40.43,46.52,38.69,39.39,40.58,38.69,44.06,90.7
60332,93.86,93.86,31.38,29.65,30.49,30.75,32.32,30.75,31.11,31.93,32.51,32.12,43.35,35.04,33.01,31.29,40.43,46.73,38.83,39.39,40.43,38.69,44.06,91.47
60350,93.86,93.05,31.75,29.73,30.49,30.75,31.84,30.75,31.11,32.03,32.51,32.12,76.01,35.04,33.01,31.2,40.43,46.73,38.83,39.39,40.43,38.55,44.06,91.47
60371,94.68,94.68,31.29,29.73,30.49,30.75,32.12,30.75,31.11,31.93,32.51,32.12,42.83,34.93,33.01,31.2,40.58,46.73,38.97,39.39,40.43,38.69,44.06,90.7
60389,93.86,93.86,31.29,29.73,30.49,30.75,31.75,30.84,31.2,31.93,32.51,32.12,42.16,35.04,33.01,31.2,40.27,46.73,39.11,39.39,40.58,38.69,44.06,90.7
60410,94.68,94.68,31.56,29.73,30.58,30.75,33.01,30.84,31.2,31.93,32.51,32.12,41.84,34.93,33.01,31.2,40.58,46.73,39.11,39.39,40.43,38.69,44.06,91.47
60428,95.52,94.68,31.65,29.73,30.49,30.75,33.01,30.84,31.2,31.93,32.51,32.12,41.67,35.04,33.01,31.2,40.73,46.73,39.11,39.39,40.43,38.69,44.06,91.47
60449,95.52,94.68,31.65,29.73,30.58,30.75,33.01,30.84,31.2,31.93,32.51,32.12,42.33,35.04,33.01,31.11,40.73,46.73,39.11,39.54,40.43,38.69,44.24,91.47
60469,95.52,94.68,31.38,29.73,30.49,30.75,33.01,30.84,31.2,31.93,32.51,32.12,39.25,35.04,33.01,31.2,40.73,46.73,39.11,39.54,40.43,38.69,44.06,91.47
60488,95.52,94.68,30.93,29.73,30.49,30.75,33.01,30.93,31.29,31.93,32.51,32.12,39.39,35.04,33.11,31.2,40.88,46.93,39.25,39.54,40.43,38.69,44.06,91.47
60508,96.37,95.52,31.56,29.73,30.49,30.75,33.01,30.93,31.2,31.93,32.51,32.12,39.39,35.16,33.01,31.11,40.88,46.93,39.25,39.68,40.58,38.69,44.06,92.25
60527,96.37,94.68,31.29,29.73,30.49,30.75,33.01,30.93,31.2,31.93,32.51,32.12,39.54,35.16,33.11,31.2,40.88,46.73,39.25,39.68,40.58,38.69,44.06,92.25
60547,96.37,95.52,31.29,29.73,30.49,30.75,33.01,30.93,31.2,31.93,32.51,32.12,40.58,35.04,33.11,31.11,40.88,46.93,39.39,39.68,40.43,38.69,44.24,91.47
60567,96.37,96.37,30.93,29.73,30.49,30.75,33.01,30.93,31.38,31.93,32.51,32.12,40.27,35.04,32.91,31.11,41.04,46.73,39.39,39.68,40.58,38.69,44.24,91.47
60586,96.37,96.37,31.02,29.73,30.49,30.75,33.01,30.93,31.75,31.93,32.51,32.12,41.84,35.04,33.01,31.11,41.04,46.93,39.39,39.68,40.58,38.69,44.24,92.25
60606,96.37,95.52,31.29,29.73,30.49,30.75,33.11,30.93,31.56,31.93,32.51,32.12,41.84,35.04,33.01,31.11,41.04,46.93,39.39,39.68,40.58,38.83,44.24,91.47
60625,97.24,96.37,31.38,29.73,30.49,30.75,33.11,30.93,31.47,31.93,32.51,32.12,41.84,35.04,33.01,31.11,41.04,46.93,39.54,39.68,40.58,38.83,44.24,92.25
60645,97.24,96.37,31.29,29.73,30.49,30.75,33.11,30.93,31.47,32.03,32.51,32.12,41.84,35.04,33.01,31.11,41.04,46.93,39.54,39.68,40.58,38.69,44.24,92.25
60664,96.37,95.52,31.29,29.73,30.49,30.75,33.11,30.93,31.65,31.93,32.61,32.12,42,35.04,33.01,31.11,41.04,46.93,39.54,39.83,40.58,38.83,44.24,92.25
60684,97.24,96.37,31.29,29.73,30.49,30.75,33.01,30.93,31.56,31.93,32.51,32.12,39.39,35.04,33.01,31.11,41.04,47.34,39.54,39.68,40.58,38.83,44.24,92.25
60705,97.24,96.37,31.29,29.73,30.49,30.75,33.01,30.93,31.29,32.03,32.51,32.12,41.84,35.04,33.01,31.11,41.04,47.34,39.54,39.83,40.58,38.83,44.24,92.25
60723,97.24,95.52,31.38,29.73,30.49,30.75,33.01,30.84,31.56,32.03,32.51,32.12,41.84,35.04,33.01,31.11,41.04,47.34,39.54,39.83,40.73,38.83,44.24,92.25
60744,96.37,96.37,31.29,29.73,30.49,30.75,33.01,30.84,31.56,32.03,32.51,32.12,41.84,35.04,33.01,31.11,41.04,47.34,39.54,39.83,40.58,38.83,44.24,91.47
60762,98.12,97.24,31.38,29.82,30.49,30.75,33.01,30.84,31.56,32.03,32.51,32.12,41.84,35.04,33.01,31.11,41.04,47.34,39.54,39.83,40.73,38.69,44.24,92.25
60783,98.12,97.24,31.38,29.82,30.49,30.75,33.01,30.84,31.56,32.03,32.51,32.12,41.67,35.04,33.01,31.11,41.04,47.34,39.39,39.68,40.58,38.69,44.24,92.25
60801,98.12,97.24,31.38,29.73,30.49,30.75,33.01,30.84,31.2,31.93,32.51,32.12,41.84,35.04,33.01,31.11,40.88,47.34,39.39,39.68,40.58,38.69,44.24,92.25
60821,99.02,97.24,31.38,29.73,30.49,30.75,33.01,30.84,31.29,32.03,32.51,32.12,41.84,35.04,32.91,31.11,41.04,47.34,39.39,39.68,40.58,38.69,44.24,91.47
60842,98.12,98.12,31.29,29.73,30.49,30.75,33.11,30.84,31.29,31.93,32.51,32.12,41.84,35.04,32.91,31.11,40.88,47.34,39.39,39.83,40.58,38.69,44.24,92.25
60860,99.02,97.24,31.38,29.73,30.49,30.75,33.11,30.93,31.29,31.93,32.51,32.12,41.67,35.04,32.91,31.11,40.88,47.34,39.39,39.83,40.58,38.69,44.24,84.99
60881,99.02,97.24,31.02,29.82,30.49,30.75,33.01,30.84,31.38,31.93,32.51,32.12,41.84,35.04,32.91,31.11,40.73,47.13,39.25,39.68,40.58,38.69,44.24,83.67
60899,99.02,98.12,31.38,29.73,30.49,30.75,33.01,30.84,31.38,31.93,32.51,32.12,38.97,35.04,32.91,31.11,40.73,47.13,39.11,39.68,40.58,38.69,44.24,83.67
60920,99.02,98.12,31.02,29.73,30.49,30.75,33.01,30.84,31.47,31.93,32.51,32.12,38.97,35.16,32.91,31.11,40.73,47.13,39.11,39.68,40.58,38.69,44.24,92.25
60940,99.02,98.12,31.02,29.73,30.49,30.75,31.84,30.84,31.47,31.93,32.51,32.12,40.12,35.16,32.91,31.11,40.58,47.13,38.97,39.68,40.43,38.69,44.24,83.67
60959,99.02,99.02,31.29,29.82,30.58,30.75,31.65,30.84,31.2,31.93,32.51,32.12,40.73,35.16,32.91,31.2,40.58,47.13,38.97,39.54,40.43,38.69,44.24,91.47
60979,99.94,99.02,30.93,29.82,30.49,30.66,31.75,30.84,31.2,31.93,32.51,32.12,39.98,35.04,32.81,31.11,40.58,46.93,38.97,39.54,40.43,38.69,44.06,92.25
60998,99.94,99.94,31.02,29.73,30.49,30.66,31.75,30.84,31.2,31.93,32.51,32.12,45.74,35.04,32.81,31.2,40.43,46.93,38.83,39.39,40.58,38.69,44.06,92.25
61018,100.87,99.94,31.11,29.73,30.49,30.66,31.84,30.84,31.2,31.93,32.51,32.12,39.25,35.04,32.81,31.11,40.43,46.93,38.83,39.39,40.58,38.55,44.06,91.47
61036,100.87,100.87,36.46,29.73,30.58,30.66,31.75,30.84,31.2,31.93,32.51,32.12,39.25,35.04,32.81,31.2,40.43,46.93,38.83,39.39,40.43,38.69,44.06,91.47
61057,99.94,99.94,31.29,29.73,30.49,30.58,31.84,30.84,31.11,31.93,32.51,32.12,39.25,35.04,32.81,31.2,40.43,46.93,38.69,39.39,40.43,38.69,44.06,91.47
61077,100.87,100.87,31.56,29.73,30.49,30.58,31.84,30.75,31.11,42,32.51,32.12,41.2,35.04,32.71,31.2,40.43,46.73,38.83,39.39,40.43,38.69,44.06,92.25
61096,100.87,100.87,31.56,29.73,30.49,30.58,32.32,30.75,31.11,31.93,32.51,32.12,39.11,35.04,32.81,31.2,40.43,46.93,38.83,39.39,40.58,38.69,44.06,93.05
61116,101.83,100.87,31.75,29.73,30.49,30.58,33.21,30.75,31.11,31.93,32.51,32.12,39.25,35.04,32.71,31.2,40.43,46.93,38.69,39.39,40.58,38.69,44.06,92.25
61135,101.83,100.87,31.65,29.73,30.49,30.58,31.84,30.75,31.11,31.93,32.51,32.12,39.54,35.04,32.71,31.2,40.27,48.19,38.69,39.39,40.58,38.55,44.06,92.25
61155,101.83,100.87,31.75,29.73,30.49,30.49,32.51,30.75,31.11,31.84,32.51,32.12,39.68,35.04,32.71,31.2,40.43,47.97,38.69,39.39,40.43,38.83,44.06,92.25
61174,100.87,100.87,31.11,29.73,30.49,30.49,31.93,30.75,31.11,31.93,32.51,32.12,39.39,34.93,32.71,31.2,40.27,47.97,38.69,39.39,40.58,38.69,43.88,93.05
61194,100.87,100.87,30.75,29.73,30.49,30.58,31.93,30.75,31.11,34.82,32.51,32.22,39.25,34.93,32.71,31.2,40.27,47.76,38.69,39.39,40.58,38.69,44.06,93.05
61215,101.83,100.87,30.84,29.73,30.49,30.58,32.03,30.75,31.02,38.41,32.51,32.12,39.39,35.04,32.71,31.2,40.27,46.32,38.69,39.39,40.58,38.83,44.06,92.25
61233,55.07,99.02,30.66,29.73,30.49,30.58,32.12,30.75,31.02,41.51,32.51,32.22,39.54,35.04,32.71,31.2,40.27,46.13,38.69,39.25,40.43,38.83,44.06,92.25
61254,58.03,98.12,30.75,29.73,30.58,30.58,32.12,30.84,31.02,37.61,32.51,32.22,50.67,35.04,32.71,31.2,40.12,46.13,38.69,39.25,40.58,38.83,43.88,92.25
61272,95.52,100.87,30.66,29.73,30.49,30.58,32.12,30.84,31.11,41.67,32.51,32.12,52.14,34.93,32.81,31.2,40.12,46.13,38.69,39.25,40.58,38.83,44.06,90.7
61292,42.49,97.24,30.93,29.73,30.49,30.58,32.12,30.84,31.11,31.93,32.51,32.12,51.15,35.04,32.91,31.2,40.12,46.13,38.55,39.25,40.58,38.69,44.06,92.25
61313,93.86,99.94,30.84,29.73,30.49,30.58,32.22,30.84,31.11,31.93,32.51,32.12,49.06,34.93,32.91,31.29,40.27,46.13,38.55,39.25,40.58,38.83,43.88,91.47
61331,37.74,97.24,31.11,29.73,30.58,30.58,32.22,30.84,31.11,31.93,32.51,32.22,45.35,34.93,32.91,31.29,40.12,45.93,38.55,39.25,40.58,38.69,43.88,91.47
61352,37.87,99.02,31.11,29.73,30.58,30.58,32.12,30.84,31.11,31.93,32.51,32.12,48.62,35.04,32.91,31.29,40.12,46.13,38.55,39.25,40.58,38.83,44.06,89.95
61370,39.25,89.2,31.11,29.73,30.58,30.58,32.81,30.84,31.11,31.93,32.51,32.12,42.16,34.93,32.91,31.29,40.12,46.13,38.55,39.25,40.58,38.69,44.06,90.7
61391,38.55,98.12,31.11,29.73,30.58,30.58,32.81,30.84,31.11,31.93,32.51,32.12,42,35.04,32.91,31.29,40.27,46.13,38.55,39.25,40.58,38.83,43.88,90.7
61409,38.83,99.94,31.11,29.73,30.58,30.49,32.12,30.84,31.11,31.93,32.51,32.22,42.33,34.93,32.91,31.29,40.27,46.13,38.55,39.25,40.58,38.69,44.06,89.95
61430,38.83,99.94,31.2,29.73,30.58,30.49,44.6,30.84,31.11,31.93,32.51,32.12,42.33,34.93,32.91,31.29,40.27,46.32,38.41,39.39,40.58,38.69,44.06,91.47
61450,38.83,99.94,31.11,29.73,30.58,30.49,52.65,30.84,31.2,31.93,32.51,32.12,42.33,34.93,32.91,31.29,40.12,46.13,38.41,39.39,40.58,38.69,44.06,91.47
61469,51.89,99.94,31.2,29.73,30.58,30.49,32.71,30.84,31.2,31.93,32.51,32.12,42.49,34.93,32.91,31.29,40.27,46.32,38.41,39.39,40.58,38.69,44.06,91.47
61489,65.81,100.87,31.2,29.73,30.58,30.4,32.91,30.84,31.2,31.93,32.51,32.22,42.49,34.93,32.91,31.38,40.12,46.13,38.41,39.39,40.58,38.69,44.06,90.7
61507,89.2,100.87,31.11,29.82,30.58,30.4,33.94,30.84,31.2,31.93,32.51,32.22,42.49,34.93,32.91,31.29,40.12,46.13,38.41,39.39,40.73,38.55,44.06,90.7
61528,44.42,99.94,31.2,29.73,30.58,30.4,47.13,30.84,31.11,31.93,32.51,32.12,42.33,34.93,32.81,31.38,40.12,46.13,38.27,39.25,40.73,38.69,44.06,90.7
61546,37.48,99.02,31.11,29.73,30.58,30.4,33.01,30.84,31.2,31.84,32.51,32.22,42.33,34.93,32.81,31.38,40.12,46.13,38.27,39.25,40.73,38.69,44.06,89.95
61567,37.48,99.02,31.11,29.73,30.58,30.4,32.81,30.84,31.11,31.93,32.51,32.22,42.16,34.93,32.81,31.38,40.12,46.13,38.27,39.25,40.73,38.69,44.24,90.7
61587,37.48,99.02,30.66,29.73,30.58,30.4,32.81,30.84,31.11,31.93,32.51,32.12,42.33,34.93,32.81,31.38,40.12,46.13,38.27,39.25,40.73,38.55,44.24,90.7
61606,37.61,99.02,30.66,29.82,30.58,30.4,32.91,30.75,31.11,31.93,32.51,32.12,42.33,34.93,32.81,31.38,39.98,46.13,38.14,39.25,40.73,38.55,44.24,91.47
61626,99.94,101.83,30.66,29.82,30.58,30.4,47.55,30.75,31.11,31.65,32.51,32.12,42.16,34.93,32.81,31.38,40.12,46.13,38.14,39.25,40.73,38.55,44.06,90.7
61645,44.97,99.02,30.66,29.82,30.58,30.4,33.01,30.75,31.11,31.65,32.51,32.12,42.33,34.93,32.91,31.38,40.12,45.93,38.14,39.25,40.58,38.55,44.24,81.77
61665,86.35,101.83,30.66,29.82,30.58,30.4,38.14,30.75,31.11,31.93,32.51,32.22,42.33,34.93,32.81,31.38,40.12,45.93,38.14,39.25,40.73,38.55,44.06,85.66
61686,65.42,99.94,30.66,29.82,30.58,30.4,32.91,30.75,31.11,31.84,32.51,32.22,42.33,35.04,32.91,31.47,40.12,45.93,37.87,39.25,40.58,38.55,44.06,90.7
61704,61.33,99.94,30.66,29.82,30.58,30.4,42.49,30.75,31.11,31.84,32.51,32.22,42.33,34.93,32.91,31.47,39.98,45.93,38.01,39.25,40.58,38.41,44.24,90.7
61725,39.98,99.02,30.66,29.82,30.66,30.32,33.31,30.75,31.11,31.84,32.51,32.12,42.33,35.04,32.91,31.47,40.12,46.13,38.01,39.25,40.73,38.41,44.06,89.95
61743,52.91,98.12,30.66,29.82,30.66,30.4,33.11,30.75,31.11,31.56,32.41,32.22,42.33,35.04,32.91,31.56,39.98,45.93,37.87,39.25,40.73,38.41,44.06,89.95
61763,38.14,97.24,30.66,29.82,30.66,30.32,33.84,30.75,31.11,31.47,32.51,32.22,42.16,35.04,32.91,31.56,40.12,46.13,37.87,39.25,40.73,38.41,44.24,91.47
61782,97.24,101.83,30.66,29.82,30.66,30.4,33.01,30.75,31.11,31.47,32.41,32.22,42.16,35.04,32.91,31.56,40.12,46.32,37.87,39.25,40.73,38.41,44.06,90.7
61802,39.98,99.02,30.66,29.82,30.66,30.4,32.91,30.75,31.11,31.47,32.51,32.22,42.33,35.04,32.91,31.65,40.12,46.13,37.87,39.39,40.73,38.41,44.24,91.47
61823,82.39,100.87,30.66,29.9,30.66,30.4,32.91,30.75,31.11,31.38,32.51,32.22,56.22,35.04,33.01,31.75,40.12,45.93,37.87,39.39,40.73,38.41,44.06,90.7
61841,64.63,99.94,30.58,29.82,30.66,30.4,32.91,30.75,31.02,31.38,32.51,32.22,62.03,35.04,33.01,31.75,40.12,46.13,37.87,39.39,40.58,38.41,44.24,91.47
61862,37.61,99.02,30.58,29.82,30.66,30.4,32.91,30.75,31.02,31.38,32.51,32.22,62.39,35.04,33.01,31.75,40.12,46.13,37.74,39.25,40.58,38.41,44.24,90.7
61880,37.87,99.02,30.66,29.82,30.66,30.4,32.91,30.75,31.11,31.38,32.51,32.22,64.25,35.04,33.01,31.84,40.12,45.93,37.61,39.39,40.58,38.41,44.24,91.47
61901,50.2,53.43,30.66,29.9,30.66,30.4,32.81,30.75,31.11,31.38,32.51,32.22,55.92,35.16,33.01,31.93,40.12,45.93,37.61,39.25,40.58,38.27,44.24,89.95
61919,42.33,46.73,30.66,29.9,30.66,30.4,32.81,30.84,31.11,31.38,32.51,32.22,42.33,35.16,32.91,32.03,39.98,45.93,37.48,39.39,40.58,38.27,44.06,90.7
61940,40.58,99.02,31.11,29.98,30.66,30.4,32.81,30.84,31.11,31.47,32.51,32.22,42.33,35.04,32.91,32.03,40.12,45.93,37.61,39.25,40.58,38.41,44.06,90.7
61960,47.97,99.02,30.66,29.98,30.66,30.4,32.12,30.84,31.2,31.47,32.51,32.32,67.88,35.04,33.01,32.22,40.12,45.93,37.61,39.25,40.58,38.41,44.24,91.47
61979,64.63,99.94,30.66,29.98,30.66,30.4,32.12,30.84,31.29,31.38,32.51,32.32,68.75,35.16,32.91,32.22,39.98,45.93,37.61,39.25,40.73,38.27,44.24,89.95
61999,38.55,55.07,30.75,29.98,30.66,30.4,32.12,30.84,31.11,31.38,32.51,32.32,42.83,35.16,33.01,32.32,40.12,45.93,37.48,39.25,40.58,38.27,44.24,92.25
62017,92.25,100.87,30.75,29.98,30.66,30.4,32.12,30.84,31.11,31.38,32.51,32.32,52.65,35.27,33.01,32.32,40.12,45.93,37.48,39.25,40.58,38.41,44.24,92.25
62038,92.25,99.94,30.75,30.07,30.66,30.49,32.22,30.84,31.11,31.38,32.51,32.32,42.16,35.27,33.01,32.41,40.12,45.93,37.48,39.25,40.58,38.41,44.24,92.25
62058,93.05,99.94,30.75,30.07,30.66,30.49,32.12,30.84,31.11,31.47,32.51,32.32,42.33,35.27,33.01,32.41,40.12,45.93,37.48,39.25,40.58,38.27,44.24,91.47
62077,93.05,99.94,30.75,30.07,30.66,30.4,33.42,30.84,31.11,31.47,32.51,32.32,42.16,35.27,33.01,32.41,40.12,45.93,37.48,39.25,40.58,38.27,44.24,92.25
62097,93.05,99.94,31.02,29.98,30.66,30.4,32.12,30.84,31.11,31.47,32.51,32.32,59.96,35.27,33.01,32.41,40.12,45.93,37.48,39.25,40.58,38.27,44.24,93.05
62116,93.05,100.87,30.75,29.98,30.75,30.4,32.12,30.84,31.11,31.47,32.51,32.32,62.03,35.27,33.11,32.51,40.12,45.93,37.48,39.25,40.58,38.27,44.24,93.05
62136,93.05,100.87,30.75,29.98,30.75,30.4,32.12,30.84,31.11,31.47,32.51,32.32,51.15,35.27,33.11,32.51,40.12,46.13,37.35,39.25,40.58,38.27,44.42,92.25
62155,93.05,99.94,30.75,30.07,30.66,30.49,32.12,30.84,31.11,31.47,32.51,32.32,40.88,35.27,33.11,32.51,40.12,46.13,37.48,39.39,40.58,38.27,44.42,92.25
62175,93.05,99.94,30.75,30.07,30.75,30.49,32.12,30.84,31.11,31.47,32.41,32.32,42.16,35.27,33.11,32.51,40.12,46.13,37.48,39.25,40.58,38.27,44.42,93.05
62196,93.05,99.94,30.75,30.07,30.75,30.49,32.12,30.84,31.11,31.47,32.51,32.32,47.55,35.27,33.11,32.51,40.12,46.13,37.48,39.25,40.58,38.27,44.42,92.25
62214,93.86,99.94,30.75,30.07,30.75,30.49,32.12,30.84,31.11,31.47,32.51,32.32,47.76,35.27,33.11,32.51,40.12,45.93,37.35,39.25,40.58,38.27,44.42,93.05
62235,94.68,99.94,30.84,30.07,30.66,30.4,32.12,30.84,31.11,31.38,32.51,32.32,48.62,35.27,33.11,32.51,39.98,45.93,37.48,39.39,40.43,38.27,44.24,93.05
62253,94.68,99.94,30.93,29.98,30.75,30.49,32.12,30.84,31.11,31.47,32.51,32.32,48.19,35.27,33.11,32.51,40.12,45.93,37.48,39.25,40.58,38.27,44.24,93.05
62273,93.86,99.94,31.02,29.98,30.66,30.4,32.12,30.84,31.11,31.47,32.51,32.32,43.7,35.27,33.11,32.41,40.12,46.13,37.48,39.25,40.58,38.27,44.24,91.47
62292,93.86,99.94,30.84,29.98,30.66,30.49,32.12,30.84,31.11,31.47,32.51,32.32,40.73,35.27,33.11,32.41,40.12,45.93,37.48,39.25,40.58,38.27,44.24,91.47
62312,93.05,99.94,31.02,29.9,30.66,30.49,32.12,30.84,31.11,31.47,32.51,32.32,40.27,35.27,33.11,32.32,40.12,46.13,37.48,39.25,40.43,38.27,44.24,92.25
62333,93.05,100.87,31.2,29.9,30.66,30.49,32.12,30.84,31.11,31.47,32.51,32.32,39.98,35.27,33.11,32.32,40.12,46.13,37.61,39.25,40.43,38.41,44.06,91.47
62351,97.24,100.87,31.2,29.9,30.66,30.49,34.16,30.84,31.11,31.65,32.51,32.32,40.27,35.39,33.11,32.22,40.12,46.52,37.48,39.25,40.58,38.27,44.24,92.25
62372,70.55,100.87,31.2,29.9,30.66,30.49,32.32,30.84,31.11,31.65,32.51,32.32,40.58,35.27,33.11,32.22,40.12,47.13,37.61,39.25,40.58,38.27,44.06,91.47
62390,74.95,99.02,31.2,29.9,30.66,30.49,32.22,30.84,31.02,31.65,32.51,32.32,40.43,35.27,33.11,32.12,40.12,47.13,37.74,39.25,40.43,38.41,44.06,91.47
62411,91.47,99.94,31.29,29.82,30.66,30.49,32.22,30.84,31.11,31.38,32.51,32.32,40.58,35.27,33.11,32.12,39.98,47.13,37.74,39.25,40.43,38.41,44.06,89.95
62431,38.41,98.12,31.29,29.82,30.66,30.49,32.22,30.84,31.02,31.38,32.51,32.32,40.27,35.27,33.01,32.03,40.12,46.93,37.74,39.25,40.43,38.41,44.06,89.95
62450,49.51,99.02,31.56,29.82,30.66,30.49,32.22,30.84,31.02,31.38,32.41,32.32,40.73,35.16,33.01,32.03,40.12,47.13,37.74,39.25,40.43,38.27,44.06,90.7
62470,40.58,99.02,31.29,29.73,30.58,30.49,32.22,30.84,31.02,31.38,32.51,32.32,40.88,35.16,33.01,31.93,40.12,46.93,37.87,39.11,40.43,38.41,44.06,84.32
62488,50.67,99.02,31.29,29.73,30.58,30.49,32.12,30.84,31.02,31.38,32.51,32.32,40.88,35.16,33.01,31.93,39.98,46.93,37.87,39.11,40.43,38.41,44.06,84.99
62509,97.24,100.87,31.29,29.82,30.58,30.49,32.22,30.84,31.11,31.29,32.51,32.32,42.83,35.16,33.01,31.93,39.98,46.93,37.87,39.11,40.43,38.41,43.88,81.77
62527,97.24,100.87,31.29,29.73,30.58,30.49,32.12,30.84,31.11,31.38,32.51,32.32,43,35.16,33.01,31.84,39.98,46.93,38.01,39.11,40.43,38.55,43.88,90.7
62548,98.12,100.87,31.38,29.73,30.58,30.58,32.12,30.84,31.02,31.38,32.51,32.22,43.52,35.16,33.01,31.84,39.98,46.93,38.01,39.11,40.43,38.41,43.88,89.2
62568,98.12,99.94,31.38,29.73,30.58,30.58,32.12,30.75,31.11,31.38,32.41,32.32,41.35,35.16,33.01,31.84,39.98,46.93,38.14,39.11,40.27,38.55,43.88,89.2
62589,46.73,99.02,31.38,29.73,30.58,30.58,32.12,30.75,31.02,31.38,32.51,32.22,44.42,35.16,32.91,31.75,39.98,46.93,38.14,39.11,40.43,38.41,43.88,89.95
62607,85.66,99.94,31.38,29.65,30.58,30.58,32.12,30.75,31.11,31.38,32.51,32.22,44.06,35.16,33.01,31.65,40.12,47.13,38.14,39.11,40.43,38.41,43.88,89.2
62628,54.51,98.12,31.38,29.65,30.58,30.58,32.12,30.75,31.02,31.38,32.51,32.22,51.4,35.16,33.01,31.65,40.12,46.93,38.14,39.25,40.43,38.55,43.88,89.2
62646,45.93,98.12,31.38,29.65,30.58,30.58,32.12,30.75,31.11,31.38,32.51,32.32,47.55,35.16,33.01,31.56,40.12,47.13,38.27,39.11,40.43,38.55,43.88,89.2
62667,87.75,99.94,31.38,29.65,30.49,30.58,32.12,30.75,31.02,31.38,32.51,32.22,64.63,35.04,32.91,31.65,40.12,46.73,38.27,39.11,40.43,38.55,43.88,89.2
62687,74.95,99.94,31.38,29.65,30.49,30.58,32.12,30.75,31.11,31.38,32.51,32.22,48.84,35.16,32.91,31.65,40.12,45.35,38.27,39.11,40.43,38.55,43.88,89.2
62706,97.24,99.94,31.56,29.65,30.49,30.58,32.12,30.75,31.11,31.38,32.51,32.22,39.39,35.16,32.91,31.56,39.98,44.97,38.27,39.25,40.43,38.55,43.88,80.55
62726,38.27,97.24,31.47,29.65,30.49,30.58,32.22,30.75,31.11,31.47,32.51,32.22,39.39,35.16,32.91,31.56,39.98,45.74,38.27,39.25,40.43,38.41,44.06,87.75
62744,52.91,98.12,31.47,29.65,30.49,30.66,32.12,30.75,31.02,31.38,32.51,32.22,39.25,35.16,32.91,31.56,39.98,45.93,38.27,39.25,40.43,38.55,44.06,87.75
62765,39.25,98.12,31.47,29.65,30.49,30.66,32.03,30.75,31.02,31.47,32.51,32.22,39.25,35.16,32.91,31.47,39.98,45.93,38.27,39.25,40.43,38.55,44.06,87.75
62783,38.01,98.12,31.47,29.65,30.49,30.66,32.03,30.75,31.02,31.47,32.51,32.22,39.25,35.16,32.91,31.47,39.98,45.93,38.27,39.25,40.58,38.69,44.06,89.2
62804,97.24,100.87,31.47,29.65,30.49,30.58,31.93,30.75,31.29,31.38,32.51,32.22,41.35,35.16,32.91,31.47,39.98,45.93,38.27,39.25,40.58,38.69,44.06,89.2
62824,98.12,100.87,31.47,29.65,30.49,30.58,33.31,30.75,31.29,31.38,32.51,32.22,42,34.93,32.91,31.38,39.98,46.13,38.27,39.25,40.58,38.55,44.24,87.75
62843,96.37,101.83,31.93,29.65,30.49,30.58,32.03,30.75,31.02,31.38,32.51,32.22,41.84,34.93,32.91,31.38,39.98,46.13,38.27,39.25,40.58,38.69,44.24,89.2
62863,98.12,101.83,32.03,29.65,30.49,30.58,31.93,30.75,31.02,31.38,32.51,32.22,42,34.93,33.01,31.38,40.12,46.93,38.27,39.39,40.58,38.55,44.24,84.32
62884,99.94,101.83,32.03,29.65,30.49,30.58,31.93,30.75,31.02,31.38,32.51,32.22,41.84,34.93,33.01,31.38,40.12,47.13,38.27,39.39,40.58,38.69,44.24,89.95
62902,100.87,101.83,32.03,29.65,30.49,30.66,32.03,30.75,31.29,31.47,32.51,32.22,46.13,34.93,33.11,31.29,40.12,47.55,38.41,39.39,40.73,38.69,44.24,89.95
62923,99.94,101.83,31.56,29.65,30.49,30.66,31.93,30.75,31.29,31.47,32.51,32.22,47.55,34.93,33.11,31.38,40.12,47.34,38.41,39.39,40.58,38.69,44.24,89.95
62943,99.02,101.83,31.65,29.65,30.49,30.66,31.93,30.75,31.29,31.47,32.51,32.22,46.32,34.93,33.01,31.38,40.12,46.32,38.41,39.39,40.58,38.55,44.24,89.95
62962,99.02,100.87,31.47,29.65,30.49,30.66,31.84,30.75,31.38,31.47,32.51,32.22,43.35,34.82,33.11,31.29,40.12,46.32,38.41,39.39,40.58,38.55,44.24,89.95
62982,99.02,100.87,31.47,29.65,30.49,30.66,31.84,30.75,31.47,31.84,32.51,32.12,47.76,34.93,33.01,31.29,40.12,46.32,38.41,39.39,40.58,38.69,44.24,82.39
63000,99.94,100.87,31.47,29.65,30.49,30.66,31.84,30.75,31.29,31.75,32.51,32.12,42.49,34.93,33.11,31.29,40.12,46.52,38.55,39.39,40.58,38.55,44.06,81.77
63021,99.94,99.94,35.98,29.65,30.49,30.66,31.84,30.75,31.47,31.75,32.51,32.22,43.52,34.93,33.01,31.29,40.12,46.32,38.55,39.25,40.58,38.55,44.24,81.77
63039,99.02,99.94,45.93,29.65,30.49,30.66,31.84,30.75,31.38,31.75,32.51,32.22,43.52,34.93,33.01,31.29,40.12,46.52,38.55,39.39,40.58,38.55,44.24,81.77
63060,99.02,98.12,31.47,29.65,30.58,30.75,31.93,30.75,31.38,31.75,32.51,32.22,77.65,34.93,33.01,31.29,40.12,46.52,38.55,39.39,40.58,38.55,44.24,82.39
63080,99.02,98.12,31.47,29.65,30.58,30.75,31.93,30.75,31.38,31.84,32.51,32.12,78.21,34.93,33.01,31.29,40.27,46.52,38.55,39.39,40.58,38.55,44.24,82.39
63099,99.02,98.12,31.47,29.65,30.58,30.75,31.93,30.75,31.75,31.93,32.61,32.22,77.65,34.93,33.11,31.29,40.27,46.52,38.55,39.25,40.58,38.55,44.24,82.39
63119,97.24,97.24,31.38,29.65,30.58,30.75,31.93,30.75,36.1,31.93,32.51,32.12,43.35,34.93,33.11,31.29,40.27,46.52,38.55,39.39,40.58,38.55,44.06,82.39
63138,98.12,97.24,31.47,29.65,30.58,30.75,31.93,30.75,31.47,31.93,32.51,32.12,43.35,35.04,33.11,31.29,40.27,46.52,38.55,39.39,40.58,38.69,44.24,91.47
63158,95.52,97.24,31.75,29.73,30.58,30.75,31.93,30.75,31.11,31.93,32.51,32.22,42.49,34.93,33.11,31.29,40.27,46.52,38.55,39.39,40.58,38.55,44.24,91.47
63177,97.24,97.24,43.52,29.65,30.58,30.75,32.03,30.75,31.11,31.93,32.61,32.22,42.33,35.04,33.11,31.29,40.27,46.52,38.69,39.39,40.58,38.55,44.24,91.47
63197,97.24,97.24,43.52,29.73,30.58,30.75,32.03,30.75,31.11,31.84,32.51,32.22,42.33,35.04,33.11,31.29,40.43,46.52,38.55,39.39,40.58,38.55,44.42,91.47
63218,98.12,98.12,43.7,29.73,30.58,30.75,31.93,30.75,31.11,31.84,32.51,32.22,42.66,35.04,33.11,31.29,40.27,46.52,38.69,39.39,40.58,38.69,44.24,91.47
63236,98.12,97.24,31.84,29.73,30.58,30.75,31.93,30.75,31.2,31.93,32.51,32.22,42.66,35.04,33.11,31.29,40.27,46.73,38.69,39.39,40.58,38.69,44.24,91.47
63256,98.12,97.24,31.47,29.73,30.58,30.75,31.93,30.75,31.11,31.93,32.61,32.12,43,35.16,33.11,31.29,40.27,46.73,38.69,39.39,40.58,38.69,44.24,91.47
63275,98.12,97.24,31.65,29.73,30.58,30.75,31.93,30.75,31.11,31.93,32.61,32.12,42.33,35.04,33.11,31.29,40.43,46.73,38.69,39.54,40.58,38.69,44.24,91.47
63295,97.24,96.37,31.75,29.73,30.58,30.75,32.41,30.75,31.11,31.93,32.51,32.22,42.83,35.16,33.21,31.29,40.43,46.73,38.83,39.54,40.58,38.69,44.24,91.47
63316,97.24,97.24,31.84,29.73,30.58,30.75,33.11,30.75,31.2,31.93,32.61,32.12,39.54,35.16,33.21,31.29,40.58,46.93,38.83,39.54,40.58,38.69,44.42,92.25
63334,98.12,97.24,31.84,29.73,30.58,30.75,33.21,30.84,31.2,31.93,32.51,32.12,39.68,35.16,33.21,31.29,40.58,46.93,38.83,39.54,40.58,38.69,44.42,91.47
63355,96.37,97.24,31.56,29.73,30.58,30.75,33.11,30.84,31.2,31.93,32.51,32.12,42.16,35.16,33.21,31.2,40.58,46.73,38.97,39.54,40.73,38.69,44.24,91.47
63373,93.86,97.24,31.38,29.82,30.58,30.75,33.21,30.84,31.2,31.93,32.61,32.22,42.16,35.16,33.21,31.2,40.58,46.93,38.97,39.54,40.58,38.69,44.42,91.47
63394,98.12,97.24,31.38,29.82,30.58,30.75,33.11,30.84,31.2,31.93,32.61,32.12,42.16,35.16,33.21,31.2,40.73,46.73,38.97,39.54,40.73,38.83,44.42,93.05
63412,98.12,98.12,31.65,29.73,30.58,30.75,33.11,30.84,31.2,31.93,32.51,32.22,39.54,35.04,33.21,31.2,40.73,46.93,39.11,39.68,40.73,38.83,44.42,91.47
63433,98.12,97.24,31.47,29.82,30.49,30.75,32.91,30.84,31.2,31.75,32.51,32.12,41.04,35.16,33.21,31.2,40.73,46.93,39.11,39.68,40.73,38.69,44.42,91.47
63453,98.12,98.12,31.65,29.82,30.58,30.75,32.12,30.84,31.2,31.75,32.51,32.22,40.73,35.16,33.21,31.2,40.88,46.73,39.11,39.54,40.73,38.83,44.24,91.47
63472,99.02,98.12,31.38,29.82,30.58,30.84,32.81,30.84,31.29,31.75,32.51,32.12,41.35,35.16,33.21,31.2,40.88,46.93,39.25,39.68,40.73,38.83,44.42,92.25
63492,99.02,98.12,31.47,29.82,30.58,30.75,32.91,30.93,31.29,31.75,32.51,32.12,40.27,35.27,33.11,31.2,40.88,46.93,39.25,39.68,40.73,38.83,44.24,92.25
63510,98.12,97.24,31.47,29.9,30.58,30.75,32.22,30.93,31.29,31.75,32.51,32.12,43.35,35.27,33.11,31.2,40.88,46.93,39.39,39.68,40.73,38.83,44.42,93.05
63531,98.12,98.12,31.47,29.9,30.58,30.84,32.61,30.93,31.29,31.75,32.61,32.22,43.52,35.39,33.01,31.2,41.04,46.93,39.54,39.68,40.88,38.83,44.42,92.25
63549,99.02,98.12,31.47,29.9,30.58,30.84,31.84,30.93,31.29,31.75,32.61,32.12,41.04,35.39,33.11,31.11,41.04,46.93,39.39,39.83,40.88,38.83,44.42,93.86
63570,99.02,98.12,31.02,29.9,30.58,30.84,31.84,30.93,31.29,31.75,32.61,32.22,41.2,35.27,33.11,31.11,41.04,46.93,39.54,39.83,40.88,38.83,44.42,93.86
63590,99.02,99.02,31.11,29.9,30.58,30.84,32.81,30.93,31.29,31.75,32.61,32.22,43.52,35.39,33.01,31.11,41.04,46.93,39.54,39.83,40.88,38.97,44.42,94.68
63609,99.02,99.02,31.2,29.9,30.58,30.84,33.01,30.93,31.38,31.75,32.61,32.12,42.16,35.39,33.01,31.11,41.04,46.93,39.54,39.83,40.88,38.83,44.42,58.03
63629,99.02,99.02,31.11,29.9,30.49,30.84,33.01,30.93,31.38,31.75,32.61,32.12,42.33,35.39,33.11,31.11,41.04,46.93,39.68,39.83,40.88,38.97,44.42,47.97
63648,98.12,99.02,31.11,29.9,30.49,30.84,33.01,30.93,31.38,31.75,32.51,32.22,42.33,35.39,33.01,31.11,40.88,46.93,39.54,39.83,40.88,38.97,44.42,94.68
63668,99.02,99.94,30.93,29.82,30.58,30.84,33.01,30.93,31.38,31.75,32.61,32.12,42.33,35.39,33.11,31.11,41.04,46.93,39.68,39.98,40.88,38.97,44.42,94.68
63687,99.02,99.02,31.02,29.9,30.58,30.84,33.01,30.93,31.38,31.75,32.61,32.12,42.33,35.39,33.01,31.11,41.04,46.93,39.68,39.98,41.04,38.97,44.42,94.68
63707,98.12,99.02,31.29,29.9,30.58,30.84,33.01,30.93,31.38,31.75,32.61,32.22,42.33,35.39,33.11,31.11,41.04,46.93,39.68,39.98,41.04,38.97,44.42,94.68
63728,98.12,99.02,31.02,29.9,30.58,30.84,33.01,30.93,31.38,31.75,32.61,32.12,42.33,35.27,33.11,31.11,41.04,46.93,39.68,39.83,40.88,38.97,44.42,94.68
63746,98.12,99.02,31.29,29.9,30.49,30.84,33.01,30.93,31.38,31.75,32.61,32.22,42.33,35.27,33.01,31.11,41.2,46.93,39.68,39.98,41.04,38.97,44.42,93.86
63766,98.12,99.02,31.29,29.9,30.49,30.84,33.01,30.93,31.38,31.75,32.61,32.12,42.33,35.39,33.01,31.11,41.04,46.93,39.68,39.83,40.88,38.97,44.42,94.68
63785,98.12,99.02,31.29,29.9,30.49,30.84,33.01,30.93,31.38,31.75,32.51,32.12,42.33,35.39,33.11,31.11,41.2,46.93,39.68,39.83,41.04,38.97,44.42,93.86
63805,98.12,98.12,31.2,29.9,30.49,30.84,33.01,30.93,31.38,31.75,32.61,32.12,43.52,35.27,33.01,31.11,41.04,46.93,39.54,39.83,40.88,38.83,44.42,94.68
63826,97.24,98.12,31.29,29.9,30.49,30.84,33.01,30.93,31.38,31.75,32.61,32.22,42.16,35.27,33.01,31.11,41.04,46.73,39.54,39.83,40.88,38.97,44.24,93.86
63844,97.24,98.12,31.2,29.9,30.58,30.84,31.84,30.93,31.29,31.75,32.61,32.12,42.16,35.27,33.01,31.11,41.04,46.73,39.54,39.83,40.88,38.97,44.42,93.86
63865,97.24,98.12,31.2,29.9,30.58,30.75,31.84,30.93,31.29,31.75,32.61,32.22,39.39,35.27,33.01,31.11,41.04,46.73,39.39,39.83,40.88,38.97,44.24,93.86
63883,97.24,97.24,31.11,29.9,30.58,30.75,31.84,30.93,31.29,31.75,32.61,32.22,39.54,35.27,33.01,31.11,41.04,46.73,39.39,39.83,40.88,38.97,44.42,93.86
63904,97.24,97.24,31.2,29.9,30.58,30.75,32.12,30.93,31.29,31.84,32.51,32.12,39.39,35.27,33.01,31.11,40.88,46.73,39.39,39.83,40.88,38.97,44.42,93.05
63922,96.37,98.12,31.29,29.9,30.58,30.75,32.12,30.93,31.29,31.84,32.51,32.22,40.88,35.27,33.01,31.11,40.88,46.73,39.25,39.83,40.88,38.83,44.42,93.05
63943,97.24,98.12,35.27,29.9,30.58,30.75,31.93,30.93,31.29,31.84,32.51,32.12,40.73,35.16,33.01,31.11,40.73,46.73,39.25,39.68,40.73,38.83,44.42,93.05
63963,96.37,97.24,31.84,29.9,30.58,30.75,31.84,30.93,31.29,31.75,32.51,32.12,39.39,35.27,32.91,31.11,40.73,46.73,39.11,39.68,40.88,38.83,44.24,93.05
63981,96.37,97.24,31.65,29.9,30.58,30.66,31.84,30.93,31.29,31.75,32.51,32.12,40.12,35.27,32.91,31.11,40.58,46.73,39.11,39.68,40.88,38.83,44.24,92.25
64002,96.37,97.24,31.38,29.9,30.58,30.66,31.84,30.84,31.29,31.75,32.51,32.12,40.88,35.16,32.91,31.11,40.58,46.73,39.11,39.68,40.73,38.69,44.24,93.05
64020,97.24,97.24,31.84,29.9,30.58,30.66,31.84,30.84,31.2,31.75,32.51,32.12,42.33,35.27,32.81,31.2,40.58,46.73,39.11,39.68,40.73,38.83,44.24,93.05
64041,95.52,98.12,31.84,29.82,30.58,30.58,32.51,30.84,31.2,31.75,32.51,32.12,43,35.27,32.81,31.11,40.58,46.52,38.97,39.68,40.73,38.83,44.24,93.05
64059,97.24,99.02,31.84,29.82,30.58,30.58,32.51,30.84,31.2,31.75,32.51,32.12,39.11,35.27,32.81,31.11,40.43,46.52,38.97,39.68,40.73,38.83,44.24,93.86
64080,99.02,99.02,31.84,29.82,30.58,30.58,32.51,30.75,31.2,31.75,32.51,32.22,39.11,35.27,32.81,31.11,40.43,46.52,38.97,39.68,40.73,38.83,44.24,93.86
64100,99.94,99.94,31.65,29.82,30.49,30.58,32.51,30.84,31.2,31.75,32.51,32.22,44.06,35.27,32.81,31.11,40.27,46.52,38.83,39.54,40.73,38.83,44.24,93.86
64119,99.94,99.94,31.84,29.82,30.49,30.58,32.71,30.75,31.2,31.75,32.51,32.22,55.07,35.16,32.81,31.11,40.43,46.52,38.83,39.54,40.58,38.83,44.06,93.86
64139,100.87,99.94,31.75,29.82,30.49,30.58,32.71,30.84,31.2,31.84,32.51,32.22,39.25,35.16,32.71,31.11,40.43,46.13,38.83,39.54,40.58,38.83,44.24,93.86
64158,100.87,98.12,31.84,29.82,30.49,30.49,32.61,30.75,31.2,32.03,32.51,32.12,39.39,35.16,32.71,31.11,40.43,46.13,38.83,39.39,40.73,38.83,44.24,93.05
64178,100.87,100.87,31.65,29.82,30.49,30.49,32.51,30.75,31.2,32.03,32.51,32.12,40.12,35.16,32.71,31.11,40.43,46.32,38.83,39.39,40.73,38.83,44.06,93.05
64199,100.87,100.87,31.56,29.82,30.49,30.49,32.61,30.75,31.2,33.21,32.51,32.22,39.39,35.16,32.71,31.11,40.43,46.13,38.83,39.54,40.58,38.83,44.06,93.05
64217,100.87,100.87,31.56,29.82,30.49,30.49,32.61,30.75,31.11,31.93,32.51,32.22,39.11,35.16,32.71,31.11,40.43,46.13,38.83,39.39,40.58,38.83,44.24,93.05
64237,100.87,101.83,31.47,29.82,30.49,30.4,33.21,30.75,31.11,31.93,32.51,32.12,38.97,35.16,32.71,31.11,40.27,46.13,38.83,39.39,40.58,38.83,44.24,93.05
64256,100.87,100.87,31.29,29.82,30.49,30.4,33.31,30.75,31.11,31.93,32.51,32.12,39.11,35.16,32.71,31.11,40.43,46.13,38.69,39.39,40.58,38.83,44.06,92.25
64276,99.02,100.87,31.2,29.82,30.49,30.4,33.62,30.75,31.11,32.03,32.51,32.12,39.25,35.16,32.61,31.11,40.27,46.13,38.69,39.25,40.58,38.83,44.24,91.47
64297,99.02,100.87,31.11,29.73,30.49,30.4,33.62,30.75,31.2,32.03,32.51,32.12,40.12,35.16,32.61,31.11,40.12,45.93,38.69,39.39,40.58,38.83,44.06,91.47
64315,99.02,78.78,31.11,29.73,30.49,30.4,33.62,30.75,31.11,31.93,32.51,32.12,52.65,35.16,32.71,31.11,40.27,45.93,38.55,39.39,40.58,38.83,44.06,91.47
64336,99.94,100.87,31.11,29.73,30.49,30.4,33.62,30.75,31.2,31.93,32.51,32.12,56.81,35.16,32.81,31.2,40.12,45.93,38.55,39.25,40.58,38.69,44.06,92.25
64356,88.47,100.87,31.11,29.73,30.49,30.4,33.73,30.75,31.2,31.93,32.51,32.12,51.64,35.16,32.81,31.2,40.27,45.93,38.55,39.25,40.58,38.69,44.06,92.25
64375,99.94,100.87,31.11,29.82,30.49,30.4,39.98,30.75,31.2,34.71,32.51,32.12,45.93,35.16,32.81,31.2,40.27,45.93,38.55,39.25,40.43,38.83,44.06,91.47
64395,88.47,100.87,31.11,29.73,30.58,30.4,32.41,30.75,31.11,38.55,32.51,32.12,44.06,35.16,32.91,31.2,40.12,45.93,38.55,39.25,40.58,38.83,44.06,92.25
64414,99.94,101.83,31.11,29.73,30.49,30.4,32.51,30.75,31.11,41.51,32.51,32.12,45.16,35.16,32.81,31.2,40.12,45.93,38.55,39.25,40.58,38.83,44.06,92.25
64434,100.87,100.87,31.11,29.73,30.49,30.4,32.51,30.75,32.12,41.51,32.51,32.12,42.16,35.16,32.81,31.2,40.12,45.93,38.55,39.25,40.58,38.83,44.06,92.25
64455,99.94,99.94,31.11,29.73,30.58,30.4,32.32,30.75,31.29,38.55,32.51,32.12,42,35.16,32.81,31.2,40.12,45.93,38.55,39.25,40.58,38.83,44.06,92.25
64473,99.94,99.94,31.02,29.73,30.58,30.4,32.32,30.75,31.29,38.97,32.51,32.12,42.16,35.16,32.81,31.2,40.12,45.74,38.55,39.11,40.58,38.69,44.06,92.25
64493,99.94,99.94,31.02,29.73,30.49,30.4,32.12,30.75,31.29,38.69,32.51,32.12,42.33,35.16,32.81,31.2,40.12,45.93,38.55,39.11,40.58,38.69,44.06,91.47
64512,99.02,99.02,31.11,29.82,30.58,30.4,35.86,30.75,31.29,38.97,32.51,32.12,42.16,35.16,32.81,31.2,40.12,45.93,38.41,39.11,40.58,38.69,44.06,91.47
64532,99.94,100.87,31.11,29.82,30.58,30.4,32.32,30.75,31.2,38.41,32.51,32.12,43.52,35.16,32.91,31.29,40.12,45.93,38.41,39.25,40.43,38.55,44.06,90.7
64551,99.94,99.94,31.11,29.82,30.58,30.4,48.84,30.84,31.29,32.03,32.51,32.12,42.49,35.16,32.81,31.29,39.98,46.13,38.27,39.25,40.58,38.69,44.06,89.95
64571,99.94,99.94,31.11,29.82,30.58,30.4,39.83,30.84,31.29,31.93,32.51,32.12,42.66,35.16,32.91,31.29,40.12,45.93,38.27,39.25,40.58,38.69,44.06,90.7
64592,93.86,100.87,30.66,29.82,30.58,30.4,33.42,30.84,31.29,31.75,32.51,32.12,42.66,35.16,32.91,31.29,40.12,45.93,38.27,39.25,40.58,38.69,44.06,89.95
64610,93.05,97.24,30.66,29.9,30.58,30.4,32.91,30.75,31.29,31.75,32.51,32.12,42.66,35.04,32.91,31.38,40.12,45.93,38.27,39.25,40.58,38.69,44.06,90.7
64631,97.24,100.87,30.75,29.9,30.58,30.4,33.01,30.75,31.2,31.93,32.51,32.12,42.49,35.16,32.81,31.38,40.12,45.93,38.14,39.25,40.58,38.55,44.06,90.7
64649,95.52,101.83,33.11,29.9,30.58,30.4,32.91,30.75,31.11,31.93,32.51,32.12,42.16,35.16,32.91,31.38,39.83,45.74,38.14,39.25,40.58,38.55,44.06,89.95
64670,37.61,99.02,40.73,29.9,30.66,30.32,32.22,30.75,31.11,31.65,32.51,32.12,42.16,35.16,32.91,31.38,40.12,45.93,38.14,39.11,40.58,38.55,44.06,90.7
64690,93.86,101.83,45.54,29.9,30.66,30.32,32.22,30.75,31.11,31.84,32.51,32.22,42,35.16,32.91,31.38,39.98,45.93,38.14,39.25,40.58,38.55,44.06,90.7
64709,94.68,101.83,31.2,29.9,30.66,30.32,32.22,30.75,31.38,31.75,32.51,32.22,42.16,35.16,32.91,31.47,40.12,45.74,38.14,39.25,40.58,38.55,44.06,90.7
64729,94.68,101.83,31.2,29.82,30.66,30.32,32.32,30.75,31.11,31.84,32.51,32.22,43,35.16,32.91,31.47,40.12,45.93,38.14,39.25,40.58,38.55,44.06,91.47
64747,99.02,101.83,31.11,29.82,30.66,30.32,32.22,30.66,31.02,31.56,32.51,32.22,42.33,35.16,33.01,31.47,40.12,45.93,38.01,39.25,40.58,38.55,44.24,91.47
64768,93.86,101.83,31.11,29.82,30.66,30.32,32.91,30.66,31.02,31.47,32.51,32.22,42,35.27,33.01,31.47,39.98,44.97,38.01,39.25,40.73,38.55,44.24,90.7
64786,44.79,99.94,31.11,29.82,30.66,30.4,32.91,30.66,31.11,31.38,32.51,32.22,41.84,35.27,33.01,31.56,40.12,45.16,37.87,39.25,40.73,38.55,44.24,91.47
64807,37.74,98.12,31.11,29.9,30.66,30.32,32.91,30.75,31.11,31.38,32.51,32.22,41.51,35.27,32.91,31.65,40.12,45.16,37.74,39.39,40.58,38.41,44.24,90.7
64827,83.03,100.87,31.11,29.98,30.66,30.4,32.91,30.75,31.11,31.38,32.51,32.22,41.35,35.27,32.91,31.75,40.12,45.54,37.87,39.39,40.58,38.41,44.06,90.7
64846,93.86,87.04,30.66,29.98,30.66,30.4,32.91,30.75,31.11,31.38,32.51,32.22,41.51,35.39,33.01,31.75,39.98,45.16,37.87,39.39,40.73,38.41,44.24,90.7
64866,97.24,76.01,30.66,29.98,30.66,30.4,33.01,30.75,31.2,31.38,32.51,32.22,41.35,35.04,33.01,31.75,39.98,45.35,37.74,39.25,40.73,38.41,44.24,91.47
64885,98.12,63.12,30.66,29.98,30.66,30.4,32.91,30.75,31.11,31.38,32.51,32.22,41.2,35.04,32.91,31.84,40.12,44.97,37.74,39.39,40.73,38.41,44.24,91.47
64905,97.24,69.64,30.66,29.98,30.66,30.32,33.01,30.75,31.11,31.38,32.41,32.32,41.35,35.16,33.01,31.93,40.12,45.35,37.74,39.39,40.73,38.27,44.24,90.7
64924,44.6,49.29,30.66,29.98,30.66,30.4,32.91,30.75,31.11,31.38,32.51,32.32,40.58,35.39,33.01,31.93,40.12,46.13,37.74,39.39,40.58,38.41,44.24,90.7
64944,89.2,99.02,30.66,29.98,30.66,30.4,37.48,30.75,31.11,31.38,32.51,32.32,39.39,35.39,33.01,32.12,40.12,46.32,37.61,39.39,40.58,38.41,44.24,91.47
64965,83.67,96.37,31.11,30.07,30.66,30.4,32.81,30.75,31.2,31.38,32.51,32.32,42.16,35.5,33.01,32.22,40.12,46.32,37.48,39.39,40.58,38.27,44.24,91.47
64983,52.4,98.12,31.11,30.07,30.66,30.4,32.81,30.84,31.29,31.38,32.51,32.32,40.27,35.5,33.01,32.32,40.27,46.13,37.61,39.39,40.58,38.27,44.42,90.7
65003,74.44,99.94,31.02,30.07,30.66,30.4,32.81,30.84,31.29,31.38,32.51,32.32,43.88,35.5,33.11,32.41,40.12,45.93,37.48,39.39,40.58,38.27,44.42,92.25
65022,97.24,100.87,30.93,30.07,30.66,30.4,32.81,30.84,31.38,31.47,32.51,32.32,39.68,35.27,33.11,32.41,40.12,46.13,37.35,39.39,40.73,38.27,44.24,91.47
65042,44.6,98.12,30.75,29.98,30.75,30.4,33.01,30.84,31.29,31.38,32.51,32.32,39.54,35.27,33.11,32.51,40.12,46.52,37.48,39.39,40.73,38.27,44.24,92.25
65063,74.95,98.12,30.66,29.98,30.75,30.4,34.71,30.84,31.2,31.38,32.51,32.32,39.39,35.27,33.11,32.71,40.12,46.13,37.35,39.39,40.73,38.14,44.42,91.47
65081,49.74,97.24,30.66,29.98,30.75,30.4,35.62,30.84,31.11,31.38,32.51,32.32,39.54,35.27,33.11,32.81,40.12,46.13,37.35,39.39,40.73,38.27,44.42,93.05
65102,89.95,99.02,30.66,29.98,30.75,30.4,33.84,30.84,31.11,31.38,32.51,32.41,39.68,35.27,33.11,32.91,40.12,44.97,37.35,39.39,40.73,38.27,44.42,92.25
65120,87.75,97.24,30.66,29.98,30.75,30.4,32.81,30.84,31.11,31.38,32.51,32.41,39.68,35.27,33.11,32.91,40.12,44.79,37.35,39.39,40.73,38.14,44.42,93.05
65141,93.05,99.94,30.66,29.98,30.75,30.4,54.79,30.84,31.11,31.47,32.51,32.41,40.12,35.39,33.11,32.91,40.12,44.79,37.35,39.39,40.73,38.27,44.42,93.05
65159,93.05,99.02,30.66,29.98,30.75,30.4,54.79,30.93,31.2,31.47,32.51,32.41,40.88,35.5,33.11,32.91,40.27,44.79,37.35,39.54,40.73,38.27,44.42,93.05
65180,93.86,99.94,35.62,29.98,30.75,30.4,54.79,30.93,31.2,31.38,32.51,32.41,39.54,35.5,33.11,32.91,40.12,44.79,37.35,39.54,40.73,38.27,44.6,92.25
65200,68.75,98.12,30.66,29.98,30.75,30.49,54.79,30.93,31.2,31.47,32.51,32.32,39.54,35.5,33.21,32.91,40.27,44.79,37.35,39.39,40.73,38.27,44.42,93.05
65218,93.05,99.94,30.66,29.98,30.75,30.49,54.79,30.93,31.2,31.47,32.51,32.32,39.54,35.5,33.11,32.91,40.12,44.97,37.35,39.54,40.73,38.27,44.42,93.05
65239,93.05,99.94,30.75,29.98,30.75,30.49,55.07,30.93,31.2,31.47,32.51,32.32,41.51,35.5,33.21,32.81,40.12,44.97,37.35,39.39,40.73,38.27,44.42,93.05
65257,93.05,99.02,30.66,29.98,30.75,30.49,56.22,30.84,31.2,31.38,32.51,32.32,39.83,35.5,33.21,32.81,39.98,44.97,37.35,39.39,40.73,38.27,44.42,92.25
65278,93.05,99.02,30.66,29.98,30.75,30.4,33.31,30.93,31.2,31.38,32.51,32.41,39.83,35.5,33.11,32.71,40.12,44.97,37.35,39.39,40.58,38.27,44.42,93.05
65296,93.05,99.02,30.75,29.98,30.75,30.4,32.91,30.84,31.11,31.38,32.51,32.41,41.84,35.5,33.11,32.71,40.27,45.16,37.35,39.39,40.58,38.27,44.24,92.25
65317,93.05,99.02,30.75,29.98,30.75,30.49,33.11,30.84,31.2,31.38,32.51,32.32,39.39,35.5,33.11,32.61,40.12,45.16,37.35,39.39,40.58,38.14,44.24,92.25
65337,93.86,99.94,30.66,29.98,30.75,30.4,34.59,30.84,31.11,31.38,32.51,32.32,39.25,35.39,33.11,32.51,40.12,45.93,37.35,39.39,40.58,38.27,44.24,93.05
65356,78.78,98.12,30.75,29.98,30.75,30.4,32.91,30.84,31.11,31.38,32.41,32.32,39.39,35.5,33.11,32.41,40.27,44.97,37.35,39.39,40.58,38.14,44.24,92.25
65376,91.47,99.94,30.75,29.98,30.75,30.49,33.01,30.84,31.2,31.47,32.51,32.32,39.39,35.5,33.11,32.41,40.12,44.97,37.48,39.39,40.58,38.27,44.24,92.25
65395,93.05,99.94,30.75,29.98,30.75,30.49,32.22,30.84,31.02,31.47,32.51,32.32,39.39,35.5,33.11,32.32,40.12,44.97,37.35,39.25,40.58,38.27,44.24,91.47
65415,93.05,100.87,30.75,29.98,30.75,30.49,34.05,30.93,31.02,31.47,32.51,32.32,39.39,35.5,33.11,32.32,40.12,44.97,37.48,39.25,40.58,38.27,44.24,92.25
65436,92.25,100.87,30.75,29.98,30.75,30.49,32.91,30.84,31.11,31.47,32.51,32.32,39.39,35.39,33.11,32.22,40.12,44.97,37.61,39.25,40.43,38.27,44.24,90.7
65454,62.03,99.02,30.75,29.9,30.66,30.49,32.91,30.84,31.11,31.47,32.51,32.32,39.39,35.39,33.11,32.22,40.12,45.16,37.61,39.25,40.58,38.41,44.24,90.7
65474,70.55,99.94,30.75,29.9,30.66,30.49,36.96,30.93,31.11,31.38,32.51,32.32,39.39,35.39,33.11,32.12,40.12,45.16,37.61,39.25,40.58,38.41,44.24,90.7
65493,38.41,98.12,30.75,29.9,30.66,30.49,32.81,30.93,31.11,31.38,32.51,32.32,39.25,35.39,33.01,32.12,40.12,45.16,37.74,39.25,40.58,38.41,44.24,90.7
65513,57.72,98.12,30.75,29.9,30.66,30.49,32.81,30.84,31.02,31.29,32.51,32.32,39.25,35.39,33.01,32.03,40.12,45.16,37.74,39.25,40.43,38.41,44.24,90.7
65532,40.88,97.24,30.84,29.9,30.66,30.49,32.81,30.84,31.11,31.38,32.51,32.32,39.39,35.27,33.01,31.93,39.98,45.16,37.74,39.25,40.58,38.41,44.06,84.32
16,38.27,97.24,30.84,29.9,30.66,30.49,32.81,30.84,31.11,31.29,32.51,32.32,39.39,35.16,33.11,31.84,40.12,45.16,37.87,39.25,40.58,38.41,44.06,87.75
37,96.37,99.02,30.84,29.9,30.66,30.49,32.91,30.84,31.11,31.29,32.51,32.32,39.39,35.04,33.01,31.84,40.12,45.16,38.01,39.25,40.43,38.41,44.24,89.95
55,40.27,96.37,30.84,29.82,30.58,30.49,32.91,30.84,31.11,31.38,32.51,32.32,39.25,35.04,33.01,31.84,40.12,45.16,38.01,39.25,40.43,38.41,44.06,90.7
76,98.12,98.12,41.04,29.82,30.58,30.49,32.81,30.84,31.11,31.38,32.51,32.22,39.25,35.04,32.91,31.75,39.98,45.16,38.01,39.25,40.43,38.41,43.88,90.7
94,95.52,97.24,37.35,29.82,30.58,30.49,32.81,30.84,31.11,31.38,32.51,32.22,39.39,35.04,33.01,31.65,40.12,45.35,38.14,39.25,40.43,38.41,43.88,89.95
115,96.37,98.12,30.84,29.9,30.58,30.49,32.81,30.84,31.02,31.38,32.51,32.22,39.39,35.04,33.01,31.65,39.98,45.54,38.14,39.25,40.43,38.41,43.88,90.7
133,97.24,98.12,30.84,29.82,30.58,30.49,32.81,30.84,31.11,31.38,32.51,32.22,39.39,35.04,32.91,31.56,39.98,45.35,38.14,39.25,40.43,38.41,43.88,89.95
154,90.7,97.24,30.84,29.82,30.49,30.49,32.12,30.75,31.11,31.38,32.51,32.22,39.54,35.04,32.91,31.65,39.83,45.54,38.14,39.25,40.43,38.41,43.7,89.95
172,95.52,97.24,30.93,29.82,30.58,30.58,32.03,30.75,31.02,31.47,32.51,32.22,39.54,35.16,32.91,31.56,40.12,45.74,38.27,39.25,40.43,38.41,43.88,89.95
192,95.52,96.37,31.11,29.82,30.58,30.49,32.03,30.75,31.02,31.47,32.51,32.22,39.39,34.93,32.91,31.56,40.12,45.35,38.27,39.25,40.43,38.41,43.88,89.95
211,95.52,96.37,31.38,29.82,30.49,30.58,32.03,30.75,31.02,31.38,32.51,32.22,39.39,34.93,32.91,31.47,40.12,44.97,38.27,39.25,40.43,38.41,43.7,89.95
231,94.68,95.52,30.93,29.82,30.49,30.58,32.03,30.75,31.02,31.38,32.51,32.22,39.39,35.04,32.91,31.47,40.12,44.97,38.27,39.25,40.43,38.41,43.88,89.95
250,94.68,95.52,30.93,29.73,30.58,30.58,32.03,30.75,31.02,31.38,32.51,32.22,64.25,35.04,32.91,31.47,40.12,44.97,38.27,39.25,40.43,38.41,43.88,83.03
270,94.68,95.52,30.93,29.73,30.49,30.49,31.93,30.75,31.02,31.38,32.51,32.22,62.75,35.04,32.91,31.47,40.27,44.97,38.41,39.25,40.43,38.41,43.88,89.2
291,94.68,94.68,35.74,29.73,30.49,30.58,31.93,30.75,31.02,31.47,32.51,32.22,41.84,35.04,32.91,31.38,40.12,45.16,38.41,39.25,40.43,38.55,43.88,86.35
309,93.86,93.86,30.93,29.73,30.49,30.49,32.03,30.75,31.02,31.47,32.51,32.22,41.67,34.93,32.91,31.38,40.12,45.16,38.41,39.25,40.43,38.55,43.88,89.2
330,54.24,93.05,30.93,29.73,30.49,30.49,32.03,30.75,31.02,31.47,32.51,32.22,41.84,34.93,32.91,31.38,40.27,45.16,38.41,39.25,40.43,38.55,44.06,89.95
348,64.63,93.05,30.93,29.73,30.49,30.49,31.93,30.75,31.02,31.38,32.51,32.22,41.84,35.04,32.91,31.38,40.27,45.16,38.41,39.25,40.58,38.55,43.88,89.2
369,46.13,91.47,31.02,29.73,30.49,30.49,32.03,30.75,31.02,31.38,32.51,32.22,41.67,35.04,32.91,31.38,40.27,45.16,38.55,39.25,40.43,38.55,44.06,70.55
387,93.86,93.86,30.93,29.73,30.49,30.58,31.93,30.75,31.02,31.38,32.51,32.22,41.67,35.04,32.91,31.38,40.27,45.16,38.55,39.25,40.58,38.55,44.06,84.99
407,92.25,93.05,31.02,29.73,30.58,30.58,31.93,30.75,31.02,31.38,32.51,32.22,42,35.04,32.91,31.38,40.27,45.35,38.55,39.25,40.58,38.55,44.06,89.95
426,92.25,92.25,31.02,29.73,30.49,30.58,31.93,30.75,31.02,31.47,32.51,32.22,41.84,35.04,32.91,31.29,40.12,45.35,38.55,39.39,40.58,38.55,44.06,81.77
446,69.19,92.25,31.02,29.82,30.58,30.66,31.93,30.75,31.02,31.47,32.51,32.22,42.16,35.04,32.91,31.29,40.27,45.35,38.55,39.39,40.58,38.55,44.06,67.46
465,92.25,93.05,30.93,29.73,30.58,30.66,31.93,30.75,31.02,31.47,32.51,32.22,42.33,35.04,33.01,31.29,40.43,45.35,38.55,39.39,40.58,38.69,44.06,64.63
485,87.75,90.7,31.47,29.73,30.49,30.75,32.03,30.75,31.02,31.47,32.51,32.22,43.17,35.04,33.01,31.38,40.43,45.35,38.55,39.25,40.58,38.69,44.06,79.36
504,67.04,90.7,35.27,29.73,30.49,30.75,31.93,30.75,31.02,31.47,32.51,32.22,43.17,35.04,32.91,31.29,40.27,45.35,38.55,39.25,40.58,38.55,44.06,89.2
524,88.47,92.25,31.38,29.65,30.49,30.75,32.03,30.75,31.02,31.47,32.51,32.22,42.83,35.04,33.01,31.29,40.27,45.35,38.55,39.25,40.58,38.69,44.06,90.7
545,93.05,92.25,40.43,29.73,30.49,30.75,33.31,30.75,31.11,31.47,32.51,32.22,42,35.04,33.01,31.29,40.27,45.35,38.55,39.39,40.43,38.55,44.06,84.99
563,93.05,93.05,31.47,29.73,30.49,30.75,33.11,30.75,31.38,31.47,32.51,32.12,43,35.16,33.01,31.29,40.27,45.35,38.55,39.39,40.58,38.55,44.06,91.47
584,94.68,93.05,31.38,29.73,30.49,30.75,33.31,30.75,31.38,31.56,32.51,32.22,42.16,35.16,33.01,31.29,40.43,45.35,38.55,39.39,40.58,38.55,44.06,81.77
602,94.68,93.05,31.38,29.73,30.49,30.75,33.31,30.75,31.02,31.56,32.51,32.22,42,35.27,33.01,31.29,40.27,45.54,38.69,39.39,40.58,38.55,44.06,79.36
623,94.68,93.86,31.47,29.73,30.49,30.75,33.31,30.75,31.11,31.56,32.61,32.22,42.49,35.27,33.01,31.29,40.43,45.54,38.55,39.39,40.58,38.69,43.88,82.39
641,95.52,93.86,31.38,29.73,30.49,30.75,33.21,30.75,31.11,31.56,32.61,32.22,42.83,35.27,33.01,31.29,40.27,45.54,38.55,39.25,40.58,38.55,44.06,90.7
661,96.37,94.68,31.47,29.73,30.49,30.75,33.21,30.75,31.2,31.56,32.61,32.22,42.66,35.27,32.91,31.29,40.43,45.35,38.55,39.25,40.58,38.55,44.24,81.77
680,96.37,95.52,31.38,29.73,30.49,30.75,33.21,30.75,31.11,31.65,32.61,32.12,43.17,35.27,33.01,31.29,40.27,45.54,38.55,39.39,40.58,38.55,44.06,61.33
700,96.37,95.52,31.47,29.73,30.49,30.75,31.93,30.75,31.11,31.75,32.61,32.12,42.83,35.27,33.01,31.2,40.43,45.35,38.69,39.39,40.43,38.55,44.06,82.39
719,98.12,96.37,31.47,29.73,30.49,30.75,31.93,30.75,31.38,31.75,32.61,32.22,41.84,35.39,33.01,31.29,40.43,45.54,38.69,39.54,40.58,38.55,44.24,75.48
739,97.24,97.24,36.22,29.73,30.49,30.75,31.93,30.75,31.29,31.84,32.61,32.22,42,35.39,33.01,31.29,40.43,45.54,38.69,39.54,40.58,38.55,44.24,84.99
758,98.12,98.12,36.71,29.73,30.49,30.75,31.84,30.75,31.47,31.84,32.61,32.22,42,35.39,33.01,31.2,40.43,45.74,38.55,39.54,40.58,38.55,44.24,85.66
778,98.12,98.12,31.56,29.82,30.49,30.75,31.84,30.75,31.47,31.93,32.61,32.22,42,35.39,33.01,31.2,40.43,45.74,38.69,39.68,40.58,38.69,44.24,85.66
799,97.24,98.12,31.38,29.82,30.49,30.75,31.84,30.75,31.47,31.93,32.61,32.12,42,35.39,33.01,31.2,40.58,45.74,38.83,39.68,40.58,38.69,44.24,83.67
817,97.24,99.02,31.38,29.82,30.49,30.75,31.84,30.75,31.56,31.93,32.61,32.22,42,35.39,33.11,31.2,40.58,45.74,38.83,39.68,40.58,38.55,44.42,86.35
838,99.02,99.02,31.56,29.82,30.58,30.75,31.84,30.75,31.47,31.93,32.61,32.22,39.54,35.39,33.11,31.29,40.58,46.52,38.83,39.68,40.73,38.69,44.42,92.25
856,99.02,99.02,31.38,29.9,30.58,30.75,31.84,30.75,31.56,32.03,32.61,32.22,39.68,35.39,33.11,31.2,40.58,47.34,38.97,39.68,40.73,38.69,44.42,93.05
876,99.02,98.12,31.56,29.9,30.58,30.75,32.41,30.75,31.56,32.03,32.61,32.22,40.43,35.39,33.01,31.2,40.73,46.13,38.97,39.68,40.73,38.69,44.42,93.05
895,99.02,98.12,31.02,29.9,30.58,30.75,32.41,30.75,31.56,32.03,32.61,32.22,43.35,35.39,33.01,31.2,40.73,46.32,39.11,39.83,40.73,38.69,44.42,93.05
915,97.24,97.24,31.56,29.9,30.58,30.75,31.84,30.75,31.47,32.03,32.61,32.22,42.49,35.39,33.01,31.2,40.73,46.32,39.11,39.68,40.73,38.69,44.42,93.05
934,98.12,97.24,31.65,29.9,30.58,30.75,31.84,30.75,31.56,32.03,32.61,32.22,42.16,35.5,33.01,31.2,40.73,46.32,39.25,39.83,40.73,38.69,44.42,93.05
954,97.24,96.37,31.38,29.9,30.58,30.75,33.01,30.75,31.47,31.93,32.61,32.22,39.68,35.39,33.01,31.2,41.04,46.13,39.25,39.83,40.73,38.69,44.42,93.05
973,96.37,93.86,31.29,29.9,30.49,30.75,32.03,30.75,31.2,31.93,32.61,32.22,39.68,35.39,33.01,31.2,40.88,45.93,39.39,39.98,40.73,38.83,44.42,93.05
993,95.52,96.37,31.75,29.9,30.58,30.75,32.12,30.75,31.56,32.03,32.61,32.22,41.04,35.39,33.01,31.11,41.04,45.93,39.39,39.98,40.73,38.83,44.42,92.25
1012,95.52,97.24,31.38,29.9,30.58,30.75,31.84,30.75,31.56,32.03,32.61,32.22,41.35,35.5,33.01,31.11,41.2,46.13,39.39,39.98,40.88,38.83,44.42,93.86
1032,95.52,96.37,31.75,29.9,30.58,30.75,31.84,30.75,31.29,31.75,32.61,32.22,42,35.5,33.01,31.2,41.04,46.13,39.54,39.98,40.88,38.83,44.6,93.05
1053,95.52,96.37,31.47,29.9,30.58,30.75,31.84,30.75,31.56,31.75,32.61,32.22,42.16,35.39,33.11,31.2,41.2,46.32,39.54,39.98,40.88,38.83,44.6,93.05
1071,96.37,96.37,31.38,29.9,30.58,30.75,31.84,30.75,31.56,31.75,32.61,32.22,42,35.5,33.11,31.2,41.2,46.13,39.54,39.98,40.88,38.83,44.6,93.05
1091,95.52,96.37,31.11,29.9,30.58,30.75,31.84,30.75,31.47,31.75,32.61,32.22,42.16,35.5,33.01,31.11,41.04,46.13,39.54,39.98,40.88,38.83,44.6,93.05
1110,96.37,96.37,31.02,29.9,30.58,30.75,31.84,30.75,31.38,31.75,32.61,32.22,42.16,35.62,33.01,31.11,41.2,46.13,39.54,39.98,40.88,38.83,44.42,93.05
1130,95.52,95.52,31.2,29.9,30.58,30.75,31.84,30.75,31.38,31.75,32.61,32.22,42,35.5,33.11,31.11,41.04,46.13,39.54,39.98,40.88,38.83,44.6,93.05
1149,94.68,95.52,31.38,29.9,30.58,30.75,31.84,30.75,31.56,31.75,32.61,32.22,42.16,35.5,33.01,31.2,41.2,46.13,39.54,39.98,40.88,38.83,44.6,92.25
1169,95.52,95.52,31.02,29.9,30.49,30.75,31.84,30.75,31.56,31.75,32.61,32.22,39.83,35.39,33.11,31.11,41.2,46.32,39.54,39.98,40.73,38.83,44.6,93.05
1188,95.52,95.52,30.93,29.9,30.58,30.75,31.84,30.75,31.56,31.75,32.61,32.22,39.83,35.5,33.11,31.2,41.04,46.13,39.54,39.98,40.88,38.83,44.6,93.05
1208,95.52,94.68,31.02,29.9,30.58,30.75,31.93,30.75,31.56,31.75,32.61,32.22,41.35,35.39,33.11,31.11,41.04,46.13,39.54,39.98,40.88,38.83,44.6,93.86
1229,94.68,95.52,31.11,29.9,30.58,30.66,31.93,30.75,31.56,31.75,32.61,32.22,41.35,35.5,33.01,31.2,41.04,46.13,39.54,39.98,40.88,38.83,44.6,94.68
1247,95.52,95.52,31.2,29.9,30.49,30.66,31.84,30.75,31.56,31.75,32.61,32.22,43.7,35.5,33.01,31.11,41.2,45.93,39.54,39.98,40.88,38.83,44.6,93.86
1268,95.52,95.52,31.29,29.9,30.49,30.66,31.84,30.75,31.56,31.75,32.61,32.22,43.7,35.39,33.01,31.11,40.88,46.13,39.54,39.98,40.88,38.83,44.6,93.05
1286,95.52,96.37,31.47,29.9,30.58,30.66,31.84,30.75,31.56,31.84,32.61,32.22,43.52,35.5,33.01,31.2,41.04,46.13,39.54,39.98,40.88,38.83,44.6,83.67
1307,95.52,96.37,31.47,29.98,30.58,30.66,31.84,30.75,31.56,31.84,32.61,32.22,42.33,35.5,33.01,31.2,40.88,46.13,39.39,39.98,40.88,38.83,44.6,70.09
1325,94.68,95.52,31.29,29.9,30.58,30.66,32.81,30.75,31.56,31.75,32.61,32.22,42.16,35.39,33.01,31.11,41.04,46.32,39.39,39.98,40.88,38.83,44.6,71.01
1345,95.52,95.52,31.29,29.9,30.58,30.66,32.91,30.75,31.65,31.84,32.61,32.22,42,35.39,33.01,31.2,41.04,46.13,39.39,39.83,40.88,38.97,44.6,93.05
1364,96.37,95.52,31.11,29.9,30.58,30.58,33.01,30.75,31.65,31.75,32.61,32.12,42,35.39,33.01,31.11,41.04,45.93,39.39,39.98,40.88,38.83,44.6,93.86
1384,96.37,96.37,31.38,29.9,30.58,30.66,33.01,30.75,31.2,31.84,32.61,32.12,39.39,35.39,33.01,31.11,40.88,45.74,39.25,39.83,40.88,38.83,44.6,93.86
1405,96.37,97.24,33.21,29.9,30.58,30.58,32.91,30.75,31.2,31.75,32.51,32.12,39.25,35.39,33.01,31.2,40.88,45.74,39.25,39.83,40.88,38.83,44.6,93.05
1423,97.24,97.24,31.56,29.9,30.58,30.58,32.22,30.75,31.2,31.75,32.61,32.22,39.25,35.39,33.01,31.11,40.73,45.74,39.25,39.83,40.73,38.83,44.6,93.86
1444,98.12,98.12,31.38,29.9,30.58,30.66,31.84,30.75,31.29,31.75,32.61,32.22,40.73,35.39,33.01,31.11,40.88,45.74,39.25,39.83,40.73,38.83,44.6,93.86
1462,98.12,98.12,35.74,29.9,30.58,30.58,31.75,30.75,31.2,31.75,32.61,32.12,39.25,35.39,32.91,31.11,40.88,45.74,39.11,39.68,40.73,38.83,44.42,93.86
1483,99.02,99.02,31.56,29.9,30.58,30.58,32.51,30.75,31.2,31.84,32.61,32.12,40.12,35.39,32.81,31.11,40.73,45.74,39.11,39.68,40.73,38.69,44.6,93.86
1501,99.02,99.02,31.29,29.9,30.58,30.58,31.75,30.75,31.2,31.75,32.61,32.22,44.6,35.27,32.81,31.11,40.73,45.74,39.11,39.68,40.73,38.83,44.42,93.86
1522,99.94,99.02,31.38,29.9,30.58,30.58,31.75,30.75,31.2,31.75,32.61,32.12,39.25,35.27,32.81,31.11,40.73,45.93,38.97,39.68,40.73,38.83,44.42,93.86
1540,99.94,99.02,31.47,29.9,30.58,30.58,31.75,30.75,31.2,31.75,32.61,32.12,39.11,35.27,32.81,31.11,40.58,46.52,38.97,39.68,40.73,38.83,44.42,93.05
1560,99.94,99.94,31.75,29.9,30.58,30.49,31.75,30.75,31.11,31.75,32.51,32.12,39.25,35.39,32.81,31.11,40.43,46.32,38.97,39.68,40.73,38.83,44.42,93.86
1581,100.87,97.24,31.75,29.82,30.49,30.49,31.75,30.66,31.11,31.75,32.51,32.22,43.52,35.27,32.81,31.11,40.43,46.73,38.97,39.54,40.73,38.69,44.42,90.7
1599,100.87,97.24,31.84,29.82,30.58,30.49,31.75,30.66,31.11,31.75,32.61,32.12,38.97,35.39,32.71,31.11,40.43,46.52,38.83,39.54,40.73,38.83,44.42,62.03
1620,99.94,100.87,31.75,29.82,30.49,30.4,31.84,30.66,31.11,32.41,32.51,32.12,39.11,35.39,32.81,31.11,40.27,46.52,38.83,39.54,40.73,38.83,44.42,93.05
1638,101.83,101.83,31.75,29.82,30.49,30.4,31.84,30.66,31.11,31.93,32.51,32.22,38.97,35.27,32.71,31.11,40.43,46.32,38.83,39.39,40.73,38.83,44.42,93.05
1659,100.87,102.8,31.38,29.82,30.49,30.4,31.84,30.66,31.11,32.03,32.51,32.22,39.11,35.27,32.71,31.11,40.43,46.52,38.83,39.54,40.73,38.83,44.24,79.95
1677,100.87,101.83,31.75,29.82,30.49,30.4,31.84,30.66,31.11,31.93,32.51,32.22,39.25,35.27,32.71,31.2,40.43,46.52,38.83,39.54,40.58,38.97,44.24,93.05
1698,44.06,99.02,31.29,29.82,30.49,30.4,32.12,30.66,31.02,31.93,32.51,32.12,38.97,35.27,32.71,31.2,40.43,46.32,38.83,39.39,40.73,38.83,44.24,89.2
1716,65.02,101.83,30.84,29.82,30.49,30.4,33.11,30.66,31.11,31.75,32.51,32.12,39.39,35.27,32.71,31.2,40.27,46.32,38.83,39.25,40.58,38.83,44.24,92.25
1737,37.74,99.94,31.02,29.82,30.49,30.4,32.12,30.66,31.11,31.75,32.51,32.12,39.68,35.16,32.71,31.2,40.27,46.32,38.83,39.25,40.73,38.83,44.24,92.25
1757,38.14,99.94,30.84,29.82,30.49,30.4,32.03,30.66,31.2,31.75,32.51,32.12,39.68,35.27,32.71,31.2,40.27,46.13,38.69,39.25,40.73,38.83,44.24,92.25
1776,91.47,100.87,31.2,29.82,30.49,30.4,32.32,30.75,31.2,31.75,32.51,32.12,40.58,35.27,32.61,31.11,40.27,46.32,38.69,39.25,40.58,38.69,44.24,91.47
1796,37.48,58.03,31.29,29.82,30.49,30.4,31.84,30.66,31.11,31.93,32.51,32.12,53.43,35.27,32.71,31.2,40.27,46.32,38.69,39.25,40.58,38.83,44.06,92.25
1814,37.48,99.94,30.75,29.82,30.58,30.4,31.93,30.66,31.11,31.93,32.51,32.12,49.51,35.16,32.71,31.2,40.27,45.74,38.69,39.25,40.58,38.83,44.06,92.25
1835,56.22,99.94,30.75,29.82,30.58,30.4,31.93,30.66,31.11,31.65,32.51,32.12,50.67,35.27,32.81,31.2,40.27,45.35,38.69,39.25,40.58,38.83,44.06,92.25
1853,42,99.94,30.84,29.73,30.49,30.4,33.42,30.66,31.11,32.12,32.51,32.12,53.97,35.27,32.91,31.2,40.12,45.35,38.55,39.25,40.58,38.83,44.06,91.47
1874,37.35,99.94,31.2,29.73,30.49,30.32,32.03,30.66,31.11,32.03,32.51,32.12,52.14,35.27,32.81,31.29,40.12,45.35,38.55,39.25,40.58,38.83,44.06,90.7
1894,37.61,99.94,31.2,29.73,30.58,30.4,36.96,30.66,31.11,32.12,32.51,32.12,42.49,35.27,32.81,31.2,40.12,45.35,38.55,39.11,40.58,38.69,44.06,90.7
1913,38.14,99.02,31.2,29.82,30.58,30.4,32.41,30.75,31.2,36.96,32.51,32.12,42.49,35.16,32.81,31.29,39.98,45.35,38.55,39.11,40.58,38.69,43.88,91.47
1933,38.41,99.02,31.29,29.82,30.58,30.4,32.03,30.75,31.2,36.46,32.51,32.12,64.25,35.27,32.91,31.29,40.12,45.54,38.41,39.11,40.43,38.69,44.06,92.25
1952,37.61,99.94,31.2,29.82,30.58,30.4,34.93,30.75,31.11,34.48,32.51,32.12,42.49,35.16,32.91,31.2,40.12,45.74,38.41,39.25,40.43,38.69,44.06,92.25
1972,37.48,99.02,31.2,29.82,30.49,30.4,32.03,30.75,31.2,31.93,32.51,32.12,42.49,35.16,32.91,31.29,40.12,46.13,38.41,39.11,40.43,38.69,44.06,85.66
1991,37.61,68.31,31.2,29.82,30.58,30.4,34.59,30.75,31.2,32.03,32.51,32.12,42.49,35.16,32.91,31.29,40.12,46.93,38.41,39.11,40.43,38.69,43.88,81.15
2011,38.27,99.02,31.2,29.82,30.58,30.4,32.51,30.75,31.2,32.03,32.51,32.12,42.33,35.16,32.91,31.29,40.12,46.73,38.27,39.11,40.43,38.69,43.88,80.55
2029,38.14,68.31,31.2,29.82,30.58,30.4,32.32,30.75,31.2,31.93,32.51,32.12,42.16,35.16,32.91,31.29,40.12,45.54,38.27,39.11,40.58,38.69,44.06,81.15
2050,71.01,99.94,30.75,29.9,30.58,30.4,32.61,30.75,31.2,31.93,32.51,32.12,42.33,35.27,32.91,31.29,40.12,45.54,38.27,39.25,40.58,38.69,44.06,84.32
2070,99.94,101.83,30.75,29.9,30.58,30.4,33.01,30.75,31.11,31.93,32.51,32.12,42.33,35.16,32.91,31.29,40.12,45.54,38.27,39.25,40.58,38.69,44.06,87.04
2089,100.87,99.94,30.75,29.82,30.58,30.4,51.15,30.66,31.11,31.84,32.51,32.12,42.33,35.27,32.91,31.38,40.12,45.74,38.14,39.25,40.73,38.69,44.06,90.7
2109,94.68,100.87,30.75,29.9,30.58,30.32,34.93,30.66,31.11,31.84,32.51,32.12,42.33,35.16,32.91,31.38,40.12,45.54,38.27,39.25,40.73,38.69,44.24,90.7
2128,40.73,99.94,30.75,29.9,30.58,30.32,33.01,30.66,31.11,31.84,32.51,32.12,42.33,35.27,32.91,31.38,40.12,45.54,38.14,39.25,40.73,38.55,44.24,90.7
2148,93.86,101.83,30.75,29.9,30.58,30.32,33.01,30.66,31.11,31.84,32.51,32.12,42.33,35.27,32.91,31.38,39.98,45.54,38.14,39.25,40.73,38.55,44.24,91.47
2167,94.68,102.8,30.75,29.98,30.66,30.32,36.59,30.66,31.11,31.84,32.51,32.22,42.33,35.27,32.91,31.47,40.12,45.74,38.01,39.25,40.73,38.55,44.24,90.7
2187,38.55,99.94,30.75,29.98,30.66,30.32,38.55,30.66,31.11,31.84,32.51,32.22,42.33,35.27,33.01,31.47,40.12,45.54,38.01,39.39,40.88,38.41,44.24,90.7
2206,45.74,99.94,30.75,29.98,30.66,30.32,33.01,30.66,31.11,31.84,32.51,32.22,42.33,35.27,32.91,31.47,40.12,45.54,38.01,39.39,40.73,38.41,44.24,90.7
2226,87.75,100.87,30.75,29.9,30.66,30.32,32.91,30.66,31.11,31.47,32.51,32.22,42.33,35.39,33.01,31.56,40.12,45.54,38.01,39.39,40.88,38.55,44.42,90.7
2247,39.11,99.94,30.75,29.9,30.66,30.32,38.55,30.66,31.11,31.47,32.51,32.22,42.33,35.39,32.91,31.56,40.12,45.54,38.01,39.39,40.88,38.55,44.24,90.7
2265,39.54,99.94,30.75,29.9,30.58,30.32,50.91,30.66,31.11,31.38,32.51,32.22,42.33,35.39,33.01,31.65,40.12,45.54,38.01,39.39,40.88,38.41,44.42,92.25
2285,51.64,101.83,30.75,29.9,30.66,30.32,33.11,30.75,31.02,31.38,32.51,32.22,42.33,35.39,33.01,31.65,39.98,45.35,37.87,39.54,40.88,38.41,44.42,81.15
2304,43.52,99.02,30.75,29.98,30.66,30.4,33.01,30.66,31.02,31.38,32.51,32.22,42.33,35.27,32.91,31.75,40.12,45.35,37.87,39.54,40.88,38.41,44.24,81.15
2324,37.87,99.02,30.66,29.98,30.66,30.4,32.91,30.75,31.11,31.38,32.51,32.22,42,35.16,33.01,31.75,40.12,45.74,37.74,39.54,40.88,38.41,44.24,80.55
2343,39.83,56.81,30.66,29.9,30.66,30.4,33.21,30.75,31.11,31.38,32.51,32.22,42.16,35.39,33.01,31.75,40.12,45.54,37.74,39.54,40.88,38.41,44.42,81.77
2363,63.49,99.02,30.66,29.98,30.66,30.4,33.01,30.75,31.2,31.38,32.51,32.22,42.49,35.5,33.01,31.84,40.12,45.74,37.74,39.54,40.88,38.27,44.42,81.15
2382,39.68,98.12,30.66,29.98,30.66,30.4,32.91,30.75,31.29,31.38,32.51,32.22,42.33,35.5,33.01,31.93,40.12,45.74,37.74,39.54,40.73,38.27,44.42,81.77
2402,47.55,99.02,30.66,29.9,30.66,30.4,32.91,30.75,31.2,31.38,32.51,32.32,42,35.62,33.01,32.03,40.12,45.74,37.61,39.54,40.73,38.27,44.42,80.55
2423,38.41,47.97,30.66,29.98,30.66,30.4,32.91,30.75,31.2,31.38,32.51,32.32,42.16,35.39,33.01,32.03,40.12,45.54,37.61,39.68,40.73,38.27,44.42,81.15
2441,40.58,64.25,30.66,29.9,30.66,30.4,32.91,30.75,31.29,31.38,32.41,32.32,42.16,35.62,33.01,32.12,40.12,45.35,37.61,39.68,40.88,38.27,44.42,81.77
2462,39.98,99.02,30.66,30.07,30.66,30.4,33.01,30.75,31.2,31.38,32.51,32.32,42.16,35.62,33.01,32.22,40.27,45.16,37.61,39.68,40.73,38.27,44.42,81.77
2480,39.54,99.02,30.66,30.07,30.75,30.4,32.91,30.75,31.29,31.38,32.51,32.32,42,35.62,33.01,32.32,40.27,45.74,37.48,39.68,40.88,38.27,44.6,81.77
2501,84.99,100.87,30.58,30.07,30.66,30.4,33.21,30.84,31.2,31.38,32.51,32.32,42.16,35.39,33.11,32.41,40.12,47.34,37.48,39.68,40.88,38.27,44.42,81.77
2519,49.51,99.02,30.66,30.07,30.75,30.4,41.84,30.84,31.11,31.38,32.51,32.32,42.16,35.62,33.01,32.51,40.27,47.55,37.48,39.68,40.88,38.27,44.6,82.39
2539,40.73,98.12,30.66,30.07,30.66,30.4,33.31,30.84,31.11,31.38,32.51,32.32,42,35.62,33.11,32.71,40.27,47.55,37.48,39.68,40.73,38.27,44.24,81.77
2558,80.55,99.94,30.66,30.07,30.66,30.4,33.01,30.84,31.2,31.47,32.51,32.32,41.84,35.62,33.11,32.71,40.27,47.76,37.48,39.68,40.88,38.27,44.42,82.39
2578,58.66,99.02,30.66,30.07,30.66,30.4,33.01,30.84,31.2,31.38,32.41,32.32,41.67,35.62,33.11,32.81,40.27,47.55,37.48,39.68,40.88,38.27,44.6,82.39
2599,44.6,99.02,30.66,30.07,30.75,30.4,32.91,30.84,31.2,31.38,32.51,32.32,42,35.62,33.11,32.81,40.27,47.76,37.48,39.68,40.88,38.27,44.6,89.95
2617,46.73,99.02,30.66,30.07,30.66,30.4,32.81,30.84,31.2,31.38,32.51,32.32,42,35.62,33.21,32.81,40.27,47.76,37.48,39.68,40.88,38.14,44.42,93.05
2638,79.36,99.94,30.66,30.07,30.75,30.49,32.81,30.84,31.2,31.38,32.51,32.32,42,35.5,33.21,32.81,40.27,47.76,37.35,39.83,40.88,38.27,44.6,92.25
2656,84.32,99.94,30.66,30.07,30.75,30.4,35.74,30.84,31.29,31.38,32.51,32.32,42,35.62,33.11,32.71,40.12,47.76,37.48,39.68,40.88,38.27,44.42,83.03
2677,50.91,98.12,30.66,30.07,30.75,30.4,33.01,30.84,31.29,31.38,32.51,32.32,42,35.5,33.11,32.71,40.12,47.76,37.48,39.68,40.88,38.27,44.42,92.25
2695,55.07,98.12,30.66,30.07,30.75,30.4,33.21,30.84,31.29,31.38,32.51,32.32,42,35.62,33.11,32.71,40.27,47.76,37.35,39.83,40.88,38.27,44.42,92.25
2716,55.92,99.02,30.66,30.07,30.75,30.4,33.01,30.84,31.2,31.38,32.51,32.32,42,35.62,33.11,32.81,39.98,47.76,37.35,39.68,40.88,38.27,44.42,91.47
2734,55.92,99.02,30.66,30.07,30.75,30.4,33.01,30.84,31.29,31.38,32.51,32.32,41.84,35.62,33.11,32.71,40.27,47.55,37.48,39.68,40.88,38.27,44.6,88.47
2754,61.33,99.02,30.66,30.07,30.66,30.4,33.01,30.84,31.29,31.38,32.51,32.32,41.67,35.62,33.11,32.71,40.27,47.34,37.48,39.68,40.88,38.27,44.42,90.7
2775,78.78,100.87,30.66,30.07,30.66,30.4,33.01,30.84,31.2,31.38,32.51,32.32,41.84,35.62,33.11,32.71,40.27,47.55,37.35,39.68,40.88,38.27,44.42,83.03
2793,93.05,100.87,30.84,30.07,30.75,30.4,33.01,30.84,31.29,31.38,32.51,32.32,41.84,35.62,33.11,32.61,40.12,47.55,37.48,39.68,40.88,38.27,44.42,81.77
2814,82.39,99.94,30.66,30.07,30.66,30.4,33.01,30.84,31.29,31.47,32.51,32.32,41.04,35.62,33.11,32.61,40.12,47.55,37.35,39.68,40.88,38.27,44.42,82.39
2832,92.25,100.87,30.66,30.07,30.66,30.4,33.01,30.84,31.29,31.47,32.51,32.32,41.51,35.5,33.11,32.51,40.27,47.34,37.48,39.68,40.73,38.27,44.42,82.39
2853,92.25,100.87,30.66,30.07,30.66,30.4,33.01,30.84,31.38,31.47,32.51,32.32,40.27,35.5,33.01,32.41,40.12,47.13,37.48,39.54,40.73,38.27,44.42,82.39
2871,92.25,100.87,30.66,30.07,30.66,30.4,32.91,30.84,31.29,31.38,32.41,32.32,40.43,35.5,33.01,32.41,40.27,47.13,37.48,39.54,40.73,38.27,44.24,81.77
2892,83.03,99.02,30.66,30.07,30.66,30.4,33.01,30.84,31.29,31.38,32.51,32.32,40.27,35.62,33.01,32.32,40.12,46.93,37.48,39.54,40.73,38.27,44.24,81.77
2910,83.03,99.94,30.66,29.98,30.66,30.4,33.01,30.84,31.11,31.47,32.51,32.32,40.58,35.5,33.01,32.32,40.12,47.13,37.61,39.54,40.73,38.27,44.24,81.77
2931,91.47,100.87,30.66,29.98,30.66,30.4,36.59,30.84,31.11,31.65,32.51,32.32,40.88,35.5,33.01,32.22,40.12,47.13,37.61,39.39,40.58,38.41,44.06,82.39
2951,92.25,100.87,30.66,29.98,30.66,30.4,40.73,30.84,31.02,31.56,32.51,32.32,41.2,35.5,33.01,32.22,40.12,47.13,37.61,39.54,40.58,38.27,44.24,81.77
2970,74.95,99.94,30.66,29.98,30.66,30.4,33.01,30.84,31.11,31.56,32.51,32.32,40.88,35.5,33.01,32.12,40.12,47.34,37.74,39.39,40.58,38.41,44.06,81.77
2990,92.25,101.83,30.66,29.98,30.66,30.4,33.01,30.84,31.02,31.47,32.51,32.32,41.35,35.5,33.01,32.12,40.12,46.93,37.74,39.39,40.58,38.27,44.24,81.15
3008,59.63,99.02,30.66,29.9,30.66,30.4,33.01,30.84,31.02,31.38,32.51,32.32,41.51,35.39,33.01,32.03,40.12,46.93,37.87,39.39,40.58,38.27,44.06,81.15
3029,93.86,100.87,30.66,29.9,30.66,30.4,33.01,30.84,31.02,31.38,32.51,32.32,41.51,35.16,32.91,31.93,40.12,46.93,37.87,39.39,40.58,38.41,44.06,79.95
3047,45.93,98.12,30.66,29.9,30.66,30.4,32.22,30.84,31.02,31.38,32.51,32.32,47.76,35.27,32.91,31.93,40.12,46.93,38.01,39.25,40.58,38.41,44.06,80.55
3068,41.04,98.12,30.75,29.9,30.66,30.4,32.22,30.84,31.02,31.38,32.51,32.32,54.51,35.16,32.91,31.84,40.12,46.93,38.01,39.25,40.43,38.41,44.06,80.55
3086,47.55,99.02,30.75,29.82,30.66,30.4,32.22,30.75,31.02,31.38,32.51,32.32,41.67,35.16,32.91,31.84,39.68,47.13,38.01,39.25,40.43,38.41,43.88,79.95
3107,82.39,99.94,30.66,29.82,30.58,30.4,32.61,30.75,31.02,31.38,32.51,32.32,54.51,35.16,32.91,31.84,40.12,46.93,38.14,39.25,40.43,38.41,43.88,80.55
3127,55.07,99.02,30.75,29.73,30.58,30.49,32.61,30.84,31.11,31.38,32.51,32.32,60.64,35.16,32.81,31.75,40.12,46.93,38.14,39.25,40.43,38.55,43.88,79.95
3146,39.83,98.12,30.75,29.73,30.58,30.4,32.61,30.75,31.11,31.38,32.51,32.32,63.12,35.16,32.91,31.65,39.98,47.13,38.14,39.25,40.43,38.55,44.06,89.95
3166,63.49,98.12,30.75,29.73,30.58,30.49,50.91,30.75,31.11,31.38,32.51,32.22,63.87,35.16,32.81,31.65,40.12,47.13,38.27,39.25,40.43,38.55,44.06,89.2
3185,59.96,100.87,30.84,29.73,30.58,30.4,32.81,30.75,31.02,31.38,32.51,32.22,63.87,35.04,32.81,31.65,40.12,46.73,38.27,39.25,40.43,38.55,44.06,89.2
3205,37.74,99.94,30.84,29.73,30.49,30.49,32.81,30.75,31.02,31.38,32.51,32.22,63.12,35.04,32.81,31.56,40.12,44.97,38.27,39.25,40.58,38.55,43.88,89.95
3223,93.86,101.83,30.75,29.73,30.49,30.4,32.22,30.75,31.02,31.47,32.51,32.22,58.34,35.04,32.71,31.56,39.83,45.54,38.41,39.25,40.43,38.69,44.06,89.2
3244,93.86,100.87,30.84,29.73,30.49,30.49,32.71,30.84,31.02,31.47,32.51,32.32,63.87,35.16,32.81,31.65,40.12,45.16,38.27,39.25,40.58,38.69,44.06,89.95
3262,94.68,102.8,30.84,29.73,30.49,30.49,35.62,30.75,31.02,31.47,32.51,32.22,64.25,35.04,32.81,31.56,39.98,45.16,38.41,39.25,40.43,38.69,44.06,89.95
3283,94.68,102.8,31.29,29.73,30.49,30.49,32.81,30.84,31.02,31.47,32.51,32.22,64.25,35.04,32.81,31.56,40.12,45.74,38.41,39.25,40.58,38.69,44.06,89.95
3303,93.86,102.8,31.38,29.73,30.58,30.4,35.62,30.75,31.02,31.38,32.51,32.22,63.87,35.16,32.81,31.56,39.98,46.13,38.41,39.25,40.43,38.69,44.06,89.95
3322,95.52,102.8,31.38,29.73,30.49,30.49,32.61,30.75,31.02,31.38,32.51,32.22,63.87,35.04,32.81,31.56,40.12,45.74,38.41,39.25,40.58,38.69,44.06,89.2
3342,93.86,102.8,31.38,29.73,30.49,30.49,32.32,30.75,31.02,31.47,32.51,32.22,58.34,35.16,32.81,31.56,40.12,46.13,38.41,39.25,40.58,38.69,44.06,89.95
3363,98.12,101.83,31.38,29.73,30.49,30.49,39.54,30.75,31.02,31.47,32.51,32.22,57.11,35.16,32.81,31.56,40.12,46.32,38.41,39.25,40.58,38.69,44.06,89.95
3381,37.74,99.94,31.38,29.65,30.49,30.58,32.03,30.75,31.02,31.47,32.51,32.22,60.98,35.04,32.81,31.47,40.12,46.32,38.55,39.25,40.58,38.69,44.06,89.2
3402,49.06,99.94,31.47,29.65,30.49,30.58,32.03,30.75,31.02,31.47,32.51,32.22,57.72,35.04,32.81,31.47,39.98,46.32,38.41,39.39,40.58,38.69,44.06,84.32
3420,41.67,99.02,31.56,29.65,30.49,30.58,32.03,30.75,31.02,31.47,32.51,32.22,55.35,35.04,32.91,31.38,40.12,46.32,38.55,39.39,40.58,38.55,44.06,88.47
3441,39.54,99.94,31.56,29.65,30.49,30.66,33.11,30.75,31.02,31.38,32.51,32.22,41.2,35.04,32.81,31.38,40.12,46.52,38.55,39.39,40.58,38.69,44.06,89.2
3461,82.39,101.83,31.47,29.65,30.49,30.66,32.03,30.75,31.02,31.38,32.51,32.22,41.67,35.04,32.81,31.38,40.12,45.35,38.55,39.39,40.58,38.69,44.06,89.95
3479,94.68,102.8,31.56,29.65,30.49,30.66,32.12,30.75,31.02,31.38,32.51,32.22,41.51,34.93,32.91,31.38,40.12,45.54,38.55,39.39,40.58,38.55,44.06,90.7
3500,95.52,101.83,31.75,29.65,30.49,30.58,33.21,30.75,31.02,31.47,32.51,32.22,41.84,34.93,32.91,31.29,40.27,45.35,38.41,39.39,40.58,38.69,44.06,81.15
3518,39.54,99.94,31.47,29.65,30.49,30.66,33.31,30.75,31.11,31.38,32.51,32.22,41.84,35.04,32.91,31.29,40.12,45.35,38.55,39.39,40.58,38.69,44.24,90.7
3539,95.52,101.83,32.03,29.65,30.49,30.58,32.12,30.75,31.11,31.38,32.51,32.22,44.24,35.04,32.91,31.38,40.27,47.55,38.55,39.39,40.58,38.69,44.24,89.95
3557,60.98,100.87,38.27,29.65,30.49,30.58,32.12,30.75,31.11,31.38,32.51,32.22,42,34.93,32.91,31.38,40.12,47.13,38.55,39.39,40.58,38.69,44.06,89.95
3578,65.42,100.87,31.47,29.73,30.49,30.58,32.03,30.75,31.11,31.38,32.51,32.22,42,35.04,32.91,31.38,40.27,47.13,38.55,39.39,40.58,38.55,44.24,90.7
3596,53.97,99.94,50.2,29.73,30.49,30.66,32.03,30.75,31.11,31.38,32.51,32.22,42,34.93,32.91,31.38,40.12,47.13,38.41,39.39,40.58,38.55,44.06,81.15
3617,67.88,100.87,49.97,29.65,30.49,30.66,32.12,30.75,31.11,31.47,32.51,32.22,42,35.04,32.91,31.38,40.12,47.34,38.55,39.25,40.58,38.69,44.06,81.77
3637,95.52,101.83,49.51,29.65,30.49,30.66,32.03,30.75,31.11,31.38,32.51,32.22,42.16,35.04,32.81,31.38,40.12,47.55,38.41,39.25,40.58,38.69,44.06,89.2
3656,53.43,99.02,31.93,29.65,30.49,30.66,32.12,30.75,31.11,31.47,32.51,32.22,42,35.04,32.91,31.38,40.12,47.55,38.55,39.25,40.58,38.69,43.88,81.15
3676,55.92,98.12,31.93,29.65,30.49,30.66,32.03,30.75,31.02,31.47,32.51,32.22,42.16,35.04,32.91,31.38,40.12,47.13,38.41,39.25,40.43,38.69,44.06,81.77
3695,98.12,100.87,31.93,29.65,30.49,30.66,32.03,30.75,31.02,31.47,32.51,32.22,41.84,35.04,32.91,31.38,40.12,47.13,38.55,39.25,40.58,38.69,44.06,89.2
3715,45.74,98.12,31.93,29.65,30.49,30.75,31.93,30.75,31.02,31.47,32.51,32.22,42,35.04,32.91,31.29,40.12,47.13,38.41,39.25,40.58,38.69,44.06,81.77
3733,97.24,99.94,46.73,29.65,30.49,30.75,32.32,30.66,31.02,31.47,32.51,32.22,42.16,35.04,32.91,31.29,39.98,47.13,38.55,39.25,40.43,38.69,43.88,81.77
3754,96.37,99.02,31.38,29.65,30.49,30.66,31.93,30.75,31.11,31.47,32.51,32.22,42,35.04,32.91,31.38,40.12,45.16,38.55,39.25,40.43,38.55,44.06,81.15
3772,74.95,96.37,31.38,29.65,30.49,30.66,32.61,30.75,31.02,31.47,32.51,32.12,42,35.04,32.91,31.38,40.12,45.16,38.55,39.25,40.43,38.69,44.06,81.15
3793,49.06,94.68,43.7,29.65,30.49,30.66,31.93,30.66,31.11,31.56,32.51,32.22,42,35.04,32.91,31.38,40.12,45.16,38.55,39.25,40.43,38.69,44.06,81.15
3813,96.37,96.37,31.75,29.65,30.49,30.66,31.93,30.66,31.11,31.65,32.51,32.12,44.42,35.04,33.01,31.38,40.27,45.16,38.55,39.25,40.43,38.69,43.88,81.15
3832,44.24,93.05,43.17,29.65,30.49,30.75,31.93,30.66,31.11,31.75,32.51,32.12,39.68,35.04,33.01,31.29,40.27,45.16,38.55,39.25,40.43,38.69,44.06,90.7
3852,93.86,93.86,31.38,29.65,30.49,30.75,31.84,30.66,31.11,31.93,32.51,32.12,39.68,35.04,32.91,31.29,40.27,45.35,38.69,39.25,40.43,38.69,44.06,90.7
3871,93.86,93.86,41.04,29.65,30.49,30.75,31.84,30.66,31.11,31.93,32.51,32.12,39.68,35.04,33.01,31.29,40.27,45.35,38.69,39.39,40.43,38.69,44.06,90.7
3891,93.05,92.25,41.35,29.65,30.58,30.75,31.84,30.66,31.11,31.93,32.51,32.12,39.54,35.04,32.91,31.29,40.27,45.35,38.69,39.39,40.43,38.69,44.06,90.7
3910,91.47,92.25,41.2,29.65,30.49,30.75,31.84,30.66,31.11,31.93,32.51,32.12,39.54,35.04,33.01,31.29,40.43,45.35,38.69,39.39,40.43,38.69,44.06,89.95
3930,44.79,89.95,31.56,29.65,30.58,30.75,31.84,30.66,31.2,31.93,32.51,32.12,39.68,35.04,32.91,31.2,40.43,45.54,38.83,39.39,40.43,38.69,44.24,90.7
3948,49.29,89.2,40.12,29.65,30.49,30.66,31.75,30.66,31.11,31.93,32.51,32.12,39.68,35.04,32.91,31.29,40.43,45.54,38.83,39.54,40.43,38.69,44.06,91.47
3969,91.47,90.7,34.71,29.65,30.49,30.75,33.01,30.75,31.2,31.93,32.51,32.12,39.83,35.04,33.01,31.2,40.58,45.74,38.97,39.54,40.43,38.69,44.24,91.47
3989,91.47,90.7,31.65,29.65,30.49,30.75,31.75,30.75,31.2,31.93,32.51,32.12,42.49,35.16,33.01,31.2,40.58,45.74,38.97,39.68,40.58,38.69,44.24,91.47
4008,92.25,90.7,31.47,29.65,30.49,30.75,31.75,30.75,31.2,31.93,32.51,32.12,50.44,35.16,33.01,31.2,40.73,46.13,39.11,39.68,40.43,38.69,44.24,91.47
4028,91.47,90.7,31.65,29.73,30.49,30.75,31.75,30.75,31.2,31.75,32.51,32.12,42.49,35.16,33.01,31.2,40.88,47.34,39.11,39.68,40.58,38.69,44.24,91.47
4047,91.47,90.7,31.38,29.73,30.49,30.75,31.75,30.75,31.2,31.65,32.61,32.22,41.35,35.27,33.01,31.11,40.88,45.74,39.25,39.83,40.43,38.69,44.24,91.47
4067,91.47,90.7,30.93,29.73,30.49,30.66,31.75,30.75,31.2,31.75,32.51,32.12,40.58,35.27,33.01,31.11,40.88,45.74,39.25,39.83,40.58,38.69,44.24,92.25
4086,92.25,90.7,30.84,29.73,30.49,30.66,33.01,30.75,31.2,31.75,32.51,32.22,40.58,35.27,33.01,31.11,41.04,45.74,39.39,39.83,40.58,38.83,44.24,91.47
4106,92.25,91.47,30.93,29.82,30.49,30.66,32.41,30.75,31.2,31.75,32.61,32.22,42.49,35.27,33.01,31.11,41.04,45.74,39.39,39.83,40.43,38.69,44.06,91.47
4125,93.05,91.47,31.11,29.82,30.49,30.58,32.51,30.75,31.2,31.75,32.61,32.22,42.49,35.27,33.01,31.11,41.04,45.74,39.39,39.83,40.58,38.83,44.06,92.25
4145,93.05,91.47,31.11,29.82,30.49,30.58,33.21,30.84,31.2,31.75,32.61,32.22,42.66,35.27,33.01,31.11,41.04,45.54,39.39,39.98,40.58,38.83,44.24,89.95
4166,93.05,91.47,31.11,29.82,30.49,30.58,33.21,30.75,31.2,31.75,32.51,32.22,42.49,35.39,33.01,31.11,41.2,45.54,39.54,39.98,40.58,38.83,44.24,92.25
4184,93.05,92.25,31.02,29.9,30.49,30.49,33.21,30.75,31.2,31.75,32.51,32.22,41.35,35.5,33.01,31.11,41.2,45.74,39.54,39.98,40.58,38.83,44.42,92.25
4204,93.86,92.25,31.11,29.82,30.49,30.49,33.21,30.75,31.38,31.75,32.61,32.22,41.67,35.5,33.01,31.11,41.2,46.32,39.54,39.98,40.58,38.97,44.42,92.25
4223,93.05,93.05,31.2,29.82,30.49,30.49,33.21,30.75,31.38,31.75,32.61,32.22,41.67,35.62,33.01,31.11,41.35,46.52,39.54,40.12,40.73,38.83,44.42,93.05
4243,93.86,93.05,31.11,29.82,30.49,30.58,33.21,30.75,31.38,31.75,32.61,32.22,42.49,35.62,33.01,31.11,41.35,46.13,39.68,40.12,40.58,38.97,44.42,84.32
4262,93.86,93.05,31.56,29.82,30.49,30.58,33.21,30.84,31.56,31.75,32.61,32.32,42.16,35.62,33.01,31.02,41.35,46.32,39.54,40.12,40.73,38.97,44.6,84.99
4282,93.86,93.05,31.56,29.82,30.49,30.58,33.21,30.84,31.56,31.75,32.61,32.22,41.84,35.5,33.01,31.11,41.35,46.32,39.68,40.12,40.73,38.97,44.6,84.99
4301,93.86,93.86,31.56,29.82,30.49,30.58,33.21,30.84,31.56,31.75,32.61,32.22,42.83,35.5,33.01,31.11,41.35,46.13,39.68,40.12,40.73,38.97,44.6,84.99
4321,93.86,93.86,31.56,29.82,30.49,30.49,33.11,30.84,31.56,31.75,32.61,32.32,42.83,35.5,33.01,31.11,41.35,46.52,39.68,40.12,40.73,38.97,44.42,84.99
4342,93.86,93.05,31.56,29.82,30.49,30.49,33.11,30.75,31.56,31.75,32.61,32.22,42.83,35.5,33.01,31.11,41.35,47.34,39.68,40.12,40.73,38.97,44.6,84.32
4360,93.86,93.05,31.38,29.82,30.49,30.58,33.11,30.75,31.56,31.75,32.61,32.22,43,35.5,33.01,31.11,41.35,47.34,39.68,40.12,40.73,38.97,44.6,84.99
4381,93.86,93.05,31.65,29.82,30.49,30.49,33.11,30.84,31.65,31.75,32.61,32.32,43,35.5,33.01,31.11,41.35,46.73,39.68,40.12,40.73,38.97,44.6,84.99
4399,93.86,93.86,31.65,29.82,30.49,30.49,33.11,30.75,31.65,31.75,32.61,32.32,43,35.5,33.01,31.11,41.2,46.32,39.54,40.12,40.73,38.97,44.6,84.99
4419,93.86,93.05,31.65,29.82,30.49,30.49,33.11,30.75,31.65,31.75,32.61,32.22,43,35.5,33.01,31.11,41.2,46.32,39.54,40.12,40.73,38.97,44.6,84.99
4440,93.86,93.05,31.65,29.9,30.49,30.49,33.11,30.84,31.65,31.84,32.61,32.32,43,35.5,33.01,31.11,41.35,45.93,39.39,39.98,40.73,38.97,44.6,84.99
4458,93.86,93.86,31.02,29.82,30.49,30.49,33.11,30.84,31.38,31.84,32.61,32.22,42.83,35.5,33.01,31.11,41.2,45.93,39.39,39.98,40.73,38.97,44.6,84.99
4479,93.86,93.86,31.11,29.82,30.49,30.49,33.21,30.84,31.56,31.84,32.61,32.22,39.68,35.5,33.01,31.11,41.2,45.54,39.25,39.98,40.73,38.83,44.6,84.99
4497,93.86,93.86,31.75,29.9,30.49,30.49,33.11,30.75,31.2,31.84,32.61,32.22,40.58,35.5,33.01,31.11,40.88,45.35,39.25,39.83,40.58,38.83,44.6,89.2
4518,93.05,93.86,31.75,29.82,30.49,30.49,33.11,30.75,31.2,31.84,32.61,32.22,39.83,35.5,32.91,31.11,41.04,45.35,39.11,39.83,40.73,38.83,44.42,94.68
4538,93.86,94.68,31.29,29.9,30.49,30.49,33.11,30.75,31.2,31.75,32.61,32.22,39.54,35.5,32.91,31.11,40.88,45.54,39.11,39.83,40.58,38.83,44.42,93.86
4557,93.05,94.68,31.65,29.9,30.49,30.49,31.84,30.75,31.2,31.84,32.61,32.22,68.75,35.39,32.91,31.11,40.88,45.74,39.11,39.68,40.58,38.83,44.42,93.86
4577,93.86,93.86,31.02,29.9,30.49,30.4,31.84,30.75,31.2,31.84,32.61,32.22,39.11,35.27,32.81,31.11,40.73,45.74,38.97,39.68,40.58,38.83,44.42,93.86
4596,93.86,93.86,30.84,29.82,30.49,30.4,31.84,30.75,31.2,31.75,32.61,32.22,39.11,35.39,32.81,31.11,40.73,45.35,38.97,39.68,40.58,38.83,44.42,84.99
4616,93.05,93.05,31.29,29.9,30.49,30.4,31.84,30.75,31.11,31.84,32.61,32.22,41.35,35.39,32.81,31.11,40.73,45.16,38.83,39.54,40.58,38.83,44.42,93.86
4635,93.86,93.86,31.02,29.9,30.49,30.4,31.84,30.75,31.11,31.75,32.61,32.22,39.68,35.39,32.71,31.11,40.43,45.35,38.83,39.54,40.58,38.83,44.42,93.86
4655,93.86,93.86,31.2,29.9,30.49,30.4,33.11,30.75,31.2,31.75,32.61,32.22,39.25,35.39,32.81,31.11,40.58,45.93,38.83,39.54,40.58,38.83,44.24,93.05
4675,94.68,94.68,31.2,29.9,30.49,30.4,31.84,30.75,31.11,31.75,32.61,32.12,39.11,35.39,32.71,31.11,40.58,45.93,38.83,39.54,40.43,38.69,44.24,93.86
4694,94.68,94.68,30.84,29.82,30.49,30.4,32.41,30.75,31.11,31.75,32.51,32.22,39.11,35.27,32.71,31.11,40.43,46.32,38.83,39.54,40.58,38.83,44.24,93.05
4714,94.68,94.68,30.84,29.82,30.49,30.4,31.84,30.75,31.11,31.75,32.61,32.22,39.11,35.27,32.61,31.11,40.43,46.32,38.69,39.54,40.43,38.83,44.24,93.05
4733,95.52,95.52,30.66,29.82,30.49,30.4,31.93,30.75,31.11,31.75,32.51,32.12,38.97,35.27,32.71,31.11,40.43,45.74,38.69,39.54,40.58,38.83,44.24,93.05
4753,94.68,95.52,30.75,29.82,30.49,30.4,32.71,30.75,31.11,31.75,32.51,32.12,40.12,35.27,32.61,31.11,40.43,46.13,38.69,39.39,40.43,38.69,44.42,92.25
4772,96.37,96.37,30.75,29.82,30.49,30.4,31.84,30.75,31.11,31.75,32.51,32.12,39.98,35.27,32.71,31.11,40.43,46.32,38.69,39.39,40.58,38.83,44.42,92.25
4792,97.24,96.37,31.02,29.82,30.49,30.4,31.93,30.75,31.11,31.75,32.51,32.22,40.73,35.27,32.71,31.11,40.27,46.13,38.83,39.39,40.58,38.83,44.42,93.05
4811,95.52,95.52,30.75,29.82,30.49,30.4,31.84,30.66,31.11,42,32.51,32.12,39.98,35.16,32.71,31.11,40.43,46.32,38.83,39.25,40.43,38.83,44.24,92.25
4831,98.12,98.12,30.84,29.82,30.49,30.4,32.03,30.75,31.11,31.84,32.51,32.12,41.67,35.16,32.71,31.11,40.12,46.32,38.69,39.25,40.43,38.83,44.24,92.25
4850,98.12,97.24,30.75,29.82,30.49,30.4,32.03,30.66,31.11,31.75,32.51,32.12,42,35.27,32.71,31.11,40.27,46.13,38.69,39.39,40.43,38.83,44.24,92.25
4870,98.12,96.37,30.93,29.82,30.49,30.4,33.52,30.75,31.11,31.75,32.51,32.12,42,35.16,32.71,31.11,40.27,45.93,38.69,39.25,40.43,38.83,44.24,92.25
4891,99.02,97.24,31.11,29.82,30.49,30.4,32.03,30.75,31.2,31.84,32.51,32.12,42.49,35.16,32.81,31.11,40.27,45.35,38.69,39.25,40.43,38.83,44.24,92.25
4909,99.02,97.24,31.11,29.82,30.49,30.4,32.51,30.75,31.2,31.75,32.51,32.12,42,35.27,32.81,31.11,40.27,45.35,38.55,39.25,40.43,38.83,44.24,92.25
4929,98.12,96.37,30.84,29.82,30.49,30.32,32.03,30.75,31.2,31.75,32.51,32.12,42,35.16,32.81,31.11,40.12,45.16,38.55,39.11,40.43,38.69,44.24,92.25
4948,97.24,97.24,30.84,29.82,30.49,30.32,32.03,30.75,31.2,31.75,32.51,32.12,42.16,35.27,32.81,31.11,40.27,45.16,38.55,39.25,40.43,38.69,44.24,92.25
4968,97.24,97.24,30.84,29.82,30.49,30.32,32.03,30.75,31.2,31.75,32.41,32.12,42.16,35.27,32.81,31.2,40.27,44.97,38.41,39.11,40.43,38.83,44.24,92.25
4987,98.12,97.24,30.84,29.82,30.49,30.32,32.03,30.75,31.11,32.91,32.51,32.12,41.84,35.27,32.81,31.11,40.12,44.79,38.55,39.11,40.43,38.83,44.24,92.25
5007,97.24,97.24,30.93,29.9,30.49,30.32,32.03,30.75,31.2,32.03,32.51,32.12,42.33,35.27,32.81,31.2,40.12,44.79,38.41,39.11,40.43,38.83,44.06,90.7
5028,81.15,74.95,30.93,29.9,30.49,30.32,32.12,30.75,31.2,32.03,32.51,32.12,42.49,35.16,32.81,31.2,40.12,44.6,38.41,39.11,40.43,38.83,44.06,89.95
5046,57.41,95.52,30.93,29.9,30.49,30.32,32.03,30.75,31.2,32.03,32.51,32.12,42,35.16,32.91,31.2,40.12,44.97,38.41,39.11,40.43,38.83,44.06,89.95
5067,44.24,96.37,31.2,29.9,30.49,30.4,32.03,30.75,31.47,38.83,32.51,32.12,45.54,35.27,32.91,31.2,40.12,45.74,38.41,39.25,40.43,38.69,44.06,90.7
5085,38.14,96.37,31.38,29.82,30.49,30.32,32.03,30.75,31.47,32.22,32.51,32.12,42.33,35.16,32.91,31.2,39.98,45.93,38.27,39.25,40.43,38.69,44.06,90.7
5106,38.97,96.37,31.38,29.82,30.58,30.32,32.12,30.75,31.47,35.86,32.51,32.12,42.16,35.16,32.91,31.2,40.12,45.93,38.27,39.25,40.43,38.69,44.06,91.47
5124,98.12,99.02,31.38,29.9,30.58,30.32,32.12,30.84,31.47,41.2,32.51,32.12,42,35.27,32.91,31.2,40.12,45.74,38.27,39.25,40.43,38.69,43.88,90.7
5144,98.12,98.12,31.38,29.9,30.58,30.32,32.32,30.75,31.2,38.27,32.51,32.12,42,35.16,32.81,31.2,40.12,45.74,38.27,39.25,40.43,38.69,44.06,90.7
5163,98.12,98.12,31.38,29.9,30.58,30.32,32.41,30.75,31.2,38.69,32.51,32.12,42,35.27,32.91,31.2,40.12,45.93,38.14,39.25,40.43,38.69,44.06,90.7
5183,97.24,99.02,31.38,29.9,30.58,30.32,32.03,30.75,31.2,41.2,32.51,32.12,41.84,35.27,32.81,31.29,40.12,45.74,38.01,39.25,40.43,38.55,44.06,79.95
5204,42.49,87.75,31.38,29.9,30.58,30.32,32.12,30.75,31.2,41.04,32.51,32.12,42,35.27,32.91,31.29,40.12,45.93,38.14,39.25,40.58,38.55,44.06,79.95
5222,95.52,81.77,30.93,29.9,30.58,30.32,32.03,30.75,31.11,41.04,32.51,32.12,42.16,35.16,32.91,31.29,40.12,45.93,38.01,39.39,40.43,38.55,44.24,79.95
5243,37.35,52.91,30.93,29.9,30.58,30.32,32.03,30.75,31.11,41.04,32.51,32.12,42.33,35.27,32.91,31.29,40.12,45.93,38.01,39.39,40.58,38.55,44.06,81.15
5261,38.69,97.24,30.84,29.9,30.58,30.32,32.03,30.75,31.11,39.83,32.51,32.12,42.33,35.27,32.91,31.29,39.98,45.93,38.01,39.39,40.58,38.55,44.06,89.95
5282,37.35,95.52,30.93,29.9,30.58,30.32,31.93,30.75,31.11,38.27,32.51,32.12,41.35,35.27,33.01,31.29,40.12,45.93,37.87,39.39,40.73,38.55,44.06,89.95
5300,37.87,93.86,30.84,29.82,30.58,30.32,32.12,30.66,31.11,31.93,32.51,32.12,40.58,35.27,33.01,31.38,40.12,45.93,38.01,39.25,40.73,38.55,44.06,89.95
5321,37.61,96.37,30.84,29.82,30.58,30.32,43.7,30.66,31.11,31.75,32.51,32.12,40.27,35.27,33.01,31.38,40.12,45.93,37.87,39.25,40.73,38.55,44.06,89.2
5339,38.14,84.32,30.84,29.9,30.58,30.4,32.71,30.66,31.11,31.65,32.51,32.12,40.27,35.16,33.01,31.29,40.12,45.74,37.87,39.39,40.73,38.55,44.24,90.7
5360,37.48,97.24,30.84,29.9,30.58,30.32,37.87,30.66,31.11,31.65,32.51,32.12,40.43,35.27,32.91,31.38,40.12,45.93,37.87,39.39,40.73,38.55,44.24,90.7
5378,39.98,99.02,30.93,29.9,30.58,30.32,32.91,30.66,31.11,31.84,32.51,32.12,40.27,35.27,32.91,31.38,40.12,45.93,37.87,39.39,40.73,38.55,44.06,91.47
5398,48.19,99.02,30.84,29.9,30.58,30.32,55.35,30.66,31.02,31.65,32.51,32.12,40.43,35.27,33.01,31.38,40.12,45.93,37.87,39.39,40.73,38.41,44.06,90.7
5419,43.7,99.02,30.84,29.9,30.58,30.32,33.11,30.66,31.02,31.84,32.51,32.12,40.27,35.27,33.01,31.47,40.12,45.93,37.87,39.39,40.73,38.55,44.24,90.7
5437,41.35,98.12,30.84,29.9,30.58,30.32,33.11,30.66,31.02,31.84,32.51,32.12,40.27,35.27,33.01,31.56,40.12,45.93,37.87,39.39,40.73,38.55,44.24,91.47
5458,92.25,101.83,30.75,29.9,30.58,30.32,33.31,30.66,31.02,31.84,32.51,32.22,40.58,35.27,33.01,31.56,40.12,45.93,37.87,39.25,40.73,38.41,44.06,90.7
5476,38.27,99.94,30.75,29.9,30.58,30.32,47.76,30.66,31.02,31.84,32.51,32.22,40.73,35.39,33.01,31.65,40.12,45.74,37.87,39.39,40.73,38.27,44.24,91.47
5497,38.14,98.12,30.75,29.9,30.66,30.32,58.66,30.66,31.02,31.38,32.41,32.12,41.35,35.39,32.91,31.65,40.12,45.93,37.87,39.39,40.73,38.41,44.24,90.7
5515,39.39,99.02,30.75,29.9,30.66,30.32,39.68,30.66,31.11,31.38,32.51,32.22,42,35.27,32.91,31.65,39.98,45.93,37.74,39.54,40.73,38.41,44.24,90.7
5536,39.98,99.02,30.93,29.98,30.66,30.32,33.42,30.66,31.02,31.38,32.41,32.12,41.84,35.39,32.91,31.75,40.12,45.93,37.74,39.54,40.73,38.41,44.24,91.47
5556,92.25,99.94,30.66,30.15,30.66,30.32,34.05,30.66,31.02,31.38,32.51,32.22,41.35,35.39,32.91,31.75,40.12,45.93,37.74,39.54,40.88,38.41,44.24,90.7
5575,55.07,57.11,30.66,30.15,30.66,30.32,33.01,30.66,30.93,31.38,32.51,32.22,41.04,35.39,32.91,31.84,40.12,45.93,37.74,39.54,40.73,38.41,44.24,89.95
5595,45.35,55.07,30.66,30.15,30.66,30.32,38.83,30.75,31.02,31.38,32.51,32.22,41.51,35.39,32.91,31.84,40.12,44.79,37.74,39.54,40.73,38.41,44.24,92.25
5613,94.68,74.44,30.66,30.07,30.66,30.32,32.81,30.75,31.02,31.47,32.51,32.22,42,35.27,32.91,31.93,40.12,44.79,37.74,39.54,40.73,38.41,44.24,90.7
5634,81.15,95.52,30.66,30.07,30.66,30.32,32.91,30.75,31.02,31.38,32.41,32.22,42,35.27,32.91,32.03,39.98,44.79,37.74,39.54,40.73,38.41,44.24,90.7
5652,44.6,98.12,30.66,30.07,30.66,30.32,32.81,30.75,31.11,31.38,32.41,32.22,42.16,35.27,33.01,32.12,40.12,44.6,37.61,39.54,40.73,38.27,44.24,92.25
5673,70.09,99.02,30.75,30.07,30.66,30.32,33.01,30.75,31.11,31.38,32.51,32.22,42.16,35.27,33.01,32.12,39.98,44.79,37.61,39.39,40.73,38.27,44.24,91.47
5691,97.24,99.94,30.75,30.07,30.66,30.32,33.21,30.75,31.2,31.47,32.41,32.22,42.33,35.39,33.01,32.22,40.12,44.79,37.61,39.39,40.73,38.27,44.24,92.25
5712,97.24,100.87,30.66,30.07,30.66,30.32,32.81,30.75,31.2,31.38,32.41,32.32,42,35.39,33.01,32.22,40.12,44.97,37.61,39.54,40.73,38.27,44.24,91.47
5732,95.52,75.48,30.66,30.07,30.66,30.32,33.21,30.75,31.2,31.38,32.51,32.32,42,35.39,33.01,32.22,40.12,44.97,37.61,39.54,40.73,38.27,44.24,92.25
5751,92.25,99.02,30.66,30.07,30.66,30.32,38.41,30.75,31.2,31.38,32.51,32.32,42,35.39,33.01,32.32,39.98,44.97,37.48,39.54,40.73,38.27,44.24,91.47
5771,71.01,98.12,30.66,30.07,30.66,30.32,33.01,30.84,31.29,31.38,32.41,32.32,42,35.39,33.01,32.32,40.12,44.97,37.61,39.54,40.73,38.27,44.24,91.47
5790,38.97,98.12,30.66,30.07,30.66,30.32,32.81,30.84,31.2,31.38,32.51,32.32,42,35.39,33.01,32.32,40.12,45.93,37.48,39.54,40.73,38.27,44.24,92.25
5810,96.37,100.87,30.66,30.07,30.66,30.32,32.91,30.84,31.11,31.38,32.51,32.32,42,35.39,33.01,32.32,40.12,46.13,37.48,39.54,40.73,38.27,44.24,92.25
5829,97.24,100.87,30.66,29.98,30.66,30.32,43,30.84,31.02,31.38,32.51,32.32,42,35.27,33.01,32.32,40.12,46.13,37.48,39.54,40.73,38.27,44.42,92.25
5849,97.24,100.87,30.66,29.98,30.66,30.32,38.14,30.84,31.11,31.38,32.51,32.32,42,35.39,33.11,32.32,40.12,45.93,37.48,39.54,40.73,38.27,44.42,92.25
5867,97.24,100.87,30.66,30.07,30.66,30.32,32.81,30.84,31.11,31.38,32.41,32.32,42,35.39,33.01,32.41,40.12,45.74,37.48,39.54,40.73,38.27,44.42,92.25
5888,97.24,100.87,30.66,30.07,30.66,30.32,32.81,30.84,31.11,31.38,32.51,32.32,42,35.27,33.01,32.32,40.12,45.93,37.48,39.54,40.73,38.27,44.42,92.25
5908,97.24,100.87,30.75,30.07,30.66,30.32,32.71,30.84,31.11,31.38,32.51,32.32,42,35.39,33.01,32.32,40.12,46.13,37.48,39.54,40.73,38.27,44.24,92.25
5927,97.24,101.83,30.66,30.07,30.66,30.32,32.71,30.84,31.02,31.38,32.51,32.32,42,35.27,33.01,32.32,40.12,46.52,37.48,39.54,40.58,38.27,44.24,92.25
5947,98.12,101.83,30.66,30.07,30.66,30.32,32.71,30.84,31.11,31.38,32.51,32.32,41.84,35.27,33.01,32.32,40.12,46.52,37.48,39.54,40.58,38.27,44.24,92.25
5966,98.12,100.87,30.66,30.07,30.66,30.32,32.71,30.84,31.11,31.38,32.51,32.32,42,35.27,33.01,32.22,39.98,46.52,37.48,39.54,40.58,38.27,44.24,92.25
5986,91.47,96.37,30.66,30.07,30.66,30.32,32.81,30.84,31.11,31.38,32.51,32.32,40.12,35.27,33.01,32.32,40.12,46.32,37.48,39.54,40.58,38.27,44.06,90.7
6005,90.7,79.95,30.66,29.98,30.66,30.32,32.71,30.84,31.11,31.38,32.41,32.32,39.83,35.39,33.01,32.22,39.98,46.32,37.48,39.39,40.58,38.27,44.06,91.47
6025,91.47,100.87,30.66,29.98,30.66,30.32,32.81,30.75,31.11,31.47,32.51,32.32,39.98,35.27,33.01,32.22,39.98,46.32,37.61,39.39,40.58,38.14,44.06,91.47
6044,91.47,100.87,30.66,29.98,30.66,30.32,42.33,30.84,31.02,31.38,32.51,32.32,40.12,35.27,33.01,32.22,39.98,46.32,37.61,39.39,40.58,38.27,44.06,91.47
6064,90.7,100.87,30.66,29.98,30.66,30.32,32.71,30.84,31.02,31.38,32.51,32.32,43.88,35.16,32.91,32.12,40.12,46.32,37.61,39.39,40.58,38.27,44.06,91.47
6085,91.47,100.87,30.66,29.9,30.66,30.32,45.74,30.84,31.02,31.38,32.41,32.32,40.73,35.27,32.91,32.12,40.12,46.32,37.61,39.39,40.43,38.27,44.06,90.7
6103,91.47,101.83,30.66,29.9,30.66,30.32,33.11,30.84,31.02,31.38,32.51,32.32,40.43,35.27,32.91,32.12,39.98,46.32,37.74,39.25,40.43,38.41,44.06,91.47
6123,92.25,100.87,30.66,29.9,30.66,30.32,32.91,30.84,31.02,31.38,32.41,32.32,40.58,35.27,32.91,32.03,40.12,46.32,37.87,39.25,40.58,38.27,44.06,90.7
6142,92.25,100.87,30.66,29.9,30.66,30.32,32.81,30.84,31.11,31.29,32.51,32.32,41.35,35.27,32.91,32.03,40.12,46.32,37.87,39.25,40.58,38.41,44.06,91.47
6162,91.47,100.87,30.66,29.82,30.66,30.32,32.71,30.75,31.11,31.38,32.51,32.32,53.17,35.16,32.91,32.03,40.12,46.32,38.01,39.25,40.58,38.41,44.06,91.47
6181,93.05,100.87,30.66,29.82,30.58,30.32,32.91,30.84,31.02,31.38,32.41,32.32,53.7,35.16,32.91,31.93,40.12,45.93,38.01,39.25,40.43,38.41,43.88,91.47
6201,90.7,99.02,30.66,29.82,30.66,30.32,32.61,30.84,31.11,31.38,32.41,32.22,54.24,35.16,32.91,31.93,40.12,46.52,38.14,39.25,40.43,38.41,43.88,81.15
6220,89.2,95.52,30.75,29.73,30.66,30.32,32.12,30.84,31.11,31.38,32.51,32.22,53.97,35.16,32.81,31.84,40.12,46.52,38.14,39.25,40.43,38.55,43.88,90.7
6240,90.7,71.96,41.35,29.73,30.66,30.32,32.22,30.84,31.11,31.38,32.51,32.22,58.98,35.16,32.91,31.84,40.12,46.52,38.27,39.25,40.43,38.55,43.88,90.7
6261,90.7,97.24,31.29,29.73,30.58,30.4,32.22,30.84,31.02,31.29,32.41,32.22,57.72,35.16,32.81,31.75,40.12,46.52,38.27,39.25,40.43,38.55,43.88,90.7
6279,95.52,98.12,31.29,29.73,30.58,30.32,32.61,30.84,31.02,31.38,32.51,32.22,58.66,35.16,32.81,31.75,39.83,44.97,38.27,39.25,40.43,38.55,43.88,90.7
6300,95.52,98.12,31.29,29.65,30.58,30.4,32.61,30.75,31.02,31.38,32.41,32.22,61.33,35.16,32.91,31.65,39.68,44.97,38.27,39.25,40.43,38.55,43.88,90.7
6318,96.37,98.12,31.29,29.73,30.58,30.32,32.51,30.84,31.02,31.38,32.51,32.22,62.75,35.16,32.91,31.65,39.98,44.97,38.27,39.25,40.43,38.55,43.88,89.95
6338,95.52,96.37,43.52,29.73,30.58,30.4,32.51,30.84,31.02,31.47,32.51,32.22,62.75,35.16,32.91,31.65,39.98,44.97,38.27,39.25,40.43,38.69,43.88,90.7
6357,94.68,96.37,43.17,29.73,30.58,30.4,32.51,30.84,31.02,31.47,32.51,32.22,54.79,35.16,32.91,31.65,40.12,45.16,38.41,39.11,40.43,38.69,43.88,90.7
6377,93.86,95.52,42.66,29.73,30.49,30.4,32.61,30.75,31.02,31.38,32.41,32.22,42,35.16,32.91,31.56,40.12,45.16,38.27,39.25,40.43,38.69,44.06,89.95
6396,93.86,93.05,42.49,29.73,30.58,30.4,32.03,30.75,31.02,31.38,32.51,32.22,42,35.16,32.91,31.56,40.12,45.35,38.41,39.25,40.43,38.69,43.88,89.95
6416,91.47,93.05,42.16,29.73,30.49,30.4,32.12,30.75,31.11,31.38,32.51,32.22,41.67,35.16,33.01,31.47,40.12,45.74,38.41,39.25,40.43,38.69,43.88,90.7
6437,92.25,92.25,41.84,29.82,30.49,30.4,32.41,30.75,31.02,31.47,32.51,32.22,41.67,35.16,33.01,31.47,40.27,46.13,38.41,39.25,40.43,38.69,43.88,89.2
6455,91.47,92.25,41.51,29.82,30.49,30.49,32.41,30.75,31.02,31.47,32.51,32.22,41.67,35.16,33.01,31.47,40.12,46.32,38.41,39.25,40.43,38.69,44.06,89.95
6476,89.95,91.47,41.2,29.73,30.49,30.49,32.03,30.75,31.02,31.47,32.51,32.22,41.84,35.16,32.91,31.47,40.27,46.32,38.41,39.25,40.43,38.69,44.06,89.95
6494,89.95,91.47,41.04,29.73,30.49,30.49,32.12,30.75,31.11,31.47,32.41,32.22,42,35.16,32.91,31.47,40.12,46.52,38.41,39.39,40.58,38.69,43.88,89.95
6515,89.95,91.47,40.73,29.73,30.49,30.49,32.12,30.75,31.02,31.47,32.51,32.22,42,35.16,33.01,31.47,40.27,46.32,38.41,39.39,40.43,38.69,44.06,89.95
6533,89.95,91.47,41.51,29.73,30.49,30.49,32.22,30.75,31.02,31.47,32.51,32.22,42,35.27,33.01,31.47,40.27,46.52,38.41,39.39,40.43,38.69,44.06,89.95
6554,89.2,91.47,31.38,29.73,30.49,30.49,32.12,30.75,31.02,31.47,32.51,32.22,39.39,35.27,33.01,31.47,40.27,46.52,38.41,39.39,40.58,38.55,44.06,89.95
6572,89.95,90.7,31.38,29.73,30.49,30.49,32.12,30.75,31.02,31.47,32.51,32.22,39.11,35.27,32.91,31.38,40.27,46.52,38.55,39.39,40.43,38.69,44.06,90.7
6592,89.95,90.7,31.38,29.73,30.49,30.49,32.12,30.75,31.02,31.47,32.51,32.22,39.11,35.16,32.91,31.38,40.27,46.32,38.55,39.25,40.43,38.69,44.06,81.15
6611,89.2,90.7,31.47,29.73,30.49,30.49,32.12,30.75,31.02,31.38,32.51,32.22,39.11,35.27,32.91,31.38,40.27,46.32,38.55,39.25,40.43,38.55,44.06,89.95
6631,89.2,90.7,31.47,29.73,30.58,30.49,32.12,30.75,31.02,31.38,32.51,32.22,41.67,35.16,33.01,31.38,39.98,46.52,38.55,39.25,40.43,38.55,44.06,89.95
6652,39.68,89.2,31.38,29.73,30.58,30.49,32.12,30.75,31.02,31.38,32.51,32.22,42.16,35.16,33.01,31.38,40.27,46.52,38.41,39.25,40.58,38.69,44.06,81.15
6670,41.04,89.2,31.47,29.73,30.49,30.58,32.12,30.75,31.02,31.38,32.51,32.22,42.66,35.27,33.01,31.38,40.27,46.52,38.41,39.25,40.58,38.69,44.06,81.77
6691,90.7,91.47,31.47,29.73,30.49,30.66,32.12,30.75,31.02,31.38,32.51,32.22,42.16,35.27,33.01,31.38,40.27,46.52,38.55,39.39,40.43,38.69,44.06,84.99
6709,90.7,92.25,31.47,29.73,30.49,30.66,32.03,30.75,31.02,31.47,32.51,32.22,42.16,35.27,33.01,31.38,40.12,46.52,38.55,39.39,40.58,38.55,44.06,88.47
6730,40.88,89.95,31.47,29.65,30.58,30.66,32.12,30.66,31.11,31.47,32.51,32.22,42.16,35.27,33.01,31.38,40.27,46.52,38.41,39.25,40.58,38.69,44.06,87.04
6748,38.14,88.47,38.83,29.65,30.58,30.66,32.03,30.66,31.02,31.47,32.51,32.22,42,35.27,33.01,31.38,40.12,46.52,38.55,39.25,40.43,38.69,44.06,83.03
6769,57.41,89.2,31.02,29.65,30.58,30.66,32.12,30.66,31.02,31.38,32.51,32.22,41.84,35.39,33.01,31.38,40.12,46.73,38.55,39.25,40.43,38.69,43.88,81.77
6789,73.43,89.95,31.47,29.65,30.58,30.66,32.12,30.66,31.2,31.47,32.51,32.22,42.16,35.27,33.01,31.38,40.27,46.52,38.55,39.25,40.43,38.69,43.88,85.66
6807,90.7,89.95,38.97,29.65,30.58,30.66,32.03,30.66,31.11,31.47,32.51,32.22,47.55,35.27,33.01,31.38,40.27,46.52,38.41,39.25,40.43,38.69,43.88,90.7
6828,41.67,89.2,31.38,29.65,30.58,30.66,31.93,30.66,31.11,31.47,32.51,32.22,58.03,35.27,33.11,31.38,40.27,46.52,38.55,39.25,40.43,38.69,43.88,81.77
6846,78.78,89.95,31.38,29.73,30.58,30.66,31.93,30.66,31.11,31.47,32.51,32.22,65.42,35.27,33.11,31.38,40.27,46.52,38.55,39.25,40.43,38.69,44.06,81.77
6867,76.01,90.7,31.38,29.65,30.49,30.66,31.93,30.66,31.02,31.47,32.51,32.12,74.44,35.27,33.11,31.38,40.27,46.52,38.41,39.25,40.43,38.69,43.88,90.7
6885,89.2,91.47,31.38,29.65,30.58,30.66,32.03,30.66,31.11,31.56,32.51,32.12,44.42,35.27,33.11,31.29,40.27,46.52,38.55,39.25,40.58,38.55,43.88,89.2
6906,47.97,90.7,31.47,29.65,30.49,30.66,32.12,30.66,31.11,31.47,32.51,32.12,61.68,35.27,33.11,31.38,40.27,46.52,38.55,39.25,40.58,38.69,43.88,82.39
6924,89.2,92.25,31.38,29.65,30.58,30.66,31.93,30.66,31.2,31.47,32.51,32.12,42.49,35.27,33.11,31.29,40.27,46.52,38.55,39.25,40.43,38.69,43.88,90.7
6945,82.39,89.95,31.47,29.65,30.49,30.66,31.93,30.66,31.29,31.56,32.51,32.12,49.51,35.27,33.01,31.29,40.27,46.52,38.55,39.25,40.58,38.69,43.88,89.95
6965,49.74,90.7,31.56,29.65,30.49,30.75,31.84,30.66,31.29,31.56,32.51,32.12,46.73,35.27,33.01,31.29,40.27,46.52,38.55,39.25,40.43,38.69,43.88,81.77
6984,58.34,89.95,31.65,29.73,30.58,30.75,31.93,30.66,31.29,31.56,32.51,32.22,46.73,35.27,33.11,31.29,40.27,46.73,38.55,39.25,40.43,38.69,43.88,82.39
7004,91.47,91.47,31.65,29.73,30.58,30.75,31.84,30.66,31.2,31.56,32.51,32.12,42.66,35.27,33.11,31.29,40.27,46.52,38.55,39.25,40.43,38.69,43.88,91.47
7023,90.7,92.25,31.38,29.73,30.58,30.75,33.11,30.66,31.11,31.56,32.51,32.12,42.16,35.27,33.11,31.29,40.27,46.73,38.69,39.25,40.43,38.69,43.88,82.39
7043,88.47,92.25,31.47,29.73,30.58,30.75,31.93,30.66,31.2,31.65,32.51,32.12,43,35.27,33.21,31.29,40.27,46.73,38.55,39.11,40.58,38.69,43.88,81.77
7061,37.61,89.95,31.47,29.73,30.49,30.75,32.51,30.66,31.2,31.65,32.51,32.12,42.49,35.27,33.11,31.29,40.27,46.32,38.69,39.25,40.43,38.69,43.88,89.95
7082,47.55,89.95,31.75,29.73,30.58,30.75,31.84,30.75,31.2,31.56,32.51,32.12,42,35.27,33.11,31.29,40.43,46.73,38.55,39.25,40.43,38.69,44.06,89.95
7100,37.61,89.95,32.32,29.73,30.58,30.75,31.84,30.66,31.2,31.56,32.51,32.12,41.67,35.27,33.11,31.29,40.27,46.52,38.69,39.39,40.58,38.69,44.06,90.7
7121,60.64,90.7,31.38,29.73,30.58,30.75,31.84,30.75,31.29,31.56,32.51,32.12,42.49,35.27,33.11,31.29,40.43,46.73,38.69,39.39,40.58,38.69,43.88,90.7
7141,41.2,90.7,38.97,29.73,30.58,30.75,31.84,30.75,31.2,31.56,32.51,32.12,42.66,35.39,33.01,31.2,40.43,46.73,38.83,39.25,40.43,38.69,44.06,90.7
7160,38.83,91.47,39.54,29.73,30.58,30.75,32.03,30.75,31.29,31.56,32.51,32.12,42.66,35.39,33.11,31.2,40.43,46.73,38.83,39.39,40.43,38.69,44.06,91.47
7180,84.32,93.86,39.25,29.73,30.49,30.75,31.84,30.75,31.2,31.56,32.51,32.12,42,35.39,33.01,31.2,40.58,46.73,38.97,39.39,40.43,38.69,44.06,91.47
7199,89.95,93.86,31.02,29.73,30.58,30.75,32.91,30.75,31.29,31.56,32.51,32.12,42,35.39,33.01,31.2,40.58,47.97,38.97,39.54,40.58,38.83,44.24,92.25
7219,96.37,95.52,30.93,29.73,30.58,30.75,31.75,30.84,31.29,31.56,32.51,32.12,42,35.39,33.11,31.2,40.58,48.19,38.97,39.54,40.43,38.83,44.24,92.25
7238,97.24,97.24,31.02,29.73,30.58,30.75,32.71,30.84,31.29,31.56,32.51,32.12,42,35.39,33.11,31.2,40.43,48.19,39.11,39.54,40.58,38.83,44.24,92.25
7258,99.02,99.02,31.38,29.82,30.58,30.75,31.75,30.84,31.29,31.56,32.51,32.12,42,35.39,33.01,31.2,40.58,47.55,39.11,39.68,40.58,38.83,44.24,92.25
7276,99.02,99.02,31.2,29.82,30.58,30.75,32.32,30.84,31.29,31.56,32.51,32.12,42,35.5,33.11,31.2,40.73,46.93,39.11,39.68,40.58,38.83,44.24,92.25
7297,98.12,99.02,31.2,29.82,30.58,30.75,31.75,30.84,31.29,31.56,32.51,32.12,41.67,35.5,33.01,31.11,40.58,46.93,39.11,39.68,40.58,38.83,44.24,92.25
7317,99.02,99.02,31.29,29.82,30.58,30.75,32.91,30.84,31.29,31.56,32.51,32.12,42,35.5,33.01,31.11,40.73,46.93,39.11,39.68,40.58,38.69,44.24,92.25
7336,99.94,99.02,31.2,29.73,30.49,30.75,32.22,30.84,31.29,31.56,32.51,32.12,42,35.5,33.01,31.11,40.73,46.93,39.11,39.68,40.58,38.83,44.24,92.25
7356,99.02,99.02,31.38,29.73,30.49,30.75,32.03,30.84,31.29,31.56,32.51,32.12,41.84,35.5,33.01,31.2,40.73,46.93,39.11,39.68,40.58,38.83,44.24,93.05
7375,98.12,98.12,31.56,29.73,30.49,30.66,32.91,30.75,31.29,31.56,32.51,32.12,42,35.5,33.01,31.2,40.73,46.93,39.11,39.68,40.58,38.83,44.24,93.05
7395,99.02,98.12,31.38,29.82,30.49,30.66,32.91,30.75,31.29,31.56,32.51,32.12,42,35.5,33.01,31.11,40.73,46.93,39.11,39.68,40.58,38.83,44.24,93.05
7414,99.02,98.12,31.84,29.82,30.58,30.66,32.12,30.84,31.38,31.56,32.51,32.12,41.84,35.5,33.01,31.11,40.73,46.93,39.11,39.68,40.58,38.69,44.24,83.67
7434,99.02,98.12,31.84,29.82,30.49,30.66,32.41,30.84,31.38,31.65,32.51,32.12,42,35.5,33.01,31.2,40.43,46.93,39.11,39.68,40.58,38.83,44.24,93.05
7453,99.02,98.12,31.84,29.82,30.58,30.66,32.61,30.75,31.29,31.56,32.51,32.12,42,35.5,33.01,31.11,40.58,46.93,38.97,39.68,40.43,38.83,44.24,93.05
7473,99.02,99.02,31.38,29.82,30.49,30.66,32.71,30.75,31.29,31.65,32.51,32.12,42.83,35.5,33.01,31.11,40.58,46.93,39.11,39.68,40.58,38.83,44.24,93.05
7494,99.02,98.12,31.84,29.82,30.49,30.58,32.61,30.75,31.2,31.56,32.51,32.12,43.7,35.5,33.01,31.2,40.58,46.93,38.97,39.68,40.58,38.69,44.24,93.05
7512,99.02,99.02,31.65,29.82,30.49,30.58,32.51,30.75,31.2,31.56,32.51,32.12,39.83,35.5,33.01,31.2,40.43,46.73,38.97,39.68,40.58,38.69,44.24,92.25
7532,99.02,99.02,31.75,29.73,30.49,30.58,32.51,30.75,31.2,31.56,32.51,32.12,41.84,35.39,32.91,31.11,40.58,46.73,38.97,39.54,40.58,38.69,44.24,93.05
7551,99.02,99.02,31.47,29.73,30.49,30.58,32.51,30.75,31.2,31.56,32.51,32.12,41.84,35.5,32.91,31.2,40.58,46.73,38.97,39.54,40.58,38.69,44.24,92.25
7571,99.94,98.12,31.65,29.73,30.58,30.49,32.61,30.75,31.2,31.56,32.41,32.12,40.88,35.39,32.91,31.11,40.43,46.73,38.83,39.54,40.43,38.69,44.24,83.03
7590,44.06,98.12,31.75,29.73,30.58,30.49,33.01,30.75,31.2,31.56,32.51,32.12,41.67,35.39,32.81,31.11,40.43,46.73,38.83,39.54,40.43,38.69,44.24,88.47
7610,54.51,96.37,31.38,29.73,30.58,30.49,34.27,30.75,31.2,31.56,32.51,32.12,43.52,35.39,32.81,31.2,40.58,46.73,38.83,39.54,40.58,38.69,44.24,82.39
7631,37.87,96.37,30.93,29.82,30.58,30.58,32.71,30.75,31.2,31.56,32.51,32.12,46.32,35.39,32.81,31.11,40.43,46.73,38.83,39.54,40.58,38.69,44.24,85.66
7649,37.87,96.37,31.2,29.73,30.58,30.49,31.84,30.75,31.2,31.56,32.51,32.12,40.88,35.39,32.81,31.2,40.43,46.93,38.83,39.54,40.43,38.69,44.24,91.47
7670,37.87,96.37,31.29,29.73,30.58,30.49,32.22,30.75,31.2,31.56,32.51,32.12,39.54,35.27,32.81,31.2,40.43,47.13,38.83,39.39,40.43,38.69,44.24,92.25
7688,37.74,97.24,31.29,29.73,30.49,30.49,51.64,30.75,31.2,31.56,32.51,32.12,39.68,35.27,32.81,31.2,40.43,47.34,38.83,39.39,40.43,38.69,44.24,92.25
7709,43.88,97.24,31.29,29.73,30.58,30.49,40.27,30.75,31.2,31.56,32.51,32.12,42.66,35.27,32.81,31.11,40.43,47.34,38.69,39.39,40.58,38.69,44.24,87.04
7727,38.01,97.24,31.29,29.73,30.58,30.49,32.91,30.75,31.2,32.12,32.51,32.12,39.39,35.27,32.81,31.2,40.43,47.76,38.83,39.39,40.58,38.69,44.24,91.47
7747,38.01,97.24,31.2,29.73,30.49,30.49,32.81,30.75,31.2,31.65,32.51,32.12,39.39,35.27,32.71,31.11,40.43,47.55,38.69,39.39,40.43,38.69,44.24,91.47
7766,37.87,97.24,31.29,29.73,30.49,30.49,32.71,30.75,31.2,31.65,32.51,32.12,39.68,35.27,32.71,31.2,40.43,47.34,38.69,39.39,40.43,38.69,44.24,91.47
7786,37.74,97.24,31.29,29.73,30.49,30.49,33.62,30.66,31.11,31.65,32.41,32.12,39.54,35.27,32.71,31.11,40.27,46.93,38.69,39.25,40.58,38.69,44.24,93.05
7807,99.94,99.94,31.29,29.73,30.49,30.49,42,30.66,31.2,31.65,32.41,32.12,40.12,35.27,32.71,31.2,40.27,47.55,38.69,39.25,40.58,38.83,44.24,92.25
7825,98.12,99.94,31.2,29.73,30.49,30.49,32.91,30.75,31.2,31.75,32.51,32.12,39.68,35.27,32.71,31.2,40.12,47.76,38.69,39.25,40.43,38.69,44.06,91.47
7846,37.74,97.24,31.2,29.73,30.58,30.49,32.71,30.66,31.2,31.75,32.41,32.12,39.83,35.27,32.71,31.2,40.27,47.55,38.69,39.25,40.43,38.69,44.06,92.25
7864,99.02,99.02,31.38,29.73,30.58,30.49,32.71,30.75,31.11,31.65,32.51,32.12,39.83,35.27,32.71,31.2,40.27,47.55,38.69,39.25,40.43,38.69,44.06,82.39
7885,90.7,96.37,31.2,29.73,30.49,30.49,32.71,30.75,31.2,31.65,32.51,32.12,39.98,35.27,32.61,31.2,40.27,47.55,38.69,39.25,40.43,38.69,44.06,82.39
7903,99.94,100.87,31.11,29.73,30.58,30.49,32.61,30.75,31.11,31.65,32.51,32.12,39.98,35.27,32.71,31.2,40.27,47.55,38.69,39.25,40.43,38.69,44.06,81.77
7924,44.6,97.24,31.2,29.73,30.49,30.49,32.81,30.66,31.2,32.71,32.41,32.12,40.12,35.27,32.81,31.2,40.27,47.55,38.69,39.25,40.43,38.69,44.06,82.39
7942,96.37,99.94,31.11,29.73,30.58,30.49,31.93,30.75,31.38,31.84,32.51,32.12,65.81,35.27,32.81,31.2,40.27,47.55,38.55,39.25,40.43,38.69,44.06,87.04
7963,99.02,99.94,30.84,29.73,30.58,30.49,31.93,30.75,31.29,32.61,32.51,32.12,66.22,35.27,32.71,31.2,40.27,47.55,38.55,39.25,40.43,38.69,44.06,92.25
7981,99.02,99.02,31.2,29.82,30.58,30.49,32.12,30.75,31.38,32.51,32.51,32.12,66.22,35.27,32.81,31.29,40.27,47.55,38.55,39.25,40.43,38.69,44.06,92.25
8001,99.02,99.94,31.2,29.73,30.58,30.49,32.61,30.75,31.38,32.51,32.51,32.12,65.81,35.16,32.81,31.29,40.27,47.55,38.55,39.25,40.43,38.69,44.06,91.47
8022,99.02,100.87,31.2,29.73,30.58,30.49,32.12,30.75,31.38,32.51,32.41,32.12,65.81,35.16,32.91,31.29,40.27,47.76,38.55,39.25,40.43,38.69,44.06,90.7
8040,99.02,93.05,31.2,29.73,30.58,30.4,32.12,30.75,31.38,32.32,32.41,32.12,65.42,35.27,32.81,31.29,40.27,47.55,38.55,39.25,40.58,38.69,44.06,90.7
8061,100.87,101.83,31.2,29.82,30.58,30.49,32.03,30.75,31.47,32.32,32.51,32.12,65.81,35.16,32.81,31.29,40.27,47.34,38.55,39.25,40.43,38.69,44.06,92.25
8079,99.94,101.83,31.29,29.82,30.58,30.4,32.03,30.75,31.47,32.32,32.51,32.12,65.42,35.16,32.81,31.29,40.12,47.55,38.55,39.25,40.58,38.69,44.06,92.25
8100,99.94,102.8,31.29,29.82,30.58,30.4,32.03,30.75,31.29,32.32,32.51,32.12,65.81,35.16,32.81,31.29,40.12,47.55,38.41,39.25,40.58,38.69,44.06,92.25
8118,100.87,102.8,31.29,29.82,30.58,30.4,32.12,30.75,31.38,32.41,32.41,32.12,65.81,35.27,32.91,31.29,39.98,47.55,38.55,39.25,40.58,38.69,44.24,92.25
8139,99.94,102.8,31.29,29.82,30.58,30.4,32.12,30.66,31.29,32.22,32.41,32.12,69.64,35.27,32.91,31.29,40.12,47.55,38.55,39.25,40.58,38.69,44.24,92.25
8159,100.87,101.83,31.29,29.73,30.58,30.4,34.71,30.66,31.29,32.03,32.41,32.12,65.81,35.27,32.91,31.29,40.12,47.55,38.41,39.25,40.58,38.69,44.24,92.25
8178,99.02,101.83,31.2,29.73,30.58,30.4,33.31,30.75,31.2,31.56,32.51,32.12,66.22,35.27,32.91,31.29,40.12,47.55,38.55,39.25,40.58,38.69,44.24,92.25
8198,101.83,101.83,31.2,29.82,30.58,30.4,35.04,30.66,31.29,31.47,32.51,32.12,66.22,35.27,33.01,31.29,40.12,47.34,38.55,39.25,40.58,38.69,44.24,91.47
8216,99.94,101.83,31.2,29.82,30.58,30.4,33.01,30.66,31.2,31.47,32.51,32.12,66.22,35.27,32.91,31.38,40.12,47.34,38.55,39.25,40.58,38.55,44.24,91.47
8237,100.87,102.8,31.2,29.82,30.58,30.4,33.42,30.66,31.29,31.47,32.51,32.12,65.81,35.27,32.91,31.38,39.98,47.34,38.41,39.25,40.58,38.69,44.24,91.47
8255,100.87,102.8,31.2,29.82,30.58,30.32,50.67,30.66,31.2,31.56,32.51,32.12,65.81,35.27,32.91,31.38,39.98,47.34,38.41,39.25,40.58,38.69,44.06,90.7
8276,100.87,102.8,31.2,29.82,30.58,30.32,36.22,30.66,31.2,31.47,32.51,32.12,65.42,35.16,32.91,31.47,39.98,47.34,38.27,39.25,40.58,38.55,44.24,91.47
8294,99.94,99.94,31.29,29.82,30.66,30.32,53.97,30.66,31.11,31.47,32.51,32.12,65.81,35.27,32.91,31.47,40.12,47.13,38.27,39.25,40.58,38.69,44.06,88.47
8315,99.94,101.83,30.66,29.82,30.66,30.32,54.79,30.66,31.2,31.47,32.51,32.12,65.81,35.27,32.91,31.47,40.12,45.93,38.27,39.25,40.58,38.55,44.06,87.04
8335,99.94,102.8,30.66,29.73,30.66,30.32,33.01,30.66,31.2,31.47,32.51,32.12,65.42,35.27,33.01,31.47,40.12,45.93,38.27,39.25,40.58,38.55,44.06,81.77
8354,94.68,101.83,30.66,29.73,30.66,30.32,33.31,30.66,31.11,31.56,32.51,32.22,65.42,35.16,32.91,31.56,39.98,45.93,38.14,39.25,40.58,38.55,44.06,81.15
8374,95.52,90.7,30.66,29.82,30.66,30.32,33.11,30.66,31.11,31.56,32.51,32.22,65.42,35.27,33.01,31.56,39.98,45.93,38.14,39.25,40.58,38.55,44.06,81.77
8393,93.86,101.83,30.58,29.82,30.66,30.32,34.71,30.66,31.02,31.56,32.51,32.22,65.02,35.27,33.01,31.65,40.12,45.93,38.14,39.39,40.58,38.55,44.06,81.77
8413,93.86,77.1,30.66,29.82,30.66,30.32,40.12,30.66,31.11,31.47,32.51,32.22,65.42,35.27,33.01,31.65,40.12,45.93,38.14,39.39,40.43,38.55,44.06,81.77
8432,98.12,51.15,30.66,29.82,30.66,30.32,57.11,30.66,31.11,31.47,32.51,32.22,65.42,35.27,32.91,31.75,40.12,45.93,38.01,39.39,40.58,38.55,44.24,81.77
8452,97.24,101.83,30.58,29.82,30.66,30.32,57.11,30.66,31.11,31.47,32.51,32.22,65.81,35.27,33.01,31.75,39.98,46.13,38.01,39.39,40.58,38.55,43.88,81.77
8470,95.52,101.83,30.66,29.82,30.66,30.4,57.11,30.66,31.02,31.38,32.51,32.22,65.42,35.27,33.01,31.84,39.98,46.13,38.01,39.39,40.58,38.55,44.06,80.55
8491,42.66,65.81,30.75,29.82,30.66,30.4,33.31,30.66,31.29,31.47,32.51,32.22,65.42,35.39,33.01,31.84,40.12,46.13,38.01,39.54,40.58,38.55,44.06,81.77
8511,96.37,56.81,30.75,29.9,30.66,30.4,33.01,30.75,31.11,31.38,32.51,32.22,53.43,35.39,33.01,31.93,40.12,46.13,37.87,39.39,40.58,38.41,44.24,91.47
8530,99.02,101.83,30.75,29.98,30.66,30.4,37.61,30.75,31.02,31.47,32.51,32.22,42.16,35.39,33.01,32.12,39.98,46.13,37.74,39.54,40.43,38.41,44.06,81.77
8550,93.86,100.87,30.75,29.98,30.66,30.32,32.81,30.75,31.11,31.38,32.51,32.22,42.16,35.39,33.01,32.12,40.12,45.93,37.74,39.54,40.58,38.41,44.24,82.39
8569,93.86,99.94,30.66,29.9,30.66,30.32,32.81,30.75,31.29,31.47,32.41,32.32,42.16,35.39,33.01,32.22,40.12,45.35,37.74,39.54,40.43,38.41,44.24,92.25
8589,99.02,100.87,30.66,29.98,30.66,30.32,32.81,30.75,31.29,31.38,32.41,32.32,42.16,35.39,33.01,32.22,40.12,44.97,37.61,39.54,40.43,38.27,44.24,91.47
8608,97.24,100.87,30.66,29.98,30.66,30.4,32.91,30.75,31.29,31.38,32.41,32.32,42.16,35.39,33.01,32.32,40.12,44.97,37.61,39.54,40.58,38.27,44.24,91.47
8628,92.25,100.87,30.66,29.98,30.66,30.4,32.91,30.75,31.11,31.38,32.41,32.32,42.16,35.39,33.01,32.32,40.12,45.16,37.61,39.54,40.58,38.27,44.24,92.25
8647,96.37,100.87,44.97,29.98,30.66,30.32,32.81,30.75,31.11,31.38,32.41,32.32,42.16,35.5,33.01,32.41,40.12,46.13,37.61,39.54,40.58,38.27,44.24,86.35
8667,98.12,100.87,31.2,29.98,30.75,30.4,32.81,30.84,31.2,31.38,32.41,32.32,42.16,35.5,33.01,32.51,40.12,46.13,37.48,39.68,40.43,38.27,44.24,86.35
8688,97.24,99.94,31.2,29.98,30.66,30.4,32.81,30.75,31.11,31.38,32.41,32.32,42,35.5,33.01,32.51,40.12,46.13,37.48,39.68,40.58,38.27,44.42,92.25
8706,93.05,100.87,31.2,29.98,30.75,30.4,32.91,30.84,31.11,31.38,32.51,32.32,39.54,35.5,33.11,32.51,39.98,46.13,37.48,39.54,40.58,38.27,44.42,92.25
8726,98.12,99.94,31.2,29.98,30.75,30.4,32.81,30.84,31.11,31.38,32.41,32.32,39.39,35.5,33.11,32.51,40.12,45.93,37.48,39.54,40.58,38.41,44.24,91.47
8745,65.42,99.02,31.2,29.98,30.75,30.4,33.01,30.75,31.29,31.38,32.41,32.32,39.54,35.5,33.11,32.51,40.12,46.13,37.48,39.68,40.58,38.27,44.24,90.7
8765,41.04,97.24,30.75,29.98,30.75,30.4,32.91,30.75,31.2,31.38,32.51,32.32,39.54,35.5,33.11,32.51,40.12,46.13,37.48,39.68,40.58,38.27,44.42,91.47
8784,43,96.37,30.75,29.98,30.75,30.4,32.81,30.75,31.2,31.38,32.51,32.32,39.68,35.5,33.01,32.51,40.12,45.93,37.48,39.68,40.58,38.41,44.42,91.47
8804,43.52,97.24,30.75,29.9,30.75,30.4,32.81,30.75,31.29,31.38,32.41,32.32,39.68,35.5,33.01,32.51,40.12,45.93,37.48,39.68,40.58,38.27,44.42,91.47
8823,48.4,97.24,30.75,29.98,30.75,30.4,32.81,30.75,31.2,31.38,32.51,32.32,39.68,35.5,33.01,32.51,40.12,46.13,37.48,39.68,40.58,38.27,44.42,92.25
8843,56.81,97.24,30.75,29.98,30.75,30.4,32.81,30.75,31.29,31.38,32.51,32.32,39.68,35.5,33.01,32.51,40.12,45.93,37.48,39.68,40.58,38.27,44.42,92.25
8864,91.47,99.94,30.75,29.9,30.66,30.4,32.81,30.75,31.2,31.38,32.51,32.32,39.68,35.5,33.01,32.51,40.12,45.93,37.48,39.68,40.58,38.41,44.42,92.25
8882,93.05,99.94,30.75,29.9,30.66,30.4,32.81,30.84,31.29,31.38,32.51,32.32,39.54,35.39,33.01,32.51,40.12,45.16,37.48,39.54,40.58,38.41,44.42,93.05
8903,93.05,99.94,30.75,29.9,30.66,30.4,34.59,30.75,31.29,31.38,32.51,32.32,39.54,35.5,33.11,32.41,40.12,45.16,37.48,39.54,40.58,38.27,44.24,92.25
8921,92.25,99.94,30.75,29.9,30.75,30.4,32.81,30.75,31.29,31.38,32.51,32.32,39.68,35.5,33.01,32.41,40.12,45.16,37.48,39.54,40.58,38.41,44.24,92.25
8941,93.05,100.87,30.75,29.9,30.75,30.4,32.81,30.75,31.29,31.38,32.51,32.32,39.54,35.5,33.01,32.32,40.12,44.97,37.48,39.54,40.58,38.41,44.24,92.25
8960,89.2,99.94,30.75,29.9,30.75,30.4,32.91,30.84,31.29,31.38,32.51,32.32,39.39,35.5,33.01,32.32,39.98,44.79,37.61,39.54,40.43,38.27,44.06,92.25
8980,84.32,99.94,30.75,29.9,30.66,30.4,32.81,30.75,31.29,31.38,32.41,32.32,39.54,35.5,33.01,32.22,40.12,44.79,37.61,39.54,40.58,38.41,44.24,91.47
9001,92.25,100.87,31.29,29.82,30.75,30.4,32.81,30.75,31.11,31.38,32.51,32.32,39.54,35.5,33.01,32.22,39.98,44.6,37.61,39.39,40.43,38.27,44.06,91.47
9021,93.05,100.87,31.2,29.82,30.66,30.4,32.81,30.75,31.11,31.38,32.51,32.32,39.39,35.5,33.01,32.12,40.12,44.6,37.61,39.39,40.43,38.41,44.06,91.47
9040,83.67,99.02,30.75,29.82,30.75,30.4,32.91,30.75,31.11,31.38,32.51,32.32,39.39,35.5,33.01,32.12,39.98,44.6,37.74,39.25,40.43,38.41,44.06,91.47
9060,93.86,97.24,31.02,29.82,30.75,30.49,32.91,30.75,31.02,31.38,32.41,32.32,39.39,35.5,33.01,32.12,39.98,44.79,37.74,39.25,40.43,38.41,43.88,81.15
9079,63.12,98.12,31.29,29.73,30.66,30.49,32.81,30.75,31.02,31.38,32.41,32.32,39.39,35.5,33.01,32.12,39.98,44.6,37.74,39.25,40.43,38.41,44.06,90.7
9099,90.7,99.02,31.29,29.73,30.66,30.49,32.12,30.75,31.11,31.38,32.41,32.32,39.39,35.39,33.01,32.03,40.12,44.79,37.87,39.25,40.43,38.41,43.88,87.75
9118,93.86,100.87,31.29,29.73,30.66,30.4,49.06,30.75,31.11,31.38,32.51,32.32,39.39,35.39,33.01,31.93,39.98,44.79,37.87,39.25,40.43,38.41,43.88,89.95
9138,94.68,100.87,31.29,29.73,30.66,30.4,32.91,30.75,31.02,31.38,32.51,32.32,39.39,35.39,33.01,31.93,40.12,44.79,38.01,39.25,40.43,38.55,43.88,87.75
9157,93.86,100.87,31.29,29.73,30.66,30.4,40.12,30.75,31.02,31.29,32.51,32.32,39.25,35.39,32.91,31.84,40.12,44.79,38.01,39.25,40.43,38.41,43.7,89.95
9177,67.46,99.02,30.75,29.73,30.66,30.4,32.91,30.75,31.02,31.38,32.51,32.22,39.39,35.27,32.91,31.84,40.12,44.97,38.01,39.25,40.27,38.41,43.88,90.7
9197,93.05,100.87,30.75,29.73,30.58,30.4,40.73,30.75,31.02,31.38,32.51,32.32,39.39,35.27,32.91,31.84,40.12,44.97,38.14,39.25,40.43,38.41,43.7,89.2
9216,67.88,99.94,31.29,29.65,30.58,30.49,32.91,30.75,31.11,31.38,32.51,32.22,39.25,35.27,32.91,31.75,40.12,44.79,38.14,39.25,40.27,38.55,43.7,88.47
9236,38.55,98.12,30.75,29.65,30.58,30.49,33.01,30.75,31.11,31.38,32.51,32.22,39.54,35.27,32.91,31.75,40.12,44.79,38.27,39.25,40.27,38.55,43.88,88.47
9255,37.61,97.24,30.75,29.65,30.58,30.49,32.91,30.75,31.11,31.38,32.51,32.32,39.68,35.27,32.91,31.75,40.12,44.97,38.14,39.25,40.27,38.55,43.7,81.77
9275,39.83,97.24,30.84,29.65,30.58,30.49,32.91,30.75,31.02,31.47,32.51,32.22,39.54,35.27,32.91,31.56,40.12,44.97,38.27,39.25,40.43,38.55,43.88,88.47
9294,40.73,98.12,30.84,29.65,30.58,30.49,33.01,30.75,31.02,31.47,32.51,32.22,39.54,35.27,32.91,31.65,40.12,44.97,38.27,39.25,40.43,38.69,44.06,89.2
9314,93.05,99.94,30.84,29.65,30.58,30.49,32.51,30.75,31.02,31.47,32.51,32.22,39.54,35.27,32.81,31.56,40.12,45.93,38.27,39.25,40.43,38.69,43.88,83.67
9333,44.6,98.12,30.84,29.65,30.58,30.49,32.51,30.75,31.02,31.38,32.51,32.22,39.39,35.27,32.91,31.56,40.12,44.97,38.27,39.25,40.43,38.69,43.88,88.47
9353,37.35,98.12,30.84,29.65,30.58,30.49,33.01,30.75,31.02,31.47,32.51,32.22,39.25,35.27,32.91,31.56,39.98,44.97,38.41,39.25,40.43,38.69,43.88,89.2
9374,92.25,87.04,31.29,29.65,30.49,30.49,33.01,30.75,31.02,31.47,32.51,32.22,47.13,35.27,32.91,31.56,40.27,44.97,38.41,39.25,40.43,38.69,43.88,89.2
9392,44.24,98.12,31.47,29.65,30.49,30.49,33.01,30.75,31.02,31.47,32.51,32.22,38.97,35.27,32.91,31.47,40.27,44.97,38.41,39.25,40.43,38.69,43.88,88.47
9413,61.33,99.02,31.38,29.65,30.58,30.49,41.67,30.75,31.11,31.47,32.41,32.22,39.25,35.27,32.91,31.47,40.12,47.13,38.41,39.25,40.58,38.69,44.06,89.2
9431,83.67,100.87,31.47,29.65,30.58,30.49,32.12,30.75,31.02,31.38,32.51,32.22,39.54,35.27,32.91,31.47,40.12,47.34,38.41,39.25,40.58,38.69,44.06,83.03
9451,93.05,101.83,50.2,29.65,30.49,30.49,32.12,30.75,31.02,31.38,32.51,32.22,39.39,35.39,32.91,31.47,40.27,47.55,38.41,39.25,40.43,38.69,44.06,82.39
9470,93.05,100.87,49.06,29.65,30.49,30.49,32.12,30.75,31.02,31.38,32.51,32.22,44.24,35.27,32.91,31.47,40.27,47.55,38.41,39.39,40.58,38.69,44.06,81.77
9490,93.05,100.87,47.76,29.65,30.49,30.49,32.12,30.75,31.02,31.38,32.51,32.22,39.25,35.27,32.91,31.38,40.27,47.76,38.41,39.39,40.58,38.69,43.88,89.2
9509,93.86,100.87,31.47,29.65,30.58,30.49,32.32,30.75,31.02,31.38,32.51,32.22,39.11,35.39,32.91,31.47,40.27,47.76,38.41,39.25,40.58,38.69,44.06,89.2
9529,93.86,100.87,31.47,29.65,30.49,30.49,32.22,30.75,31.11,31.38,32.51,32.22,39.11,35.27,32.91,31.38,40.27,47.76,38.55,39.39,40.58,38.83,44.06,89.95
9548,93.05,100.87,47.76,29.65,30.58,30.49,32.22,30.75,31.11,31.29,32.51,32.22,39.25,35.27,33.01,31.47,40.12,47.55,38.55,39.39,40.58,38.83,44.06,85.66
9568,93.05,100.87,31.47,29.65,30.49,30.58,32.12,30.75,31.02,31.38,32.51,32.22,39.39,35.27,33.01,31.47,40.27,47.76,38.55,39.39,40.58,38.83,44.06,81.77
9589,93.05,100.87,31.47,29.65,30.58,30.58,33.42,30.75,31.11,31.38,32.51,32.22,39.39,35.39,33.01,31.38,40.27,46.93,38.55,39.25,40.58,38.69,43.88,86.35
9607,93.86,100.87,31.56,29.65,30.49,30.66,33.42,30.75,31.11,31.38,32.51,32.22,39.68,35.39,33.01,31.47,40.27,45.35,38.55,39.25,40.58,38.83,44.06,81.77
9628,93.05,100.87,31.56,29.65,30.49,30.66,32.12,30.75,31.11,31.38,32.51,32.22,39.68,35.27,33.01,31.47,40.27,45.16,38.41,39.25,40.58,38.83,44.06,90.7
9646,95.52,65.02,31.56,29.65,30.49,30.75,32.12,30.75,31.02,31.38,32.51,32.22,41.84,35.39,33.01,31.47,40.27,45.35,38.55,39.25,40.58,38.69,44.06,90.7
9666,98.12,99.02,31.56,29.65,30.49,30.75,32.12,30.75,31.02,31.38,32.51,32.22,41.84,35.39,33.11,31.38,40.27,45.35,38.55,39.25,40.58,38.69,44.06,81.77
9685,97.24,100.87,31.56,29.65,30.49,30.75,32.12,30.75,31.02,31.38,32.51,32.22,41.04,35.27,33.11,31.38,40.12,45.16,38.55,39.25,40.58,38.69,43.7,81.77
9705,99.02,100.87,31.47,29.65,30.49,30.75,33.01,30.75,31.11,31.47,32.51,32.22,41.84,35.27,33.11,31.38,40.27,45.16,38.41,39.25,40.58,38.55,43.88,81.77
9726,97.24,99.02,31.56,29.65,30.49,30.75,32.12,30.75,31.11,31.47,32.51,32.22,42,35.27,33.11,31.38,40.27,45.35,38.55,39.25,40.58,38.69,43.88,81.77
9744,97.24,99.94,47.55,29.65,30.49,30.75,32.41,30.75,31.11,31.47,32.51,32.22,42,35.39,33.11,31.38,40.12,45.35,38.41,39.11,40.58,38.69,43.88,90.7
9765,97.24,94.68,31.47,29.65,30.49,30.75,33.31,30.75,31.2,31.47,32.51,32.12,42,35.27,33.01,31.38,40.12,45.16,38.41,39.25,40.43,38.69,43.88,89.95
9783,96.37,99.02,31.47,29.65,30.49,30.75,33.31,30.75,31.2,31.47,32.51,32.22,42.33,35.27,33.01,31.38,40.12,45.16,38.41,39.25,40.58,38.69,43.88,90.7
9804,98.12,99.94,46.93,29.65,30.49,30.75,32.03,30.75,31.2,31.47,32.51,32.12,42,35.27,33.11,31.38,40.27,45.35,38.41,39.25,40.58,38.83,43.88,90.7
9822,98.12,99.94,31.56,29.65,30.49,30.84,32.03,30.75,31.29,31.47,32.51,32.12,42.16,35.27,33.11,31.38,40.27,45.35,38.55,39.25,40.58,38.83,43.88,90.7
9843,99.02,99.94,31.47,29.65,30.49,30.84,32.03,30.75,31.2,31.47,32.51,32.22,51.4,35.27,33.11,31.38,40.27,45.54,38.55,39.11,40.58,38.69,43.88,90.7
9861,98.12,99.02,31.47,29.65,30.49,30.84,32.12,30.75,31.2,31.56,32.51,32.12,45.35,35.27,33.11,31.38,40.12,45.74,38.55,39.25,40.58,38.69,43.88,90.7
9882,97.24,99.02,31.47,29.65,30.49,30.75,32.81,30.75,31.2,31.56,32.51,32.12,42.49,35.27,33.11,31.38,40.27,46.52,38.55,39.25,40.58,38.69,44.06,90.7
9902,97.24,99.02,31.65,29.65,30.49,30.75,31.93,30.75,31.2,31.56,32.51,32.12,54.79,35.27,33.11,31.29,40.27,46.73,38.55,39.25,40.58,38.55,44.06,90.7
9920,97.24,99.02,31.47,29.65,30.49,30.75,32.03,30.75,31.29,31.56,32.51,32.12,46.32,35.27,33.11,31.38,40.27,45.35,38.55,39.11,40.58,38.69,44.06,91.47
9941,97.24,98.12,31.47,29.65,30.49,30.75,32.61,30.75,31.29,31.56,32.51,32.12,46.13,35.27,33.11,31.29,40.27,45.74,38.55,39.11,40.58,38.69,44.06,91.47
9959,98.12,98.12,31.47,29.65,30.49,30.75,31.93,30.75,31.2,31.56,32.51,32.12,46.13,35.27,33.11,31.29,40.27,45.93,38.69,39.25,40.58,38.69,44.06,90.7
9980,97.24,97.24,31.65,29.65,30.49,30.75,31.93,30.75,31.29,31.65,32.51,32.12,46.13,35.27,33.11,31.29,40.27,45.54,38.69,39.25,40.58,38.69,44.06,91.47
9998,97.24,98.12,31.84,29.65,30.49,30.75,31.93,30.75,31.29,31.56,32.51,32.12,45.93,35.27,33.11,31.29,40.43,45.54,38.69,39.25,40.58,38.69,44.06,91.47
10019,94.68,97.24,31.29,29.65,30.49,30.75,31.93,30.75,31.29,31.56,32.51,32.12,42.66,35.27,33.11,31.29,40.27,47.13,38.69,39.25,40.58,38.69,44.06,90.7
10037,65.81,97.24,31.38,29.65,30.58,30.75,31.93,30.75,31.29,31.56,32.51,32.12,41.84,35.39,33.11,31.29,40.43,45.74,38.83,39.25,40.43,38.69,44.06,91.47
10058,96.37,97.24,31.65,29.65,30.58,30.75,31.84,30.75,31.29,31.56,32.51,32.12,42.16,35.39,33.11,31.29,40.43,46.93,38.83,39.39,40.58,38.69,44.06,91.47
10078,96.37,97.24,31.38,29.65,30.58,30.75,31.84,30.75,31.29,31.56,32.51,32.12,42.83,35.39,33.21,31.2,40.43,47.76,38.83,39.39,40.58,38.69,44.06,91.47
10097,96.37,97.24,31.47,29.73,30.58,30.75,31.84,30.75,31.29,31.56,32.51,32.12,42.83,35.27,33.11,31.2,40.58,47.76,38.83,39.39,40.58,38.69,44.06,91.47
10117,97.24,97.24,31.47,29.65,30.58,30.75,41.67,30.75,31.29,31.56,32.51,32.12,43.17,35.27,33.11,31.2,40.58,47.76,38.97,39.54,40.58,38.69,44.24,91.47
10135,96.37,98.12,31.38,29.73,30.58,30.75,35.16,30.75,31.29,31.65,32.51,32.12,41.04,35.39,33.21,31.2,40.43,47.97,39.11,39.54,40.58,38.69,44.24,91.47
10156,81.77,95.52,31.29,29.73,30.58,30.75,32.71,30.84,31.29,31.65,32.51,32.12,39.54,35.27,33.21,31.2,40.58,46.73,39.11,39.54,40.58,38.83,44.24,90.7
10174,49.06,96.37,30.93,29.73,30.58,30.75,32.51,30.84,31.38,31.65,32.51,32.12,39.68,35.27,33.21,31.2,40.73,46.73,39.25,39.68,40.58,38.69,44.24,91.47
10195,38.97,95.52,31.2,29.73,30.58,30.75,38.97,30.84,31.29,31.65,32.51,32.12,40.43,35.27,33.11,31.2,40.73,46.93,39.25,39.54,40.58,38.83,44.24,92.25
10215,98.12,99.02,31.11,29.73,30.49,30.75,41.84,30.84,31.38,31.65,32.51,32.12,41.84,35.39,33.11,31.2,40.73,46.93,39.25,39.68,40.58,38.83,44.24,92.25
10234,98.12,99.02,31.2,29.73,30.58,30.84,39.83,30.84,31.29,31.65,32.51,32.12,39.39,35.39,33.11,31.2,40.73,46.93,39.25,39.68,40.58,38.69,44.24,92.25
10254,98.12,99.02,31.38,29.73,30.49,30.75,32.61,30.84,31.29,31.65,32.51,32.12,39.83,35.39,33.11,31.2,40.73,46.93,39.25,39.68,40.58,38.83,44.06,93.05
10273,98.12,99.02,31.38,29.73,30.58,30.84,32.51,30.84,31.38,31.65,32.51,32.12,40.43,35.39,33.11,31.2,40.58,46.93,39.25,39.68,40.58,38.83,44.24,93.05
10293,98.12,99.02,31.47,29.73,30.58,30.75,41.2,30.84,31.29,31.65,32.51,32.12,40.43,35.39,33.11,31.2,40.88,46.93,39.39,39.68,40.58,38.69,44.24,93.05
10314,99.94,99.02,31.47,29.73,30.49,30.75,39.83,30.84,31.29,31.65,32.51,32.12,40.88,35.39,33.21,31.2,40.88,46.93,39.25,39.68,40.58,38.55,44.24,93.86
10332,99.94,99.02,31.56,29.73,30.49,30.75,54.24,30.75,31.29,31.75,32.51,32.12,40.27,35.27,33.11,31.2,40.88,46.93,39.25,39.68,40.58,38.69,44.24,93.05
10353,99.02,99.02,31.75,29.73,30.49,30.75,39.25,30.75,31.29,31.75,32.51,32.12,39.54,35.39,33.11,31.2,40.88,46.93,39.25,39.68,40.58,38.69,44.24,93.05
10371,99.02,99.02,31.75,29.73,30.58,30.75,38.97,30.75,31.29,31.75,32.51,32.12,39.83,35.39,33.11,31.2,40.88,46.93,39.25,39.68,40.58,38.69,44.24,93.05
10391,99.02,98.12,31.75,29.73,30.58,30.75,32.51,30.75,31.29,31.75,32.51,32.12,39.98,35.39,33.11,31.2,40.73,46.93,39.11,39.68,40.58,38.69,44.24,93.86
10410,99.02,98.12,31.56,29.73,30.58,30.75,53.97,30.75,31.38,31.65,32.51,32.12,39.68,35.39,33.11,31.2,40.58,46.93,39.11,39.68,40.58,38.69,44.24,93.86
10430,99.02,99.02,31.47,29.73,30.58,30.75,54.51,30.84,31.38,31.75,32.51,32.12,40.43,35.27,33.11,31.2,40.73,46.93,39.11,39.68,40.58,38.69,44.24,93.05
10451,99.02,99.02,31.47,29.82,30.58,30.75,54.24,30.84,31.38,31.75,32.51,32.12,39.54,35.27,33.11,31.2,40.73,46.73,39.11,39.68,40.58,38.69,44.24,92.25
10469,99.02,98.12,30.93,29.73,30.58,30.66,44.06,30.84,31.38,31.75,32.51,32.12,39.98,35.39,33.11,31.2,40.73,46.73,39.11,39.54,40.58,38.69,44.24,93.05
10490,99.02,98.12,31.47,29.73,30.49,30.66,34.37,30.84,31.38,31.75,32.51,32.12,40.43,35.39,33.11,31.2,40.73,46.52,38.97,39.54,40.58,38.69,44.24,92.25
10508,99.02,99.02,31.47,29.73,30.58,30.66,37.09,30.75,31.29,31.75,32.51,32.12,40.43,35.39,33.11,31.2,40.58,46.73,38.97,39.54,40.58,38.69,44.24,93.05
10529,99.94,99.02,31.47,29.73,30.58,30.66,32.71,30.75,31.38,31.75,32.51,32.12,40.27,35.39,33.01,31.2,40.58,46.52,38.97,39.39,40.58,38.69,44.06,91.47
10549,99.94,99.02,31.38,29.73,30.58,30.66,32.61,30.84,31.29,31.75,32.51,32.12,42.83,35.39,33.01,31.2,40.58,46.52,38.97,39.39,40.58,38.69,44.24,92.25
10568,99.94,99.02,31.38,29.73,30.58,30.66,32.61,30.75,31.29,31.75,32.51,32.12,40.88,35.39,33.01,31.2,40.58,46.52,38.83,39.39,40.43,38.55,44.06,92.25
10588,99.94,98.12,31.47,29.73,30.58,30.66,44.24,30.84,31.29,31.75,32.51,32.12,39.54,35.39,33.01,31.2,40.43,46.52,38.83,39.39,40.43,38.69,44.06,91.47
10607,38.97,96.37,31.47,29.73,30.49,30.66,34.48,30.75,31.2,31.75,32.51,32.12,39.54,35.39,33.01,31.2,40.43,46.52,38.83,39.25,40.43,38.69,44.06,92.25
10627,48.4,97.24,31.29,29.73,30.58,30.58,32.51,30.75,31.29,31.75,32.51,32.12,40.73,35.39,32.91,31.2,40.43,46.52,38.83,39.25,40.43,38.69,44.06,90.7
10645,49.97,96.37,31.47,29.73,30.58,30.58,32.61,30.75,31.2,31.75,32.51,32.12,40.27,35.27,32.91,31.2,40.43,46.52,38.83,39.25,40.43,38.55,44.06,92.25
10666,37.48,96.37,31.47,29.73,30.49,30.49,33.21,30.75,31.2,31.65,32.51,32.12,39.54,35.27,32.91,31.2,40.43,46.52,38.69,39.25,40.43,38.69,44.06,91.47
10686,38.27,97.24,31.38,29.73,30.58,30.49,40.43,30.75,31.38,31.65,32.51,32.12,39.68,35.27,32.91,31.2,40.43,46.52,38.69,39.25,40.43,38.69,44.06,91.47
10705,47.13,97.24,31.2,29.73,30.49,30.49,32.71,30.75,31.38,31.65,32.51,32.12,43.52,35.27,32.81,31.2,40.27,46.73,38.69,39.11,40.43,38.69,44.06,91.47
10725,97.24,99.02,31.2,29.73,30.49,30.49,31.84,30.75,31.38,31.65,32.51,32.12,44.42,35.27,32.81,31.2,40.27,47.55,38.69,39.25,40.43,38.69,44.06,92.25
10744,98.12,99.02,31.2,29.73,30.49,30.4,31.84,30.66,31.38,31.56,32.51,32.12,39.39,35.16,32.81,31.2,40.27,47.55,38.69,39.11,40.43,38.69,44.06,91.47
10764,96.37,97.24,31.2,29.73,30.58,30.4,33.21,30.75,31.2,31.56,32.51,32.12,39.25,35.27,32.81,31.2,40.27,47.55,38.69,39.11,40.43,38.69,44.24,91.47
10783,98.12,99.02,31.2,29.65,30.58,30.4,32.12,30.66,31.11,31.65,32.51,32.12,39.39,35.16,32.81,31.2,40.27,47.76,38.69,39.11,40.43,38.69,44.06,91.47
10803,98.12,99.94,31.29,29.65,30.49,30.49,32.03,30.66,31.29,31.65,32.51,32.12,39.39,35.16,32.81,31.2,40.27,47.55,38.69,39.11,40.43,38.69,44.24,91.47
10824,99.02,99.94,31.29,29.73,30.58,30.49,32.12,30.66,31.38,31.65,32.51,32.12,39.25,35.16,32.81,31.2,40.27,47.34,38.55,39.25,40.43,38.69,44.24,92.25
10842,99.02,100.87,31.29,29.65,30.58,30.49,32.12,30.66,31.38,31.65,32.51,32.12,39.39,35.16,32.81,31.2,40.27,47.55,38.55,39.25,40.58,38.69,44.24,91.47
10863,98.12,100.87,31.38,29.65,30.58,30.49,32.12,30.66,31.38,31.65,32.51,32.12,39.54,35.16,32.81,31.29,40.27,47.55,38.55,39.25,40.58,38.69,44.24,91.47
10881,99.02,100.87,31.29,29.65,30.49,30.49,32.12,30.66,31.38,31.65,32.51,32.12,39.68,35.27,32.81,31.29,40.12,47.55,38.55,39.11,40.58,38.69,44.24,91.47
10901,99.94,101.83,31.2,29.65,30.58,30.4,32.12,30.75,31.38,31.65,32.51,32.12,39.54,35.27,32.81,31.29,40.27,47.55,38.55,39.11,40.58,38.69,44.24,90.7
10920,99.94,101.83,31.29,29.65,30.58,30.49,32.03,30.75,31.38,31.75,32.51,32.12,39.39,35.16,32.71,31.29,40.12,47.34,38.55,39.11,40.58,38.69,44.06,90.7
10940,99.94,101.83,31.2,29.65,30.49,30.49,32.03,30.75,31.47,31.75,32.51,32.22,39.68,35.27,32.81,31.29,39.98,47.55,38.55,39.11,40.43,38.69,44.06,91.47
10961,99.94,101.83,31.11,29.73,30.58,30.49,32.12,30.75,31.47,31.75,32.51,32.12,54.51,35.16,32.81,31.29,40.12,47.34,38.55,39.11,40.43,38.55,44.06,91.47
10979,99.94,101.83,31.11,29.73,30.58,30.49,31.93,30.75,31.47,31.75,32.51,32.12,54.51,35.16,32.81,31.29,40.12,47.34,38.55,38.97,40.43,38.69,44.06,91.47
11000,99.94,101.83,31.11,29.73,30.58,30.49,32.03,30.75,31.38,31.75,32.51,32.12,65.42,35.16,32.81,31.29,40.12,47.55,38.55,39.11,40.43,38.69,44.06,90.7
11018,37.35,99.02,31.11,29.73,30.58,30.49,32.03,30.75,31.38,31.93,32.51,32.12,65.02,35.16,32.91,31.29,39.98,47.55,38.55,38.97,40.43,38.69,44.06,87.75
11039,99.94,101.83,31.11,29.73,30.58,30.49,32.03,30.75,31.2,31.93,32.51,32.12,39.83,35.16,32.81,31.38,40.12,47.55,38.55,39.11,40.43,38.69,44.06,92.25
11059,99.94,101.83,31.11,29.73,30.58,30.4,32.03,30.75,31.38,31.84,32.51,32.12,45.54,35.16,32.81,31.29,40.12,46.32,38.55,39.25,40.58,38.69,44.24,91.47
11078,99.94,101.83,31.11,29.73,30.58,30.4,32.03,30.84,31.47,31.93,32.51,32.12,48.19,35.16,32.91,31.29,40.12,46.52,38.41,39.25,40.43,38.55,44.24,90.7
11098,99.94,101.83,31.11,29.73,30.58,30.4,31.93,30.75,31.38,31.84,32.51,32.12,48.19,35.16,32.91,31.38,40.12,46.13,38.55,39.25,40.43,38.69,44.24,90.7
11119,99.94,101.83,31.2,29.82,30.58,30.4,32.12,30.75,31.47,31.75,32.51,32.12,45.16,35.16,32.91,31.38,40.12,46.13,38.41,39.25,40.58,38.69,44.24,91.47
11137,99.94,102.8,31.2,29.82,30.58,30.4,32.41,30.75,31.2,31.56,32.51,32.12,46.73,35.16,32.91,31.38,39.83,45.93,38.41,39.25,40.58,38.69,44.24,91.47
11157,99.94,101.83,31.11,29.82,30.58,30.4,32.41,30.75,31.2,31.65,32.51,32.12,46.52,35.16,32.91,31.38,40.12,45.93,38.41,39.25,40.58,38.69,44.06,91.47
11176,99.94,102.8,31.2,29.82,30.58,30.4,32.41,30.75,31.11,31.65,32.51,32.12,45.93,35.16,33.01,31.47,40.12,45.93,38.41,39.25,40.58,38.69,44.06,91.47
11196,99.94,101.83,31.2,29.73,30.58,30.4,32.61,30.66,31.11,31.56,32.51,32.12,45.74,35.16,32.91,31.47,40.12,46.32,38.27,39.25,40.58,38.69,44.06,91.47
11217,99.94,101.83,31.11,29.73,30.58,30.4,32.61,30.75,31.11,31.56,32.51,32.12,46.52,35.16,32.91,31.47,40.12,46.73,38.41,39.25,40.58,38.69,44.06,91.47
11235,99.94,101.83,31.2,29.73,30.58,30.4,32.61,30.66,31.11,31.56,32.51,32.22,47.55,35.16,33.01,31.47,39.98,46.93,38.41,39.25,40.58,38.55,44.24,91.47
11256,99.94,101.83,31.2,29.73,30.58,30.4,32.61,30.75,31.11,31.56,32.51,32.12,46.32,35.16,33.01,31.47,40.12,46.93,38.41,39.25,40.58,38.55,44.06,91.47
11274,99.94,101.83,31.2,29.73,30.58,30.4,32.71,30.75,31.11,31.56,32.51,32.12,44.6,35.16,33.01,31.47,39.98,46.52,38.27,39.25,40.58,38.55,44.06,81.77
11295,100.87,101.83,31.11,29.82,30.58,30.32,32.71,30.66,31.11,31.56,32.51,32.12,45.74,35.16,32.91,31.47,39.98,46.73,38.27,39.25,40.58,38.55,44.06,81.77
11315,99.94,101.83,31.11,29.82,30.58,30.32,33.21,30.66,31.2,31.47,32.51,32.12,46.73,35.16,32.91,31.47,40.12,46.32,38.14,39.25,40.58,38.55,44.24,81.15
11334,95.52,101.83,30.66,29.82,30.66,30.4,32.51,30.66,31.11,31.56,32.51,32.12,47.13,35.16,32.91,31.56,39.98,45.93,38.14,39.39,40.58,38.41,44.06,81.77
11354,98.12,100.87,30.66,29.82,30.58,30.4,32.61,30.75,31.2,31.56,32.51,32.12,41.35,35.27,32.91,31.56,39.98,45.93,38.01,39.39,40.58,38.41,44.06,91.47
11372,98.12,101.83,30.66,29.82,30.66,30.4,32.61,30.66,31.11,31.47,32.51,32.22,41.51,35.16,32.91,31.65,40.12,45.93,37.87,39.39,40.58,38.41,44.06,90.7
11393,97.24,101.83,30.66,29.82,30.66,30.32,32.71,30.66,31.11,31.38,32.51,32.22,42.33,35.16,33.01,31.75,40.12,46.13,38.01,39.39,40.58,38.41,44.24,90.7
11411,98.12,100.87,30.66,29.82,30.66,30.32,32.81,30.66,31.2,31.38,32.51,32.22,41.67,35.27,33.01,31.84,39.98,45.93,38.01,39.39,40.58,38.55,44.24,91.47
11432,93.86,100.87,31.11,29.73,30.66,30.32,32.71,30.66,31.02,31.38,32.51,32.22,44.97,35.27,33.01,31.84,39.98,44.6,38.01,39.39,40.58,38.41,44.24,91.47
11450,99.02,100.87,31.11,29.82,30.66,30.32,32.81,30.66,31.02,31.38,32.51,32.22,51.64,35.27,33.01,31.84,39.83,44.79,37.87,39.39,40.58,38.41,44.24,91.47
11471,98.12,101.83,30.58,29.73,30.66,30.32,43.88,30.66,31.11,31.38,32.51,32.22,54.24,35.39,33.01,31.93,39.98,44.79,37.87,39.54,40.73,38.41,44.24,82.39
11491,99.02,100.87,30.58,29.82,30.66,30.32,32.81,30.66,31.2,31.29,32.51,32.22,55.07,35.39,33.01,31.93,40.12,44.79,37.87,39.54,40.58,38.27,44.24,91.47
11510,93.05,100.87,31.11,29.82,30.66,30.32,32.81,30.66,31.11,31.38,32.51,32.22,57.41,35.39,33.01,31.93,40.12,44.79,37.74,39.54,40.58,38.41,44.24,91.47
11530,93.05,100.87,30.84,29.82,30.66,30.32,32.91,30.75,31.2,31.38,32.51,32.22,63.87,35.39,33.11,32.03,39.98,44.97,37.74,39.54,40.58,38.27,44.24,92.25
11549,93.86,101.83,30.93,29.82,30.66,30.4,32.91,30.75,31.2,31.38,32.51,32.22,65.42,35.39,33.11,32.12,39.98,44.79,37.61,39.68,40.58,38.41,44.24,93.05
11569,93.05,100.87,30.66,29.98,30.66,30.4,32.91,30.75,31.11,31.38,32.51,32.22,51.4,35.5,33.11,32.12,39.98,44.97,37.61,39.68,40.58,38.41,44.24,85.66
11590,93.05,100.87,31.11,30.07,30.66,30.4,33.11,30.75,31.11,31.47,32.51,32.22,39.25,35.62,33.21,32.22,40.12,44.97,37.61,39.68,40.73,38.27,44.42,87.04
11608,93.05,100.87,31.11,30.07,30.66,30.4,32.81,30.75,31.11,31.38,32.51,32.22,39.11,35.62,33.21,32.32,40.12,44.97,37.61,39.68,40.58,38.27,44.42,91.47
11628,71.01,99.94,31.11,30.07,30.66,30.4,32.22,30.75,31.11,31.38,32.51,32.22,39.39,35.62,33.21,32.41,39.98,44.97,37.48,39.68,40.58,38.27,44.42,87.04
11647,98.12,99.94,31.11,29.98,30.66,30.4,32.61,30.75,31.11,31.38,32.51,32.22,39.25,35.62,33.21,32.51,40.12,44.97,37.48,39.68,40.73,38.27,44.42,92.25
11667,76.55,99.02,31.11,30.07,30.66,30.4,32.81,30.84,31.29,31.38,32.51,32.32,53.97,35.74,33.21,32.61,39.98,44.97,37.48,39.68,40.73,38.27,44.42,82.39
11686,38.14,99.02,31.11,29.98,30.66,30.4,32.81,30.84,31.29,31.38,32.51,32.22,55.64,35.74,33.21,32.61,40.12,45.16,37.48,39.83,40.58,38.27,44.6,92.25
11706,64.63,98.12,31.11,29.98,30.66,30.4,32.91,30.75,31.2,31.38,32.51,32.22,56.51,35.74,33.21,32.71,40.27,45.16,37.48,39.83,40.73,38.27,44.6,93.05
11727,98.12,99.02,31.11,29.98,30.66,30.4,32.81,30.75,31.29,31.38,32.51,32.22,55.07,35.74,33.31,32.61,39.98,44.97,37.48,39.83,40.73,38.27,44.42,81.77
11745,50.2,98.12,31.11,29.98,30.66,30.4,32.91,30.75,31.2,31.38,32.51,32.32,55.07,35.74,33.21,32.71,40.12,45.16,37.48,39.68,40.73,38.27,44.42,82.39
11766,57.11,98.12,31.11,29.98,30.66,30.4,32.81,30.75,31.2,31.38,32.51,32.32,54.51,35.74,33.21,32.61,40.12,45.16,37.48,39.83,40.58,38.27,44.42,83.03
11784,90.7,99.94,31.11,29.98,30.66,30.4,32.91,30.84,31.29,31.38,32.51,32.22,53.7,35.74,33.21,32.71,40.12,45.16,37.48,39.83,40.73,38.27,44.6,84.99
11805,89.95,99.94,31.11,29.98,30.75,30.4,32.91,30.84,31.29,31.38,32.51,32.22,53.97,35.74,33.21,32.61,40.12,45.16,37.48,39.83,40.73,38.27,44.42,93.05
11823,89.95,100.87,31.11,29.98,30.66,30.4,32.91,30.75,31.29,31.38,32.51,32.32,53.43,35.74,33.31,32.61,40.12,45.16,37.35,39.68,40.73,38.27,44.42,93.05
11843,89.95,99.94,31.11,29.98,30.66,30.4,32.91,30.75,31.29,31.38,32.51,32.22,53.7,35.74,33.21,32.61,40.12,45.16,37.48,39.68,40.73,38.27,44.42,93.05
11864,89.95,100.87,31.2,29.98,30.75,30.4,32.91,30.84,31.29,31.38,32.51,32.32,53.7,35.74,33.21,32.51,40.12,44.97,37.48,39.68,40.58,38.27,44.42,82.39
11882,91.47,100.87,31.2,30.07,30.66,30.4,32.91,30.75,31.29,31.38,32.51,32.32,53.7,35.74,33.21,32.41,40.12,44.97,37.61,39.68,40.73,38.27,44.42,93.05
11903,94.68,99.94,31.2,29.98,30.75,30.4,32.91,30.75,31.29,31.38,32.51,32.32,53.17,35.74,33.21,32.41,40.12,44.97,37.61,39.68,40.73,38.27,44.42,92.25
11921,93.05,101.83,31.2,30.07,30.66,30.4,32.91,30.84,31.29,31.38,32.51,32.22,53.7,35.74,33.21,32.41,40.12,44.97,37.61,39.68,40.58,38.27,44.24,92.25
11942,93.05,100.87,31.29,29.98,30.66,30.4,32.91,30.84,31.11,31.38,32.51,32.32,53.97,35.74,33.21,32.32,40.12,45.16,37.48,39.54,40.58,38.27,44.24,89.2
11962,95.52,101.83,31.2,30.07,30.66,30.4,33.01,30.75,31.11,31.38,32.51,32.32,53.97,35.5,33.21,32.32,40.12,45.16,37.61,39.54,40.43,38.27,44.24,92.25
11981,93.86,101.83,31.29,30.07,30.66,30.4,34.82,30.75,31.11,31.38,32.51,32.32,54.51,35.5,33.21,32.22,39.98,44.79,37.61,39.54,40.58,38.27,44.06,92.25
12001,93.86,101.83,31.29,29.9,30.66,30.4,33.11,30.75,31.11,31.38,32.51,32.22,54.24,35.39,33.11,32.22,40.12,44.79,37.74,39.39,40.58,38.27,44.24,91.47
12020,93.86,100.87,31.11,29.9,30.66,30.49,32.91,30.75,31.11,31.38,32.51,32.32,54.51,35.39,33.21,32.12,39.98,44.79,37.74,39.39,40.43,38.27,44.24,91.47
12040,93.86,100.87,31.11,29.9,30.66,30.4,32.91,30.75,31.02,31.38,32.51,32.32,54.51,35.39,33.11,32.03,40.12,44.79,37.87,39.39,40.43,38.27,44.06,91.47
12059,93.86,100.87,31.2,29.82,30.66,30.4,32.91,30.75,31.11,31.38,32.51,32.22,55.07,35.5,33.11,32.12,39.98,44.79,37.87,39.25,40.58,38.41,44.06,81.15
12079,93.05,99.94,31.11,29.82,30.66,30.49,32.91,30.75,31.11,31.38,32.51,32.22,55.07,35.39,33.11,32.03,39.98,44.79,37.87,39.25,40.58,38.41,44.06,90.7
12099,93.86,99.94,31.2,29.82,30.66,30.4,32.91,30.75,31.11,31.38,32.51,32.22,55.35,35.39,33.11,31.93,40.12,44.97,38.01,39.25,40.43,38.41,44.06,81.15
12118,93.86,100.87,31.2,29.82,30.58,30.49,32.91,30.75,31.11,31.38,32.51,32.22,55.35,35.5,33.11,31.93,40.12,44.79,38.01,39.39,40.43,38.41,43.88,81.15
12138,93.86,99.94,31.2,29.73,30.58,30.4,32.91,30.75,31.11,31.29,32.51,32.22,55.35,35.39,33.11,31.93,40.12,44.79,38.01,39.25,40.58,38.41,44.06,81.15
12157,93.05,99.94,31.2,29.73,30.58,30.49,33.01,30.75,31.11,31.38,32.51,32.22,55.64,35.39,33.01,31.84,40.12,44.79,38.01,39.25,40.43,38.41,44.06,90.7
12177,93.86,99.94,31.11,29.73,30.58,30.49,33.01,30.75,31.02,31.38,32.51,32.32,55.64,35.27,33.01,31.84,40.12,44.97,38.27,39.25,40.43,38.41,43.88,90.7
12196,93.86,100.87,31.2,29.65,30.58,30.49,47.55,30.75,31.02,31.38,32.51,32.22,59.31,35.27,33.01,31.75,39.98,45.74,38.27,39.25,40.43,38.55,44.06,90.7
12216,93.86,99.94,31.2,29.65,30.58,30.49,35.39,30.75,31.02,31.38,32.51,32.22,59.63,35.39,32.91,31.75,40.12,44.97,38.27,39.25,40.43,38.55,44.06,89.95
12237,98.12,99.94,34.82,29.65,30.58,30.49,36.84,30.75,31.02,31.38,32.51,32.22,58.66,35.27,32.91,31.75,40.12,45.16,38.27,39.25,40.43,38.69,44.06,89.95
12255,99.02,99.94,31.2,29.65,30.58,30.49,32.71,30.75,31.02,31.38,32.51,32.22,58.03,35.27,33.01,31.65,40.12,45.16,38.27,39.25,40.58,38.55,44.06,89.2
12276,97.24,98.12,31.29,29.65,30.58,30.49,32.91,30.75,31.11,31.38,32.51,32.32,57.72,35.27,32.91,31.75,40.27,45.16,38.27,39.25,40.43,38.69,44.06,85.66
12294,98.12,99.02,43.52,29.65,30.58,30.49,33.01,30.75,31.02,31.38,32.51,32.22,59.31,35.27,32.91,31.75,40.12,44.97,38.41,39.25,40.43,38.69,44.06,89.95
12315,98.12,99.94,43.7,29.65,30.58,30.49,55.92,30.75,31.02,31.38,32.51,32.22,60.3,35.27,32.91,31.65,40.27,45.16,38.27,39.25,40.43,38.69,44.06,89.2
12335,98.12,99.02,43.7,29.65,30.58,30.49,32.91,30.75,31.02,31.38,32.51,32.22,60.64,35.16,32.91,31.65,40.27,44.97,38.41,39.25,40.58,38.69,44.24,89.95
12353,97.24,98.12,43,29.65,30.58,30.49,40.43,30.75,31.02,31.38,32.51,32.22,60.64,35.16,32.91,31.65,40.27,44.97,38.41,39.25,40.58,38.69,44.06,89.95
12374,97.24,98.12,43.35,29.65,30.58,30.49,32.61,30.75,31.02,31.38,32.51,32.22,59.31,35.16,33.01,31.65,40.27,44.97,38.41,39.25,40.58,38.69,44.24,89.95
12392,96.37,97.24,31.38,29.65,30.58,30.49,32.12,30.75,31.02,31.47,32.51,32.22,58.98,35.27,32.91,31.65,40.27,44.97,38.41,39.25,40.43,38.69,44.24,89.2
12413,95.52,96.37,43.35,29.65,30.58,30.49,32.12,30.75,31.11,31.47,32.51,32.22,57.72,35.27,32.91,31.56,40.27,45.16,38.41,39.25,40.58,38.69,44.06,89.2
12431,94.68,95.52,43,29.65,30.58,30.58,32.12,30.75,31.11,31.47,32.51,32.22,56.51,35.16,33.01,31.56,40.27,45.74,38.41,39.25,40.43,38.55,44.06,89.95
12452,93.86,94.68,41.84,29.65,30.49,30.58,32.22,30.75,31.11,31.38,32.51,32.22,54.79,35.27,33.01,31.56,40.27,45.16,38.41,39.25,40.58,38.69,44.06,89.95
12472,93.05,93.86,31.38,29.65,30.49,30.49,32.12,30.75,31.02,31.38,32.51,32.22,62.03,35.27,33.01,31.56,40.27,45.16,38.41,39.25,40.58,38.69,43.88,89.2
12493,93.05,93.05,31.38,29.65,30.49,30.58,32.03,30.66,31.02,31.38,32.51,32.22,64.63,35.27,33.01,31.47,40.27,45.16,38.41,39.25,40.58,38.69,44.06,90.7
12511,93.05,93.05,35.74,29.65,30.49,30.58,32.22,30.66,31.02,31.38,32.51,32.22,66.63,35.27,33.01,31.47,40.27,45.16,38.55,39.25,40.43,38.69,43.88,81.77
12532,92.25,93.05,31.38,29.57,30.49,30.58,32.12,30.66,31.02,31.38,32.51,32.22,65.81,35.27,33.01,31.47,40.27,45.16,38.41,39.25,40.58,38.55,44.06,81.15
12550,92.25,92.25,31.38,29.57,30.49,30.58,32.22,30.66,31.02,31.56,32.51,32.22,64.63,35.27,33.01,31.38,40.27,45.16,38.41,39.25,40.43,38.55,44.06,89.2
12571,93.05,92.25,31.38,29.65,30.49,30.58,32.61,30.75,31.02,31.56,32.51,32.22,69.64,35.27,33.01,31.38,40.43,45.16,38.41,39.25,40.43,38.55,44.06,81.15
12591,91.47,91.47,41.04,29.65,30.49,30.58,32.51,30.66,31.02,31.56,32.51,32.12,73.93,35.27,33.01,31.38,40.27,45.16,38.55,39.25,40.43,38.55,44.06,89.95
12609,91.47,91.47,31.38,29.65,30.49,30.58,32.12,30.66,31.02,31.47,32.51,32.12,74.44,35.27,33.01,31.38,40.43,45.16,38.55,39.25,40.43,38.69,44.06,90.7
12630,91.47,91.47,31.38,29.65,30.49,30.58,32.22,30.75,31.02,31.47,32.51,32.22,74.95,35.27,33.01,31.38,40.27,45.16,38.41,39.25,40.43,38.55,44.06,90.7
12648,91.47,91.47,31.29,29.65,30.49,30.58,32.32,30.75,31.02,31.56,32.51,32.22,74.95,35.27,33.01,31.38,40.27,45.16,38.41,39.25,40.43,38.69,43.88,91.47
12669,92.25,92.25,31.38,29.65,30.49,30.58,33.31,30.66,31.11,31.56,32.51,32.22,74.95,35.27,33.01,31.38,40.27,45.16,38.41,39.25,40.43,38.69,43.88,90.7
12687,93.05,92.25,31.38,29.73,30.58,30.58,33.21,30.66,31.02,31.56,32.51,32.22,74.44,35.27,33.01,31.38,40.27,45.16,38.41,39.25,40.43,38.55,44.06,91.47
12708,93.86,93.86,31.38,29.73,30.58,30.58,33.21,30.66,31.02,31.56,32.51,32.12,74.95,35.27,32.91,31.38,40.43,45.16,38.41,39.25,40.58,38.69,44.06,90.7
12728,93.86,93.05,31.38,29.73,30.58,30.58,32.91,30.66,31.11,31.56,32.51,32.12,74.95,35.27,33.01,31.47,40.27,45.35,38.41,39.25,40.43,38.69,43.88,81.77
12747,93.86,93.05,31.38,29.73,30.58,30.58,35.74,30.66,31.02,31.56,32.51,32.12,66.63,35.27,33.01,31.47,40.27,45.16,38.41,39.25,40.43,38.69,44.06,81.15
12767,94.68,93.05,31.38,29.65,30.58,30.58,32.12,30.66,31.2,31.56,32.51,32.22,71.96,35.27,33.01,31.38,40.12,45.16,38.27,39.25,40.43,38.55,43.88,81.77
12786,94.68,93.05,31.38,29.65,30.49,30.66,32.03,30.66,31.2,31.56,32.51,32.12,72.93,35.27,33.11,31.38,40.27,45.16,38.41,39.25,40.43,38.55,43.88,89.95
12806,93.86,93.05,35.5,29.65,30.58,30.66,31.93,30.66,31.2,31.56,32.51,32.12,65.81,35.39,33.11,31.38,40.27,45.16,38.41,39.25,40.43,38.69,43.88,90.7
12827,92.25,92.25,35.5,29.65,30.58,30.58,32.22,30.66,31.2,31.56,32.51,32.22,67.88,35.27,33.11,31.38,40.27,45.16,38.41,39.25,40.43,38.69,43.88,90.7
12845,92.25,92.25,31.38,29.65,30.58,30.66,32.12,30.66,31.38,31.56,32.51,32.12,59.63,35.27,33.21,31.38,40.27,45.16,38.41,39.25,40.27,38.69,43.88,90.7
12865,93.05,92.25,31.38,29.65,30.58,30.58,32.32,30.66,31.29,31.65,32.51,32.22,73.93,35.39,33.11,31.38,40.43,45.16,38.41,39.25,40.43,38.69,43.88,91.47
12884,93.86,93.05,31.75,29.65,30.58,30.66,31.93,30.66,31.29,31.65,32.51,32.12,71.48,35.27,33.21,31.38,40.27,45.16,38.41,39.25,40.43,38.69,43.7,91.47
12904,94.68,93.86,31.38,29.65,30.58,30.58,32.41,30.66,31.29,31.65,32.51,32.12,72.93,35.27,33.21,31.38,40.27,45.35,38.41,39.25,40.43,38.55,44.06,91.47
12923,95.52,95.52,31.38,29.65,30.49,30.66,31.93,30.66,31.2,31.65,32.51,32.12,71.96,35.27,33.21,31.38,40.27,45.35,38.41,39.25,40.43,38.55,44.06,90.7
12943,96.37,96.37,31.38,29.65,30.49,30.66,31.93,30.66,31.11,31.65,32.51,32.12,71.96,35.27,33.21,31.38,40.12,45.16,38.41,39.25,40.43,38.69,44.06,90.7
12964,97.24,97.24,31.38,29.65,30.49,30.66,31.93,30.66,31.2,31.65,32.51,32.12,72.44,35.27,33.21,31.38,40.43,45.35,38.55,39.25,40.43,38.69,44.06,90.7
12982,97.24,97.24,31.38,29.65,30.49,30.66,31.84,30.66,31.11,31.65,32.51,32.12,72.44,35.27,33.21,31.38,40.27,45.54,38.55,39.25,40.43,38.69,44.06,89.95
13003,97.24,97.24,31.47,29.65,30.49,30.75,31.93,30.66,31.11,31.75,32.51,32.12,72.44,35.27,33.21,31.38,40.27,45.74,38.55,39.25,40.27,38.69,44.06,91.47
13021,96.37,97.24,31.47,29.65,30.49,30.75,31.84,30.66,31.2,31.75,32.51,32.12,72.44,35.27,33.11,31.38,40.43,45.93,38.55,39.39,40.43,38.55,43.88,91.47
13042,96.37,97.24,31.47,29.65,30.49,30.66,31.84,30.66,31.38,31.75,32.51,32.12,45.93,35.39,33.11,31.38,40.43,45.93,38.55,39.39,40.43,38.55,44.06,90.7
13060,93.86,96.37,31.47,29.65,30.49,30.75,32.81,30.66,31.47,31.84,32.51,32.12,42.16,35.27,33.11,31.29,40.43,45.74,38.55,39.25,40.43,38.69,44.06,90.7
13080,95.52,95.52,31.47,29.65,30.49,30.75,32.03,30.66,31.38,31.93,32.51,32.12,42.33,35.39,33.21,31.29,40.43,46.13,38.69,39.25,40.43,38.69,44.06,90.7
13101,96.37,95.52,31.47,29.65,30.49,30.75,31.84,30.66,31.38,31.93,32.51,32.12,42.33,35.27,33.21,31.29,40.43,46.32,38.69,39.39,40.43,38.69,44.06,90.7
13119,95.52,95.52,31.47,29.65,30.49,30.66,33.11,30.66,31.56,31.93,32.51,32.12,42.33,35.39,33.01,31.29,40.12,46.32,38.55,39.39,40.43,38.69,44.06,90.7
13140,94.68,95.52,31.65,29.65,30.58,30.75,33.01,30.66,31.47,31.65,32.51,32.12,42.49,35.27,33.11,31.29,40.43,46.52,38.69,39.39,40.58,38.69,44.24,90.7
13158,95.52,95.52,31.65,29.73,30.58,30.66,32.71,30.66,31.56,31.65,32.51,32.12,42.16,35.39,33.11,31.29,40.43,47.97,38.69,39.39,40.43,38.83,44.06,90.7
13179,96.37,96.37,31.75,29.73,30.58,30.75,32.71,30.66,31.56,31.65,32.51,32.12,42.16,35.39,33.11,31.2,40.43,47.97,38.83,39.39,40.43,38.69,44.24,90.7
13199,96.37,97.24,31.84,29.65,30.58,30.75,33.11,30.66,31.47,31.75,32.51,32.12,39.11,35.39,33.11,31.29,40.43,47.97,38.83,39.39,40.58,38.69,44.24,92.25
13220,96.37,98.12,31.93,29.73,30.58,30.75,52.91,30.75,31.56,31.65,32.51,32.12,39.11,35.39,33.11,31.2,40.43,47.97,38.83,39.39,40.58,38.55,44.24,90.7
13238,98.12,98.12,31.93,29.73,30.49,30.75,53.97,30.75,31.56,31.65,32.51,32.12,40.12,35.39,33.01,31.2,40.58,47.97,38.97,39.39,40.58,38.83,44.24,91.47
13259,99.02,98.12,31.75,29.73,30.49,30.75,45.93,30.75,31.47,31.65,32.51,32.12,42.49,35.39,33.01,31.2,40.58,48.19,38.97,39.54,40.58,38.69,44.24,90.7
13277,97.24,98.12,31.56,29.73,30.49,30.75,33.42,30.75,31.38,31.65,32.51,32.12,39.11,35.39,33.11,31.2,40.58,48.4,39.11,39.54,40.58,38.69,44.24,91.47
13298,99.02,99.02,31.47,29.73,30.49,30.75,33.01,30.84,31.65,31.65,32.51,32.12,41.51,35.5,33.11,31.2,40.73,46.93,39.11,39.54,40.58,38.69,44.24,91.47
13316,97.24,99.02,31.47,29.73,30.49,30.75,40.73,30.75,31.56,31.65,32.51,32.12,39.68,35.27,33.11,31.2,40.73,46.93,39.25,39.54,40.58,38.69,44.24,90.7
13336,40.12,96.37,31.47,29.73,30.49,30.75,32.51,30.84,31.56,31.65,32.51,32.12,41.04,35.39,33.11,31.2,40.88,48.19,39.25,39.54,40.58,38.69,44.24,91.47
13357,72.44,97.24,31.2,29.73,30.49,30.75,40.73,30.84,31.29,31.65,32.51,32.12,42,35.27,33.01,31.2,40.88,46.93,39.39,39.54,40.58,38.69,44.24,92.25
13375,99.02,99.02,31.29,29.73,30.49,30.84,32.61,30.84,31.29,31.65,32.51,32.12,42,35.39,33.01,31.11,40.88,46.73,39.39,39.54,40.58,38.69,44.24,93.05
13396,99.02,99.02,31.2,29.73,30.49,30.75,32.51,30.84,31.29,31.65,32.51,32.03,41.84,35.39,33.01,31.2,40.88,46.73,39.54,39.54,40.58,38.83,44.24,93.86
13414,99.94,99.02,31.38,29.82,30.49,30.75,44.24,30.84,31.29,31.65,32.51,32.12,39.98,35.39,33.01,31.11,40.88,46.73,39.54,39.54,40.58,38.69,44.24,93.86
13435,99.94,99.94,31.47,29.82,30.49,30.75,32.91,30.84,31.38,31.93,32.51,32.12,39.39,35.39,33.01,31.11,40.88,46.93,39.54,39.54,40.58,38.83,44.06,93.86
13455,99.94,99.94,31.38,29.82,30.49,30.84,41.67,30.84,31.38,31.93,32.51,32.12,39.54,35.39,33.01,31.11,40.88,46.93,39.54,39.54,40.58,38.69,44.24,93.86
13474,99.94,99.02,31.38,29.82,30.49,30.84,43.17,30.84,31.38,31.93,32.51,32.12,42,35.39,33.01,31.11,40.88,46.93,39.39,39.54,40.58,38.69,44.06,93.05
13494,99.94,98.12,31.11,29.82,30.49,30.75,32.51,30.84,31.38,31.93,32.51,32.12,41.84,35.39,33.11,31.11,40.88,46.73,39.39,39.54,40.58,38.83,44.06,93.86
13515,99.94,98.12,31.2,29.82,30.49,30.75,33.31,30.84,31.29,31.75,32.51,32.12,42,35.39,33.01,31.11,40.88,46.73,39.39,39.54,40.58,38.69,44.24,93.05
13533,99.02,98.12,31.65,29.73,30.49,30.75,32.61,30.84,31.29,31.65,32.51,32.12,41.84,35.39,33.01,31.11,40.73,46.73,39.39,39.54,40.58,38.69,44.24,93.05
13554,99.02,98.12,31.47,29.82,30.49,30.66,42.16,30.84,31.29,31.75,32.51,32.12,41.84,35.5,33.01,31.11,40.88,46.73,39.25,39.54,40.58,38.69,44.24,93.05
13572,99.02,97.24,31.56,29.82,30.49,30.66,35.62,30.84,31.38,31.65,32.51,32.12,41.67,35.5,33.01,31.2,40.73,46.73,39.25,39.54,40.58,38.69,44.06,92.25
13592,99.02,98.12,31.38,29.82,30.49,30.58,54.24,30.84,31.29,31.75,32.51,32.12,39.25,35.5,33.01,31.2,40.73,46.73,39.25,39.54,40.58,38.69,44.06,92.25
13613,98.12,97.24,31.75,29.82,30.49,30.58,52.91,30.84,31.29,31.75,32.51,32.12,40.73,35.39,32.91,31.2,40.73,46.73,39.25,39.39,40.43,38.69,44.06,92.25
13631,99.02,97.24,31.47,29.82,30.49,30.58,51.64,30.75,31.29,31.65,32.51,32.12,39.25,35.39,33.01,31.2,40.73,46.73,39.11,39.39,40.43,38.69,44.06,92.25
13652,99.02,98.12,31.2,29.73,30.49,30.49,46.52,30.75,31.29,31.65,32.41,32.12,40.43,35.39,33.01,31.11,40.43,46.73,39.11,39.39,40.43,38.69,44.06,92.25
13670,99.02,98.12,30.93,29.82,30.49,30.49,32.61,30.75,31.2,31.75,32.51,32.12,40.58,35.39,33.01,31.2,40.43,46.52,39.11,39.39,40.43,38.69,44.06,92.25
13691,99.02,99.02,31.02,29.73,30.49,30.49,32.61,30.75,31.2,31.75,32.41,32.12,39.83,35.39,33.01,31.2,40.58,46.52,38.97,39.39,40.43,38.69,44.06,89.95
13709,37.74,96.37,30.93,29.73,30.49,30.49,32.61,30.75,31.2,31.75,32.51,32.12,39.54,35.39,33.01,31.2,40.58,46.52,38.97,39.25,40.43,38.69,44.06,90.7
13730,37.61,97.24,31.02,29.73,30.49,30.49,32.61,30.75,31.2,31.75,32.51,32.12,47.76,35.39,32.91,31.2,40.43,46.52,38.83,39.25,40.43,38.69,44.06,89.95
13750,57.72,97.24,31.38,29.73,30.49,30.49,32.61,30.75,31.2,31.65,32.51,32.12,43.88,35.39,32.91,31.2,40.43,46.52,38.83,39.25,40.43,38.69,44.06,90.7
13769,57.11,96.37,31.29,29.73,30.49,30.49,38.97,30.66,31.2,31.65,32.41,32.12,41.04,35.39,32.91,31.2,40.43,46.52,38.83,39.25,40.43,38.69,44.06,90.7
13789,39.68,97.24,31.38,29.73,30.49,30.49,32.71,30.66,31.2,31.65,32.41,32.12,39.68,35.27,32.91,31.11,40.43,46.52,38.97,39.25,40.43,38.69,44.06,90.7
13808,54.51,97.24,31.29,29.73,30.49,30.49,32.71,30.66,31.2,31.75,32.51,32.12,39.68,35.27,32.81,31.2,40.43,46.32,38.83,39.25,40.43,38.69,44.06,90.7
13828,37.87,97.24,31.2,29.73,30.49,30.4,32.71,30.66,31.2,31.65,32.41,32.12,43.35,35.27,32.81,31.2,40.27,46.32,38.83,39.25,40.43,38.69,43.88,89.95
13846,37.61,96.37,31.29,29.73,30.49,30.4,49.97,30.66,31.11,32.51,32.51,32.12,39.25,35.27,32.81,31.2,40.43,46.32,38.83,39.25,40.43,38.69,44.06,90.7
13867,47.13,98.12,31.29,29.73,30.49,30.4,44.79,30.66,31.11,31.65,32.51,32.12,39.11,35.27,32.71,31.2,40.27,46.52,38.83,39.11,40.43,38.69,44.06,90.7
13887,56.22,97.24,31.47,29.73,30.49,30.4,33.21,30.66,31.11,31.56,32.51,32.12,38.97,35.16,32.71,31.2,40.27,46.32,38.83,39.25,40.43,38.69,44.06,89.95
13906,37.61,98.12,31.11,29.73,30.49,30.4,32.03,30.66,31.11,32.51,32.41,32.12,38.97,35.16,32.71,31.2,40.27,46.32,38.69,39.11,40.43,38.69,44.06,90.7
13926,99.02,99.94,31.2,29.65,30.49,30.4,31.93,30.66,31.29,31.65,32.41,32.12,39.11,35.16,32.81,31.2,40.27,46.32,38.69,39.11,40.43,38.69,44.06,90.7
13945,99.02,99.94,31.2,29.65,30.49,30.4,31.93,30.75,31.2,31.65,32.41,32.12,41.67,35.27,32.81,31.2,40.12,47.34,38.69,39.11,40.43,38.69,44.06,90.7
13965,99.02,99.02,31.11,29.73,30.49,30.4,32.03,30.75,31.47,32.51,32.51,32.12,50.2,35.16,32.81,31.2,40.27,47.34,38.69,39.11,40.43,38.69,44.06,90.7
13984,99.02,99.94,31.11,29.73,30.49,30.4,32.03,30.66,31.38,32.51,32.41,32.12,45.93,35.27,32.91,31.29,40.12,47.76,38.69,39.11,40.43,38.69,44.06,89.95
14004,93.86,99.94,31.11,29.73,30.58,30.4,32.12,30.66,31.38,32.51,32.41,32.12,47.34,35.16,32.81,31.2,40.12,47.76,38.69,39.11,40.43,38.55,44.06,90.7
14025,93.86,100.87,31.11,29.65,30.49,30.4,32.22,30.66,31.38,32.41,32.41,32.12,52.91,35.16,32.81,31.2,40.27,47.76,38.55,39.11,40.27,38.69,44.06,90.7
14043,93.86,100.87,31.11,29.65,30.58,30.4,32.22,30.66,31.2,32.41,32.41,32.12,53.17,35.16,32.91,31.29,40.12,47.76,38.69,39.11,40.43,38.69,44.24,90.7
14064,99.94,100.87,31.56,29.65,30.58,30.4,32.22,30.66,31.11,32.41,32.41,32.12,52.14,35.16,32.91,31.29,40.12,47.76,38.69,39.11,40.43,38.69,44.06,90.7
14082,93.86,100.87,31.2,29.73,30.58,30.4,32.61,30.66,31.29,32.32,32.41,32.12,42.83,35.16,32.91,31.29,39.98,47.76,38.69,39.11,40.27,38.69,44.06,90.7
14102,93.86,100.87,31.11,29.65,30.49,30.4,40.73,30.75,31.2,32.32,32.41,32.12,47.34,35.16,32.81,31.29,40.12,47.76,38.69,39.11,40.43,38.69,44.06,90.7
14121,93.86,100.87,31.2,29.73,30.58,30.4,45.74,30.75,31.47,32.32,32.41,32.12,51.15,35.16,32.81,31.29,40.12,47.76,38.55,38.97,40.43,38.55,44.06,90.7
14141,95.52,100.87,31.2,29.73,30.58,30.4,47.13,30.75,31.47,32.32,32.41,32.12,51.64,35.04,32.81,31.29,40.12,47.76,38.55,39.11,40.27,38.55,44.06,89.2
14162,57.72,99.94,31.2,29.73,30.58,30.4,33.21,30.75,31.47,32.32,32.41,32.12,50.67,35.04,32.81,31.29,40.12,46.93,38.55,39.11,40.43,38.55,44.06,90.7
14180,38.14,97.24,31.2,29.73,30.58,30.4,39.98,30.66,31.11,32.41,32.41,32.12,50.67,35.16,32.91,31.29,40.12,46.32,38.55,39.25,40.43,38.55,44.06,76.55
14201,46.13,99.02,31.2,29.73,30.58,30.4,40.43,30.66,31.11,32.41,32.41,32.12,54.51,35.04,32.91,31.29,40.12,46.32,38.55,39.25,40.43,38.55,44.06,89.95
14219,38.83,99.02,31.2,29.73,30.58,30.32,38.69,30.66,31.38,32.03,32.51,32.12,48.62,35.04,32.91,31.29,40.12,46.13,38.41,39.25,40.58,38.55,44.24,91.47
14240,94.68,101.83,31.2,29.73,30.58,30.32,40.58,30.66,31.2,31.56,32.51,32.12,48.4,35.04,32.91,31.38,39.98,46.52,38.41,39.25,40.58,38.69,44.24,90.7
14260,93.86,101.83,31.2,29.73,30.58,30.32,55.92,30.66,31.38,31.56,32.51,32.12,48.4,35.04,32.91,31.38,40.12,46.73,38.41,39.25,40.58,38.55,44.24,90.7
14279,94.68,100.87,31.2,29.73,30.58,30.32,33.73,30.66,31.38,31.65,32.51,32.12,49.51,34.93,32.91,31.38,40.12,47.34,38.41,39.25,40.58,38.55,44.24,91.47
14299,99.94,101.83,31.2,29.73,30.58,30.32,46.32,30.66,31.38,31.65,32.51,32.12,51.89,35.04,32.91,31.38,40.12,47.13,38.27,39.25,40.58,38.41,44.24,89.95
14317,99.02,101.83,30.75,29.82,30.58,30.32,43.17,30.66,31.29,31.65,32.51,32.12,54.24,35.04,32.91,31.38,40.12,47.34,38.27,39.25,40.58,38.41,44.24,91.47
14338,99.02,101.83,30.75,29.82,30.58,30.32,33.52,30.66,31.11,31.56,32.51,32.12,54.79,35.04,32.91,31.38,40.12,47.34,38.27,39.25,40.58,38.55,44.24,91.47
14356,95.52,102.8,30.75,29.73,30.58,30.32,41.51,30.66,31.11,31.47,32.51,32.22,55.07,35.16,32.91,31.47,39.83,47.13,38.27,39.25,40.58,38.55,44.24,90.7
14377,38.83,99.94,30.75,29.73,30.58,30.32,37.61,30.66,31.11,31.56,32.51,32.12,52.14,35.16,32.91,31.38,40.12,47.34,38.27,39.25,40.58,38.55,44.24,90.7
14397,99.02,101.83,30.75,29.73,30.58,30.32,33.21,30.58,31.11,31.56,32.51,32.12,39.68,35.16,32.91,31.38,40.12,47.34,38.27,39.25,40.58,38.41,44.24,81.15
14416,99.94,101.83,30.75,29.73,30.58,30.32,33.11,30.58,31.11,31.65,32.51,32.12,51.15,35.16,33.01,31.47,40.12,47.34,38.27,39.39,40.58,38.55,44.24,81.15
14436,99.94,100.87,30.75,29.73,30.66,30.32,53.7,30.66,31.02,31.65,32.51,32.12,46.32,35.27,32.91,31.38,40.12,47.34,38.14,39.25,40.58,38.41,44.24,92.25
14455,99.94,102.8,30.75,29.73,30.66,30.32,58.03,30.58,31.2,31.56,32.51,32.12,54.51,35.27,33.01,31.47,40.12,47.34,38.14,39.39,40.58,38.41,44.06,92.25
14475,99.94,102.8,30.75,29.73,30.58,30.32,33.11,30.58,31.29,31.65,32.51,32.12,55.07,35.27,33.01,31.56,40.12,47.34,38.14,39.25,40.73,38.41,44.24,92.25
14496,99.94,102.8,30.75,29.73,30.66,30.32,33.11,30.66,31.29,31.84,32.51,32.12,54.79,35.27,33.01,31.56,40.12,47.34,38.14,39.39,40.73,38.55,44.24,92.25
14516,99.94,102.8,30.75,29.73,30.66,30.32,33.31,30.66,31.29,31.84,32.41,32.22,56.51,35.27,33.01,31.65,40.12,47.55,38.01,39.39,40.73,38.41,44.24,92.25
14535,99.02,101.83,30.75,29.73,30.66,30.32,33.11,30.66,31.11,31.84,32.51,32.22,39.39,35.27,33.01,31.65,39.98,47.34,38.01,39.39,40.73,38.41,44.24,92.25
14555,99.02,101.83,30.75,29.73,30.66,30.32,57.41,30.66,31.11,31.84,32.51,32.22,39.39,35.27,33.01,31.75,40.12,47.34,38.01,39.54,40.73,38.41,44.24,81.77
14573,99.94,102.8,30.75,29.82,30.66,30.4,58.03,30.66,31.11,31.56,32.51,32.12,39.25,35.27,33.01,31.75,40.12,46.32,38.01,39.54,40.73,38.27,44.24,92.25
14594,99.94,102.8,31.29,29.82,30.58,30.32,45.93,30.66,31.02,31.47,32.51,32.22,39.39,35.27,33.11,31.75,40.12,46.32,37.87,39.68,40.73,38.41,44.24,91.47
14612,95.52,102.8,31.29,29.9,30.66,30.32,58.66,30.66,31.02,31.47,32.51,32.22,39.25,35.39,33.11,31.84,40.12,46.32,37.87,39.68,40.73,38.27,44.24,91.47
14633,63.49,99.94,31.29,29.9,30.66,30.4,58.34,30.66,31.02,31.38,32.51,32.22,39.39,35.27,33.21,31.84,39.98,46.32,37.87,39.68,40.73,38.27,44.24,81.15
14653,92.25,101.83,31.29,29.9,30.66,30.4,49.51,30.66,31.02,31.38,32.51,32.22,65.02,35.39,33.21,31.84,40.12,46.32,37.87,39.68,40.73,38.14,44.24,92.25
14672,93.86,102.8,31.29,29.98,30.66,30.4,59.31,30.66,31.11,31.38,32.51,32.22,64.63,35.39,33.21,31.93,40.12,46.32,37.74,39.68,40.73,38.14,44.42,82.39
14692,93.05,101.83,31.29,29.98,30.66,30.32,58.98,30.66,31.11,31.38,32.51,32.22,64.63,35.5,33.31,31.93,40.12,46.32,37.74,39.68,40.73,38.27,44.42,82.39
14711,92.25,84.32,31.29,29.98,30.66,30.4,59.63,30.75,31.11,31.38,32.51,32.22,45.74,35.39,33.31,32.03,40.12,46.52,37.74,39.54,40.88,38.27,44.42,82.39
14731,99.94,102.8,31.29,29.98,30.66,30.4,45.54,30.75,31.11,31.38,32.51,32.22,53.43,35.5,33.31,32.12,39.98,46.52,37.74,39.68,40.88,38.27,44.42,82.39
14750,84.99,101.83,31.2,29.98,30.66,30.32,58.34,30.75,31.2,31.38,32.51,32.22,63.49,35.5,33.31,32.12,40.12,46.52,37.74,39.83,40.88,38.27,44.42,93.05
14770,93.86,102.8,31.29,30.07,30.66,30.4,55.64,30.75,31.11,31.38,32.51,32.22,65.81,35.5,33.31,32.22,39.98,46.13,37.61,39.68,40.88,38.27,44.42,93.05
14791,97.24,102.8,31.2,30.07,30.66,30.4,60.98,30.75,31.11,31.47,32.41,32.22,66.63,35.5,33.31,32.22,40.12,46.32,37.61,39.83,40.88,38.27,44.42,93.05
14809,46.13,100.87,31.2,30.07,30.66,30.4,62.03,30.75,31.11,31.38,32.51,32.22,66.63,35.5,33.31,32.22,40.12,46.13,37.61,39.83,40.88,38.27,44.42,83.03
14829,42.83,100.87,31.2,30.07,30.66,30.4,62.39,30.75,31.11,31.38,32.51,32.22,66.63,35.5,33.31,32.32,40.27,46.13,37.61,39.83,40.73,38.27,44.42,83.03
14848,81.77,101.83,31.29,30.07,30.66,30.4,45.16,30.75,31.11,31.38,32.51,32.22,66.63,35.5,33.31,32.32,40.12,46.32,37.48,39.83,40.88,38.27,44.42,82.39
14868,93.86,102.8,31.29,30.07,30.66,30.4,63.12,30.75,31.2,31.47,32.51,32.22,66.63,35.5,33.31,32.32,40.27,46.32,37.61,39.83,40.88,38.27,44.6,83.03
14887,42.49,100.87,31.29,30.07,30.66,30.4,61.68,30.75,31.11,31.38,32.51,32.22,66.63,35.5,33.31,32.32,40.12,46.32,37.61,39.83,40.88,38.27,44.6,92.25
14907,39.98,99.94,31.2,30.07,30.66,30.4,61.68,30.75,31.11,31.47,32.51,32.22,66.63,35.5,33.31,32.32,40.12,46.32,37.61,39.83,41.04,38.27,44.6,93.86
14928,93.86,102.8,31.29,30.07,30.66,30.4,61.68,30.75,31.2,31.47,32.51,32.22,57.72,35.5,33.31,32.32,40.27,46.32,37.61,39.83,40.88,38.27,44.6,93.86
14946,93.05,101.83,31.29,30.07,30.66,30.4,61.68,30.75,31.29,31.47,32.41,32.22,51.89,35.5,33.31,32.32,40.27,46.32,37.61,39.83,40.88,38.27,44.6,93.86
14967,63.49,102.8,31.29,30.07,30.66,30.4,61.68,30.75,31.11,31.38,32.51,32.22,51.89,35.62,33.31,32.32,40.12,46.32,37.61,39.83,40.88,38.27,44.42,82.39
14985,52.4,100.87,31.29,30.07,30.66,30.4,61.33,30.75,31.11,31.47,32.51,32.22,50.91,35.5,33.21,32.22,40.12,46.13,37.61,39.83,40.88,38.27,44.42,83.03
15006,74.44,101.83,31.29,30.07,30.66,30.4,59.31,30.75,31.11,31.38,32.51,32.22,50.67,35.62,33.31,32.22,40.12,46.13,37.61,39.68,40.88,38.27,44.42,83.03
15026,93.86,102.8,31.29,30.07,30.66,30.4,58.98,30.75,31.11,31.47,32.51,32.22,50.2,35.62,33.21,32.22,40.27,45.93,37.61,39.68,40.88,38.27,44.42,82.39
15047,52.91,100.87,31.29,30.07,30.66,30.4,58.66,30.75,31.11,31.47,32.51,32.22,50.67,35.5,33.21,32.12,40.12,45.93,37.61,39.68,40.73,38.27,44.42,82.39
15065,100.87,102.8,31.29,30.07,30.66,30.4,58.34,30.75,31.11,31.47,32.51,32.22,50.67,35.5,33.31,32.22,40.12,45.93,37.61,39.68,40.73,38.27,44.42,82.39
15085,99.02,102.8,31.29,30.07,30.66,30.4,58.66,30.75,31.2,31.38,32.51,32.22,50.44,35.5,33.21,32.22,40.12,45.93,37.61,39.54,40.88,38.27,44.42,81.77
15104,96.37,102.8,31.29,30.07,30.66,30.4,58.66,30.75,31.11,31.38,32.51,32.22,49.74,35.5,33.21,32.12,40.12,45.93,37.74,39.54,40.73,38.27,44.24,82.39
15124,100.87,102.8,31.29,30.07,30.66,30.49,58.66,30.75,31.11,31.38,32.51,32.22,51.15,35.5,33.21,32.12,40.12,45.93,37.74,39.39,40.73,38.27,44.24,82.39
15143,100.87,102.8,31.29,30.07,30.66,30.4,58.66,30.75,31.11,31.38,32.51,32.22,51.64,35.5,33.21,32.12,39.98,45.93,37.74,39.54,40.73,38.41,44.06,81.77
15163,100.87,103.78,31.29,30.07,30.66,30.4,58.66,30.75,31.11,31.38,32.51,32.22,50.44,35.5,33.21,32.03,40.12,46.13,37.74,39.54,40.73,38.27,44.24,81.77
15184,100.87,102.8,31.29,30.07,30.66,30.4,58.34,30.75,31.2,31.47,32.51,32.22,50.44,35.39,33.21,32.03,39.98,46.13,37.87,39.54,40.73,38.41,44.24,92.25
15202,100.87,101.83,31.29,30.07,30.66,30.4,58.66,30.75,31.11,31.38,32.51,32.22,51.89,35.39,33.21,32.03,39.98,45.93,37.87,39.39,40.58,38.41,44.24,82.39
15223,94.68,102.8,31.29,30.07,30.66,30.4,58.03,30.75,31.02,31.38,32.51,32.22,52.4,35.39,33.21,31.93,40.12,45.93,38.01,39.39,40.58,38.41,44.24,82.39
15241,95.52,103.78,31.29,29.98,30.66,30.4,58.66,30.75,31.11,31.38,32.51,32.22,56.22,35.39,33.21,31.93,40.12,45.93,38.01,39.39,40.73,38.41,44.06,92.25
15262,95.52,102.8,31.29,29.9,30.66,30.4,58.66,30.75,31.2,31.38,32.51,32.22,64.63,35.39,33.11,31.84,40.12,45.93,38.14,39.39,40.58,38.41,44.24,81.77
15282,94.68,100.87,31.29,29.9,30.58,30.4,33.21,30.75,31.02,31.38,32.51,32.32,65.02,35.27,33.21,31.84,40.12,45.93,38.14,39.39,40.73,38.27,44.06,90.7
15301,95.52,102.8,31.11,29.9,30.58,30.4,33.31,30.75,31.02,31.38,32.51,32.22,65.02,35.39,33.11,31.84,40.12,45.93,38.14,39.39,40.58,38.41,44.06,91.47
15321,95.52,98.12,31.29,29.73,30.58,30.4,34.59,30.75,31.11,31.38,32.51,32.22,64.63,35.27,33.11,31.84,40.12,46.32,38.27,39.39,40.43,38.41,44.06,90.7
15339,100.87,102.8,31.38,29.73,30.58,30.4,57.11,30.75,31.11,31.38,32.51,32.22,64.63,35.27,33.01,31.75,40.12,45.93,38.27,39.39,40.58,38.55,44.06,89.2
15360,100.87,94.68,31.38,29.73,30.58,30.4,57.72,30.75,31.02,31.38,32.51,32.22,64.63,35.27,33.11,31.75,40.12,45.16,38.41,39.25,40.58,38.55,44.06,65.42
15378,100.87,101.83,31.29,29.73,30.58,30.49,32.22,30.66,31.02,31.38,32.51,32.22,64.25,35.27,33.11,31.65,40.12,44.97,38.41,39.39,40.58,38.55,44.06,89.2
15399,100.87,101.83,31.38,29.73,30.58,30.49,32.22,30.66,31.11,31.38,32.51,32.22,64.63,35.27,33.01,31.65,40.12,44.97,38.41,39.25,40.58,38.55,44.06,64.25
15419,99.94,101.83,31.38,29.73,30.58,30.49,33.11,30.66,31.2,31.47,32.51,32.22,66.22,35.27,33.01,31.65,40.12,45.16,38.41,39.25,40.58,38.69,44.06,55.92
15438,99.94,101.83,31.47,29.65,30.58,30.49,32.22,30.66,31.29,31.47,32.51,32.22,66.22,35.27,33.01,31.65,40.27,45.16,38.41,39.39,40.58,38.69,44.06,62.39
15458,99.94,101.83,31.47,29.65,30.58,30.49,32.22,30.66,31.2,31.47,32.51,32.22,66.22,35.27,33.11,31.56,40.12,45.16,38.41,39.39,40.58,38.69,44.06,63.49
15477,99.94,101.83,31.84,29.65,30.58,30.49,32.32,30.66,31.2,31.38,32.51,32.22,65.02,35.27,33.01,31.56,40.27,46.32,38.41,39.39,40.73,38.69,44.06,89.2
15497,100.87,101.83,31.84,29.73,30.58,30.49,32.22,30.66,31.11,31.47,32.51,32.22,64.63,35.27,33.01,31.56,40.27,44.97,38.55,39.39,40.58,38.69,44.06,86.35
15516,99.94,101.83,31.75,29.73,30.58,30.49,32.12,30.66,31.65,31.47,32.51,32.22,64.63,35.27,33.11,31.56,40.27,45.54,38.41,39.39,40.58,38.69,44.24,81.15
15536,99.94,101.83,31.75,29.73,30.58,30.49,32.12,30.66,31.02,31.47,32.51,32.22,66.22,35.27,33.11,31.56,40.27,45.16,38.55,39.25,40.73,38.69,44.06,81.77
15557,99.94,101.83,31.84,29.65,30.58,30.49,32.32,30.66,31.02,31.47,32.51,32.22,66.22,35.27,33.11,31.56,40.27,45.16,38.55,39.39,40.58,38.69,44.24,89.95
15575,99.94,101.83,32.03,29.65,30.58,30.58,32.32,30.66,31.02,31.47,32.51,32.22,65.81,35.27,33.11,31.56,40.27,45.16,38.41,39.39,40.73,38.55,44.24,89.95
15595,99.94,101.83,31.93,29.65,30.58,30.58,32.51,30.66,31.11,31.65,32.51,32.22,55.64,35.27,33.01,31.56,40.27,45.16,38.41,39.25,40.58,38.69,44.24,89.95
15614,99.94,100.87,31.47,29.65,30.58,30.58,33.42,30.66,31.11,31.56,32.51,32.22,55.35,35.27,33.11,31.38,40.27,45.16,38.41,39.25,40.58,38.69,44.24,79.95
15634,99.02,100.87,31.47,29.65,30.58,30.58,33.42,30.66,31.02,31.47,32.51,32.22,56.51,35.27,33.01,31.47,40.27,45.16,38.55,39.39,40.58,38.69,44.06,87.04
15655,98.12,99.94,47.97,29.65,30.58,30.58,32.32,30.66,31.11,31.47,32.51,32.22,58.66,35.27,33.11,31.47,40.43,46.93,38.55,39.39,40.73,38.55,44.06,81.77
15673,97.24,99.94,46.93,29.65,30.58,30.58,32.61,30.66,31.11,31.47,32.51,32.22,42.16,35.27,33.11,31.47,40.43,46.93,38.55,39.39,40.58,38.69,44.06,81.77
15694,97.24,99.02,46.52,29.65,30.58,30.58,33.62,30.66,31.11,31.47,32.51,32.22,42.83,35.27,33.11,31.47,40.43,47.13,38.55,39.39,40.58,38.69,44.06,81.77
15712,97.24,99.02,46.73,29.65,30.58,30.58,32.41,30.66,31.11,31.47,32.51,32.22,60.64,35.27,33.11,31.47,40.27,46.93,38.55,39.25,40.58,38.69,44.06,81.77
15733,96.37,99.02,31.47,29.65,30.58,30.66,32.22,30.75,31.11,31.47,32.51,32.22,44.6,35.27,33.11,31.47,40.27,46.93,38.55,39.25,40.58,38.69,44.06,81.77
15751,97.24,99.02,31.47,29.65,30.58,30.66,32.22,30.75,31.11,31.47,32.51,32.12,44.79,35.27,33.11,31.47,40.27,46.93,38.55,39.25,40.58,38.69,44.06,90.7
15772,98.12,99.02,31.47,29.73,30.58,30.66,32.22,30.66,31.11,31.47,32.51,32.12,42.33,35.27,33.21,31.47,39.83,46.93,38.55,39.25,40.58,38.69,44.06,81.77
15792,98.12,98.12,31.47,29.65,30.58,30.66,32.12,30.66,31.11,31.56,32.51,32.22,65.81,35.39,33.21,31.47,40.27,46.93,38.55,39.11,40.58,38.69,44.06,82.39
15810,98.12,99.02,31.47,29.65,30.58,30.66,32.22,30.66,31.11,31.56,32.51,32.12,74.95,35.39,33.21,31.47,40.27,46.93,38.55,39.25,40.58,38.69,44.06,89.95
15831,97.24,99.02,31.47,29.65,30.58,30.75,32.61,30.66,31.11,31.56,32.51,32.12,64.25,35.27,33.21,31.47,40.27,45.35,38.55,39.25,40.58,38.69,44.06,90.7
15849,97.24,99.02,44.24,29.65,30.58,30.75,31.93,30.66,31.11,31.56,32.51,32.12,76.55,35.27,33.21,31.38,40.27,45.16,38.55,39.25,40.58,38.69,44.06,91.47
15870,98.12,99.02,45.16,29.65,30.49,30.66,32.03,30.66,31.11,31.65,32.51,32.22,63.87,35.27,33.11,31.38,40.27,45.93,38.55,39.25,40.58,38.69,43.88,89.95
15888,97.24,97.24,44.06,29.65,30.49,30.66,31.93,30.66,31.2,31.65,32.51,32.12,45.74,35.27,33.21,31.47,40.27,45.93,38.55,39.25,40.58,38.69,43.88,86.35
15909,97.24,96.37,31.47,29.65,30.49,30.75,31.93,30.66,31.2,31.65,32.51,32.12,44.06,35.27,33.21,31.38,40.27,46.13,38.55,39.25,40.58,38.69,43.88,81.15
15929,97.24,96.37,31.47,29.65,30.58,30.75,31.93,30.66,31.2,31.65,32.51,32.12,42,35.27,33.21,31.38,40.27,46.13,38.55,39.25,40.58,38.69,44.06,90.7
15948,97.24,97.24,31.47,29.73,30.58,30.75,31.93,30.66,31.2,31.65,32.51,32.12,42.66,35.27,33.31,31.38,40.27,46.13,38.55,39.25,40.58,38.69,44.06,91.47
15968,97.24,97.24,31.65,29.65,30.58,30.75,31.93,30.66,31.2,31.65,32.51,32.12,42,35.27,33.31,31.38,40.27,46.13,38.55,39.11,40.58,38.69,44.06,91.47
15987,97.24,97.24,31.56,29.73,30.58,30.75,34.82,30.66,31.29,31.75,32.51,32.12,42.16,35.27,33.31,31.29,40.27,46.52,38.69,39.25,40.58,38.69,44.06,91.47
16007,98.12,98.12,31.47,29.65,30.58,30.75,37.74,30.66,31.29,31.75,32.51,32.12,41.04,35.27,33.31,31.38,40.43,46.52,38.69,39.25,40.58,38.69,44.06,91.47
16028,97.24,98.12,31.93,29.73,30.58,30.75,54.24,30.66,31.47,31.75,32.51,32.12,41.04,35.39,33.31,31.38,40.43,46.73,38.69,39.25,40.58,38.69,44.06,91.47
16046,98.12,98.12,31.93,29.73,30.58,30.75,54.79,30.66,31.29,31.93,32.51,32.12,41.84,35.39,33.31,31.38,40.27,46.73,38.69,39.25,40.58,38.69,44.06,91.47
16066,98.12,98.12,31.93,29.73,30.58,30.75,54.24,30.66,31.29,31.93,32.51,32.12,42,35.39,33.31,31.29,40.12,46.52,38.69,39.39,40.43,38.69,44.24,91.47
16085,98.12,98.12,31.93,29.73,30.58,30.75,53.97,30.66,31.2,31.93,32.51,32.12,42,35.39,33.31,31.38,40.27,46.73,38.69,39.25,40.58,38.69,44.06,91.47
16105,97.24,98.12,31.75,29.65,30.58,30.75,40.58,30.66,31.29,31.93,32.51,32.12,42,35.39,33.21,31.29,40.43,46.73,38.69,39.39,40.58,38.69,44.24,91.47
16124,97.24,98.12,31.56,29.73,30.58,30.75,42.66,30.66,31.56,31.75,32.51,32.12,42.33,35.39,33.21,31.29,40.43,46.73,38.69,39.39,40.58,38.69,44.06,92.25
16144,96.37,98.12,31.84,29.73,30.58,30.75,42.33,30.66,31.47,31.75,32.51,32.12,42,35.39,33.11,31.29,40.43,46.73,38.83,39.39,40.58,38.69,44.24,91.47
16165,97.24,98.12,31.56,29.73,30.58,30.75,41.2,30.75,31.47,31.65,32.51,32.12,42.66,35.27,33.11,31.29,40.58,47.97,38.83,39.54,40.58,38.69,44.24,91.47
16183,96.37,97.24,31.56,29.73,30.49,30.75,32.91,30.75,31.47,31.65,32.51,32.12,42,35.27,33.01,31.2,40.58,48.19,38.97,39.54,40.58,38.83,44.24,92.25
16204,99.02,98.12,31.2,29.82,30.58,30.84,32.03,30.75,31.47,31.65,32.51,32.12,42.49,35.39,33.11,31.2,40.58,48.19,38.97,39.54,40.58,38.83,44.24,92.25
16222,99.02,98.12,31.29,29.73,30.49,30.75,32.03,30.75,31.47,31.65,32.51,32.12,42.66,35.39,33.11,31.2,40.58,46.93,39.11,39.54,40.58,38.83,44.24,91.47
16243,68.31,97.24,30.93,29.73,30.58,30.75,50.2,30.75,31.38,31.65,32.51,32.12,42.66,35.39,33.11,31.2,40.88,46.93,39.25,39.68,40.73,38.83,44.24,92.25
16261,99.02,99.02,30.93,29.73,30.58,30.75,31.93,30.75,31.56,31.65,32.51,32.12,42.66,35.39,33.11,31.2,40.88,46.93,39.25,39.68,40.73,38.83,44.24,92.25
16282,99.94,99.02,30.93,29.73,30.49,30.84,35.04,30.75,31.38,31.65,32.51,32.12,42.49,35.39,33.11,31.2,40.73,46.93,39.39,39.68,40.73,38.83,44.24,92.25
16302,99.94,99.02,31.02,29.82,30.58,30.75,31.93,30.75,31.56,31.65,32.51,32.12,42.16,35.5,33.11,31.2,40.88,46.93,39.39,39.83,40.73,38.83,44.24,92.25
16320,99.94,99.02,31.38,29.82,30.49,30.75,31.84,30.84,31.56,31.65,32.51,32.12,42.33,35.5,33.01,31.2,41.04,46.93,39.39,39.83,40.73,38.83,44.24,92.25
16341,98.12,98.12,31.38,29.82,30.49,30.75,31.84,30.84,31.56,31.65,32.51,32.12,42.33,35.39,33.11,31.2,40.88,46.93,39.54,39.83,40.73,38.83,44.24,60.98
16359,97.24,97.24,31.38,29.82,30.58,30.75,31.84,30.84,31.56,31.65,32.51,32.12,42.83,35.39,33.11,31.2,40.88,46.93,39.54,39.83,40.73,38.83,44.24,59.63
16380,96.37,96.37,31.65,29.82,30.49,30.75,31.93,30.75,31.56,31.65,32.51,32.12,42.49,35.5,33.11,31.2,41.04,46.93,39.54,39.83,40.58,38.83,44.24,47.13
16400,96.37,97.24,31.65,29.82,30.49,30.66,32.03,30.75,31.56,31.65,32.51,32.12,42.83,35.39,33.01,31.2,41.04,46.93,39.39,39.83,40.73,38.83,44.24,92.25
16419,96.37,97.24,31.65,29.82,30.58,30.66,39.83,30.75,31.56,31.65,32.51,32.12,43.35,35.5,33.01,31.2,41.04,46.93,39.39,39.83,40.73,38.83,44.24,92.25
16439,97.24,97.24,31.65,29.82,30.58,30.66,32.03,30.75,31.56,31.65,32.51,32.12,43.35,35.39,33.01,31.2,41.04,46.93,39.39,39.83,40.73,38.83,44.24,93.05
16458,98.12,98.12,31.65,29.82,30.49,30.66,32.03,30.75,31.56,31.75,32.51,32.12,43.35,35.5,33.11,31.2,41.04,46.93,39.39,39.83,40.73,38.69,44.42,93.05
16478,99.02,98.12,31.75,29.82,30.58,30.66,32.12,30.75,31.56,31.65,32.51,32.12,43.35,35.39,33.01,31.2,41.04,46.93,39.39,39.83,40.73,38.83,44.24,92.25
16497,98.12,98.12,31.75,29.82,30.58,30.66,32.03,30.75,31.56,31.65,32.51,32.12,43.35,35.5,33.01,31.2,41.04,46.93,39.39,39.83,40.73,38.83,44.42,92.25
16517,98.12,98.12,31.75,29.82,30.58,30.66,31.93,30.75,31.56,31.65,32.51,32.12,43.35,35.39,33.11,31.2,41.04,46.93,39.25,39.83,40.73,38.83,44.42,93.05
16538,98.12,98.12,31.56,29.9,30.58,30.66,31.93,30.75,31.56,31.75,32.51,32.12,43.35,35.39,33.11,31.2,40.88,46.93,39.25,39.83,40.58,38.69,44.24,92.25
16558,98.12,98.12,31.75,29.82,30.49,30.66,32.12,30.75,31.47,31.75,32.51,32.12,43,35.5,33.01,31.2,40.88,46.93,39.11,39.68,40.58,38.69,44.24,93.05
16576,98.12,98.12,31.75,29.9,30.58,30.58,32.03,30.75,31.56,31.75,32.51,32.12,42.16,35.39,33.11,31.2,40.73,46.93,39.11,39.68,40.58,38.69,44.24,91.47
16597,98.12,98.12,31.84,29.82,30.49,30.58,32.03,30.75,31.56,31.75,32.51,32.12,41.84,35.27,33.01,31.11,40.73,46.73,39.11,39.68,40.58,38.69,44.24,91.47
16615,98.12,98.12,31.75,29.82,30.49,30.58,32.03,30.75,31.56,31.75,32.51,32.12,41.67,35.39,33.01,31.2,40.58,46.73,38.97,39.68,40.58,38.55,44.24,91.47
16636,98.12,98.12,31.84,29.82,30.49,30.58,32.03,30.75,31.47,31.75,32.51,32.12,41.51,35.39,33.01,31.2,40.43,46.73,38.83,39.54,40.58,38.69,44.24,92.25
16656,97.24,97.24,31.47,29.82,30.49,30.58,31.93,30.75,31.47,31.75,32.51,32.12,39.11,35.39,33.01,31.2,40.58,46.73,38.97,39.54,40.58,38.69,44.24,91.47
16675,98.12,98.12,31.38,29.82,30.58,30.58,32.03,30.75,31.47,31.75,32.51,32.12,39.68,35.39,33.01,31.2,40.58,46.73,38.97,39.54,40.43,38.69,44.06,92.25
16695,96.37,98.12,31.38,29.82,30.49,30.58,32.12,30.75,31.47,31.65,32.51,32.22,39.98,35.39,33.01,31.2,40.58,46.73,38.83,39.39,40.58,38.69,44.24,92.25
16714,96.37,98.12,31.38,29.82,30.49,30.58,32.81,30.66,31.47,31.65,32.51,32.12,39.39,35.5,32.91,31.2,40.58,46.52,38.83,39.39,40.58,38.55,44.24,92.25
16734,96.37,98.12,31.29,29.82,30.58,30.58,32.91,30.75,31.2,32.51,32.51,32.12,40.27,35.39,32.91,31.2,40.43,46.52,38.69,39.39,40.58,38.69,44.24,91.47
16753,96.37,97.24,30.93,29.82,30.49,30.49,38.97,30.75,31.11,32.91,32.51,32.22,41.67,35.39,32.91,31.2,40.58,46.52,38.83,39.39,40.43,38.55,44.24,92.25
16773,98.12,98.12,31.75,29.82,30.58,30.49,32.81,30.66,31.11,32.61,32.51,32.12,40.58,35.39,32.91,31.2,40.43,47.13,38.83,39.39,40.58,38.55,44.24,92.25
16794,98.12,98.12,31.47,29.82,30.49,30.49,42,30.66,31.11,31.93,32.51,32.22,38.97,35.39,32.91,31.2,40.27,47.13,38.83,39.39,40.58,38.55,44.24,92.25
16812,98.12,98.12,31.65,29.82,30.49,30.49,46.32,30.75,31.11,31.84,32.51,32.12,41.2,35.27,32.91,31.2,40.43,47.34,38.83,39.25,40.58,38.55,44.24,89.95
16832,38.41,96.37,31.2,29.73,30.49,30.58,32.71,30.66,31.11,31.65,32.51,32.12,42.66,35.39,32.81,31.2,40.43,47.55,38.83,39.25,40.58,38.69,44.24,89.95
16851,38.01,97.24,31.56,29.73,30.49,30.58,32.71,30.66,31.11,36.59,32.51,32.12,39.54,35.39,32.81,31.2,40.43,47.13,38.69,39.39,40.58,38.69,44.24,90.7
16871,93.05,100.87,31.38,29.82,30.49,30.58,32.81,30.66,31.2,35.62,32.51,32.12,39.54,35.27,32.81,31.2,40.27,46.52,38.69,39.25,40.58,38.55,44.24,57.41
16890,43.7,98.12,31.11,29.82,30.49,30.49,32.71,30.66,31.2,32.81,32.51,32.12,39.68,35.27,32.81,31.2,40.27,46.73,38.69,39.25,40.43,38.69,44.24,46.73
16910,37.74,97.24,31.2,29.82,30.58,30.49,31.93,30.66,31.11,32.81,32.51,32.12,39.54,35.27,32.81,31.2,40.27,46.52,38.69,39.25,40.58,38.69,44.24,69.64
16931,54.24,96.37,31.11,29.73,30.58,30.49,32.41,30.66,31.11,31.93,32.51,32.12,39.54,35.27,32.71,31.2,40.27,46.32,38.69,39.25,40.58,38.69,44.24,55.07
16949,39.54,98.12,31.11,29.73,30.49,30.49,32.03,30.66,31.11,32.03,32.51,32.22,39.54,35.27,32.81,31.29,40.27,46.32,38.69,39.25,40.58,38.83,44.24,89.2
16970,37.35,96.37,31.2,29.73,30.58,30.49,32.03,30.66,31.11,41.2,32.51,32.12,39.54,35.27,32.71,31.29,40.27,46.52,38.69,39.25,40.43,38.69,44.06,51.15
16990,37.35,97.24,31.11,29.73,30.58,30.49,32.03,30.66,31.11,41.2,32.51,32.12,49.74,35.27,32.71,31.2,40.27,46.52,38.69,39.25,40.58,38.69,44.24,53.17
17009,44.97,98.12,31.2,29.73,30.49,30.49,31.93,30.66,31.2,41.2,32.51,32.12,50.67,35.27,32.81,31.29,40.27,46.32,38.69,39.25,40.43,38.69,44.06,53.43
17029,37.48,97.24,31.2,29.73,30.58,30.49,32.03,30.66,31.2,41.51,32.51,32.12,64.63,35.27,32.91,31.29,40.27,46.13,38.69,39.11,40.43,38.69,44.06,87.75
17050,95.52,101.83,31.2,29.73,30.58,30.49,32.12,30.75,31.29,41.51,32.51,32.12,63.12,35.27,32.91,31.29,40.12,46.32,38.69,39.11,40.43,38.69,44.06,91.47
17068,95.52,101.83,31.11,29.73,30.58,30.49,32.22,30.75,31.38,41.2,32.51,32.12,43.7,35.27,32.91,31.29,40.27,46.13,38.69,39.11,40.43,38.69,44.06,92.25
17088,92.25,101.83,30.66,29.82,30.58,30.49,32.12,30.75,31.38,41.51,32.51,32.12,42.66,35.27,32.91,31.29,40.27,46.13,38.55,39.11,40.43,38.69,44.06,90.7
17107,96.37,101.83,31.11,29.73,30.58,30.49,32.03,30.75,31.2,38.14,32.51,32.12,40.58,35.27,32.91,31.29,40.12,46.13,38.69,39.11,40.43,38.69,44.06,90.7
17127,96.37,100.87,31.11,29.73,30.58,30.49,32.03,30.75,31.29,31.93,32.51,32.12,40.88,35.16,32.91,31.29,40.12,46.13,38.69,39.25,40.43,38.69,44.24,91.47
17146,95.52,100.87,31.11,29.73,30.58,30.4,32.03,30.75,31.29,31.93,32.51,32.12,45.93,35.16,32.91,31.29,40.12,46.13,38.69,39.25,40.43,38.69,44.24,89.2
17166,38.83,98.12,31.11,29.73,30.58,30.4,32.41,30.75,31.29,31.93,32.51,32.12,44.97,35.27,32.91,31.38,40.27,46.32,38.69,39.25,40.43,38.69,44.24,90.7
17187,39.83,99.02,31.11,29.73,30.58,30.4,32.71,30.75,31.29,32.03,32.51,32.12,45.74,35.27,32.91,31.29,39.98,46.52,38.55,39.25,40.58,38.55,44.24,89.95
17205,93.05,100.87,31.2,29.82,30.58,30.4,32.71,30.75,31.29,31.84,32.51,32.12,43,35.27,32.91,31.29,40.12,46.32,38.55,39.25,40.58,38.69,44.24,90.7
17226,96.37,101.83,31.2,29.82,30.58,30.4,32.61,30.75,31.47,31.84,32.51,32.12,40.58,35.16,32.91,31.29,40.27,46.13,38.55,39.39,40.43,38.69,44.24,90.7
17244,95.52,100.87,31.2,29.82,30.58,30.4,33.01,30.75,31.38,31.75,32.51,32.12,40.58,35.16,32.91,31.38,40.12,46.13,38.55,39.25,40.43,38.55,44.24,90.7
17265,96.37,101.83,31.2,29.82,30.58,30.4,32.71,30.66,31.38,31.75,32.51,32.12,40.43,35.16,32.91,31.38,40.12,46.13,38.55,39.25,40.58,38.55,44.24,90.7
17283,95.52,101.83,31.2,29.82,30.58,30.4,34.59,30.75,31.29,31.75,32.51,32.12,40.58,35.16,32.91,31.38,40.12,46.32,38.55,39.39,40.58,38.69,44.24,90.7
17303,95.52,101.83,31.2,29.82,30.58,30.4,32.81,30.66,31.11,31.84,32.51,32.12,40.58,35.27,32.91,31.38,40.12,46.32,38.41,39.39,40.58,38.55,44.24,90.7
17324,66.22,99.94,30.66,29.82,30.58,30.32,32.71,30.66,31.11,31.84,32.51,32.12,40.43,35.16,33.01,31.38,40.12,46.32,38.41,39.39,40.58,38.55,44.06,90.7
17342,95.52,101.83,30.66,29.82,30.58,30.32,33.21,30.66,31.2,31.84,32.51,32.22,40.58,35.27,32.91,31.38,40.12,46.13,38.41,39.39,40.58,38.55,44.24,86.35
17363,94.68,101.83,31.2,29.82,30.58,30.4,32.91,30.66,31.2,31.84,32.51,32.12,40.88,35.27,32.91,31.47,40.12,46.13,38.27,39.39,40.58,38.55,44.24,81.77
17381,93.05,100.87,31.2,29.82,30.58,30.32,32.91,30.66,31.2,31.84,32.51,32.12,40.58,35.27,33.01,31.38,39.98,46.13,38.27,39.39,40.58,38.55,44.24,81.15
17402,83.67,100.87,31.2,29.82,30.66,30.32,33.01,30.66,31.11,31.84,32.51,32.12,41.04,35.27,33.01,31.47,40.12,45.93,38.27,39.39,40.58,38.55,44.24,89.95
17422,69.19,99.94,31.2,29.82,30.66,30.32,32.91,30.66,31.11,31.56,32.51,32.12,41.35,35.27,33.01,31.47,40.12,46.13,38.27,39.39,40.73,38.55,44.24,83.67
17441,43.88,99.02,31.2,29.82,30.66,30.32,33.01,30.66,31.11,31.84,32.51,32.22,41.51,35.27,33.01,31.47,40.12,46.13,38.14,39.39,40.73,38.55,44.24,90.7
17461,93.86,101.83,31.11,29.82,30.66,30.32,33.01,30.66,31.11,31.84,32.51,32.22,42.33,35.27,32.91,31.47,40.12,46.13,38.14,39.39,40.58,38.41,44.24,89.95
17480,56.51,99.02,31.11,29.82,30.66,30.32,33.01,30.66,31.11,31.84,32.51,32.22,43.88,35.27,33.01,31.56,40.12,46.13,38.14,39.39,40.58,38.41,44.42,89.95
17500,94.68,101.83,31.11,29.9,30.66,30.32,33.21,30.66,31.2,31.84,32.51,32.22,45.35,35.27,32.91,31.56,40.12,46.13,38.01,39.39,40.73,38.41,44.24,90.7
17521,95.52,101.83,30.66,29.9,30.66,30.4,33.01,30.66,31.11,31.84,32.51,32.22,44.42,35.27,33.01,31.65,40.12,46.13,38.01,39.39,40.73,38.41,44.24,87.04
17541,41.84,99.02,30.66,29.82,30.66,30.4,33.11,30.66,31.2,31.56,32.51,32.12,46.13,35.27,33.01,31.65,39.98,46.13,38.01,39.54,40.73,38.41,44.24,84.32
17559,93.05,101.83,30.66,29.82,30.66,30.32,33.21,30.66,31.29,31.47,32.51,32.22,49.74,35.39,33.11,31.75,40.12,46.32,38.01,39.54,40.73,38.27,44.42,91.47
17580,92.25,100.87,30.66,29.82,30.66,30.32,33.73,30.66,31.29,31.38,32.51,32.22,51.15,35.27,33.01,31.75,39.98,46.13,37.87,39.54,40.73,38.41,44.24,90.7
17598,74.44,99.94,31.2,29.82,30.66,30.32,33.11,30.66,31.29,31.38,32.51,32.22,51.89,35.39,33.11,31.75,40.12,46.32,37.87,39.68,40.58,38.41,44.42,89.95
17619,42.49,99.02,30.66,29.82,30.66,30.4,33.01,30.66,31.29,31.38,32.51,32.22,51.64,35.04,33.11,31.84,39.98,46.32,37.87,39.68,40.73,38.27,44.42,81.77
17637,97.24,99.94,31.11,29.9,30.66,30.4,33.01,30.66,31.2,31.38,32.51,32.22,57.11,35.16,33.11,31.84,40.12,46.32,37.87,39.68,40.73,38.27,44.42,81.77
17658,92.25,100.87,31.2,30.07,30.66,30.4,33.11,30.66,31.2,31.38,32.51,32.22,65.81,35.27,33.11,31.93,40.12,46.52,37.87,39.68,40.73,38.27,44.24,77.65
17678,94.68,101.83,31.2,30.07,30.66,30.4,60.98,30.66,31.11,31.47,32.51,32.22,65.81,35.39,33.11,31.93,40.12,46.52,37.74,39.68,40.73,38.27,44.42,66.22
17697,96.37,99.02,31.11,30.07,30.66,30.32,33.01,30.66,31.11,31.38,32.51,32.22,64.25,35.39,33.21,32.03,39.98,46.32,37.74,39.68,40.73,38.27,44.42,65.81
17717,95.52,100.87,31.2,30.07,30.66,30.32,33.42,30.66,31.2,31.38,32.51,32.22,39.39,35.39,33.11,32.12,40.12,46.52,37.61,39.68,40.73,38.27,44.42,48.4
17736,39.98,97.24,31.11,30.07,30.66,30.32,32.91,30.75,31.11,31.38,32.51,32.22,39.39,35.5,33.21,32.12,40.12,46.32,37.61,39.68,40.73,38.27,44.42,50.44
17756,96.37,100.87,31.11,30.07,30.66,30.32,32.91,30.75,31.11,31.38,32.51,32.22,39.39,35.5,33.21,32.22,40.12,46.52,37.74,39.83,40.73,38.27,44.42,81.77
17775,96.37,100.87,31.11,30.07,30.66,30.4,43.52,30.75,31.2,31.47,32.51,32.22,39.39,35.5,33.21,32.22,40.12,46.52,37.61,39.68,40.73,38.14,44.42,81.77
17795,98.12,100.87,31.2,30.07,30.66,30.4,33.01,30.75,31.2,31.38,32.51,32.22,39.39,35.5,33.21,32.22,40.12,46.52,37.74,39.68,40.73,38.27,44.42,79.95
17815,98.12,100.87,31.11,30.07,30.66,30.4,32.91,30.75,31.2,31.47,32.51,32.22,39.39,35.62,33.21,32.22,40.12,46.52,37.48,39.68,40.73,38.14,44.24,81.77
17834,99.02,100.87,31.2,30.07,30.66,30.4,60.98,30.75,31.2,31.38,32.51,32.22,39.39,35.5,33.21,32.32,39.83,46.52,37.61,39.68,40.73,38.14,44.42,83.03
17854,99.94,101.83,31.2,30.07,30.66,30.4,61.33,30.75,31.2,31.38,32.51,32.22,39.54,35.5,33.21,32.22,40.12,46.52,37.61,39.68,40.73,38.14,44.42,83.03
17873,100.87,101.83,31.2,30.07,30.66,30.4,61.33,30.75,31.2,31.47,32.51,32.22,39.54,35.5,33.31,32.22,40.12,46.52,37.61,39.83,40.73,38.27,44.24,83.03
17893,100.87,101.83,31.11,30.07,30.66,30.4,61.33,30.66,31.2,31.38,32.51,32.22,39.54,35.5,33.31,32.22,40.12,46.52,37.61,39.83,40.73,38.27,44.42,83.03
17914,99.94,101.83,31.2,30.07,30.66,30.4,62.03,30.75,31.2,31.47,32.51,32.22,59.63,35.5,33.31,32.22,40.12,46.52,37.48,39.68,40.73,38.27,44.42,83.03
17932,99.94,101.83,31.2,30.07,30.66,30.4,60.64,30.75,31.2,31.38,32.51,32.22,64.63,35.5,33.31,32.22,39.98,46.52,37.61,39.68,40.73,38.27,44.42,83.03
17953,100.87,101.83,31.11,30.07,30.66,30.4,58.98,30.75,31.2,31.47,32.51,32.22,65.02,35.5,33.21,32.22,40.12,46.32,37.74,39.68,40.73,38.27,44.42,83.03
17971,93.86,101.83,31.11,30.07,30.66,30.4,58.98,30.75,31.2,31.47,32.51,32.22,65.02,35.5,33.31,32.22,40.12,46.32,37.61,39.68,40.73,38.27,44.42,83.03
17992,93.86,101.83,31.11,30.07,30.66,30.4,58.98,30.75,31.2,31.38,32.51,32.32,65.02,35.62,33.31,32.22,39.98,46.32,37.74,39.68,40.73,38.14,44.24,82.39
18010,93.05,101.83,31.11,30.07,30.66,30.4,33.01,30.66,31.2,31.38,32.51,32.22,64.63,35.5,33.31,32.22,40.12,46.32,37.74,39.54,40.73,38.27,44.24,82.39
18031,93.05,101.83,31.29,30.07,30.66,30.4,47.97,30.66,31.2,31.38,32.51,32.22,64.63,35.5,33.31,32.22,39.98,46.32,37.74,39.54,40.58,38.27,44.24,81.77
18051,93.05,101.83,31.29,30.07,30.66,30.4,33.11,30.75,31.2,31.38,32.51,32.32,64.63,35.5,33.21,32.12,39.98,46.13,37.74,39.54,40.58,38.27,44.24,81.77
18069,93.05,101.83,31.38,30.07,30.66,30.4,33.11,30.66,31.2,31.38,32.51,32.32,65.02,35.5,33.21,32.12,40.12,46.13,37.74,39.54,40.58,38.27,44.06,81.77
18090,89.95,100.87,31.2,29.98,30.66,30.4,33.21,30.75,31.2,31.38,32.51,32.22,64.63,35.5,33.11,32.03,39.98,46.13,37.87,39.54,40.58,38.41,44.06,81.77
18108,92.25,99.94,31.2,29.98,30.66,30.4,37.35,30.66,31.11,31.38,32.51,32.32,64.63,35.5,33.11,32.03,40.12,46.13,37.87,39.39,40.58,38.27,44.24,80.55
18129,37.87,98.12,31.56,29.9,30.66,30.4,35.86,30.66,31.11,31.38,32.51,32.22,64.63,35.5,33.11,32.03,39.98,46.13,37.87,39.39,40.58,38.27,44.24,80.55
18147,55.64,98.12,31.29,29.9,30.66,30.4,33.01,30.66,31.11,31.38,32.51,32.32,64.63,35.5,33.11,32.03,40.12,46.13,37.87,39.39,40.58,38.41,44.06,80.55
18168,92.25,100.87,31.2,29.9,30.66,30.4,33.01,30.66,31.02,31.38,32.51,32.22,65.02,35.5,33.11,31.93,39.98,45.93,38.01,39.39,40.43,38.41,44.06,81.15
18188,53.7,99.02,31.2,29.9,30.66,30.4,33.11,30.66,31.11,31.38,32.51,32.22,65.81,35.39,33.01,31.93,40.12,45.93,38.01,39.25,40.43,38.41,44.06,89.95
18207,56.81,99.94,31.2,29.9,30.66,30.4,57.41,30.66,31.11,31.38,32.51,32.22,65.81,35.5,33.01,31.93,40.12,47.34,38.14,39.25,40.43,38.41,43.88,89.2
18227,45.54,99.02,31.2,29.9,30.66,30.4,57.41,30.66,31.11,31.38,32.51,32.32,65.81,35.39,33.01,31.84,40.12,47.13,38.14,39.25,40.43,38.27,43.88,89.2
18246,52.14,99.02,31.2,29.82,30.66,30.4,57.11,30.66,31.11,31.38,32.51,32.22,65.81,35.5,33.01,31.84,40.12,45.93,38.14,39.25,40.27,38.41,43.7,89.95
18266,74.95,100.87,31.2,29.82,30.66,30.4,57.41,30.66,31.11,31.38,32.51,32.22,64.25,35.5,33.01,31.84,40.12,45.93,38.27,39.25,40.43,38.41,43.88,78.78
18287,93.86,100.87,31.2,29.73,30.66,30.4,57.41,30.66,31.11,31.38,32.51,32.22,63.87,35.39,33.01,31.75,40.12,45.93,38.27,39.25,40.43,38.41,43.88,87.75
18305,40.27,98.12,31.2,29.73,30.66,30.49,57.11,30.66,31.11,31.38,32.51,32.22,63.49,35.39,33.01,31.75,40.12,45.93,38.27,39.11,40.43,38.55,43.7,56.51
18325,51.64,78.78,31.2,29.73,30.66,30.49,37.61,30.66,31.11,31.47,32.51,32.22,63.49,35.39,32.91,31.75,40.12,45.93,38.27,39.25,40.43,38.55,43.88,50.44
18344,37.48,99.02,31.29,29.73,30.66,30.49,56.81,30.66,31.02,31.38,32.51,32.22,63.49,35.39,32.91,31.75,40.27,46.13,38.41,39.25,40.43,38.55,43.88,87.04
18364,65.42,99.94,31.29,29.73,30.58,30.49,35.27,30.66,31.02,31.47,32.51,32.22,63.49,35.39,32.91,31.65,40.12,45.74,38.41,39.25,40.58,38.55,43.88,52.65
18383,73.43,99.02,31.29,29.73,30.66,30.49,56.22,30.66,31.02,31.47,32.51,32.22,63.49,35.39,32.91,31.65,40.12,46.13,38.41,39.25,40.43,38.55,43.88,46.52
18403,37.22,97.24,31.29,29.65,30.66,30.49,58.03,30.66,31.02,31.47,32.51,32.22,63.87,35.27,32.91,31.56,40.12,46.13,38.41,39.25,40.58,38.55,43.88,47.13
18424,38.27,98.12,31.38,29.65,30.58,30.49,57.11,30.66,31.11,31.47,32.51,32.22,64.25,35.27,32.91,31.56,40.27,46.13,38.41,39.25,40.43,38.69,43.88,83.67
18442,47.34,99.94,31.38,29.65,30.49,30.49,34.16,30.66,31.02,31.47,32.51,32.22,64.25,35.27,32.91,31.56,40.27,45.35,38.41,39.25,40.58,38.69,43.88,87.75
18463,58.03,99.02,31.38,29.65,30.58,30.49,32.41,30.66,31.11,31.38,32.51,32.22,65.81,35.27,32.91,31.47,40.27,45.93,38.41,39.25,40.58,38.69,43.88,89.2
18481,41.35,99.94,31.38,29.65,30.49,30.49,33.11,30.66,31.11,31.47,32.51,32.22,64.63,35.27,32.91,31.47,40.12,45.16,38.41,39.25,40.58,38.69,43.88,88.47
18502,93.05,59.96,31.38,29.65,30.49,30.49,33.94,30.66,31.11,31.38,32.51,32.22,64.25,35.27,32.91,31.47,40.27,45.35,38.41,39.25,40.58,38.55,43.88,67.46
18520,62.39,99.02,31.56,29.65,30.49,30.49,33.84,30.66,31.11,31.38,32.51,32.12,65.42,35.27,32.91,31.47,40.12,45.93,38.55,39.39,40.58,38.55,43.88,78.78
18540,43.35,99.94,31.38,29.65,30.49,30.49,32.41,30.66,31.11,31.47,32.51,32.22,63.87,35.27,32.91,31.38,40.27,46.52,38.55,39.39,40.58,38.69,43.88,51.89
18561,91.47,101.83,31.47,29.65,30.49,30.49,33.62,30.66,31.11,31.38,32.51,32.22,65.81,35.16,33.01,31.47,40.27,46.52,38.55,39.39,40.58,38.69,44.06,81.77
18579,93.05,101.83,31.47,29.65,30.49,30.49,32.32,30.66,31.11,31.38,32.51,32.22,64.25,35.27,33.01,31.38,40.27,46.52,38.55,39.39,40.58,38.69,43.88,89.95
18600,66.63,100.87,31.38,29.65,30.49,30.49,32.61,30.66,31.11,31.38,32.51,32.22,65.02,35.27,33.01,31.47,40.27,46.52,38.55,39.39,40.58,38.69,43.88,89.95
18618,44.79,99.94,31.38,29.65,30.49,30.58,32.32,30.66,31.11,31.38,32.51,32.22,64.63,35.27,33.01,31.38,40.27,46.52,38.55,39.25,40.58,38.69,44.06,81.77
18639,93.86,71.48,31.38,29.65,30.49,30.58,32.41,30.66,31.2,31.47,32.51,32.22,64.63,35.27,33.01,31.47,40.27,46.73,38.55,39.25,40.73,38.69,44.06,58.66
18657,94.68,101.83,31.38,29.65,30.49,30.58,32.03,30.66,31.11,31.47,32.51,32.22,64.63,35.27,33.11,31.47,40.43,50.91,38.55,39.39,40.58,38.69,44.06,89.95
18678,95.52,101.83,31.38,29.65,30.49,30.58,32.03,30.66,31.02,31.47,32.51,32.22,65.02,35.39,33.11,31.47,40.27,51.4,38.69,39.25,40.58,38.69,44.06,89.95
18698,99.02,101.83,31.47,29.65,30.49,30.58,32.12,30.66,31.2,31.47,32.51,32.22,64.25,35.39,33.11,31.38,40.27,51.64,38.69,39.39,40.58,38.69,44.06,83.03
18717,99.02,101.83,31.47,29.65,30.58,30.66,32.12,30.66,31.29,31.47,32.51,32.22,55.35,35.39,33.11,31.38,40.27,48.4,38.55,39.25,40.58,38.69,44.06,81.15
18737,98.12,99.94,49.51,29.65,30.58,30.66,32.03,30.66,31.38,31.47,32.51,32.12,65.81,35.39,33.11,31.38,40.27,46.52,38.55,39.25,40.58,38.69,43.88,81.77
18755,56.22,99.94,47.76,29.65,30.58,30.66,32.03,30.66,31.38,31.47,32.51,32.12,65.42,35.39,33.11,31.38,40.27,46.52,38.69,39.25,40.58,38.69,43.88,81.77
18776,38.01,99.02,31.38,29.65,30.58,30.66,32.03,30.66,31.38,31.47,32.51,32.12,67.88,35.39,33.11,31.38,40.27,46.73,38.69,39.25,40.58,38.69,44.06,82.39
18796,99.02,99.94,31.47,29.65,30.58,30.66,32.12,30.66,31.38,31.47,32.51,32.22,73.43,35.27,33.11,31.38,40.27,45.54,38.55,39.25,40.58,38.69,44.06,82.39
18815,99.02,100.87,31.47,29.65,30.58,30.66,32.12,30.66,31.38,31.47,32.51,32.22,62.75,35.27,33.11,31.29,40.27,45.54,38.55,39.25,40.58,38.69,44.06,81.77
18835,65.81,99.94,31.47,29.65,30.49,30.66,32.12,30.66,31.29,31.47,32.51,32.12,72.44,35.39,33.11,31.38,40.27,45.54,38.69,39.25,40.58,38.69,44.06,81.77
18854,71.48,99.94,31.47,29.65,30.58,30.66,32.12,30.66,31.38,31.47,32.51,32.22,73.93,35.39,33.11,31.38,40.27,45.54,38.55,39.39,40.58,38.55,44.06,81.77
18874,99.02,101.83,31.47,29.65,30.58,30.66,32.03,30.66,31.29,31.56,32.61,32.22,68.75,35.39,33.11,31.38,40.27,45.54,38.69,39.39,40.58,38.69,43.88,81.15
18893,64.63,99.02,31.65,29.65,30.58,30.66,32.03,30.66,31.38,31.56,32.61,32.12,66.22,35.27,33.11,31.38,40.43,45.54,38.69,39.39,40.58,38.69,44.06,81.77
18913,57.11,100.87,31.65,29.65,30.58,30.66,32.03,30.66,31.38,31.47,32.51,32.12,71.96,35.39,33.11,31.38,40.27,45.74,38.55,39.39,40.58,38.69,44.06,90.7
18934,57.11,99.02,31.47,29.65,30.58,30.66,32.03,30.66,31.38,31.47,32.51,32.12,43,35.39,33.11,31.38,40.43,46.32,38.55,39.25,40.58,38.55,43.88,89.95
18952,67.88,99.94,31.47,29.65,30.58,30.66,31.93,30.66,31.38,31.56,32.51,32.12,43.52,35.39,33.11,31.38,40.12,46.13,38.69,39.25,40.58,38.69,44.06,90.7
18973,37.74,98.12,31.47,29.65,30.49,30.66,31.84,30.66,31.2,31.65,32.51,32.12,42.33,35.39,33.21,31.29,40.43,45.54,38.69,39.39,40.58,38.69,44.06,90.7
18991,72.93,99.02,46.13,29.65,30.58,30.66,31.84,30.58,31.2,31.75,32.51,32.12,41.04,35.27,33.21,31.29,40.43,45.54,38.83,39.39,40.58,38.69,44.06,90.7
19011,64.25,99.02,31.47,29.65,30.58,30.66,31.84,30.66,31.2,31.93,32.51,32.12,42.66,35.39,33.21,31.29,40.43,45.74,38.83,39.39,40.58,38.69,44.06,90.7
19032,83.03,99.94,31.65,29.65,30.49,30.66,31.75,30.66,31.29,31.84,32.51,32.12,41.84,35.39,33.21,31.29,40.43,46.13,38.83,39.54,40.58,38.69,44.06,90.7
19050,99.94,100.87,31.47,29.65,30.49,30.66,31.75,30.66,31.2,31.84,32.51,32.12,41.84,35.39,33.21,31.29,40.43,47.13,38.83,39.39,40.73,38.69,44.06,91.47
19071,99.94,100.87,31.56,29.65,30.49,30.66,31.75,30.66,31.2,31.56,32.51,32.12,41.84,35.39,33.11,31.29,40.43,47.34,38.97,39.54,40.58,38.69,44.06,91.47
19089,100.87,101.83,31.11,29.65,30.49,30.66,31.75,30.66,31.2,31.56,32.51,32.12,42.33,35.27,33.11,31.29,40.58,47.34,38.97,39.54,40.58,38.69,44.24,91.47
19110,100.87,101.83,31.02,29.65,30.49,30.66,31.75,30.66,31.2,31.56,32.51,32.12,42.33,35.39,33.11,31.29,40.43,47.34,38.97,39.54,40.58,38.69,44.24,91.47
19128,99.94,101.83,30.84,29.65,30.49,30.66,31.84,30.75,31.29,31.65,32.51,32.12,39.54,35.27,33.11,31.2,40.58,47.34,38.97,39.68,40.58,38.69,44.24,92.25
19149,99.94,101.83,30.93,29.65,30.49,30.75,31.75,30.75,31.38,31.65,32.51,32.12,39.25,35.27,33.11,31.2,40.58,47.34,39.11,39.68,40.73,38.83,44.24,90.7
19169,99.02,100.87,31.38,29.65,30.49,30.66,32.91,30.75,31.2,31.65,32.51,32.12,39.39,35.39,33.11,31.2,40.88,45.74,39.25,39.68,40.73,38.69,44.24,92.25
19188,99.94,100.87,30.84,29.65,30.49,30.66,33.01,30.75,31.2,31.65,32.51,32.12,41.84,35.27,33.11,31.2,40.88,45.74,39.39,39.68,40.58,38.69,44.06,92.25
19208,99.94,100.87,30.84,29.73,30.49,30.66,33.01,30.75,31.2,31.65,32.51,32.12,39.39,35.39,33.11,31.2,41.04,45.74,39.39,39.54,40.73,38.83,44.24,91.47
19227,99.02,100.87,31.2,29.73,30.49,30.66,33.01,30.75,31.2,31.65,32.51,32.12,40.27,35.39,33.11,31.2,40.88,45.74,39.54,39.68,40.73,38.83,44.06,93.05
19247,99.94,100.87,31.29,29.73,30.49,30.66,32.91,30.75,31.2,31.65,32.51,32.12,41.67,35.5,33.11,31.11,41.04,45.93,39.54,39.83,40.73,38.83,44.06,93.05
19265,100.87,100.87,31.29,29.73,30.49,30.66,33.01,30.75,31.29,31.65,32.51,32.12,39.25,35.39,33.11,31.11,41.04,45.74,39.54,39.68,40.73,38.83,44.06,93.05
19286,99.02,100.87,31.29,29.65,30.49,30.66,32.71,30.75,31.56,31.65,32.61,32.12,39.25,35.39,33.11,31.11,41.04,45.74,39.68,39.68,40.73,38.83,44.06,93.05
19306,99.94,99.94,31.38,29.73,30.49,30.66,32.91,30.75,31.56,31.65,32.51,32.12,42.66,35.5,33.11,31.11,40.88,45.54,39.68,39.68,40.73,38.83,44.06,93.05
19325,99.94,100.87,31.38,29.73,30.49,30.66,32.91,30.84,31.56,31.65,32.61,32.12,41.84,35.5,33.11,31.11,40.88,45.74,39.68,39.83,40.88,38.83,44.06,93.05
19345,100.87,100.87,31.38,29.73,30.49,30.66,32.91,30.75,31.38,31.65,32.61,32.12,40.27,35.5,33.11,31.11,40.73,45.54,39.54,39.83,40.73,38.83,44.24,81.15
19364,100.87,100.87,31.38,29.73,30.49,30.66,32.91,30.84,31.47,31.65,32.61,32.12,40.58,35.5,33.01,31.11,41.04,45.54,39.68,39.83,40.73,38.83,44.06,61.33
19384,99.94,100.87,31.38,29.73,30.49,30.66,32.91,30.84,31.38,31.65,32.51,32.12,40.58,35.5,33.11,31.2,41.04,45.54,39.68,39.68,40.73,38.69,44.06,50.2
19403,99.94,100.87,31.38,29.73,30.49,30.66,33.01,30.84,31.47,31.65,32.61,32.12,42.33,35.5,33.11,31.11,40.88,45.74,39.54,39.68,40.73,38.83,44.24,47.13
19423,99.94,101.83,31.38,29.73,30.49,30.66,33.01,30.75,31.38,31.65,32.51,32.12,39.83,35.5,33.11,31.11,41.04,45.54,39.54,39.68,40.73,38.83,44.06,46.13
19444,99.94,101.83,31.38,29.82,30.49,30.58,33.01,30.75,31.56,31.65,32.51,32.12,39.83,35.5,33.01,31.11,40.88,45.54,39.54,39.68,40.73,38.83,44.24,67.46
19462,99.94,101.83,31.38,29.82,30.49,30.58,33.01,30.75,31.56,31.65,32.51,32.12,40.12,35.5,33.11,31.2,41.04,45.54,39.54,39.68,40.73,38.83,44.06,60.3
19483,99.94,100.87,31.38,29.82,30.49,30.49,33.01,30.75,31.65,31.65,32.51,32.12,42.33,35.5,33.01,31.11,41.04,45.54,39.54,39.68,40.73,38.83,44.06,51.15
19501,99.02,100.87,31.47,29.73,30.49,30.49,33.11,30.75,31.65,31.65,32.51,32.12,41.84,35.39,33.01,31.11,41.04,45.54,39.39,39.68,40.58,38.83,44.06,54.51
19521,98.12,100.87,31.38,29.73,30.49,30.49,33.01,30.75,31.56,31.65,32.61,32.12,42,35.39,33.01,31.2,40.88,45.54,39.39,39.68,40.73,38.69,44.06,51.4
19542,98.12,99.94,31.38,29.73,30.49,30.49,33.01,30.75,31.29,31.65,32.51,32.12,41.84,35.5,33.01,31.2,40.88,45.54,39.39,39.54,40.73,38.69,44.06,64.25
19560,98.12,99.94,31.29,29.73,30.58,30.49,33.01,30.75,31.2,31.65,32.51,32.12,39.25,35.5,33.01,31.2,40.73,45.35,39.39,39.68,40.73,38.83,44.06,91.47
19581,99.02,100.87,31.38,29.73,30.58,30.49,32.61,30.75,31.2,31.65,32.51,32.12,39.25,35.5,33.01,31.2,40.73,45.35,39.25,39.54,40.73,38.69,44.06,92.25
19599,99.02,100.87,31.38,29.73,30.58,30.49,33.01,30.75,31.2,31.65,32.51,32.12,39.11,35.5,33.01,31.11,40.58,45.35,39.11,39.54,40.73,38.83,44.06,90.7
19620,99.94,101.83,31.38,29.73,30.49,30.49,33.01,30.75,31.29,31.65,32.51,32.12,39.39,35.39,33.01,31.11,40.73,45.16,39.11,39.54,40.58,38.69,44.06,48.4
19638,99.02,100.87,30.93,29.73,30.49,30.49,33.01,30.66,31.29,31.65,32.51,32.12,39.83,35.39,33.01,31.2,40.58,44.97,38.97,39.39,40.58,38.69,44.06,66.63
19659,99.94,101.83,31.02,29.73,30.49,30.49,32.91,30.75,31.2,31.65,32.51,32.12,41.67,35.39,32.91,31.11,40.58,45.16,38.97,39.39,40.58,38.69,44.06,48.4
19679,99.02,100.87,31.56,29.73,30.49,30.49,32.03,30.75,31.2,31.65,32.51,32.12,39.39,35.39,32.91,31.11,40.58,45.16,38.97,39.39,40.58,38.69,44.06,48.62
19698,99.02,101.83,31.29,29.73,30.49,30.4,35.16,30.66,31.2,31.65,32.51,32.12,39.39,35.5,32.91,31.11,40.43,45.16,38.97,39.39,40.58,38.69,44.06,52.4
19718,99.02,100.87,31.2,29.73,30.49,30.4,31.93,30.66,31.2,31.65,32.51,32.12,39.39,35.27,32.91,31.2,40.43,45.16,38.83,39.25,40.58,38.83,43.88,77.65
19736,99.94,102.8,31.29,29.73,30.49,30.4,31.93,30.66,31.2,31.65,32.51,32.12,43.7,35.27,32.81,31.2,40.43,45.16,38.83,39.39,40.58,38.69,44.06,59.96
19757,99.94,101.83,31.75,29.73,30.49,30.4,31.84,30.66,31.2,31.65,32.51,32.12,39.11,35.16,32.81,31.2,40.43,45.16,38.83,39.39,40.58,38.83,44.06,68.31
19775,99.02,100.87,31.75,29.73,30.49,30.4,31.84,30.66,31.11,32.32,32.51,32.03,39.11,35.16,32.81,31.11,40.27,45.16,38.83,39.25,40.58,38.83,44.06,46.73
19796,99.02,100.87,31.65,29.73,30.49,30.4,31.84,30.66,31.02,32.32,32.51,32.12,39.25,35.16,32.81,31.2,40.27,45.16,38.83,39.25,40.58,38.69,44.06,59.63
19816,99.94,100.87,31.75,29.73,30.49,30.4,31.93,30.66,31.11,31.56,32.51,32.12,39.25,35.16,32.81,31.2,40.27,44.97,38.83,39.11,40.58,38.69,44.06,47.97
19835,99.94,100.87,31.29,29.73,30.49,30.4,32.81,30.66,31.11,32.22,32.41,32.12,39.54,35.04,32.71,31.2,40.27,45.16,38.83,39.25,40.58,38.69,44.06,46.73
19855,84.99,99.02,30.93,29.73,30.49,30.4,32.61,30.66,31.11,32.32,32.51,32.12,39.68,35.04,32.71,31.2,40.27,44.97,38.69,39.25,40.58,38.69,44.06,46.73
19874,99.02,100.87,31.11,29.65,30.49,30.4,32.51,30.66,31.02,32.41,32.41,32.12,39.39,35.16,32.71,31.2,40.27,45.16,38.83,39.25,40.43,38.83,44.06,46.73
19894,99.94,101.83,30.93,29.73,30.49,30.4,34.93,30.66,31.11,32.41,32.51,32.12,39.54,35.16,32.71,31.2,39.98,45.16,38.69,39.25,40.43,38.83,43.88,46.52
19915,99.94,101.83,32.32,29.65,30.49,30.49,33.01,30.66,31.02,31.56,32.51,32.12,39.83,35.27,32.71,31.2,40.27,45.93,38.69,39.25,40.58,38.83,44.06,46.73
19933,100.87,101.83,31.2,29.65,30.58,30.49,34.71,30.66,31.02,32.12,32.51,32.12,45.74,35.27,32.81,31.2,39.83,46.73,38.69,39.39,40.58,38.83,43.88,46.73
19954,95.52,101.83,30.75,29.65,30.58,30.4,32.71,30.66,31.02,32.61,32.51,32.12,40.12,35.27,32.81,31.2,40.27,46.73,38.69,39.39,40.58,38.83,44.06,46.13
19972,51.64,98.12,31.11,29.65,30.58,30.4,32.71,30.66,31.11,38.01,32.51,32.12,62.39,35.27,32.81,31.29,40.12,46.73,38.69,39.39,40.43,38.69,44.06,62.75
19992,37.48,99.02,31.2,29.65,30.58,30.4,32.91,30.66,31.11,37.09,32.51,32.12,44.06,35.16,32.91,31.29,40.12,46.73,38.55,39.25,40.43,38.69,43.88,62.75
20011,37.35,99.02,31.2,29.65,30.58,30.4,32.71,30.66,31.11,38.55,32.51,32.12,51.89,35.27,32.91,31.29,40.27,46.93,38.41,39.39,40.58,38.69,44.06,47.97
20031,45.74,64.63,31.2,29.65,30.58,30.4,32.03,30.66,31.11,31.93,32.51,32.12,54.79,35.27,32.81,31.29,40.12,46.93,38.55,39.11,40.58,38.69,44.06,56.22
20052,63.49,98.12,31.2,29.65,30.58,30.4,32.12,30.66,31.11,31.65,32.51,32.12,40.58,35.16,32.91,31.29,40.12,46.73,38.55,39.25,40.58,38.69,44.06,51.4
20070,44.42,98.12,31.2,29.65,30.58,30.4,32.03,30.66,31.11,31.65,32.51,32.12,43.52,35.16,32.91,31.29,40.12,46.73,38.55,39.25,40.58,38.69,44.06,53.17
20091,42.66,98.12,31.2,29.65,30.58,30.4,32.03,30.66,31.11,31.65,32.51,32.12,47.97,35.27,32.81,31.38,39.98,46.73,38.41,39.25,40.43,38.69,44.06,53.43
20109,59.96,101.83,31.29,29.65,30.58,30.4,40.73,30.66,31.11,31.65,32.51,32.12,49.29,35.27,32.91,31.29,40.12,46.73,38.55,39.11,40.58,38.69,44.06,53.97
20130,55.92,98.12,31.11,29.65,30.58,30.4,32.91,30.66,31.11,31.65,32.51,32.12,45.35,35.27,32.91,31.29,40.12,46.73,38.55,39.25,40.43,38.69,44.06,55.07
20148,38.41,99.02,31.2,29.65,30.58,30.4,33.01,30.66,31.11,31.65,32.51,32.12,46.52,35.27,32.91,31.29,39.83,46.73,38.41,39.11,40.43,38.69,44.06,55.92
20169,37.35,98.12,31.2,29.73,30.58,30.4,32.03,30.66,31.11,31.65,32.51,32.12,64.63,35.27,32.91,31.29,39.83,46.73,38.41,39.25,40.43,38.55,44.06,53.97
20189,38.14,101.83,31.2,29.73,30.58,30.4,32.12,30.66,31.11,31.65,32.51,32.12,63.87,35.27,32.91,31.29,39.98,46.73,38.41,39.25,40.58,38.55,44.06,89.2
20208,40.88,99.94,31.2,29.73,30.58,30.4,32.12,30.66,31.2,31.65,32.51,32.12,64.63,35.27,32.91,31.38,39.83,46.73,38.41,39.39,40.58,38.55,44.06,90.7
20228,38.27,99.94,30.75,29.65,30.58,30.4,33.94,30.66,31.2,31.75,32.51,32.12,65.02,35.27,32.91,31.38,40.12,45.16,38.27,39.39,40.58,38.55,44.06,54.51
20246,39.39,99.02,30.66,29.73,30.58,30.32,32.03,30.66,31.2,31.75,32.51,32.12,65.02,35.27,32.91,31.38,40.12,45.16,38.41,39.39,40.58,38.55,44.06,83.67
20267,37.61,99.94,30.75,29.73,30.58,30.4,44.06,30.66,31.2,31.75,32.51,32.12,65.42,35.27,32.91,31.38,39.98,45.16,38.41,39.39,40.58,38.55,44.24,90.7
20287,38.01,99.94,30.75,29.73,30.58,30.4,32.51,30.66,31.2,31.65,32.51,32.12,65.81,35.27,33.01,31.38,39.98,45.16,38.27,39.39,40.58,38.55,44.24,91.47
20306,94.68,102.8,31.2,29.73,30.58,30.4,32.32,30.66,31.2,31.75,32.51,32.12,65.42,35.16,32.91,31.29,40.12,44.97,38.27,39.39,40.58,38.55,44.24,90.7
20326,37.87,99.94,31.2,29.82,30.58,30.4,32.03,30.66,31.2,31.75,32.51,32.12,65.42,35.27,32.91,31.38,40.12,45.16,38.27,39.39,40.58,38.55,44.24,81.77
20345,96.37,102.8,30.66,29.73,30.58,30.32,32.03,30.66,31.2,31.75,32.51,32.12,65.42,35.16,32.91,31.38,40.12,44.97,38.27,39.39,40.58,38.41,44.24,81.77
20365,37.74,99.94,30.66,29.82,30.58,30.32,32.12,30.66,31.2,31.65,32.51,32.12,65.02,35.27,32.91,31.47,39.98,44.97,38.27,39.39,40.58,38.55,44.24,77.1
20384,37.48,99.94,30.66,29.73,30.58,30.32,32.12,30.58,31.11,31.65,32.51,32.12,65.02,35.27,32.91,31.38,40.12,44.97,38.27,39.39,40.58,38.55,44.24,52.4
20404,38.01,99.02,30.66,29.73,30.58,30.32,32.91,30.66,31.2,31.65,32.51,32.12,65.02,35.27,33.01,31.38,40.12,44.97,38.27,39.39,40.58,38.41,44.24,52.14
20425,48.84,99.02,30.66,29.82,30.58,30.32,32.22,30.66,31.11,31.65,32.51,32.12,65.42,35.27,33.01,31.47,39.98,44.97,38.14,39.39,40.73,38.55,44.42,61.33
20443,92.25,101.83,30.84,29.82,30.66,30.32,32.12,30.66,31.11,31.65,32.51,32.12,65.42,35.16,33.01,31.47,40.12,45.16,38.14,39.54,40.73,38.55,44.24,58.98
20464,38.01,99.02,30.93,29.82,30.58,30.32,32.12,30.66,31.11,31.56,32.51,32.12,65.42,35.16,33.01,31.47,40.12,44.97,38.27,39.39,40.73,38.55,44.24,59.96
20482,46.93,99.94,30.84,29.82,30.58,30.32,32.22,30.66,31.11,31.56,32.51,32.12,65.02,35.16,33.01,31.47,40.12,44.97,38.14,39.39,40.73,38.55,44.24,51.15
20502,47.76,99.02,30.84,29.82,30.66,30.32,33.94,30.66,31.11,31.56,32.51,32.12,65.02,35.16,33.01,31.56,40.12,44.97,38.14,39.39,40.73,38.55,44.42,50.67
20521,39.83,99.02,30.75,29.82,30.66,30.32,37.22,30.66,31.11,31.56,32.51,32.12,65.02,35.27,33.01,31.56,40.12,44.97,38.14,39.39,40.73,38.41,44.24,55.07
20541,38.41,99.02,30.93,29.82,30.66,30.32,33.31,30.58,31.11,31.56,32.51,32.12,65.02,35.27,33.01,31.56,40.12,44.97,38.14,39.39,40.73,38.41,44.42,57.11
20562,76.01,100.87,30.75,29.82,30.66,30.32,34.27,30.66,31.11,31.56,32.51,32.12,65.02,35.27,33.01,31.56,40.12,44.79,38.01,39.39,40.73,38.41,44.24,49.97
20580,37.48,98.12,30.75,29.82,30.66,30.32,53.7,30.66,31.11,31.56,32.51,32.12,65.02,35.27,33.01,31.65,40.12,44.97,38.01,39.54,40.73,38.41,44.24,80.55
20601,37.48,99.02,30.66,29.82,30.66,30.32,38.97,30.58,31.11,31.56,32.51,32.22,65.42,35.27,33.01,31.65,40.12,44.97,38.01,39.54,40.73,38.41,44.24,73.43
20619,37.48,95.52,31.11,29.73,30.66,30.32,33.31,30.66,31.29,31.38,32.51,32.22,59.63,35.27,33.01,31.75,40.12,44.97,38.01,39.54,40.73,38.41,44.24,77.65
20640,65.02,99.94,31.11,29.82,30.66,30.32,37.61,30.66,31.2,31.38,32.51,32.22,56.51,35.16,33.11,31.84,40.12,44.79,38.01,39.68,40.73,38.41,44.24,67.46
20660,49.51,99.02,31.11,29.82,30.66,30.32,43.52,30.66,31.2,31.38,32.51,32.22,55.64,35.04,33.11,31.84,40.12,44.97,37.87,39.68,40.73,38.41,44.24,91.47
20679,96.37,100.87,31.11,29.82,30.66,30.32,45.74,30.66,31.29,31.38,32.51,32.22,55.35,35.16,33.11,31.93,39.98,44.97,37.87,39.68,40.73,38.41,44.42,91.47
20699,99.94,85.66,31.11,29.9,30.66,30.32,35.86,30.66,31.29,31.38,32.51,32.22,56.51,35.16,33.11,31.93,40.12,45.16,37.74,39.68,40.73,38.41,44.24,91.47
20717,92.25,101.83,31.11,30.07,30.66,30.32,37.35,30.66,31.11,31.38,32.51,32.22,59.63,35.16,33.11,31.93,40.12,45.16,37.74,39.68,40.73,38.27,44.42,91.47
20738,98.12,101.83,31.11,30.07,30.66,30.32,33.11,30.66,31.11,31.38,32.51,32.22,65.81,35.27,33.11,32.03,39.98,45.16,37.74,39.68,40.73,38.27,44.42,91.47
20756,65.02,99.02,31.11,30.07,30.66,30.32,33.11,30.66,31.02,31.38,32.51,32.22,66.22,35.27,33.21,32.12,39.98,44.97,37.74,39.68,40.73,38.27,44.42,58.34
20777,53.43,99.02,31.11,30.07,30.66,30.32,33.52,30.75,31.02,31.38,32.51,32.22,65.42,35.27,33.11,32.22,39.98,45.16,37.74,39.68,40.73,38.27,44.42,49.51
20797,97.24,100.87,31.11,30.07,30.66,30.4,33.11,30.66,31.2,31.38,32.41,32.22,65.81,35.39,33.21,32.22,40.12,45.16,37.61,39.68,40.73,38.27,44.24,79.36
20818,40.88,99.02,31.11,30.07,30.66,30.32,34.16,30.66,31.29,31.38,32.51,32.22,65.81,35.39,33.21,32.22,40.12,45.35,37.61,39.68,40.88,38.14,44.42,89.95
20836,97.24,101.83,31.11,30.07,30.66,30.4,58.98,30.75,31.29,31.38,32.51,32.22,63.87,35.5,33.21,32.32,40.12,45.35,37.61,39.68,40.73,38.27,44.42,54.79
20857,53.43,98.12,31.11,30.07,30.66,30.4,47.34,30.75,31.29,31.38,32.51,32.22,65.42,35.5,33.21,32.32,39.98,45.35,37.61,39.68,40.73,38.27,44.42,82.39
20875,95.52,100.87,31.11,30.07,30.66,30.4,35.74,30.75,31.29,31.38,32.51,32.22,53.7,35.5,33.21,32.41,40.12,45.35,37.61,39.68,40.88,38.14,44.24,82.39
20896,95.52,100.87,31.11,29.98,30.66,30.4,33.11,30.66,31.29,31.38,32.41,32.22,55.64,35.5,33.21,32.41,40.12,45.74,37.61,39.68,40.73,38.14,44.42,82.39
20916,97.24,100.87,31.11,30.07,30.66,30.4,38.69,30.75,31.11,31.38,32.41,32.22,39.68,35.5,33.21,32.41,40.12,45.93,37.61,39.83,40.73,38.14,44.42,52.91
20935,96.37,99.94,31.11,30.07,30.66,30.4,33.31,30.75,31.11,31.38,32.51,32.22,39.68,35.5,33.21,32.51,40.12,45.74,37.61,39.83,40.73,38.27,44.42,76.01
20955,97.24,100.87,31.11,30.07,30.66,30.4,36.59,30.75,31.29,31.38,32.51,32.22,39.83,35.5,33.21,32.41,40.12,45.93,37.48,39.68,40.88,38.14,44.42,82.39
20973,98.12,100.87,31.11,30.07,30.66,30.4,42,30.75,31.29,31.38,32.41,32.22,39.83,35.5,33.21,32.41,40.12,45.74,37.61,39.68,40.73,38.14,44.6,82.39
20994,95.52,100.87,31.11,30.07,30.66,30.4,48.62,30.75,31.29,31.38,32.51,32.22,39.83,35.5,33.21,32.41,40.12,45.74,37.61,39.68,40.88,38.14,44.42,59.96
21012,95.52,99.94,31.11,30.07,30.66,30.4,35.16,30.75,31.2,31.38,32.41,32.22,39.98,35.5,33.21,32.41,40.12,45.74,37.48,39.83,40.73,38.14,44.42,62.75
21033,99.02,100.87,31.11,30.07,30.75,30.4,33.31,30.75,31.2,31.38,32.51,32.22,42.49,35.5,33.21,32.41,40.12,45.54,37.61,39.68,40.58,38.14,44.42,53.17
21053,97.24,100.87,31.11,30.07,30.66,30.4,41.35,30.75,31.2,31.38,32.51,32.22,39.83,35.5,33.21,32.32,39.98,45.74,37.61,39.68,40.73,38.14,44.42,81.77
21072,99.94,101.83,31.11,30.07,30.66,30.4,41.84,30.75,31.2,31.38,32.51,32.22,39.68,35.62,33.21,32.32,39.98,45.74,37.48,39.68,40.73,38.14,44.42,91.47
21092,98.12,101.83,31.11,30.07,30.66,30.4,43.52,30.75,31.29,31.38,32.51,32.22,43,35.5,33.21,32.32,40.12,45.74,37.61,39.68,40.73,38.14,44.42,68.31
21111,99.94,101.83,31.11,30.07,30.66,30.4,45.93,30.66,31.29,31.38,32.51,32.22,43.52,35.5,33.21,32.22,39.83,45.74,37.61,39.68,40.73,38.14,44.42,71.01
21131,99.02,101.83,31.11,29.98,30.66,30.4,44.6,30.75,31.29,31.38,32.51,32.22,42.16,35.5,33.21,32.22,40.12,45.74,37.61,39.68,40.73,38.14,44.24,77.65
21152,99.94,101.83,31.11,30.07,30.66,30.4,49.51,30.75,31.29,31.47,32.51,32.22,39.39,35.5,33.21,32.22,40.12,45.74,37.61,39.54,40.73,38.14,44.24,78.21
21170,99.94,101.83,31.11,29.98,30.66,30.4,33.11,30.75,31.11,31.38,32.51,32.22,40.88,35.5,33.11,32.12,40.12,45.74,37.61,39.54,40.73,38.14,44.24,91.47
21191,99.94,101.83,31.11,29.9,30.66,30.4,33.11,30.75,31.11,31.38,32.51,32.22,39.39,35.5,33.11,32.12,39.98,45.74,37.61,39.54,40.58,38.14,44.24,84.32
21209,99.02,101.83,31.11,29.9,30.66,30.4,33.01,30.66,31.11,31.38,32.51,32.22,39.39,35.5,33.11,32.03,39.68,45.74,37.74,39.54,40.58,38.27,44.06,73.93
21229,58.98,99.94,31.11,29.9,30.66,30.4,49.74,30.75,31.11,31.38,32.51,32.22,39.39,35.5,33.11,32.03,40.12,45.74,37.74,39.54,40.58,38.14,44.24,80.55
21250,43.35,99.94,31.11,29.9,30.66,30.4,37.35,30.75,31.11,31.38,32.51,32.22,39.68,35.5,33.01,32.03,40.12,45.54,37.87,39.54,40.58,38.27,44.24,82.39
21268,99.94,101.83,31.2,29.9,30.66,30.4,37.74,30.75,31.11,31.38,32.51,32.22,39.83,35.39,33.01,31.93,40.12,45.54,37.87,39.54,40.58,38.27,44.24,90.7
21289,38.55,99.94,31.11,29.82,30.66,30.4,58.34,30.75,31.11,31.38,32.51,32.22,39.25,35.39,33.11,31.93,40.12,45.54,37.87,39.39,40.73,38.27,44.06,90.7
21309,42.16,99.02,31.38,29.82,30.66,30.4,33.31,30.66,31.11,31.38,32.51,32.22,38.97,35.5,33.01,31.93,40.12,45.54,38.01,39.39,40.58,38.27,44.06,83.67
21330,41.04,99.94,31.11,29.82,30.66,30.4,33.11,30.66,31.02,31.38,32.51,32.32,38.97,35.39,33.01,31.93,40.12,45.54,38.01,39.39,40.58,38.41,44.06,90.7
21348,100.87,101.83,31.2,29.73,30.66,30.4,33.21,30.66,31.11,31.38,32.51,32.22,38.97,35.39,33.01,31.93,39.98,44.97,38.01,39.39,40.58,38.41,44.06,90.7
21369,100.87,101.83,31.11,29.73,30.66,30.4,33.11,30.66,31.2,31.38,32.51,32.22,38.83,35.27,33.01,31.84,40.12,44.79,38.14,39.39,40.58,38.41,44.06,88.47
21387,92.25,100.87,31.2,29.73,30.66,30.4,55.35,30.66,31.2,31.38,32.41,32.22,38.83,35.27,33.01,31.84,40.12,44.97,38.14,39.39,40.58,38.41,44.06,89.95
21408,95.52,99.94,31.2,29.73,30.66,30.32,39.83,30.66,31.2,31.38,32.51,32.22,38.97,35.27,33.01,31.75,40.12,45.74,38.27,39.39,40.58,38.41,44.24,78.78
21428,99.94,101.83,31.2,29.73,30.66,30.4,33.21,30.66,31.11,31.29,32.51,32.32,38.97,35.27,33.01,31.75,40.27,45.93,38.27,39.25,40.58,38.55,44.06,83.67
21447,63.12,99.94,31.2,29.73,30.66,30.32,34.05,30.66,31.02,31.38,32.51,32.22,38.83,35.27,32.91,31.75,40.27,44.79,38.27,39.39,40.73,38.55,44.24,89.95
21467,100.87,101.83,31.2,29.73,30.58,30.4,33.01,30.66,31.11,31.29,32.51,32.22,38.97,35.27,32.91,31.75,40.27,44.79,38.41,39.25,40.58,38.55,44.24,59.31
21485,99.94,101.83,31.2,29.73,30.58,30.4,32.91,30.66,31.02,31.38,32.51,32.22,38.97,35.27,32.91,31.75,40.27,44.97,38.41,39.39,40.58,38.69,44.24,83.67
21506,63.49,99.94,31.2,29.73,30.58,30.4,33.01,30.66,31.11,31.38,32.51,32.22,38.97,35.27,32.91,31.65,40.27,44.97,38.41,39.39,40.58,38.55,44.24,83.67
21524,98.12,66.22,31.2,29.73,30.58,30.4,32.12,30.66,31.11,31.38,32.51,32.32,38.97,35.16,32.91,31.75,40.27,44.97,38.41,39.39,40.73,38.69,44.24,83.67
21545,100.87,101.83,31.11,29.73,30.58,30.4,32.22,30.66,31.11,31.47,32.51,32.22,39.11,35.04,32.91,31.65,40.27,44.97,38.27,39.39,40.58,38.69,44.24,83.03
21565,43.17,99.02,31.2,29.65,30.58,30.4,32.12,30.66,31.02,31.47,32.51,32.22,39.11,35.04,33.01,31.65,40.27,45.16,38.27,39.25,40.58,38.69,44.24,83.67
21584,48.19,99.02,31.2,29.65,30.58,30.4,32.12,30.66,31.02,31.47,32.51,32.22,39.11,35.16,32.91,31.65,40.27,45.35,38.41,39.25,40.58,38.69,44.24,47.55
21604,95.52,101.83,31.29,29.65,30.58,30.4,32.12,30.66,31.11,31.47,32.51,32.22,59.96,35.16,32.91,31.56,40.27,46.52,38.41,39.39,40.58,38.69,44.06,45.54
21623,99.02,100.87,31.29,29.65,30.58,30.49,32.03,30.66,31.02,31.47,32.51,32.22,52.14,35.16,32.91,31.65,40.27,46.73,38.41,39.25,40.58,38.69,44.06,68.75
21643,77.65,99.94,31.29,29.65,30.58,30.49,32.81,30.66,31.02,31.47,32.51,32.22,63.12,35.16,32.91,31.65,40.27,46.73,38.41,39.25,40.58,38.69,44.06,56.81
21662,51.64,99.02,31.29,29.65,30.58,30.49,37.35,30.66,31.02,31.47,32.51,32.22,65.42,35.16,32.91,31.56,40.27,46.73,38.41,39.25,40.58,38.69,44.06,55.35
21682,49.74,99.02,31.38,29.65,30.49,30.49,32.12,30.66,31.02,31.47,32.51,32.22,65.81,35.16,32.91,31.56,40.27,46.93,38.41,39.25,40.58,38.69,44.06,81.77
21703,93.86,100.87,31.38,29.65,30.49,30.49,32.12,30.66,31.02,31.47,32.51,32.22,66.22,35.16,33.01,31.56,40.27,46.93,38.55,39.25,40.58,38.69,44.06,79.36
21721,83.67,100.87,31.38,29.65,30.49,30.49,32.12,30.66,31.11,31.47,32.51,32.22,65.81,35.16,32.91,31.56,40.12,46.93,38.41,39.25,40.58,38.55,44.06,89.95
21741,96.37,102.8,31.38,29.65,30.58,30.49,32.12,30.66,31.11,31.47,32.51,32.22,66.22,35.16,32.91,31.47,40.27,46.93,38.55,39.25,40.58,38.69,44.06,89.95
21760,96.37,102.8,31.75,29.65,30.58,30.49,33.11,30.66,31.11,31.47,32.51,32.22,65.81,35.16,32.91,31.56,39.98,46.93,38.41,39.25,40.58,38.69,44.06,89.2
21780,60.64,100.87,31.84,29.65,30.58,30.49,33.11,30.66,31.2,31.47,32.51,32.22,66.22,35.04,32.91,31.47,40.27,46.93,38.41,39.25,40.58,38.69,44.06,90.7
21801,91.47,102.8,31.84,29.65,30.58,30.49,33.21,30.66,31.02,31.47,32.51,32.22,66.22,35.16,32.91,31.47,40.27,46.93,38.41,39.25,40.58,38.69,44.06,89.95
21819,92.25,100.87,31.84,29.65,30.58,30.49,33.11,30.66,31.11,31.47,32.51,32.22,65.81,35.16,32.91,31.47,40.27,47.34,38.55,39.25,40.73,38.69,43.88,89.95
21840,94.68,74.44,31.56,29.65,30.49,30.49,33.21,30.66,31.2,31.47,32.51,32.22,65.81,35.16,32.91,31.56,40.27,47.55,38.55,39.25,40.58,38.69,44.06,89.95
21858,96.37,102.8,31.38,29.65,30.49,30.49,33.21,30.66,31.2,31.47,32.51,32.22,65.02,35.16,33.01,31.47,40.27,47.55,38.41,39.39,40.73,38.69,44.06,90.7
21879,95.52,102.8,31.38,29.65,30.58,30.49,33.21,30.66,31.2,31.38,32.51,32.22,64.63,35.16,33.01,31.56,40.27,47.55,38.55,39.25,40.73,38.55,44.24,89.95
21897,99.02,103.78,31.38,29.65,30.58,30.49,33.31,30.66,31.11,31.47,32.51,32.22,64.63,35.16,32.91,31.47,40.27,47.55,38.55,39.39,40.58,38.69,44.06,90.7
21918,101.83,102.8,31.38,29.65,30.49,30.49,33.42,30.66,31.11,31.47,32.51,32.22,64.25,35.16,32.91,31.47,39.98,47.55,38.41,39.25,40.58,38.69,44.24,88.47
21938,101.83,103.78,31.38,29.65,30.49,30.49,37.09,30.66,31.2,31.47,32.51,32.22,64.63,35.16,32.91,31.47,40.12,46.93,38.41,39.25,40.58,38.69,44.24,90.7
21957,101.83,102.8,31.38,29.65,30.49,30.49,33.01,30.66,31.11,31.47,32.51,32.22,66.22,35.16,32.91,31.47,40.12,45.93,38.55,39.39,40.73,38.69,44.24,90.7
21977,101.83,101.83,31.38,29.65,30.58,30.49,32.91,30.66,31.02,31.47,32.51,32.22,66.22,35.16,33.01,31.47,40.27,46.13,38.55,39.39,40.58,38.69,44.24,90.7
21995,101.83,102.8,31.93,29.65,30.58,30.58,32.91,30.66,31.02,31.47,32.51,32.22,65.02,35.16,33.01,31.56,40.12,46.52,38.41,39.25,40.58,38.69,44.24,90.7
22016,99.94,103.78,51.64,29.65,30.49,30.49,42.49,30.66,31.2,31.47,32.51,32.22,65.02,35.16,32.91,31.47,40.12,46.52,38.41,39.25,40.58,38.69,44.24,91.47
22034,101.83,103.78,51.64,29.65,30.49,30.58,32.12,30.66,31.2,31.47,32.51,32.22,65.81,35.16,33.01,31.47,40.27,46.52,38.41,39.11,40.58,38.69,44.24,82.39
22055,96.37,102.8,51.64,29.65,30.49,30.58,32.03,30.66,31.2,31.47,32.51,32.22,65.02,35.16,33.01,31.47,40.27,46.32,38.55,39.25,40.58,38.69,44.06,81.77
22075,96.37,102.8,51.4,29.65,30.49,30.58,32.12,30.66,31.2,31.47,32.51,32.22,39.25,35.16,33.01,31.47,40.12,46.32,38.55,39.25,40.58,38.69,44.06,81.77
22094,95.52,101.83,31.38,29.65,30.49,30.58,33.21,30.66,31.2,31.47,32.51,32.22,39.39,35.16,33.01,31.47,40.27,46.52,38.41,39.25,40.58,38.69,44.24,81.77
22114,92.25,99.94,31.38,29.65,30.49,30.66,32.51,30.66,31.29,31.47,32.51,32.22,39.25,35.27,33.01,31.56,40.27,46.52,38.55,39.25,40.58,38.55,44.24,90.7
22133,81.77,100.87,31.38,29.57,30.49,30.58,32.03,30.66,31.29,31.47,32.51,32.12,39.39,35.04,33.11,31.47,40.27,46.32,38.55,39.25,40.43,38.69,44.06,90.7
22153,89.2,101.83,31.38,29.57,30.49,30.58,32.03,30.66,31.29,31.47,32.51,32.22,39.39,35.04,33.11,31.47,40.27,46.52,38.41,39.25,40.58,38.69,44.06,89.95
22174,38.27,99.02,31.38,29.57,30.49,30.58,32.03,30.66,31.29,31.47,32.51,32.22,39.54,35.16,33.11,31.47,40.27,46.52,38.55,39.39,40.58,38.69,44.06,89.95
22192,40.73,99.02,31.93,29.57,30.49,30.66,32.03,30.66,31.29,31.47,32.51,32.12,39.68,35.04,33.21,31.47,40.27,46.52,38.55,39.39,40.58,38.69,44.06,89.95
22213,37.87,98.12,31.56,29.57,30.49,30.66,33.21,30.66,31.29,31.47,32.51,32.12,39.54,35.04,33.11,31.47,40.27,46.52,38.55,39.39,40.58,38.69,44.24,90.7
22231,38.01,98.12,31.47,29.57,30.49,30.66,33.21,30.66,31.29,31.47,32.51,32.12,39.39,34.93,33.21,31.38,40.12,46.52,38.55,39.39,40.58,38.55,44.06,90.7
22251,69.19,99.02,31.47,29.57,30.49,30.66,33.21,30.66,31.29,31.47,32.51,32.12,47.34,35.04,33.21,31.38,40.27,46.52,38.55,39.39,40.58,38.69,44.24,82.39
22270,99.94,99.94,31.47,29.57,30.49,30.66,33.11,30.66,31.29,31.56,32.51,32.12,53.17,35.04,33.11,31.38,40.27,46.52,38.55,39.39,40.43,38.55,44.06,89.95
22290,41.67,97.24,31.47,29.57,30.49,30.66,33.11,30.66,31.38,31.56,32.51,32.12,58.34,35.04,33.11,31.38,40.27,46.32,38.55,39.25,40.58,38.69,44.24,90.7
22311,60.64,99.94,31.56,29.57,30.49,30.66,32.03,30.66,31.38,31.56,32.51,32.12,63.87,35.04,33.11,31.38,40.27,46.52,38.55,39.25,40.58,38.69,44.24,90.7
22329,99.94,100.87,31.84,29.65,30.49,30.66,33.01,30.66,31.38,31.47,32.51,32.12,71.48,35.04,33.01,31.38,40.27,46.52,38.55,39.39,40.43,38.55,44.24,91.47
22350,98.12,99.94,31.75,29.65,30.49,30.66,32.61,30.66,31.38,31.56,32.51,32.12,71.96,35.16,33.11,31.38,40.12,46.73,38.55,39.25,40.58,38.69,44.24,91.47
22368,97.24,97.24,31.47,29.65,30.58,30.66,33.11,30.66,31.38,31.56,32.51,32.12,39.68,35.16,33.11,31.38,40.27,46.52,38.69,39.25,40.58,38.69,44.24,91.47
22389,97.24,97.24,31.65,29.65,30.58,30.66,33.11,30.66,31.38,31.56,32.51,32.12,41.51,35.16,33.11,31.38,40.27,46.73,38.69,39.39,40.58,38.69,44.06,91.47
22407,97.24,97.24,31.47,29.65,30.49,30.66,32.61,30.66,31.11,31.56,32.51,32.12,42.33,35.04,33.21,31.38,40.43,45.93,38.69,39.39,40.58,38.69,44.24,91.47
22428,96.37,97.24,31.75,29.65,30.58,30.75,33.01,30.66,31.11,31.84,32.51,32.12,46.73,35.04,33.21,31.29,40.43,46.13,38.69,39.39,40.43,38.69,44.24,91.47
22448,95.52,97.24,31.75,29.65,30.58,30.75,32.81,30.66,31.11,31.84,32.51,32.12,45.35,35.04,33.21,31.29,40.43,46.73,38.83,39.54,40.58,38.55,44.24,91.47
22466,96.37,97.24,31.56,29.65,30.58,30.75,44.42,30.66,31.29,31.84,32.51,32.12,42,35.04,33.21,31.29,40.43,46.73,38.83,39.39,40.58,38.83,44.24,91.47
22487,95.52,97.24,31.56,29.73,30.58,30.75,49.74,30.66,31.38,31.93,32.51,32.12,43.17,35.16,33.21,31.29,40.58,47.97,38.97,39.54,40.58,38.69,44.24,90.7
22505,96.37,97.24,31.47,29.65,30.58,30.66,46.13,30.66,31.47,31.93,32.51,32.12,43,35.16,33.11,31.29,40.43,47.76,38.97,39.54,40.58,38.69,44.24,90.7
22526,40.27,96.37,44.24,29.73,30.49,30.66,41.84,30.66,31.2,31.65,32.61,32.12,42.33,35.16,33.11,31.29,40.58,47.97,38.97,39.54,40.43,38.69,44.24,92.25
22546,97.24,98.12,31.02,29.65,30.58,30.66,44.79,30.66,31.47,31.65,32.51,32.12,41.2,35.16,33.21,31.2,40.58,47.76,38.97,39.54,40.58,38.69,44.24,92.25
22565,98.12,99.02,31.02,29.73,30.58,30.66,54.51,30.66,31.47,31.65,32.51,32.12,39.39,35.16,33.11,31.2,40.73,47.55,38.97,39.54,40.58,38.83,44.24,92.25
22585,99.02,99.94,31.02,29.73,30.49,30.66,54.51,30.66,31.38,31.65,32.51,32.12,40.73,35.16,33.11,31.2,40.58,47.55,38.97,39.68,40.43,38.83,44.42,92.25
22604,98.12,99.94,31.11,29.65,30.58,30.75,54.79,30.66,31.56,31.75,32.61,32.12,41.84,35.04,33.11,31.2,40.58,47.55,39.11,39.68,40.58,38.83,44.24,92.25
22624,98.12,99.94,31.47,29.73,30.58,30.75,54.24,30.66,31.38,31.75,32.51,32.12,39.54,35.27,33.21,31.2,40.73,47.55,38.97,39.68,40.58,38.83,44.24,92.25
22643,98.12,99.94,31.47,29.73,30.58,30.66,38.41,30.66,31.38,31.75,32.51,32.12,41.35,35.27,33.11,31.2,40.73,47.55,39.11,39.68,40.58,38.83,44.42,92.25
22663,98.12,100.87,31.02,29.82,30.58,30.66,40.58,30.66,31.29,31.65,32.51,32.12,42,35.27,33.01,31.2,40.73,47.55,39.25,39.68,40.58,38.69,44.24,92.25
22684,99.02,95.52,31.02,29.82,30.58,30.66,33.11,30.66,31.2,31.65,32.61,32.12,39.39,35.27,33.01,31.2,40.88,47.76,39.25,39.83,40.58,38.83,44.24,93.05
22702,99.02,100.87,31.02,29.82,30.58,30.66,32.71,30.66,31.2,31.75,32.51,32.12,39.54,35.27,33.11,31.2,41.04,47.76,39.39,39.83,40.58,38.83,44.42,93.05
22722,99.02,100.87,30.93,29.82,30.58,30.66,45.74,30.66,31.2,31.75,32.61,32.22,39.54,35.27,33.11,31.2,41.04,47.76,39.39,39.83,40.73,38.83,44.42,93.05
22741,100.87,100.87,31.38,29.73,30.49,30.66,33.84,30.66,31.2,31.65,32.61,32.12,39.54,35.27,33.01,31.2,40.88,47.55,39.39,39.83,40.58,38.83,44.42,93.05
22761,99.94,99.94,31.11,29.73,30.49,30.58,35.86,30.66,31.11,31.65,32.61,32.12,39.68,35.27,33.11,31.2,41.04,47.55,39.39,39.83,40.58,38.83,44.24,93.86
22782,99.94,100.87,31.29,29.73,30.49,30.58,52.91,30.66,31.2,31.75,32.51,32.12,39.54,35.27,33.11,31.2,40.88,47.55,39.39,39.83,40.58,38.83,44.42,93.05
22800,99.94,99.94,31.29,29.73,30.58,30.49,34.48,30.66,31.2,31.65,32.51,32.22,42.49,35.27,33.11,31.2,41.04,47.55,39.39,39.83,40.58,38.83,44.42,93.05
22821,99.02,99.94,31.29,29.82,30.49,30.49,37.48,30.66,31.2,31.75,32.61,32.12,42,35.27,33.11,31.2,41.04,47.55,39.39,39.83,40.58,38.83,44.24,93.86
22839,99.02,98.12,31.2,29.73,30.49,30.49,33.73,30.66,31.2,31.75,32.51,32.12,43.35,35.27,33.11,31.11,41.04,47.55,39.39,39.83,40.58,38.83,44.42,93.05
22860,98.12,99.94,31.29,29.73,30.49,30.49,34.05,30.66,31.2,31.75,32.51,32.12,41.04,35.16,33.11,31.11,41.04,45.93,39.39,39.83,40.58,38.83,44.42,92.25
22878,98.12,99.02,31.38,29.82,30.49,30.49,48.4,30.66,31.2,31.75,32.61,32.12,40.27,35.27,33.11,31.2,41.04,45.93,39.25,39.83,40.58,38.83,44.24,93.05
22899,98.12,99.94,31.75,29.82,30.49,30.49,49.74,30.66,31.2,31.75,32.61,32.22,39.83,35.27,33.11,31.2,40.88,45.93,39.25,39.83,40.58,38.83,44.42,93.05
22919,98.12,99.02,31.65,29.82,30.49,30.49,45.16,30.66,31.2,31.75,32.51,32.22,41.84,35.27,33.11,31.2,40.73,45.93,39.25,39.83,40.58,38.83,44.42,93.05
22938,98.12,99.02,31.29,29.73,30.58,30.49,47.97,30.66,31.29,31.65,32.51,32.12,42,35.16,33.11,31.11,40.73,45.93,39.25,39.83,40.58,38.69,44.24,93.05
22958,98.12,99.94,31.2,29.73,30.49,30.49,54.51,30.66,31.2,31.75,32.51,32.12,42,35.27,33.11,31.2,40.73,45.93,39.11,39.68,40.58,38.69,44.24,84.99
22978,98.12,99.94,31.38,29.82,30.58,30.49,54.24,30.66,31.2,31.75,32.51,32.12,41.67,35.27,33.01,31.2,40.73,45.93,39.11,39.68,40.58,38.69,44.42,84.32
22997,98.12,99.94,31.38,29.82,30.49,30.49,55.35,30.66,31.2,31.75,32.51,32.12,39.11,35.16,33.01,31.2,40.58,45.93,38.97,39.68,40.58,38.69,44.24,93.05
23017,98.12,100.87,31.38,29.73,30.58,30.49,55.07,30.66,31.11,31.75,32.51,32.12,40.12,35.27,33.01,31.2,40.43,45.93,38.97,39.54,40.43,38.69,44.24,92.25
23036,98.12,99.94,31.47,29.73,30.58,30.49,54.51,30.66,31.2,31.75,32.51,32.12,39.83,35.16,33.01,31.2,40.58,45.93,39.11,39.54,40.58,38.69,44.42,83.67
23056,99.02,100.87,31.65,29.73,30.58,30.4,54.51,30.66,31.11,31.75,32.51,32.12,40.73,35.27,33.01,31.2,40.58,45.74,39.11,39.39,40.58,38.69,44.24,93.05
23077,98.12,100.87,31.75,29.73,30.49,30.4,54.79,30.66,31.2,31.65,32.51,32.12,40.12,35.27,32.91,31.2,40.58,45.54,38.97,39.39,40.43,38.69,44.42,92.25
23095,99.02,100.87,31.47,29.73,30.58,30.4,53.97,30.66,31.11,31.75,32.51,32.12,40.58,35.27,33.01,31.2,40.58,45.54,38.97,39.54,40.58,38.69,44.24,87.75
23116,98.12,99.94,31.75,29.73,30.58,30.4,32.51,30.66,31.11,31.65,32.51,32.12,42,35.5,32.91,31.2,40.58,47.13,38.97,39.54,40.58,38.69,44.24,92.25
23134,91.47,99.94,31.75,29.73,30.49,30.4,40.27,30.66,31.11,31.65,32.51,32.12,39.54,35.5,32.91,31.11,40.58,47.13,38.97,39.54,40.58,38.55,44.24,92.25
23155,98.12,99.94,31.75,29.73,30.49,30.4,31.84,30.66,31.11,31.65,32.51,32.12,39.98,35.39,32.81,31.2,40.43,47.13,38.83,39.39,40.58,38.69,44.24,90.7
23175,44.79,98.12,31.47,29.73,30.49,30.4,31.93,30.66,31.11,31.65,32.51,32.12,41.51,35.39,32.81,31.2,40.43,47.13,38.97,39.39,40.58,38.69,44.24,91.47
23194,45.74,98.12,31.47,29.73,30.49,30.4,31.75,30.66,31.2,31.75,32.51,32.12,39.54,35.39,32.81,31.2,40.43,47.34,38.83,39.39,40.58,38.69,44.24,90.7
23214,40.88,98.12,31.65,29.73,30.49,30.4,31.84,30.66,31.2,31.84,32.51,32.12,39.54,35.27,32.71,31.2,40.27,47.13,38.83,39.39,40.43,38.69,44.24,91.47
23232,38.69,98.12,31.2,29.73,30.49,30.4,31.84,30.66,31.2,31.93,32.51,32.12,39.68,35.27,32.81,31.2,40.27,47.13,38.83,39.39,40.43,38.83,44.24,91.47
23253,38.01,98.12,31.2,29.73,30.58,30.4,32.32,30.66,31.2,32.61,32.51,32.12,42.16,35.27,32.71,31.2,40.43,47.13,38.83,39.39,40.43,38.83,44.24,91.47
23271,38.01,99.02,31.2,29.65,30.58,30.4,32.32,30.66,31.29,31.65,32.51,32.12,65.42,35.27,32.71,31.2,40.43,45.35,38.83,39.39,40.43,38.69,44.24,89.95
23292,48.62,99.02,31.2,29.65,30.58,30.4,32.61,30.66,31.29,31.65,32.51,32.12,39.83,35.27,32.71,31.2,40.43,45.35,38.83,39.25,40.43,38.83,44.24,82.39
23310,79.95,100.87,31.2,29.65,30.58,30.4,32.41,30.66,31.38,32.32,32.51,32.12,56.22,35.27,32.71,31.2,40.27,45.35,38.83,39.39,40.43,38.69,44.24,82.39
23331,61.33,99.94,31.11,29.65,30.58,30.49,32.51,30.66,31.29,32.32,32.51,32.12,44.6,35.27,32.71,31.2,40.12,45.35,38.83,39.39,40.43,38.83,44.24,89.95
23351,87.75,100.87,31.11,29.65,30.58,30.49,32.61,30.66,31.47,32.51,32.51,32.12,55.35,35.16,32.81,31.29,40.27,45.35,38.83,39.25,40.43,38.83,44.24,89.2
23370,41.84,99.02,31.11,29.65,30.58,30.4,32.61,30.66,31.47,31.75,32.51,32.12,60.3,35.16,32.81,31.2,40.27,45.35,38.83,39.11,40.43,38.83,44.24,90.7
23390,65.42,100.87,31.11,29.65,30.58,30.49,32.71,30.66,31.47,31.75,32.51,32.12,65.02,35.16,32.81,31.2,40.27,46.13,38.83,39.25,40.43,38.83,44.24,90.7
23409,47.76,89.2,31.11,29.65,30.58,30.49,32.41,30.66,31.47,32.81,32.51,32.12,65.81,35.16,32.81,31.29,40.27,45.93,38.69,39.25,40.43,38.83,44.06,89.95
23429,38.14,99.02,30.58,29.65,30.58,30.49,32.61,30.66,31.47,32.81,32.51,32.12,65.42,35.16,32.81,31.29,40.27,45.74,38.69,39.25,40.43,38.83,44.06,90.7
23450,44.97,89.95,30.58,29.65,30.58,30.4,32.51,30.66,31.47,32.91,32.51,32.12,65.42,35.16,32.81,31.29,40.27,46.13,38.69,39.25,40.43,38.69,44.24,90.7
23468,59.31,99.94,30.66,29.73,30.58,30.49,32.51,30.75,31.47,32.91,32.51,32.12,49.97,35.16,32.81,31.29,39.98,45.93,38.69,39.25,40.27,38.69,44.24,90.7
23488,65.02,99.02,30.75,29.73,30.58,30.4,32.51,30.66,31.56,32.91,32.51,32.12,43.52,35.16,32.81,31.29,40.27,45.93,38.69,39.25,40.43,38.69,44.24,91.47
23507,99.02,101.83,30.75,29.73,30.58,30.4,32.41,30.66,31.47,32.91,32.51,32.12,45.54,35.16,32.91,31.29,39.98,46.13,38.69,39.25,40.43,38.69,44.24,90.7
23527,49.97,98.12,30.75,29.73,30.58,30.49,32.51,30.75,31.47,32.91,32.51,32.12,46.93,35.16,32.91,31.29,40.12,46.13,38.69,39.25,40.43,38.69,44.24,89.95
23546,37.74,98.12,30.58,29.73,30.58,30.4,32.41,30.75,31.56,32.91,32.51,32.12,46.73,35.16,32.81,31.29,40.12,46.13,38.69,39.25,40.43,38.69,44.24,90.7
23566,42.16,98.12,30.58,29.73,30.58,30.4,32.61,30.75,31.56,32.91,32.51,32.12,47.97,35.16,32.81,31.29,40.12,46.13,38.55,39.39,40.43,38.69,44.24,89.95
23587,39.98,98.12,30.66,29.82,30.58,30.4,32.41,30.75,31.56,34.16,32.51,32.12,48.84,35.16,32.81,31.29,40.12,46.13,38.55,39.39,40.43,38.69,44.24,89.95
23605,73.93,100.87,30.84,29.82,30.58,30.4,32.41,30.75,31.56,32.91,32.51,32.12,49.97,35.16,32.81,31.29,40.12,46.13,38.55,39.39,40.43,38.55,44.24,70.09
23626,93.86,100.87,30.93,29.82,30.58,30.4,32.51,30.66,31.56,32.71,32.51,32.12,49.97,35.16,32.81,31.29,40.27,46.13,38.55,39.39,40.58,38.69,44.24,50.67
23644,70.55,99.02,30.75,29.82,30.58,30.4,32.51,30.66,31.29,32.81,32.51,32.12,63.12,35.16,32.91,31.29,40.27,46.32,38.55,39.39,40.58,38.69,44.24,52.91
23665,95.52,100.87,30.75,29.73,30.58,30.4,32.61,30.66,31.29,32.51,32.51,32.12,63.12,35.16,32.91,31.38,40.27,46.32,38.55,39.39,40.58,38.69,44.42,52.4
23683,95.52,101.83,30.84,29.73,30.58,30.4,32.61,30.66,31.29,32.51,32.51,32.12,63.87,35.16,32.91,31.38,40.12,46.32,38.55,39.39,40.58,38.69,44.24,88.47
23703,56.22,100.87,30.75,29.82,30.58,30.4,32.51,30.66,31.47,32.32,32.41,32.12,64.25,35.16,33.01,31.38,40.12,46.32,38.41,39.39,40.58,38.55,44.24,69.19
23724,47.76,99.02,30.66,29.82,30.58,30.4,32.51,30.66,31.47,32.32,32.51,32.12,64.63,35.16,33.01,31.38,40.12,46.32,38.41,39.39,40.58,38.55,44.24,68.31
23742,52.4,99.94,30.66,29.9,30.58,30.4,32.61,30.75,31.29,32.51,32.51,32.12,64.63,35.16,33.01,31.38,39.98,46.13,38.41,39.39,40.73,38.55,44.24,70.55
23763,49.97,100.87,30.66,29.82,30.58,30.4,32.51,30.66,31.29,32.41,32.51,32.12,64.63,35.27,33.01,31.38,40.12,46.32,38.41,39.39,40.58,38.55,44.24,89.95
23781,50.44,100.87,30.66,29.82,30.58,30.32,32.51,30.66,31.2,31.65,32.51,32.12,64.25,35.16,33.01,31.38,40.12,46.13,38.41,39.39,40.58,38.55,44.42,52.65
23802,47.34,99.02,30.66,29.82,30.58,30.32,32.61,30.66,31.11,31.65,32.51,32.12,64.63,35.27,33.01,31.47,40.12,46.13,38.41,39.39,40.58,38.55,44.24,60.98
23822,49.06,99.02,30.66,29.82,30.58,30.32,32.71,30.66,31.11,31.65,32.51,32.12,63.87,35.16,32.91,31.38,40.12,46.32,38.41,39.39,40.58,38.55,44.24,58.66
23841,43.88,98.12,30.66,29.82,30.66,30.32,35.04,30.66,31.2,31.65,32.51,32.12,63.49,35.04,32.91,31.47,40.12,46.32,38.27,39.39,40.58,38.55,44.24,62.75
23861,40.58,99.02,30.66,29.82,30.58,30.32,33.01,30.66,31.2,31.65,32.51,32.12,63.87,35.16,33.01,31.47,40.12,46.13,38.27,39.39,40.58,38.55,44.24,83.67
23880,38.55,99.94,30.75,29.82,30.58,30.32,32.81,30.66,31.2,31.65,32.51,32.12,65.02,35.16,33.01,31.47,40.12,46.32,38.14,39.39,40.58,38.41,44.24,90.7
23900,53.17,99.94,30.84,29.82,30.66,30.32,32.81,30.66,31.11,31.56,32.51,32.12,65.02,35.27,33.01,31.47,40.12,46.13,38.14,39.39,40.73,38.55,44.24,90.7
23919,39.54,99.94,30.75,29.82,30.66,30.4,32.81,30.66,31.2,31.56,32.51,32.22,64.63,35.27,33.01,31.56,40.12,46.13,38.14,39.39,40.73,38.41,44.24,90.7
23939,45.16,99.94,30.84,29.82,30.66,30.32,32.81,30.66,31.11,31.56,32.51,32.22,64.63,35.27,33.01,31.65,39.98,45.93,38.14,39.39,40.73,38.41,44.24,84.99
23959,40.88,99.94,30.75,29.82,30.66,30.32,33.73,30.66,31.29,31.56,32.51,32.22,61.68,35.27,33.01,31.65,40.12,45.93,38.01,39.54,40.58,38.41,44.24,89.2
23978,47.55,99.02,30.75,29.82,30.66,30.32,33.11,30.66,31.2,31.47,32.51,32.22,42.49,35.27,33.01,31.75,40.12,45.93,37.87,39.54,40.58,38.41,44.24,87.75
23998,94.68,99.02,31.02,29.82,30.66,30.32,35.27,30.66,31.2,31.47,32.51,32.22,43.52,35.27,33.01,31.75,39.98,45.93,38.01,39.54,40.73,38.41,44.24,89.95
24017,42.83,96.37,31.11,29.9,30.66,30.32,38.69,30.66,31.11,31.38,32.51,32.22,43.17,35.27,33.11,31.84,39.98,46.13,38.01,39.68,40.73,38.41,44.24,91.47
24037,97.24,101.83,31.11,29.9,30.66,30.32,33.11,30.66,31.11,31.38,32.51,32.22,46.13,35.39,33.11,31.84,39.98,45.93,38.01,39.54,40.73,38.27,44.24,74.44
24056,49.06,98.12,30.84,29.9,30.66,30.32,34.37,30.66,31.02,31.38,32.41,32.22,51.4,35.27,33.01,31.93,40.12,45.93,37.87,39.54,40.73,38.27,44.42,76.01
24076,96.37,99.02,31.11,29.98,30.66,30.32,33.11,30.66,31.11,31.38,32.51,32.22,55.64,35.27,33.01,32.12,40.12,46.13,37.87,39.68,40.73,38.27,44.24,68.75
24097,46.13,97.24,30.75,29.98,30.66,30.32,47.13,30.66,31.29,31.38,32.51,32.22,63.12,35.27,33.11,32.22,39.98,46.13,37.74,39.68,40.73,38.14,44.24,79.95
24115,96.37,99.02,31.11,29.98,30.66,30.32,36.96,30.75,31.2,31.38,32.41,32.22,63.87,35.27,33.11,32.22,39.98,46.13,37.74,39.54,40.73,38.41,44.42,81.77
24136,54.24,99.02,31.11,29.98,30.66,30.32,33.52,30.75,31.2,31.38,32.51,32.32,63.87,35.39,33.11,32.22,39.98,46.13,37.74,39.68,40.73,38.27,44.42,81.77
24154,91.47,99.02,31.11,29.98,30.66,30.32,34.82,30.75,31.2,31.38,32.41,32.22,64.63,35.39,33.11,32.32,39.98,46.13,37.61,39.68,40.73,38.27,44.42,81.77
24175,97.24,99.94,31.11,29.98,30.66,30.4,33.11,30.75,31.29,31.38,32.51,32.22,64.25,35.39,33.21,32.32,40.12,46.13,37.74,39.54,40.73,38.41,44.42,82.39
24195,98.12,100.87,31.11,29.98,30.66,30.32,60.3,30.75,31.29,31.38,32.51,32.22,65.42,35.62,33.21,32.22,39.98,46.13,37.74,39.68,40.73,38.41,44.42,82.39
24213,98.12,100.87,31.11,29.98,30.66,30.4,52.14,30.75,31.11,31.38,32.51,32.22,65.42,35.5,33.21,32.32,39.98,46.13,37.74,39.54,40.73,38.27,44.42,82.39
24234,99.02,100.87,31.11,29.98,30.66,30.4,47.13,30.75,31.11,31.38,32.51,32.22,44.6,35.5,33.21,32.32,39.83,46.13,37.61,39.68,40.73,38.27,44.24,82.39
24252,98.12,100.87,31.11,29.98,30.66,30.4,33.01,30.75,31.11,31.38,32.41,32.22,58.03,35.39,33.21,32.32,40.12,46.13,37.61,39.54,40.73,38.14,44.42,82.39
24273,99.02,100.87,31.11,29.98,30.66,30.4,33.11,30.75,31.11,31.38,32.51,32.22,54.24,35.5,33.21,32.32,39.83,46.13,37.74,39.68,40.73,38.27,44.42,81.77
24291,99.02,100.87,31.11,29.98,30.66,30.4,33.11,30.66,31.2,31.38,32.51,32.22,51.89,35.39,33.21,32.32,39.98,46.13,37.61,39.68,40.73,38.27,44.42,82.39
24312,98.12,100.87,31.11,29.9,30.66,30.4,33.11,30.75,31.2,31.38,32.51,32.22,50.67,35.5,33.21,32.32,39.98,46.13,37.74,39.68,40.73,38.27,44.24,82.39
24332,98.12,100.87,31.11,29.9,30.66,30.4,33.21,30.66,31.2,31.38,32.51,32.22,50.91,35.5,33.21,32.22,39.98,46.13,37.61,39.68,40.73,38.27,44.42,82.39
24353,99.02,100.87,31.11,29.9,30.66,30.4,49.06,30.75,31.2,31.38,32.51,32.22,52.14,35.62,33.21,32.22,39.98,46.13,37.61,39.68,40.73,38.27,44.42,82.39
24371,99.02,100.87,31.11,29.9,30.66,30.4,50.67,30.75,31.2,31.38,32.51,32.22,51.4,35.5,33.21,32.22,40.12,46.13,37.61,39.68,40.73,38.27,44.42,82.39
24392,99.02,100.87,31.11,29.9,30.66,30.4,33.11,30.75,31.2,31.38,32.51,32.22,51.15,35.5,33.21,32.22,39.98,45.93,37.74,39.68,40.73,38.27,44.24,82.39
24410,99.94,100.87,31.2,29.9,30.66,30.4,45.54,30.66,31.2,31.38,32.51,32.22,50.44,35.5,33.21,32.22,40.12,46.13,37.74,39.68,40.73,38.27,44.42,82.39
24431,98.12,100.87,31.11,29.9,30.66,30.4,51.4,30.75,31.11,31.38,32.51,32.22,50.44,35.5,33.21,32.22,39.98,46.13,37.74,39.68,40.73,38.27,44.24,81.77
24451,93.86,100.87,31.11,29.9,30.66,30.4,33.01,30.75,31.11,31.38,32.51,32.22,49.97,35.5,33.21,32.12,40.12,46.13,37.74,39.68,40.73,38.27,44.24,81.77
24469,93.86,100.87,31.2,29.9,30.66,30.4,38.83,30.75,31.2,31.38,32.51,32.22,49.51,35.5,33.21,32.12,40.12,46.13,37.61,39.54,40.73,38.27,44.24,81.77
24490,99.02,102.8,30.66,29.82,30.66,30.4,60.98,30.66,31.11,31.38,32.51,32.22,49.74,35.5,33.21,32.12,39.98,45.93,37.74,39.54,40.73,38.27,44.24,81.77
24508,94.68,100.87,30.75,29.82,30.66,30.4,60.98,30.75,31.11,31.38,32.51,32.22,49.51,35.5,33.11,32.03,40.12,45.93,37.74,39.54,40.58,38.27,44.24,81.77
24529,87.75,101.83,30.66,29.82,30.66,30.4,60.98,30.75,31.29,31.38,32.41,32.22,49.97,35.39,33.11,32.03,40.12,45.93,37.74,39.54,40.58,38.27,44.24,81.77
24547,94.68,101.83,30.66,29.82,30.66,30.4,60.64,30.66,31.29,31.38,32.51,32.22,50.44,35.39,33.11,32.03,40.12,45.93,37.87,39.39,40.58,38.41,44.24,81.15
24568,93.86,100.87,30.66,29.73,30.66,30.4,58.98,30.66,31.38,31.38,32.51,32.22,50.44,35.39,33.01,31.93,40.12,45.93,37.87,39.39,40.58,38.41,44.06,81.15
24588,84.32,99.94,30.66,29.73,30.66,30.4,57.72,30.66,31.2,31.38,32.51,32.22,51.4,35.39,33.01,31.93,40.12,45.74,38.01,39.39,40.58,38.41,44.06,90.7
24607,87.75,99.02,30.66,29.73,30.66,30.4,57.11,30.66,31.29,31.38,32.51,32.22,54.79,35.27,33.01,31.93,39.98,45.74,38.01,39.25,40.58,38.41,44.06,89.2
24627,41.84,98.12,31.2,29.73,30.66,30.4,33.01,30.66,31.29,31.38,32.51,32.22,57.41,35.27,33.01,31.84,39.98,45.74,38.14,39.25,40.43,38.41,44.06,89.95
24646,57.72,99.94,31.11,29.73,30.66,30.4,33.11,30.66,31.2,31.38,32.51,32.22,58.03,35.27,33.01,31.84,39.98,45.93,38.14,39.25,40.58,38.55,44.06,90.7
24666,95.52,101.83,31.2,29.73,30.66,30.4,32.22,30.66,31.29,31.38,32.51,32.22,58.34,35.27,33.01,31.75,40.12,45.93,38.27,39.25,40.58,38.55,44.06,88.47
24687,38.83,62.75,31.2,29.73,30.58,30.4,32.22,30.66,31.29,31.38,32.51,32.22,57.11,35.27,32.91,31.75,40.12,44.97,38.27,39.25,40.58,38.55,44.06,89.95
24705,56.22,99.02,31.2,29.65,30.58,30.4,33.42,30.66,31.2,31.38,32.51,32.22,57.41,35.27,33.01,31.75,40.12,46.93,38.27,39.25,40.58,38.55,44.06,89.2
24725,93.05,101.83,31.2,29.65,30.58,30.4,32.22,30.66,31.11,31.38,32.51,32.22,56.51,35.27,32.91,31.75,40.12,44.79,38.41,39.25,40.43,38.69,43.88,89.2
24744,61.33,99.94,30.84,29.65,30.58,30.4,33.84,30.66,31.29,31.47,32.51,32.22,55.07,35.16,32.91,31.65,40.12,46.52,38.27,39.25,40.43,38.69,44.06,70.55
24764,56.51,99.02,30.93,29.65,30.58,30.4,32.51,30.66,31.38,31.47,32.51,32.22,53.17,35.27,32.91,31.65,40.12,44.79,38.41,39.25,40.43,38.69,44.06,51.4
24783,55.35,99.02,31.29,29.65,30.58,30.4,32.22,30.66,31.11,31.38,32.51,32.22,55.92,35.27,32.81,31.65,40.12,44.97,38.41,39.25,40.58,38.69,44.06,53.7
24803,39.54,95.52,31.29,29.65,30.58,30.4,33.01,30.66,31.2,31.47,32.51,32.22,55.92,35.16,32.91,31.65,40.12,44.97,38.41,39.25,40.43,38.69,44.06,48.84
24824,55.92,99.02,31.29,29.65,30.58,30.4,32.22,30.66,31.02,31.47,32.51,32.22,55.64,35.27,32.91,31.56,40.27,44.97,38.41,39.25,40.43,38.69,44.06,47.97
24842,89.2,100.87,31.29,29.65,30.58,30.49,32.22,30.66,31.02,31.47,32.51,32.22,56.81,35.27,32.91,31.56,40.12,44.97,38.41,39.25,40.58,38.69,44.06,50.67
24863,91.47,100.87,31.29,29.65,30.58,30.49,32.22,30.66,30.93,31.38,32.51,32.22,56.22,35.27,32.91,31.56,40.12,44.97,38.41,39.25,40.58,38.83,44.06,81.15
24881,92.25,101.83,31.29,29.65,30.58,30.49,33.94,30.66,31.02,31.38,32.51,32.22,57.72,35.27,32.91,31.56,40.27,44.97,38.41,39.25,40.58,38.69,44.06,81.77
24902,92.25,100.87,31.38,29.57,30.58,30.4,32.22,30.66,31.11,31.38,32.51,32.22,58.34,35.16,32.91,31.47,40.27,44.97,38.41,39.25,40.58,38.69,44.06,81.77
24920,91.47,99.94,31.38,29.65,30.58,30.4,32.41,30.66,31.02,31.47,32.51,32.22,60.64,35.27,32.81,31.47,40.12,45.16,38.41,39.25,40.58,38.69,43.88,81.77
24940,92.25,99.94,31.38,29.57,30.58,30.4,32.12,30.66,31.11,31.47,32.51,32.22,62.03,35.27,32.91,31.47,40.27,45.16,38.55,39.25,40.58,38.83,44.06,82.39
24961,93.05,100.87,31.38,29.65,30.58,30.4,32.32,30.66,31.02,31.47,32.51,32.22,62.39,35.27,32.91,31.47,40.12,45.16,38.55,39.25,40.58,38.69,44.06,82.39
24979,93.86,100.87,31.38,29.65,30.58,30.49,32.32,30.66,31.02,31.47,32.51,32.22,62.39,35.27,32.91,31.47,40.27,45.16,38.55,39.25,40.43,38.69,44.24,85.66
25000,93.86,100.87,31.38,29.65,30.58,30.49,32.41,30.66,31.02,31.47,32.51,32.22,62.39,35.27,32.91,31.47,40.27,45.16,38.55,39.25,40.58,38.83,44.06,87.04
25018,93.86,100.87,31.38,29.65,30.58,30.49,32.41,30.66,31.2,31.47,32.51,32.22,62.39,35.27,32.91,31.47,40.27,45.16,38.55,39.25,40.58,38.83,44.06,89.95
25039,94.68,101.83,31.38,29.65,30.58,30.4,33.11,30.66,31.2,31.38,32.51,32.22,63.12,35.27,32.91,31.47,40.43,45.16,38.55,39.25,40.58,38.83,44.06,81.77
25059,93.05,100.87,31.38,29.65,30.58,30.49,32.91,30.66,31.11,31.47,32.51,32.22,62.75,35.16,32.91,31.47,40.27,45.16,38.41,39.25,40.58,38.83,44.06,81.77
25080,93.05,99.94,31.29,29.65,30.58,30.49,33.52,30.66,31.02,31.47,32.51,32.22,62.03,35.27,32.91,31.47,40.27,45.16,38.55,39.25,40.58,38.83,43.88,81.15
25098,65.02,98.12,31.38,29.57,30.58,30.49,32.91,30.58,31.02,31.47,32.51,32.12,62.39,35.27,32.81,31.38,40.27,46.73,38.55,39.25,40.58,38.83,44.06,82.39
25119,87.75,99.02,31.38,29.57,30.49,30.49,32.03,30.66,31.11,31.47,32.51,32.12,63.49,35.16,32.91,31.38,40.12,46.73,38.55,39.25,40.58,38.83,43.88,88.47
25137,94.68,99.02,43.35,29.57,30.49,30.49,31.93,30.66,31.2,31.75,32.51,32.12,65.81,35.27,32.91,31.38,40.27,46.93,38.55,39.25,40.43,38.83,43.88,79.36
25158,95.52,98.12,40.43,29.57,30.49,30.58,32.03,30.66,31.11,31.65,32.51,32.12,64.63,35.27,32.91,31.38,40.27,46.73,38.55,39.25,40.58,38.69,43.88,67.88
25176,93.05,95.52,31.84,29.57,30.58,30.58,32.03,30.66,31.29,31.75,32.51,32.12,55.07,35.27,33.01,31.38,40.27,46.73,38.69,39.25,40.58,38.69,43.88,85.66
25196,95.52,94.68,31.38,29.57,30.49,30.58,32.03,30.58,31.29,31.65,32.51,32.12,39.11,35.27,33.01,31.38,40.43,45.93,38.69,39.25,40.43,38.69,43.88,80.55
25217,93.86,93.05,31.38,29.57,30.49,30.58,32.03,30.58,31.38,31.65,32.51,32.12,39.11,35.27,33.01,31.38,40.43,45.74,38.55,39.25,40.58,38.69,43.88,78.21
25235,93.05,92.25,31.38,29.57,30.49,30.58,31.93,30.58,31.11,31.75,32.51,32.12,39.25,35.27,32.91,31.38,40.43,46.32,38.55,39.25,40.43,38.69,43.88,58.34
25256,92.25,91.47,40.27,29.57,30.58,30.58,31.93,30.58,31.38,31.93,32.51,32.12,39.25,35.27,33.01,31.38,40.43,46.32,38.55,39.25,40.58,38.69,44.06,50.44
25274,91.47,91.47,31.38,29.57,30.49,30.58,32.22,30.58,31.47,31.84,32.41,32.12,39.39,35.16,33.01,31.29,40.43,46.32,38.55,39.25,40.43,38.69,43.88,51.15
25295,90.7,90.7,31.38,29.57,30.49,30.58,32.03,30.66,31.47,31.93,32.41,32.12,39.68,35.27,33.01,31.29,40.43,46.32,38.55,39.25,40.43,38.69,44.06,89.95
25313,92.25,92.25,31.38,29.57,30.58,30.58,33.11,30.66,31.47,31.84,32.51,32.12,39.54,35.27,33.01,31.29,40.27,46.32,38.69,39.25,40.43,38.69,43.88,77.65
25334,91.47,91.47,31.38,29.57,30.58,30.58,32.32,30.66,31.47,31.93,32.41,32.12,39.68,35.27,33.01,31.29,40.27,46.32,38.55,39.25,40.43,38.69,43.88,82.39
25354,91.47,92.25,31.38,29.57,30.58,30.58,31.93,30.66,31.47,31.65,32.51,32.12,39.54,35.27,33.01,31.29,40.43,46.32,38.69,39.25,40.43,38.83,44.06,81.77
25373,91.47,91.47,31.38,29.57,30.58,30.58,32.12,30.66,31.38,31.65,32.51,32.12,39.54,35.27,33.01,31.29,40.43,46.52,38.69,39.25,40.43,38.69,44.06,90.7
25393,91.47,91.47,31.38,29.57,30.58,30.66,33.11,30.66,31.38,31.65,32.41,32.12,39.39,35.27,33.01,31.29,40.43,46.52,38.55,39.25,40.43,38.69,44.06,90.7
25411,91.47,91.47,31.38,29.57,30.49,30.66,32.03,30.66,31.38,31.65,32.51,32.12,39.39,35.39,33.01,31.29,40.43,46.52,38.69,39.25,40.43,38.69,44.06,89.95
25432,90.7,91.47,31.38,29.65,30.58,30.66,31.84,30.66,31.38,31.65,32.51,32.12,39.25,35.27,33.11,31.29,40.43,46.52,38.55,39.25,40.43,38.69,44.06,90.7
25450,90.7,91.47,31.38,29.65,30.49,30.66,31.75,30.66,31.47,31.65,32.41,32.03,39.25,35.39,33.01,31.29,40.43,46.52,38.69,39.25,40.43,38.83,44.06,53.97
25471,89.2,90.7,31.38,29.65,30.58,30.66,31.75,30.66,31.38,31.65,32.51,32.12,50.67,35.39,33.01,31.29,40.43,45.54,38.83,39.25,40.43,38.83,44.06,58.03
25491,46.32,88.47,31.38,29.65,30.49,30.66,31.75,30.66,31.56,31.65,32.41,32.12,40.73,35.39,33.01,31.29,40.58,45.93,38.83,39.39,40.43,38.83,44.06,55.64
25510,37.35,87.75,31.38,29.65,30.49,30.58,31.75,30.75,31.56,31.56,32.51,32.03,46.32,35.39,33.01,31.2,40.58,46.13,38.83,39.25,40.43,38.83,44.06,57.41
25530,89.2,89.95,31.38,29.65,30.49,30.58,31.75,30.75,31.56,31.56,32.41,32.12,41.84,35.39,33.01,31.2,40.58,46.32,38.83,39.25,40.43,38.83,44.06,60.98
25549,43.88,88.47,31.38,29.65,30.49,30.66,31.84,30.75,31.56,31.65,32.51,32.03,42.66,35.39,33.01,31.2,40.58,46.73,38.97,39.39,40.27,38.83,44.06,64.25
25569,42.83,89.2,31.38,29.73,30.49,30.66,31.75,30.75,31.38,31.56,32.51,32.03,42.33,35.27,33.01,31.2,40.58,46.73,38.97,39.39,40.43,38.83,44.06,64.25
25590,89.2,89.95,31.38,29.73,30.49,30.66,32.03,30.75,31.47,31.65,32.51,32.03,40.27,35.39,33.11,31.2,40.73,46.52,38.97,39.39,40.58,38.69,44.06,56.81
25608,90.7,91.47,31.47,29.65,30.49,30.66,31.75,30.75,31.2,31.65,32.51,32.03,39.83,35.39,33.11,31.11,40.73,46.73,39.11,39.54,40.43,38.83,44.06,50.91
25629,90.7,91.47,31.11,29.73,30.49,30.58,31.75,30.75,31.2,31.65,32.51,32.03,43.17,35.27,33.01,31.11,40.88,47.34,39.11,39.39,40.43,38.55,44.24,62.03
25647,92.25,92.25,30.93,29.73,30.49,30.58,31.75,30.75,31.2,31.65,32.51,32.12,39.25,35.39,33.11,31.11,40.88,47.34,39.25,39.54,40.58,38.83,44.24,91.47
25667,93.86,93.05,31.29,29.73,30.49,30.58,31.75,30.75,31.47,31.65,32.51,32.03,41.51,35.39,33.11,31.11,41.04,45.74,39.25,39.54,40.58,38.83,44.24,48.19
25688,93.86,93.05,31.02,29.73,30.49,30.58,32.71,30.84,31.47,31.65,32.51,32.12,40.88,35.39,33.01,31.11,41.04,45.74,39.54,39.54,40.58,38.83,44.24,91.47
25706,93.05,93.86,31.29,29.73,30.49,30.58,31.84,30.84,31.47,31.65,32.61,32.12,41.84,35.5,33.01,31.11,41.04,45.74,39.54,39.54,40.58,38.83,44.24,90.7
25727,93.86,93.86,31.2,29.73,30.49,30.58,31.84,30.75,31.47,31.65,32.61,32.12,42,35.5,33.01,31.11,41.04,45.74,39.54,39.68,40.73,38.83,44.24,91.47
25747,93.86,93.86,31.2,29.73,30.49,30.58,33.01,30.84,31.2,31.75,32.51,32.12,42,35.5,33.01,31.11,41.04,45.74,39.68,39.68,40.73,38.83,44.24,77.65
25766,93.86,93.86,31.2,29.82,30.49,30.58,33.01,30.84,31.29,31.65,32.61,32.12,41.84,35.5,33.01,31.11,41.2,45.74,39.68,39.68,40.58,38.83,44.24,91.47
25786,94.68,94.68,31.29,29.82,30.49,30.49,32.91,30.84,31.2,31.75,32.61,32.12,41.84,35.62,33.01,31.11,41.04,45.54,39.83,39.68,40.73,38.83,44.42,78.78
25805,94.68,94.68,31.2,29.73,30.49,30.49,32.91,30.84,31.29,31.75,32.61,32.12,42,35.62,33.01,31.11,41.04,45.74,39.68,39.68,40.73,38.83,44.24,89.95
25825,95.52,95.52,31.2,29.73,30.49,30.49,32.91,30.84,31.29,31.65,32.61,32.12,41.84,35.62,33.01,31.11,41.04,45.74,39.68,39.83,40.73,38.97,44.24,49.06
25846,94.68,93.86,31.2,29.73,30.49,30.49,32.91,30.75,31.2,31.65,32.61,32.12,42,35.5,33.01,31.11,41.04,45.74,39.68,39.68,40.58,38.83,44.24,47.97
25864,94.68,93.86,31.29,29.82,30.49,30.49,32.91,30.75,31.29,31.65,32.51,32.12,42,35.62,33.01,31.11,41.2,45.74,39.68,39.83,40.58,38.97,44.24,47.97
25885,94.68,94.68,31.38,29.82,30.49,30.49,32.91,30.84,31.47,31.65,32.51,32.12,41.84,35.5,33.01,31.11,41.2,45.74,39.68,39.68,40.58,38.83,44.24,48.19
25903,94.68,93.86,31.29,29.82,30.49,30.49,33.01,30.84,31.38,31.65,32.61,32.12,41.84,35.5,33.01,31.11,41.04,45.93,39.68,39.68,40.58,38.83,44.24,47.76
25923,94.68,94.68,31.29,29.82,30.49,30.49,33.01,30.75,31.56,31.65,32.61,32.12,41.67,35.5,33.01,31.11,41.2,45.74,39.68,39.68,40.58,38.83,44.24,47.97
25942,94.68,94.68,31.38,29.82,30.49,30.4,33.01,30.84,31.56,31.65,32.51,32.12,42.66,35.5,32.91,31.11,40.88,45.74,39.54,39.68,40.73,38.83,44.24,47.55
25962,94.68,94.68,31.29,29.82,30.49,30.4,33.01,30.84,31.29,31.65,32.51,32.12,40.73,35.5,33.01,31.11,41.04,45.74,39.54,39.68,40.73,38.83,44.24,47.97
25983,94.68,94.68,31.65,29.82,30.49,30.4,33.01,30.84,31.2,31.65,32.51,32.12,39.11,35.62,33.01,31.11,40.88,45.74,39.54,39.83,40.58,38.83,44.24,47.97
26001,94.68,94.68,31.75,29.82,30.49,30.4,33.01,30.84,31.29,31.65,32.51,32.12,40.58,35.5,33.01,31.11,40.88,45.54,39.39,39.68,40.58,38.83,44.24,50.67
26022,94.68,95.52,31.75,29.73,30.49,30.4,33.01,30.75,31.2,31.65,32.51,32.12,39.25,35.5,33.01,31.11,40.88,45.54,39.39,39.68,40.58,38.69,44.24,69.19
26040,96.37,96.37,31.75,29.73,30.49,30.4,32.71,30.75,31.2,31.65,32.51,32.12,40.58,35.5,32.91,31.11,40.88,45.54,39.25,39.54,40.58,38.69,44.24,52.4
26061,97.24,96.37,31.47,29.82,30.49,30.4,31.84,30.75,31.2,31.65,32.51,32.12,53.97,35.5,32.91,31.11,40.88,45.54,39.25,39.54,40.58,38.69,44.24,49.97
26079,96.37,96.37,31.29,29.82,30.49,30.4,33.01,30.75,31.2,31.65,32.51,32.12,39.11,35.5,32.81,31.11,40.73,45.35,39.25,39.54,40.43,38.69,44.24,73.93
26100,97.24,98.12,31.65,29.82,30.49,30.4,33.01,30.75,31.2,31.65,32.51,32.12,39.25,35.39,32.81,31.11,40.73,45.35,39.25,39.54,40.58,38.83,44.06,89.95
26120,98.12,98.12,31.65,29.73,30.49,30.4,31.84,30.75,31.2,31.65,32.51,32.12,39.68,35.5,32.81,31.11,40.73,45.35,39.11,39.54,40.58,38.69,44.24,66.22
26139,97.24,99.02,31.65,29.73,30.49,30.4,31.84,30.75,31.2,31.65,32.51,32.12,39.39,35.39,32.81,31.11,40.58,46.73,39.11,39.54,40.58,38.69,44.24,72.93
26159,98.12,99.02,31.75,29.73,30.49,30.4,31.84,30.75,31.11,31.65,32.51,32.12,39.25,35.39,32.81,31.11,40.43,46.93,38.97,39.39,40.58,38.69,44.24,61.68
26177,98.12,52.4,31.11,29.73,30.49,30.4,31.75,30.75,31.2,31.65,32.51,32.12,39.54,35.27,32.81,31.11,40.58,46.93,38.97,39.39,40.58,38.69,44.06,71.96
26198,97.24,90.7,31.65,29.73,30.49,30.4,32.03,30.75,31.11,31.75,32.51,32.12,39.68,35.39,32.71,31.11,40.58,46.93,38.97,39.39,40.58,38.69,44.06,67.46
26216,98.12,99.02,31.65,29.73,30.49,30.4,32.32,30.75,31.11,31.65,32.51,32.12,39.39,35.27,32.71,31.11,40.43,46.93,38.97,39.39,40.58,38.69,44.06,56.22
26239,98.12,99.02,31.29,29.73,30.49,30.4,34.71,30.75,31.2,31.65,32.51,32.12,39.98,35.27,32.71,31.11,40.43,47.13,38.97,39.25,40.43,38.83,44.06,91.47
26257,99.94,100.87,31.02,29.73,30.49,30.4,32.41,30.66,31.11,31.75,32.51,32.12,40.12,35.27,32.71,31.11,40.27,47.55,38.97,39.25,40.43,38.83,44.06,90.7
26278,38.41,98.12,31.29,29.73,30.49,30.4,33.62,30.66,31.11,32.81,32.51,32.12,40.58,35.27,32.71,31.11,40.43,47.55,38.97,39.25,40.43,38.83,44.06,90.7
26296,44.42,98.12,31.29,29.73,30.49,30.4,46.13,30.66,31.11,31.75,32.51,32.12,40.43,35.27,32.71,31.11,40.43,47.55,38.97,39.11,40.43,38.83,44.06,90.7
26317,38.55,99.02,31.47,29.73,30.49,30.4,32.71,30.66,31.11,32.81,32.51,32.12,40.12,35.27,32.81,31.2,40.27,47.55,38.83,39.25,40.43,38.83,44.06,89.95
26335,37.74,99.02,31.2,29.65,30.49,30.4,31.93,30.66,31.11,32.71,32.51,32.12,49.29,35.27,32.81,31.2,40.12,46.93,38.83,39.25,40.43,38.83,44.06,82.39
26356,98.12,101.83,31.56,29.65,30.49,30.4,31.93,30.66,31.11,32.51,32.51,32.12,59.31,35.27,32.81,31.2,40.27,46.73,38.83,39.25,40.43,38.83,44.24,82.39
26376,94.68,102.8,31.2,29.73,30.49,30.4,31.93,30.66,31.11,31.65,32.51,32.12,42.83,35.27,32.81,31.2,40.27,45.74,38.69,39.11,40.43,38.83,44.24,87.04
26395,60.98,101.83,31.2,29.73,30.49,30.4,31.84,30.75,31.11,32.51,32.51,32.12,47.97,35.16,32.91,31.2,40.27,45.54,38.83,39.25,40.43,38.83,44.24,88.47
26415,99.02,99.94,31.29,29.73,30.49,30.4,31.93,30.75,31.11,32.41,32.51,32.12,49.29,35.16,32.81,31.2,40.27,45.16,38.69,39.11,40.43,38.83,44.24,88.47
26433,97.24,101.83,31.29,29.73,30.49,30.4,32.32,30.66,31.11,32.61,32.51,32.12,51.4,35.16,32.81,31.29,40.27,45.54,38.69,39.25,40.43,38.69,44.24,88.47
26454,96.37,99.94,31.29,29.65,30.49,30.4,32.81,30.66,31.11,32.61,32.41,32.12,51.89,35.16,32.81,31.2,40.27,45.54,38.69,39.11,40.43,38.69,44.24,89.2
26472,39.39,99.02,31.29,29.73,30.49,30.4,31.93,30.66,31.11,32.61,32.51,32.12,53.17,35.16,32.91,31.2,40.12,45.74,38.69,39.25,40.43,38.69,44.24,89.2
26493,38.14,79.95,31.2,29.73,30.49,30.4,32.91,30.66,31.11,32.61,32.41,32.12,52.4,35.16,32.91,31.2,40.27,45.54,38.69,39.11,40.43,38.69,44.06,89.95
26513,43.88,99.94,31.29,29.73,30.49,30.4,38.01,30.66,31.11,32.22,32.41,32.12,52.4,35.04,32.91,31.2,40.12,45.54,38.69,39.11,40.43,38.69,44.24,91.47
26532,40.27,99.02,31.29,29.73,30.49,30.4,33.21,30.66,31.11,32.32,32.41,32.12,52.4,35.16,32.91,31.29,40.12,45.35,38.69,39.11,40.43,38.69,44.24,91.47
26552,46.32,98.12,31.38,29.73,30.49,30.4,44.42,30.66,31.11,32.32,32.51,32.12,52.14,35.27,32.81,31.29,40.12,45.35,38.69,39.11,40.43,38.69,44.24,92.25
26571,95.52,101.83,31.38,29.73,30.49,30.4,56.81,30.66,31.11,32.41,32.51,32.12,52.4,35.16,32.91,31.29,40.12,45.35,38.69,39.11,40.43,38.69,44.06,89.2
26591,40.73,98.12,31.38,29.73,30.58,30.4,34.27,30.66,31.11,32.61,32.41,32.12,51.89,35.27,32.91,31.29,39.98,45.35,38.69,39.11,40.43,38.69,44.24,89.95
26612,96.37,101.83,31.38,29.73,30.58,30.4,33.31,30.66,31.11,32.32,32.51,32.12,51.89,35.16,32.91,31.29,40.12,44.97,38.69,39.11,40.43,38.55,44.24,88.47
26630,68.75,99.94,31.56,29.73,30.58,30.4,32.22,30.66,31.02,31.65,32.51,32.12,52.14,35.16,32.91,31.29,40.12,45.35,38.55,39.11,40.58,38.55,44.24,88.47
26651,67.88,74.95,31.47,29.73,30.58,30.32,32.32,30.58,31.02,31.65,32.41,32.12,51.89,35.16,32.91,31.38,40.12,44.97,38.55,39.11,40.58,38.55,44.24,89.2
26669,50.44,99.94,31.47,29.73,30.49,30.32,33.21,30.66,31.02,31.56,32.51,32.12,51.64,35.16,32.91,31.38,40.12,44.97,38.55,39.25,40.43,38.55,44.24,82.39
26689,58.66,99.94,31.47,29.73,30.58,30.32,55.35,30.58,31.02,31.56,32.41,32.12,52.4,35.16,32.91,31.38,40.12,44.97,38.41,39.25,40.58,38.55,44.24,90.7
26708,71.96,100.87,31.56,29.73,30.58,30.32,43.88,30.58,31.02,31.56,32.41,32.12,52.14,35.27,32.91,31.38,40.12,44.79,38.27,39.11,40.58,38.55,44.24,90.7
26728,82.39,101.83,31.47,29.73,30.58,30.32,37.22,30.58,31.02,31.56,32.41,32.12,52.4,35.16,32.91,31.38,40.12,44.79,38.41,39.25,40.58,38.55,44.06,81.15
26749,86.35,101.83,31.47,29.73,30.58,30.32,33.01,30.58,31.02,31.56,32.51,32.12,52.65,35.16,32.91,31.38,40.12,44.79,38.27,39.11,40.58,38.55,44.24,81.15
26767,81.77,100.87,31.38,29.73,30.58,30.32,41.67,30.58,31.02,31.56,32.51,32.12,52.91,35.16,32.91,31.47,40.12,44.79,38.14,39.25,40.58,38.41,44.24,89.95
26788,55.07,100.87,31.29,29.73,30.58,30.32,32.91,30.58,31.02,31.56,32.51,32.12,53.97,35.16,33.01,31.47,40.12,44.79,38.27,39.25,40.58,38.55,44.24,90.7
26806,64.25,99.94,31.29,29.82,30.58,30.32,32.81,30.58,31.02,31.84,32.51,32.12,53.17,35.16,32.91,31.47,39.98,44.79,38.27,39.25,40.58,38.41,44.24,89.2
26827,68.31,100.87,31.38,29.73,30.58,30.32,37.87,30.58,31.02,31.84,32.51,32.12,51.15,35.27,33.01,31.47,40.12,44.97,38.14,39.25,40.58,38.41,44.24,91.47
26847,96.37,102.8,31.29,29.73,30.58,30.32,37.61,30.58,31.02,31.84,32.51,32.12,51.64,35.16,32.91,31.56,40.12,44.97,38.14,39.25,40.58,38.41,44.24,89.2
26866,67.46,100.87,31.38,29.73,30.66,30.32,55.35,30.58,31.11,31.84,32.41,32.12,44.6,35.16,33.01,31.56,40.12,44.97,38.14,39.39,40.58,38.27,44.24,91.47
26886,93.86,101.83,31.38,29.82,30.66,30.32,34.48,30.58,31.11,31.84,32.51,32.12,53.7,35.27,33.01,31.65,40.12,44.97,38.01,39.39,40.58,38.41,44.24,90.7
26904,54.24,99.94,31.29,29.82,30.66,30.32,33.21,30.58,31.11,31.65,32.51,32.12,52.4,35.27,33.01,31.65,40.12,44.97,38.01,39.39,40.58,38.27,44.24,84.99
26925,96.37,101.83,30.75,29.82,30.66,30.32,53.97,30.66,31.2,31.47,32.51,32.12,52.65,35.16,33.01,31.65,40.12,45.16,38.01,39.39,40.58,38.27,44.24,90.7
26943,41.67,99.94,30.75,29.82,30.66,30.4,33.11,30.66,31.2,31.47,32.51,32.12,41.84,35.39,33.01,31.75,40.12,45.16,37.87,39.54,40.58,38.41,44.24,84.99
26964,37.87,72.44,30.93,29.82,30.66,30.32,35.16,30.66,31.2,31.38,32.51,32.22,52.4,35.39,33.11,31.84,40.12,45.16,37.87,39.54,40.58,38.41,44.24,90.7
26984,38.27,99.02,30.75,29.82,30.66,30.32,33.11,30.66,31.11,31.38,32.51,32.22,51.89,35.39,33.11,31.84,40.12,45.16,37.87,39.54,40.73,38.41,44.24,90.7
27003,56.51,99.94,30.66,29.98,30.66,30.32,54.79,30.66,31.11,31.38,32.51,32.22,40.27,35.39,33.11,31.93,39.98,45.16,37.74,39.54,40.73,38.27,44.24,89.2
27023,97.24,101.83,31.2,29.98,30.66,30.4,33.11,30.66,31.11,31.38,32.51,32.22,53.97,35.39,33.11,31.93,40.12,45.35,37.74,39.68,40.73,38.27,44.24,90.7
27042,77.1,99.02,30.75,30.07,30.58,30.32,33.52,30.66,31.11,31.38,32.51,32.22,52.65,35.39,33.11,32.03,40.12,45.35,37.74,39.68,40.73,38.14,44.42,84.99
27062,38.01,97.24,31.29,30.07,30.66,30.4,33.11,30.66,31.02,31.38,32.51,32.22,53.97,35.62,33.11,32.12,40.12,45.74,37.74,39.68,40.73,38.27,44.42,92.25
27081,91.47,81.77,31.38,30.07,30.66,30.32,47.13,30.75,31.02,31.38,32.51,32.22,39.39,35.62,33.21,32.12,40.12,46.13,37.61,39.68,40.73,38.27,44.42,88.47
27101,65.02,75.48,31.2,30.07,30.66,30.32,33.01,30.66,31.11,31.38,32.41,32.22,39.25,35.62,33.21,32.12,40.12,46.13,37.61,39.68,40.73,38.27,44.24,49.29
27122,65.42,97.24,31.2,30.07,30.66,30.32,58.98,30.75,31.11,31.38,32.51,32.22,39.25,35.74,33.21,32.22,40.12,46.13,37.61,39.54,40.73,38.27,44.42,80.55
27140,53.17,99.02,31.2,30.07,30.66,30.32,32.91,30.66,31.11,31.47,32.41,32.22,39.54,35.62,33.21,32.32,40.12,46.32,37.61,39.68,40.73,38.14,44.42,57.41
27160,95.52,99.94,31.2,30.07,30.66,30.4,33.11,30.66,31.2,31.47,32.51,32.22,39.11,35.62,33.31,32.32,40.12,46.32,37.61,39.54,40.73,38.14,44.24,48.84
27179,97.24,99.94,31.2,30.07,30.66,30.4,35.74,30.75,31.29,31.47,32.41,32.22,39.83,35.74,33.21,32.32,40.12,46.32,37.48,39.68,40.73,38.27,44.24,59.96
27199,86.35,99.94,31.2,30.07,30.66,30.32,33.94,30.75,31.29,31.47,32.51,32.22,39.39,35.62,33.21,32.41,40.12,46.32,37.61,39.68,40.58,38.14,44.42,47.55
27218,97.24,99.94,31.2,30.07,30.75,30.4,33.84,30.75,31.11,31.38,32.51,32.22,39.54,35.74,33.21,32.41,40.12,46.32,37.48,39.68,40.73,38.14,44.42,53.43
27238,95.52,99.94,31.2,30.07,30.75,30.4,45.35,30.75,31.11,31.38,32.51,32.22,39.54,35.74,33.31,32.41,40.12,46.32,37.48,39.68,40.73,38.27,44.24,81.15
27259,41.51,97.24,31.29,30.07,30.66,30.4,49.06,30.75,31.11,31.38,32.51,32.22,39.54,35.74,33.31,32.41,40.12,46.32,37.48,39.68,40.73,38.14,44.42,81.77
27277,38.97,98.12,31.29,30.07,30.66,30.4,47.76,30.75,31.11,31.38,32.51,32.22,39.39,35.74,33.31,32.41,40.12,46.32,37.48,39.68,40.73,38.14,44.6,81.77
27298,38.97,97.24,31.29,30.07,30.66,30.4,33.52,30.75,31.11,31.38,32.41,32.22,39.39,35.74,33.31,32.41,40.12,46.32,37.48,39.68,40.73,38.14,44.42,79.36
27316,38.97,98.12,31.29,30.07,30.66,30.4,33.52,30.75,31.11,31.38,32.51,32.22,39.39,35.74,33.31,32.41,40.12,46.32,37.48,39.68,40.73,38.14,44.42,81.15
27337,39.11,98.12,31.29,30.07,30.66,30.4,33.52,30.75,31.11,31.47,32.51,32.22,39.54,35.74,33.21,32.32,40.12,46.32,37.48,39.68,40.73,38.01,44.42,65.42
27357,56.22,99.02,31.29,30.07,30.66,30.4,33.52,30.75,31.11,31.38,32.51,32.22,39.39,35.74,33.31,32.41,40.12,46.32,37.48,39.68,40.73,38.14,44.42,81.15
27376,62.03,98.12,31.29,30.07,30.66,30.4,33.52,30.75,31.29,31.47,32.51,32.22,39.39,35.74,33.21,32.32,40.12,46.32,37.48,39.68,40.88,38.27,44.42,81.77
27396,71.48,99.94,31.29,30.07,30.66,30.32,58.03,30.75,31.29,31.47,32.51,32.22,39.39,35.74,33.31,32.32,40.12,46.32,37.48,39.68,40.73,38.14,44.42,52.65
27414,51.15,97.24,31.29,30.07,30.66,30.32,35.04,30.75,31.29,31.38,32.51,32.22,39.39,35.74,33.31,32.32,40.12,46.32,37.61,39.68,40.73,38.27,44.24,81.77
27435,93.05,100.87,31.29,30.07,30.66,30.4,34.27,30.75,31.29,31.38,32.51,32.22,39.25,35.74,33.31,32.32,40.12,46.13,37.61,39.68,40.73,38.14,44.42,65.02
27453,92.25,100.87,31.38,30.07,30.66,30.4,33.62,30.75,31.29,31.38,32.51,32.22,39.39,35.5,33.21,32.22,40.12,46.13,37.48,39.68,40.58,38.14,44.24,81.15
27474,93.05,100.87,31.38,30.07,30.66,30.4,33.52,30.75,31.11,31.38,32.51,32.22,39.39,35.5,33.21,32.22,40.12,46.13,37.61,39.68,40.58,38.27,44.24,81.15
27494,93.05,100.87,31.29,30.07,30.66,30.4,35.5,30.75,31.11,31.38,32.51,32.22,39.39,35.62,33.21,32.22,40.12,46.13,37.61,39.54,40.58,38.14,44.24,77.65
27513,93.05,100.87,31.29,30.07,30.66,30.32,33.21,30.75,31.11,31.38,32.51,32.22,39.25,35.74,33.21,32.22,40.12,46.13,37.61,39.54,40.73,38.27,44.24,63.49
27533,93.05,99.94,31.29,30.07,30.66,30.4,33.11,30.66,31.11,31.38,32.51,32.22,39.39,35.62,33.21,32.12,40.12,46.13,37.74,39.54,40.73,38.27,44.24,79.36
27552,93.05,100.87,31.11,29.98,30.66,30.4,40.58,30.66,31.11,31.38,32.51,32.22,39.25,35.62,33.21,32.12,39.98,46.13,37.74,39.39,40.73,38.14,44.24,81.15
27572,91.47,99.94,31.29,29.98,30.66,30.4,33.01,30.75,31.11,31.38,32.51,32.22,39.25,35.62,33.11,32.03,40.12,45.93,37.74,39.39,40.58,38.27,44.24,81.15
27591,93.86,100.87,31.29,29.9,30.66,30.4,33.01,30.75,31.11,31.38,32.51,32.22,39.68,35.5,33.11,32.03,40.12,46.13,37.87,39.39,40.58,38.27,44.06,80.55
27611,90.7,99.02,31.38,29.82,30.66,30.4,33.11,30.66,31.11,31.38,32.51,32.22,39.98,35.39,33.01,31.93,40.12,46.13,38.01,39.39,40.58,38.27,44.06,80.55
27632,93.05,99.94,31.29,29.82,30.66,30.4,33.01,30.66,31.02,31.38,32.51,32.22,41.04,35.39,33.01,31.93,40.12,46.13,38.01,39.39,40.58,38.41,44.24,66.22
27650,38.55,97.24,31.29,29.82,30.66,30.4,32.91,30.66,31.11,31.38,32.51,32.22,38.97,35.39,33.01,31.84,40.12,46.32,38.01,39.25,40.58,38.41,43.88,79.95
27670,70.55,99.02,31.29,29.73,30.58,30.4,33.73,30.66,31.02,31.38,32.51,32.22,39.11,35.27,33.01,31.84,40.12,46.13,38.14,39.25,40.58,38.41,44.06,89.2
27689,80.55,99.02,31.29,29.73,30.58,30.4,35.98,30.66,31.02,31.38,32.51,32.22,38.97,35.27,32.91,31.84,40.12,45.93,38.14,39.25,40.58,38.55,44.06,88.47
27709,39.25,98.12,31.29,29.73,30.58,30.4,45.54,30.66,31.11,31.38,32.51,32.22,40.12,35.27,33.01,31.84,40.12,46.13,38.27,39.39,40.58,38.27,43.88,58.03
27730,38.69,97.24,31.29,29.73,30.58,30.4,32.91,30.66,31.11,31.29,32.51,32.22,38.83,35.27,33.01,31.75,40.12,45.93,38.27,39.25,40.43,38.41,44.06,57.11
27748,38.69,96.37,31.29,29.73,30.58,30.32,33.11,30.66,31.02,31.47,32.51,32.22,38.69,35.27,32.91,31.75,40.27,46.13,38.27,39.25,40.27,38.55,43.88,51.4
27769,83.67,99.02,31.29,29.73,30.58,30.32,32.81,30.66,31.02,31.47,32.51,32.22,38.69,35.27,32.91,31.65,39.98,45.93,38.41,39.25,40.43,38.69,43.88,81.77
27787,55.92,96.37,31.29,29.65,30.58,30.32,37.35,30.66,31.02,31.47,32.51,32.22,38.69,35.27,32.91,31.65,40.27,45.93,38.41,39.25,40.58,38.69,44.06,52.4
27808,52.4,97.24,31.29,29.65,30.58,30.32,33.01,30.66,31.02,31.47,32.51,32.22,38.83,35.27,32.91,31.65,40.27,45.93,38.41,39.25,40.58,38.69,44.06,84.32
27826,38.27,97.24,31.29,29.65,30.58,30.4,32.12,30.66,31.02,31.47,32.51,32.22,38.83,35.16,32.91,31.65,40.27,45.16,38.27,39.39,40.43,38.69,44.06,88.47
27847,44.79,98.12,31.38,29.65,30.58,30.4,32.12,30.66,31.11,31.47,32.51,32.22,38.69,35.27,32.91,31.65,40.27,45.16,38.41,39.25,40.58,38.55,44.06,69.64
27867,70.09,100.87,31.47,29.65,30.58,30.4,33.42,30.66,31.11,31.38,32.51,32.22,38.83,35.27,32.91,31.65,40.27,44.97,38.41,39.25,40.58,38.69,44.06,88.47
27885,37.87,99.02,31.47,29.65,30.58,30.4,32.81,30.66,31.11,31.47,32.51,32.22,38.97,35.27,33.01,31.65,40.27,44.97,38.41,39.25,40.58,38.69,44.06,89.2
27906,60.98,98.12,31.47,29.65,30.49,30.4,32.91,30.66,31.11,31.47,32.51,32.22,38.97,35.27,32.91,31.65,40.27,44.97,38.41,39.25,40.43,38.69,44.06,88.47
27924,98.12,99.02,31.47,29.65,30.49,30.49,32.12,30.66,31.02,31.47,32.51,32.22,39.11,35.27,33.01,31.56,40.27,44.97,38.55,39.25,40.58,38.69,44.06,58.34
27945,97.24,99.02,31.47,29.65,30.49,30.49,33.42,30.66,31.11,31.47,32.51,32.22,39.25,35.27,33.01,31.56,40.27,44.97,38.55,39.25,40.58,38.69,44.06,45.54
27963,95.52,98.12,31.56,29.57,30.49,30.49,32.41,30.66,31.11,31.47,32.51,32.22,51.4,35.27,33.01,31.47,40.27,44.97,38.41,39.25,40.58,38.69,44.06,81.15
27984,97.24,99.02,31.65,29.65,30.49,30.49,32.12,30.66,31.11,31.47,32.51,32.22,63.49,35.27,33.01,31.47,40.27,45.16,38.55,39.25,40.43,38.69,44.06,84.32
28004,96.37,97.24,31.65,29.65,30.49,30.49,32.22,30.66,31.11,31.47,32.51,32.22,64.25,35.27,33.01,31.47,40.27,45.16,38.55,39.39,40.58,38.69,44.06,89.95
28023,97.24,98.12,31.65,29.65,30.49,30.49,32.51,30.66,31.11,31.47,32.51,32.22,63.49,35.27,33.01,31.47,40.27,45.16,38.55,39.25,40.58,38.69,44.06,89.95
28043,94.68,97.24,31.65,29.65,30.49,30.58,32.22,30.66,31.11,31.47,32.51,32.22,63.87,35.27,33.01,31.47,40.27,45.16,38.55,39.25,40.58,38.69,43.88,89.95
28062,96.37,98.12,31.65,29.57,30.49,30.58,32.32,30.66,31.11,31.75,32.51,32.22,63.87,35.27,33.01,31.47,40.27,45.16,38.55,39.25,40.43,38.69,44.06,89.2
28082,37.35,95.52,31.65,29.57,30.49,30.58,32.12,30.66,31.11,31.65,32.51,32.12,63.87,35.27,33.01,31.38,40.27,45.16,38.41,39.25,40.58,38.69,43.88,89.2
28103,42.33,95.52,31.47,29.65,30.49,30.49,32.32,30.66,31.11,36.96,32.51,32.22,64.63,35.27,33.01,31.38,40.43,45.35,38.55,39.25,40.43,38.55,44.06,90.7
28121,93.86,96.37,31.38,29.65,30.49,30.58,32.03,30.66,31.11,31.84,32.51,32.12,65.81,35.27,33.01,31.38,40.43,45.16,38.55,39.25,40.58,38.69,44.06,90.7
28141,94.68,95.52,31.38,29.65,30.49,30.49,32.91,30.66,31.29,31.84,32.51,32.12,65.81,35.27,33.01,31.38,40.43,45.16,38.55,39.25,40.58,38.69,44.06,91.47
28160,94.68,94.68,31.38,29.57,30.49,30.49,33.21,30.66,31.11,31.84,32.51,32.12,73.93,35.16,33.01,31.38,40.43,45.35,38.55,39.25,40.58,38.69,44.06,81.77
28180,94.68,93.86,31.38,29.57,30.49,30.58,33.21,30.66,31.2,31.75,32.51,32.12,39.68,35.16,33.01,31.38,40.12,45.35,38.55,39.25,40.58,38.69,44.06,89.95
28199,82.39,93.86,31.38,29.65,30.58,30.66,40.58,30.58,31.29,31.65,32.51,32.12,39.25,35.16,33.11,31.38,40.43,45.54,38.55,39.25,40.58,38.69,43.88,89.95
28219,65.81,91.47,31.38,29.65,30.58,30.66,44.97,30.58,31.2,31.93,32.51,32.12,40.12,35.27,33.21,31.29,40.43,45.93,38.69,39.39,40.58,38.69,44.06,90.7
28240,37.48,90.7,31.38,29.57,30.58,30.66,31.93,30.66,31.2,31.65,32.51,32.12,41.84,35.27,33.11,31.38,40.43,46.13,38.69,39.25,40.43,38.55,44.06,89.2
28258,42.66,89.95,31.38,29.65,30.58,30.66,31.93,30.66,31.2,31.65,32.51,32.12,45.93,35.27,33.11,31.29,40.27,46.32,38.69,39.25,40.43,38.69,44.06,90.7
28279,81.77,93.05,31.47,29.65,30.58,30.66,31.84,30.58,31.2,31.65,32.51,32.12,51.89,35.27,33.11,31.29,40.12,45.35,38.69,39.25,40.43,38.55,44.06,83.03
28297,37.74,90.7,31.47,29.65,30.49,30.66,31.84,30.66,31.47,31.65,32.51,32.12,43,35.27,33.11,31.29,40.43,45.35,38.69,39.11,40.43,38.69,44.06,81.77
28318,37.74,90.7,42.49,29.65,30.58,30.66,32.51,30.66,31.47,31.65,32.51,32.12,42.33,35.27,33.21,31.29,40.43,45.35,38.69,39.25,40.43,38.69,44.06,81.77
28336,37.74,89.95,31.56,29.65,30.58,30.66,32.51,30.66,31.47,31.65,32.51,32.12,42.16,35.27,33.11,31.29,40.43,45.35,38.83,39.25,40.58,38.69,44.06,89.95
28357,43,90.7,31.47,29.65,30.49,30.75,48.4,30.66,31.38,31.65,32.51,32.12,42.83,35.27,33.21,31.29,40.58,45.54,38.83,39.25,40.58,38.69,44.06,81.77
28377,42.83,90.7,31.47,29.73,30.49,30.75,32.91,30.75,31.38,31.65,32.51,32.12,42.66,35.39,33.21,31.29,40.43,45.74,38.97,39.54,40.58,38.83,44.24,83.03
28395,47.13,89.95,31.38,29.65,30.49,30.75,34.48,30.66,31.2,31.65,32.51,32.12,41.67,35.39,33.21,31.29,40.58,45.74,38.97,39.54,40.58,38.69,44.24,91.47
28416,91.47,92.25,31.38,29.73,30.58,30.66,34.71,30.75,31.29,31.65,32.51,32.12,41.51,35.39,33.21,31.2,40.73,45.74,38.97,39.54,40.58,38.69,44.24,90.7
28434,92.25,92.25,31.47,29.73,30.58,30.75,33.42,30.75,31.29,31.65,32.51,32.12,39.25,35.39,33.21,31.2,40.73,45.74,38.97,39.39,40.58,38.83,44.06,86.35
28455,91.47,91.47,31.56,29.73,30.49,30.66,32.71,30.75,31.38,31.65,32.51,32.12,39.25,35.39,33.11,31.2,40.58,45.54,38.97,39.54,40.58,38.69,44.24,90.7
28475,91.47,91.47,31.38,29.73,30.49,30.66,32.61,30.66,31.47,31.65,32.51,32.12,39.25,35.39,33.11,31.2,40.73,45.74,39.11,39.54,40.43,38.69,44.24,89.2
28494,92.25,91.47,31.29,29.65,30.49,30.66,34.48,30.75,31.56,31.65,32.51,32.12,39.25,35.39,33.11,31.2,40.58,45.93,39.11,39.68,40.58,38.83,44.24,91.47
28514,92.25,92.25,31.38,29.73,30.49,30.66,36.96,30.66,31.56,31.65,32.51,32.12,41.84,35.5,33.11,31.2,40.88,45.74,39.11,39.68,40.58,38.83,44.42,53.97
28535,92.25,91.47,31.29,29.73,30.49,30.66,36.96,30.75,31.56,31.65,32.51,32.12,42,35.5,33.11,31.2,40.88,45.93,39.25,39.68,40.58,38.83,44.42,68.75
28553,92.25,92.25,31.38,29.73,30.49,30.66,32.61,30.75,31.56,31.65,32.51,32.12,42,35.5,33.11,31.2,41.04,45.93,39.39,39.68,40.58,38.83,44.42,91.47
28574,93.86,93.05,31.38,29.82,30.49,30.66,54.24,30.75,31.47,31.65,32.61,32.12,42,35.5,33.11,31.2,41.04,45.93,39.39,39.68,40.58,38.83,44.24,75.48
28592,93.05,85.66,31.38,29.73,30.49,30.66,43.52,30.75,31.47,31.75,32.51,32.12,41.84,35.5,33.01,31.2,41.04,45.93,39.54,39.68,40.58,38.83,44.24,68.75
28613,93.86,93.86,30.93,29.73,30.49,30.66,32.51,30.75,31.47,31.65,32.51,32.12,39.54,35.62,33.11,31.2,41.04,45.93,39.54,39.68,40.73,38.97,44.24,83.03
28633,94.68,94.68,31.38,29.82,30.49,30.66,32.61,30.75,31.56,31.75,32.51,32.12,39.54,35.5,33.11,31.2,41.04,45.93,39.54,39.68,40.73,38.83,44.42,83.03
28651,94.68,94.68,31.38,29.73,30.49,30.75,32.61,30.75,31.38,31.75,32.51,32.12,41.84,35.5,33.11,31.11,41.04,45.93,39.54,39.83,40.58,38.97,44.24,82.39
28672,94.68,93.86,31.29,29.73,30.49,30.66,32.51,30.75,31.47,31.65,32.51,32.12,39.83,35.62,33.01,31.2,41.04,45.93,39.54,39.68,40.73,38.83,44.24,83.03
28690,95.52,94.68,30.93,29.73,30.49,30.66,32.71,30.75,31.47,31.65,32.51,32.12,39.98,35.62,33.01,31.2,41.04,46.13,39.54,39.68,40.58,38.97,44.42,83.67
28711,95.52,95.52,31.47,29.82,30.49,30.66,44.42,30.75,31.38,31.75,32.61,32.12,39.98,35.5,33.11,31.11,41.04,46.13,39.39,39.68,40.73,38.83,44.24,82.39
28731,95.52,95.52,31.65,29.82,30.49,30.66,40.43,30.75,31.47,31.75,32.51,32.12,40.58,35.62,33.01,31.2,41.04,46.13,39.39,39.68,40.58,38.83,44.24,83.03
28750,94.68,95.52,31.56,29.82,30.49,30.66,32.61,30.75,31.47,31.75,32.51,32.12,42,35.5,33.11,31.2,41.04,46.13,39.39,39.68,40.58,38.83,44.24,83.03
28770,95.52,95.52,31.56,29.82,30.49,30.66,39.98,30.84,31.56,31.75,32.51,32.12,42,35.5,33.11,31.11,41.04,45.93,39.39,39.68,40.73,38.83,44.24,83.03
28789,96.37,95.52,30.93,29.82,30.49,30.66,42.66,30.75,31.56,31.75,32.51,32.12,42,35.62,33.11,31.2,40.88,45.93,39.39,39.68,40.58,38.83,44.24,82.39
28809,96.37,96.37,31.47,29.82,30.49,30.58,54.24,30.84,31.56,31.75,32.51,32.12,41.84,35.62,33.11,31.2,41.04,45.93,39.25,39.68,40.58,38.83,44.24,81.77
28828,95.52,95.52,31.75,29.73,30.49,30.58,37.22,30.75,31.56,31.75,32.51,32.12,42,35.5,33.11,31.2,41.04,45.93,39.25,39.68,40.58,38.69,44.24,82.39
28848,95.52,95.52,31.75,29.73,30.49,30.58,33.52,30.75,31.47,31.75,32.51,32.12,42,35.39,33.11,31.2,40.73,45.74,39.25,39.68,40.58,38.83,44.42,84.99
28869,96.37,95.52,31.2,29.73,30.49,30.58,32.61,30.75,31.38,31.75,32.51,32.12,41.84,35.5,33.01,31.2,40.73,45.74,39.25,39.68,40.58,38.83,44.24,82.39
28887,96.37,96.37,31.47,29.82,30.49,30.58,32.61,30.75,31.47,31.75,32.51,32.12,41.67,35.5,33.11,31.2,40.73,45.93,39.11,39.54,40.58,38.83,44.24,83.67
28907,96.37,96.37,31.56,29.82,30.49,30.49,32.61,30.75,31.65,31.75,32.51,32.12,39.39,35.5,33.01,31.2,40.73,45.74,39.11,39.54,40.58,38.83,44.42,83.03
28926,96.37,96.37,31.65,29.73,30.49,30.58,32.71,30.75,31.56,31.75,32.51,32.12,39.54,35.5,33.01,31.2,40.73,45.93,39.11,39.54,40.58,38.83,44.24,86.35
28946,97.24,96.37,31.75,29.73,30.49,30.49,32.61,30.75,31.29,31.75,32.51,32.12,40.73,35.5,33.01,31.2,40.58,45.93,39.11,39.54,40.58,38.69,44.24,89.95
28965,97.24,97.24,31.75,29.73,30.49,30.49,32.61,30.75,31.29,31.75,32.51,32.12,40.73,35.5,33.01,31.2,40.58,45.54,39.11,39.39,40.43,38.69,44.24,90.7
28985,97.24,96.37,31.75,29.73,30.49,30.49,32.71,30.75,31.29,31.75,32.51,32.12,40.58,35.5,32.91,31.2,40.58,45.54,38.97,39.39,40.58,38.83,44.42,83.03
29006,97.24,95.52,31.38,29.82,30.49,30.49,38.97,30.75,31.2,31.93,32.51,32.12,44.42,35.39,32.91,31.2,40.58,45.35,38.97,39.39,40.58,38.83,44.24,81.77
29024,96.37,88.47,31.38,29.73,30.49,30.49,35.16,30.75,31.2,31.93,32.51,32.12,39.83,35.39,32.91,31.2,40.58,45.35,38.97,39.39,40.58,38.69,44.42,81.77
29045,97.24,93.05,31.38,29.73,30.49,30.49,32.81,30.66,31.2,31.93,32.51,32.12,39.54,35.39,32.91,31.2,40.43,45.35,38.83,39.39,40.58,38.83,44.42,88.47
29063,97.24,97.24,31.38,29.73,30.49,30.49,32.91,30.66,31.2,31.93,32.51,32.12,39.68,35.39,32.91,31.2,40.58,45.54,38.97,39.39,40.58,38.83,44.42,88.47
29084,98.12,97.24,31.38,29.73,30.49,30.49,43,30.66,31.29,32.03,32.51,32.12,44.42,35.39,32.81,31.2,40.58,45.54,38.83,39.25,40.58,38.69,44.42,87.75
29102,96.37,97.24,34.16,29.73,30.49,30.49,32.71,30.66,31.2,32.03,32.51,32.12,43.35,35.39,32.91,31.2,40.43,45.54,38.83,39.25,40.58,38.69,44.42,81.15
29122,95.52,97.24,31.29,29.73,30.49,30.49,32.91,30.66,31.29,32.03,32.51,32.12,39.39,35.39,32.81,31.2,40.43,45.54,38.83,39.25,40.58,38.69,44.42,68.31
29143,95.52,96.37,31.29,29.73,30.49,30.49,32.71,30.66,31.2,31.93,32.51,32.12,39.25,35.27,32.81,31.2,40.43,45.74,38.83,39.25,40.58,38.69,44.42,68.31
29163,92.25,86.35,31.56,29.73,30.49,30.49,32.71,30.66,31.2,32.03,32.51,32.12,40.58,35.27,32.81,31.2,40.43,45.74,38.83,39.25,40.58,38.69,44.42,63.49
29182,97.24,96.37,31.11,29.73,30.49,30.49,31.93,30.66,31.2,31.93,32.51,32.12,40.88,35.27,32.81,31.2,40.27,46.32,38.83,39.25,40.43,38.69,44.42,90.7
29202,97.24,96.37,31.11,29.73,30.49,30.49,31.93,30.66,31.2,31.84,32.51,32.12,41.84,35.16,32.81,31.2,40.27,46.52,38.83,39.25,40.43,38.69,44.42,90.7
29221,96.37,97.24,31.02,29.73,30.49,30.49,32.03,30.66,31.29,31.84,32.51,32.12,41.84,35.27,32.81,31.2,40.27,46.32,38.83,39.11,40.43,38.69,44.24,87.75
29241,38.14,94.68,31.11,29.73,30.49,30.49,32.03,30.66,31.38,31.84,32.51,32.12,41.84,35.27,32.81,31.2,40.27,46.32,38.69,39.11,40.43,38.69,44.42,81.15
29262,98.12,97.24,31.11,29.73,30.49,30.49,32.03,30.66,31.38,31.93,32.51,32.12,41.51,35.27,32.81,31.29,40.12,46.32,38.69,39.25,40.43,38.55,44.24,84.32
29280,37.87,95.52,31.11,29.73,30.49,30.49,31.93,30.66,31.38,31.93,32.51,32.12,39.83,35.27,32.81,31.29,40.12,46.52,38.69,39.25,40.43,38.69,44.24,87.75
29301,77.65,96.37,31.2,29.73,30.49,30.49,31.93,30.66,31.38,31.93,32.51,32.12,39.98,35.27,32.81,31.29,40.12,46.52,38.69,39.11,40.43,38.69,44.24,87.75
29319,98.12,97.24,31.11,29.73,30.58,30.49,32.51,30.66,31.38,31.93,32.51,32.12,40.73,35.27,32.91,31.29,40.27,46.13,38.69,39.11,40.43,38.69,44.24,88.47
29340,38.14,94.68,31.2,29.82,30.58,30.4,32.61,30.66,31.38,32.03,32.51,32.12,40.88,35.16,32.91,31.2,40.27,46.32,38.69,39.11,40.43,38.69,44.24,89.95
29358,37.87,93.86,31.2,29.82,30.58,30.4,43.17,30.66,31.38,31.93,32.51,32.12,40.88,35.27,32.91,31.29,40.12,46.52,38.69,39.11,40.43,38.69,44.24,87.75
29378,38.01,93.86,31.2,29.73,30.58,30.4,32.51,30.66,31.38,31.93,32.51,32.12,39.98,35.16,32.91,31.29,40.12,46.13,38.69,39.11,40.43,38.69,44.24,87.75
29399,54.51,91.47,31.2,29.73,30.58,30.4,32.51,30.66,31.2,31.93,32.51,32.12,41.51,35.16,32.81,31.29,40.12,46.13,38.69,39.11,40.43,38.69,44.42,89.2
29417,39.98,93.05,31.2,29.73,30.58,30.4,32.81,30.66,31.2,31.93,32.51,32.12,41.2,35.16,32.91,31.38,40.12,46.13,38.55,39.11,40.43,38.69,44.42,89.2
29438,38.01,92.25,31.2,29.73,30.58,30.4,38.01,30.66,31.84,31.93,32.51,32.12,41.51,35.16,32.91,31.29,40.12,46.13,38.55,39.11,40.43,38.55,44.24,89.2
29456,38.01,93.05,31.2,29.73,30.58,30.4,41.84,30.75,31.38,31.93,32.51,32.12,62.39,35.16,32.91,31.29,40.12,46.13,38.41,39.11,40.43,38.55,44.06,88.47
29477,37.61,93.86,31.2,29.73,30.58,30.4,32.81,30.66,31.47,31.93,32.51,32.12,65.02,35.16,32.91,31.38,40.12,46.32,38.27,39.11,40.43,38.55,44.06,84.32
29497,37.48,93.05,30.75,29.73,30.58,30.4,32.71,30.66,31.47,31.93,32.51,32.12,41.67,35.27,32.91,31.38,39.98,46.13,38.41,39.11,40.43,38.41,44.24,85.66
29518,37.74,93.05,30.75,29.82,30.58,30.4,33.31,30.75,31.47,31.93,32.51,32.12,51.89,35.27,32.91,31.38,40.12,46.32,38.41,39.11,40.43,38.55,44.24,87.75
29536,38.27,90.7,30.93,29.82,30.58,30.4,36.71,30.66,31.47,31.93,32.51,32.12,50.44,35.16,32.91,31.38,40.12,46.13,38.41,39.25,40.43,38.55,44.24,87.04
29557,93.86,93.05,30.93,29.73,30.58,30.4,34.48,30.66,31.47,31.75,32.51,32.12,41.51,35.27,32.91,31.47,39.98,46.32,38.41,39.25,40.43,38.41,44.24,80.55
29577,93.05,91.47,30.75,29.73,30.58,30.4,32.71,30.66,31.29,31.84,32.51,32.12,41.51,35.27,32.91,31.47,40.12,46.32,38.14,39.25,40.43,38.41,44.24,84.32
29596,49.29,89.2,30.93,29.73,30.58,30.4,32.71,30.75,31.29,31.84,32.51,32.12,41.84,35.16,32.91,31.47,40.12,46.32,38.14,39.25,40.43,38.27,44.24,84.32
29616,52.14,90.7,30.75,29.73,30.58,30.4,32.91,30.66,31.29,31.93,32.51,32.12,43,35.27,33.01,31.47,40.12,46.32,38.01,39.25,40.43,38.27,44.24,82.39
29634,38.41,83.03,30.75,29.82,30.58,30.4,32.61,30.75,31.29,31.93,32.51,32.12,46.13,35.27,32.91,31.56,39.98,46.13,37.87,39.25,40.43,38.27,44.24,88.47
29655,41.84,89.95,30.75,29.9,30.66,30.4,32.91,30.66,31.29,31.65,32.51,32.12,53.97,35.27,33.01,31.56,40.12,46.13,38.01,39.39,40.43,38.27,44.24,87.75
29675,51.64,91.47,30.75,29.9,30.66,30.32,51.4,30.66,31.2,31.47,32.51,32.12,54.51,35.27,33.01,31.65,39.98,46.13,37.87,39.25,40.58,38.27,44.24,89.95
29694,49.51,92.25,30.75,29.82,30.66,30.32,33.73,30.66,31.2,31.47,32.51,32.22,54.79,35.27,33.01,31.75,39.98,45.74,38.01,39.25,40.58,38.27,44.06,89.95
29714,38.27,92.25,30.75,29.82,30.58,30.32,34.71,30.66,31.29,31.47,32.41,32.22,55.07,35.27,33.01,31.84,40.12,45.93,37.87,39.25,40.43,38.27,44.24,89.95
29733,38.01,92.25,30.66,29.82,30.66,30.32,50.91,30.66,31.11,31.47,32.41,32.12,53.7,35.27,32.91,31.84,40.12,44.6,37.87,39.39,40.43,38.27,44.24,90.7
29753,75.48,95.52,30.75,29.82,30.66,30.32,56.51,30.66,31.11,31.47,32.41,32.22,53.7,35.27,32.91,31.84,40.12,44.79,37.74,39.39,40.58,38.41,44.24,91.47
29774,84.32,95.52,30.84,29.82,30.66,30.32,57.11,30.66,31.29,31.47,32.51,32.22,53.17,35.27,33.01,31.84,39.98,44.79,37.74,39.39,40.58,38.27,44.24,54.24
29792,38.83,93.86,30.93,29.82,30.58,30.32,57.11,30.58,31.11,31.38,32.41,32.22,53.17,35.27,33.01,31.93,39.98,44.79,37.74,39.54,40.58,38.27,44.24,90.7
29813,38.41,93.86,30.93,29.82,30.58,30.32,36.71,30.66,31.2,31.38,32.51,32.22,48.19,35.27,33.11,32.03,39.98,44.79,37.74,39.54,40.58,38.27,44.24,55.35
29831,38.27,93.86,31.2,29.82,30.58,30.32,33.31,30.66,31.02,31.38,32.41,32.22,48.84,35.39,33.11,32.03,40.12,44.79,37.74,39.54,40.73,38.27,44.24,87.04
29852,38.69,95.52,31.29,29.82,30.58,30.32,33.21,30.66,31.11,31.38,32.51,32.22,53.17,35.39,33.11,32.12,39.98,44.97,37.74,39.54,40.73,38.14,44.42,90.7
29870,61.33,94.68,31.29,29.82,30.66,30.32,40.27,30.66,31.02,31.38,32.51,32.22,49.97,35.5,33.11,32.03,40.12,44.97,37.74,39.68,40.73,38.27,44.42,79.36
29890,38.69,94.68,31.29,29.82,30.66,30.32,33.31,30.66,31.11,31.38,32.51,32.22,52.65,35.39,33.11,32.12,40.12,44.97,37.61,39.68,40.58,38.27,44.42,89.95
29911,39.39,83.67,31.29,29.9,30.66,30.4,43.35,30.66,31.02,31.38,32.51,32.22,41.84,35.39,33.11,32.12,40.12,44.97,37.61,39.68,40.58,38.14,44.42,84.99
29929,48.19,94.68,31.29,29.9,30.66,30.4,36.22,30.66,31.11,31.38,32.51,32.22,42,35.5,33.21,32.12,40.12,44.97,37.61,39.68,40.73,38.27,44.42,66.63
29950,96.37,94.68,31.2,29.82,30.66,30.4,33.21,30.66,31.11,31.38,32.51,32.22,53.7,35.39,33.21,32.12,39.98,44.97,37.61,39.68,40.73,38.27,44.24,89.95
29968,39.39,94.68,31.29,29.9,30.66,30.4,33.31,30.66,31.2,31.38,32.51,32.22,47.55,35.5,33.21,32.22,40.12,44.97,37.48,39.68,40.73,38.27,44.42,90.7
29989,39.25,83.67,31.2,29.9,30.66,30.4,44.24,30.66,31.11,31.38,32.51,32.22,53.17,35.5,33.31,32.22,40.12,44.97,37.48,39.54,40.73,38.27,44.42,62.03
30007,38.27,93.05,31.29,29.82,30.66,30.4,33.42,30.66,31.2,31.38,32.51,32.22,52.65,35.62,33.21,32.32,40.12,44.97,37.61,39.54,40.73,38.27,44.42,90.7
30028,47.76,94.68,31.2,29.98,30.66,30.4,49.74,30.66,31.11,31.38,32.51,32.22,49.06,35.74,33.31,32.32,40.12,44.97,37.48,39.68,40.73,38.14,44.42,76.01
30048,38.55,93.86,31.29,30.07,30.66,30.4,40.27,30.75,31.11,31.38,32.51,32.22,52.65,35.74,33.21,32.32,40.12,45.16,37.48,39.54,40.73,38.27,44.42,91.47
30067,46.93,94.68,31.29,30.07,30.66,30.4,33.21,30.66,31.11,31.47,32.41,32.22,53.43,35.62,33.21,32.32,40.12,44.97,37.48,39.54,40.73,38.27,44.42,71.01
30087,42.66,93.05,31.29,30.07,30.66,30.4,50.2,30.66,31.11,31.47,32.51,32.22,54.24,35.74,33.21,32.32,40.12,44.97,37.61,39.68,40.73,38.14,44.42,60.64
30106,90.7,94.68,31.29,30.07,30.66,30.4,37.87,30.66,31.2,31.47,32.51,32.22,56.81,35.74,33.21,32.41,40.12,44.97,37.48,39.68,40.73,38.14,44.42,90.7
30126,43.88,93.86,31.29,30.07,30.66,30.4,46.32,30.66,31.2,31.38,32.51,32.22,56.22,35.74,33.21,32.32,39.83,45.16,37.61,39.68,40.73,38.27,44.42,74.44
30146,45.54,93.86,31.29,30.07,30.66,30.4,33.01,30.66,31.29,31.38,32.51,32.22,56.22,35.74,33.21,32.32,39.83,44.97,37.48,39.68,40.73,38.14,44.42,82.39
30165,96.37,97.24,31.29,30.07,30.66,30.4,33.01,30.75,31.29,31.38,32.51,32.22,56.81,35.74,33.21,32.32,40.12,45.16,37.48,39.68,40.73,38.27,44.42,92.25
30185,97.24,96.37,31.29,30.07,30.66,30.4,33.01,30.66,31.2,31.38,32.51,32.22,56.51,35.74,33.21,32.32,39.83,44.97,37.48,39.68,40.73,38.14,44.24,82.39
30204,97.24,97.24,31.29,30.07,30.66,30.4,33.01,30.66,31.29,31.47,32.51,32.22,55.07,35.74,33.21,32.22,40.12,44.97,37.48,39.68,40.73,38.27,44.42,82.39
30224,97.24,98.12,31.29,30.07,30.66,30.4,33.21,30.66,31.38,31.47,32.51,32.22,53.97,35.74,33.11,32.22,40.12,44.97,37.48,39.68,40.73,38.14,44.24,87.04
30243,62.75,96.37,31.29,30.07,30.66,30.4,33.62,30.66,31.38,31.47,32.51,32.22,46.32,35.74,33.21,32.22,40.12,44.97,37.61,39.68,40.73,38.27,44.24,91.47
30263,41.67,95.52,31.29,30.07,30.66,30.4,33.11,30.66,31.38,31.38,32.51,32.22,39.54,35.74,33.21,32.22,40.12,44.97,37.61,39.68,40.73,38.27,44.24,91.47
30284,38.83,95.52,31.29,29.98,30.66,30.4,41.35,30.75,31.11,31.38,32.51,32.22,39.11,35.5,33.21,32.12,40.12,44.79,37.61,39.54,40.73,38.27,44.24,92.25
30302,42.83,94.68,31.29,29.9,30.66,30.4,33.11,30.75,31.11,31.38,32.51,32.22,39.25,35.5,33.21,32.12,40.12,44.79,37.61,39.54,40.73,38.27,44.24,90.7
30323,49.74,94.68,31.29,29.9,30.66,30.4,58.66,30.75,31.11,31.38,32.51,32.22,39.25,35.5,33.21,32.03,40.12,44.79,37.61,39.54,40.58,38.27,44.24,91.47
30341,40.73,94.68,31.29,29.9,30.66,30.49,58.66,30.75,31.11,31.47,32.51,32.22,39.11,35.39,33.21,32.03,39.98,44.79,37.61,39.54,40.58,38.27,44.24,90.7
30362,51.15,61.33,31.29,29.9,30.66,30.49,58.66,30.75,31.11,31.47,32.51,32.22,39.11,35.39,33.11,32.03,39.98,44.79,37.74,39.54,40.58,38.27,44.24,91.47
30380,40.88,96.37,31.29,29.9,30.66,30.4,58.66,30.75,31.11,31.38,32.51,32.22,39.25,35.39,33.21,32.03,40.12,44.79,37.74,39.54,40.58,38.27,44.24,90.7
30400,41.51,95.52,31.29,29.82,30.66,30.4,58.66,30.66,31.11,31.38,32.51,32.22,39.25,35.39,33.11,32.03,40.12,44.79,37.87,39.54,40.58,38.27,44.24,91.47
30421,44.42,97.24,31.29,29.73,30.66,30.4,58.03,30.66,31.11,31.38,32.51,32.22,39.98,35.39,33.11,31.93,40.12,44.79,37.87,39.54,40.58,38.41,44.24,90.7
30439,41.51,97.24,31.29,29.73,30.58,30.4,57.72,30.75,31.2,31.38,32.51,32.22,39.25,35.39,33.11,31.93,40.12,44.79,37.87,39.39,40.58,38.41,44.24,81.77
30460,94.68,99.94,31.29,29.73,30.66,30.4,58.34,30.66,31.2,31.47,32.51,32.22,39.25,35.27,33.11,31.84,40.12,46.52,38.01,39.39,40.58,38.41,44.06,79.95
30478,59.63,99.02,31.29,29.73,30.66,30.4,49.97,30.66,31.02,31.38,32.41,32.22,38.97,35.27,33.01,31.75,40.12,46.52,38.01,39.39,40.58,38.41,44.24,91.47
30499,99.94,100.87,31.29,29.65,30.66,30.4,58.34,30.66,31.02,31.38,32.51,32.22,38.83,35.27,33.01,31.84,39.98,46.52,38.14,39.39,40.58,38.41,44.24,90.7
30519,98.12,100.87,31.29,29.73,30.66,30.4,38.01,30.66,31.02,31.38,32.51,32.22,38.83,35.27,33.01,31.84,40.12,46.52,38.14,39.39,40.58,38.41,44.06,84.99
30538,99.94,100.87,31.29,29.73,30.58,30.4,33.01,30.66,31.02,31.38,32.51,32.22,38.83,35.27,33.01,31.75,40.12,46.52,38.14,39.39,40.58,38.41,44.06,85.66
30558,93.86,100.87,31.38,29.65,30.66,30.4,34.93,30.66,31.02,31.38,32.51,32.22,38.83,35.27,33.01,31.75,40.12,46.52,38.14,39.39,40.58,38.41,44.06,67.88
30577,95.52,100.87,31.38,29.65,30.66,30.4,33.73,30.66,31.02,31.38,32.51,32.22,38.83,35.27,33.01,31.75,40.12,45.74,38.27,39.39,40.58,38.41,44.06,77.65
30597,95.52,100.87,31.38,29.65,30.58,30.4,56.81,30.66,31.02,31.38,32.51,32.22,49.74,35.27,32.91,31.65,40.12,46.93,38.27,39.25,40.58,38.41,44.06,78.78
30615,96.37,100.87,31.38,29.65,30.58,30.4,34.59,30.66,31.02,31.38,32.51,32.22,61.33,35.27,32.91,31.65,40.12,47.13,38.27,39.25,40.58,38.41,44.06,54.24
30636,96.37,100.87,31.38,29.65,30.58,30.4,32.71,30.66,31.02,31.38,32.51,32.22,62.75,35.27,32.91,31.65,40.12,47.34,38.41,39.25,40.58,38.55,44.06,46.13
30656,95.52,100.87,31.38,29.65,30.58,30.4,32.32,30.66,31.29,31.47,32.51,32.22,63.49,35.27,33.01,31.65,40.27,47.34,38.41,39.11,40.58,38.55,44.24,45.54
30675,95.52,99.94,31.38,29.57,30.58,30.4,38.69,30.66,31.02,31.38,32.51,32.22,63.87,35.16,33.01,31.65,40.27,47.34,38.41,39.25,40.58,38.55,44.06,45.74
30695,95.52,100.87,31.38,29.57,30.58,30.4,33.01,30.66,31.02,31.38,32.51,32.22,63.49,35.27,32.91,31.56,40.27,47.34,38.41,39.25,40.58,38.55,44.24,67.88
30714,100.87,100.87,31.38,29.57,30.58,30.49,57.72,30.75,31.02,31.38,32.51,32.22,65.02,35.27,32.91,31.56,40.27,47.34,38.41,39.39,40.58,38.69,44.24,84.99
30734,101.83,101.83,31.38,29.57,30.58,30.49,58.03,30.66,31.02,31.47,32.51,32.32,65.81,35.27,32.91,31.65,40.27,47.34,38.27,39.25,40.58,38.69,44.24,55.07
30753,49.97,99.94,31.47,29.57,30.58,30.49,57.72,30.66,31.11,31.47,32.51,32.22,63.49,35.27,32.91,31.65,40.27,47.34,38.41,39.25,40.43,38.69,44.24,83.67
30773,84.32,100.87,31.47,29.57,30.58,30.49,32.91,30.66,31.02,31.47,32.51,32.22,63.87,35.27,33.01,31.65,40.27,47.34,38.41,39.25,40.58,38.55,44.06,57.72
30794,99.94,101.83,31.47,29.57,30.58,30.49,38.69,30.66,31.02,31.47,32.51,32.22,63.87,35.39,33.01,31.65,40.27,47.55,38.41,39.25,40.58,38.69,44.06,82.39
30812,97.24,101.83,31.47,29.57,30.58,30.49,33.01,30.66,31.02,31.47,32.51,32.22,65.02,35.39,33.01,31.65,40.27,47.55,38.41,39.25,40.58,38.69,44.24,82.39
30833,63.49,99.02,31.47,29.57,30.58,30.58,45.54,30.75,31.02,31.47,32.51,32.22,66.22,35.39,33.01,31.56,40.27,47.55,38.41,39.25,40.58,38.69,44.06,89.2
30851,64.63,99.94,31.47,29.57,30.58,30.58,32.12,30.66,31.11,31.38,32.51,32.22,64.25,35.39,33.01,31.56,40.27,47.55,38.41,39.39,40.58,38.69,44.24,89.95
30871,68.31,99.02,31.65,29.57,30.58,30.58,32.12,30.66,31.11,31.47,32.51,32.22,65.81,35.39,33.01,31.56,40.27,47.55,38.41,39.25,40.58,38.69,44.24,74.44
30892,94.68,99.02,31.84,29.57,30.58,30.58,32.12,30.66,31.11,31.47,32.51,32.22,63.12,35.39,33.01,31.56,40.27,46.32,38.55,39.25,40.58,38.69,44.06,85.66
30910,38.69,95.52,31.75,29.57,30.49,30.66,32.22,30.66,31.11,31.47,32.51,32.22,39.25,35.27,33.01,31.47,40.27,46.52,38.55,39.25,40.58,38.55,44.06,86.35
30931,37.87,93.86,31.84,29.57,30.49,30.66,32.22,30.66,31.2,31.47,32.51,32.22,39.25,35.27,33.01,31.47,40.27,46.52,38.55,39.25,40.58,38.69,44.06,87.04
